-- 여기선 v7.0 D1 initial migration
-- 정적 JSON → D1 (auto-generated)
-- 주의: D1은 SQL BEGIN/COMMIT 거부 (JS API만 허용) → 트랜잭션 문 제외

-- v5.29.1: 기존 데이터 정리 (가짜 item 제거 보장)
DELETE FROM region_exceptions;
DELETE FROM aliases;
DELETE FROM regions;
DELETE FROM items;

-- Items (761) + Aliases
INSERT OR REPLACE INTO items (id, name, category, note, steps, confidence, source_url, source_name, source_grade, feature, caution, last_verified, region_variation, official_classification) VALUES ('pet_bottle', '페트병 (투명)', 'plastic', '투명 페트병은 별도 분리배출 의무 (2021년 시행)', '["내용물 비우기", "라벨(비닐) 제거", "압착하여 부피 줄이기", "뚜껑 닫아서 배출"]', 'high', 'https://xn--oy2b29bd3a601b.kr/front/dischargeMethod/index.do', '분리배출.kr (한국폐기물협회·환경부)', 'A', NULL, '· 내용물을 비우고 물로 헹군 후 배출 · 용기 뒷면 분리배출 표시 확인 후 배출(플라스틱표시인 경우에는 플라스틱 수거함으로 배출)', '2026-05-18', 0, NULL);
INSERT INTO aliases (item_id, alias, alias_lower, source) VALUES ('pet_bottle', 'PET 용기', 'pet 용기', 'rule');
INSERT INTO aliases (item_id, alias, alias_lower, source) VALUES ('pet_bottle', 'PET병', 'pet병', 'rule');
INSERT INTO aliases (item_id, alias, alias_lower, source) VALUES ('pet_bottle', '무색페트병', '무색페트병', 'rule');
INSERT INTO aliases (item_id, alias, alias_lower, source) VALUES ('pet_bottle', '무색페트병(물병)', '무색페트병(물병)', 'rule');
INSERT INTO aliases (item_id, alias, alias_lower, source) VALUES ('pet_bottle', '물병(플라스틱)', '물병(플라스틱)', 'rule');
INSERT INTO aliases (item_id, alias, alias_lower, source) VALUES ('pet_bottle', '물통이', '물통이', 'rule');
INSERT INTO aliases (item_id, alias, alias_lower, source) VALUES ('pet_bottle', '사이다병', '사이다병', 'rule');
INSERT INTO aliases (item_id, alias, alias_lower, source) VALUES ('pet_bottle', '삼다수병', '삼다수병', 'rule');
INSERT INTO aliases (item_id, alias, alias_lower, source) VALUES ('pet_bottle', '생수', '생수', 'rule');
INSERT INTO aliases (item_id, alias, alias_lower, source) VALUES ('pet_bottle', '아이시스병', '아이시스병', 'rule');
INSERT INTO aliases (item_id, alias, alias_lower, source) VALUES ('pet_bottle', '음료병', '음료병', 'rule');
INSERT INTO aliases (item_id, alias, alias_lower, source) VALUES ('pet_bottle', '콜라병', '콜라병', 'rule');
INSERT INTO aliases (item_id, alias, alias_lower, source) VALUES ('pet_bottle', '클리어 페트', '클리어 페트', 'rule');
INSERT INTO aliases (item_id, alias, alias_lower, source) VALUES ('pet_bottle', '투명 음료수병', '투명 음료수병', 'rule');
INSERT INTO aliases (item_id, alias, alias_lower, source) VALUES ('pet_bottle', '투명 플라스틱병', '투명 플라스틱병', 'rule');
INSERT INTO aliases (item_id, alias, alias_lower, source) VALUES ('pet_bottle', '투명페트병', '투명페트병', 'rule');
INSERT INTO aliases (item_id, alias, alias_lower, source) VALUES ('pet_bottle', '투페', '투페', 'rule');
INSERT INTO aliases (item_id, alias, alias_lower, source) VALUES ('pet_bottle', '페트 보틀', '페트 보틀', 'rule');
INSERT INTO aliases (item_id, alias, alias_lower, source) VALUES ('pet_bottle', '페트병', '페트병', 'rule');
INSERT INTO aliases (item_id, alias, alias_lower, source) VALUES ('pet_bottle', '플라스틱 물병', '플라스틱 물병', 'rule');
INSERT INTO aliases (item_id, alias, alias_lower, source) VALUES ('pet_bottle', '플라스틱 보틀', '플라스틱 보틀', 'rule');
INSERT INTO aliases (item_id, alias, alias_lower, source) VALUES ('pet_bottle', '플라스틱병(투명)', '플라스틱병(투명)', 'rule');
INSERT OR REPLACE INTO items (id, name, category, note, steps, confidence, source_url, source_name, source_grade, feature, caution, last_verified, region_variation, official_classification) VALUES ('plastic_bottle', '플라스틱 병 (유색/기타)', 'plastic', '샴푸통, 세제통 등 유색 플라스틱 용기', '["내용물 비우기", "물로 헹구기", "라벨 제거", "플라스틱류로 배출"]', 'high', 'https://xn--oy2b29bd3a601b.kr/front/dischargeMethod/index.do', '분리배출.kr (한국폐기물협회·환경부)', 'A', NULL, NULL, NULL, 0, NULL);
INSERT INTO aliases (item_id, alias, alias_lower, source) VALUES ('plastic_bottle', '플라스틱병', '플라스틱병', 'rule');
INSERT INTO aliases (item_id, alias, alias_lower, source) VALUES ('plastic_bottle', '유색페트병', '유색페트병', 'rule');
INSERT INTO aliases (item_id, alias, alias_lower, source) VALUES ('plastic_bottle', '샴푸통', '샴푸통', 'rule');
INSERT INTO aliases (item_id, alias, alias_lower, source) VALUES ('plastic_bottle', '세제통', '세제통', 'rule');
INSERT INTO aliases (item_id, alias, alias_lower, source) VALUES ('plastic_bottle', '린스통', '린스통', 'rule');
INSERT INTO aliases (item_id, alias, alias_lower, source) VALUES ('plastic_bottle', '비누통', '비누통', 'rule');
INSERT INTO aliases (item_id, alias, alias_lower, source) VALUES ('plastic_bottle', '선크림통(큰)', '선크림통(큰)', 'rule');
INSERT INTO aliases (item_id, alias, alias_lower, source) VALUES ('plastic_bottle', '음료수병(색)', '음료수병(색)', 'rule');
INSERT OR REPLACE INTO items (id, name, category, note, steps, confidence, source_url, source_name, source_grade, feature, caution, last_verified, region_variation, official_classification) VALUES ('plastic_container', '플라스틱 용기', 'plastic', '반찬통, 도시락 용기, 컵 등', '["내용물 비우기", "물로 깨끗이 헹구기", "이물질 제거", "재질별 배출"]', 'high', 'https://xn--oy2b29bd3a601b.kr/front/dischargeMethod/index.do', '분리배출.kr (한국폐기물협회·환경부)', 'A', NULL, NULL, NULL, 0, NULL);
INSERT INTO aliases (item_id, alias, alias_lower, source) VALUES ('plastic_container', '간장병', '간장병', 'rule');
INSERT INTO aliases (item_id, alias, alias_lower, source) VALUES ('plastic_container', '감자튀김 통', '감자튀김 통', 'rule');
INSERT INTO aliases (item_id, alias, alias_lower, source) VALUES ('plastic_container', '고추장 통(플라스틱)', '고추장 통(플라스틱)', 'rule');
INSERT INTO aliases (item_id, alias, alias_lower, source) VALUES ('plastic_container', '꿀 통', '꿀 통', 'rule');
INSERT INTO aliases (item_id, alias, alias_lower, source) VALUES ('plastic_container', '냅킨홀더', '냅킨홀더', 'rule');
INSERT INTO aliases (item_id, alias, alias_lower, source) VALUES ('plastic_container', '도시락 박스(플라스틱)', '도시락 박스(플라스틱)', 'rule');
INSERT INTO aliases (item_id, alias, alias_lower, source) VALUES ('plastic_container', '도시락통', '도시락통', 'rule');
INSERT INTO aliases (item_id, alias, alias_lower, source) VALUES ('plastic_container', '들기름 병', '들기름 병', 'rule');
INSERT INTO aliases (item_id, alias, alias_lower, source) VALUES ('plastic_container', '락스 분사 통', '락스 분사 통', 'rule');
INSERT INTO aliases (item_id, alias, alias_lower, source) VALUES ('plastic_container', '락스 통', '락스 통', 'rule');
INSERT INTO aliases (item_id, alias, alias_lower, source) VALUES ('plastic_container', '레고 부품(낡은)', '레고 부품(낡은)', 'rule');
INSERT INTO aliases (item_id, alias, alias_lower, source) VALUES ('plastic_container', '린스 통', '린스 통', 'rule');
INSERT INTO aliases (item_id, alias, alias_lower, source) VALUES ('plastic_container', '마늘 다진것 통', '마늘 다진것 통', 'rule');
INSERT INTO aliases (item_id, alias, alias_lower, source) VALUES ('plastic_container', '마요네즈 통', '마요네즈 통', 'rule');
INSERT INTO aliases (item_id, alias, alias_lower, source) VALUES ('plastic_container', '막걸리 페트', '막걸리 페트', 'rule');
INSERT INTO aliases (item_id, alias, alias_lower, source) VALUES ('plastic_container', '맥주잔', '맥주잔', 'rule');
INSERT INTO aliases (item_id, alias, alias_lower, source) VALUES ('plastic_container', '메이플 시럽 통', '메이플 시럽 통', 'rule');
INSERT INTO aliases (item_id, alias, alias_lower, source) VALUES ('plastic_container', '물엿 통', '물엿 통', 'rule');
INSERT INTO aliases (item_id, alias, alias_lower, source) VALUES ('plastic_container', '밀폐용기', '밀폐용기', 'rule');
INSERT INTO aliases (item_id, alias, alias_lower, source) VALUES ('plastic_container', '바디워시 통', '바디워시 통', 'rule');
INSERT INTO aliases (item_id, alias, alias_lower, source) VALUES ('plastic_container', '반찬통', '반찬통', 'rule');
INSERT INTO aliases (item_id, alias, alias_lower, source) VALUES ('plastic_container', '비타민 통', '비타민 통', 'rule');
INSERT INTO aliases (item_id, alias, alias_lower, source) VALUES ('plastic_container', '샌드위치 박스', '샌드위치 박스', 'rule');
INSERT INTO aliases (item_id, alias, alias_lower, source) VALUES ('plastic_container', '샐러드 용기', '샐러드 용기', 'rule');
INSERT INTO aliases (item_id, alias, alias_lower, source) VALUES ('plastic_container', '생수 페트', '생수 페트', 'rule');
INSERT INTO aliases (item_id, alias, alias_lower, source) VALUES ('plastic_container', '샴푸 통', '샴푸 통', 'rule');
INSERT INTO aliases (item_id, alias, alias_lower, source) VALUES ('plastic_container', '섬유유연제 통', '섬유유연제 통', 'rule');
INSERT INTO aliases (item_id, alias, alias_lower, source) VALUES ('plastic_container', '세탁세제 통', '세탁세제 통', 'rule');
INSERT INTO aliases (item_id, alias, alias_lower, source) VALUES ('plastic_container', '소주잔', '소주잔', 'rule');
INSERT INTO aliases (item_id, alias, alias_lower, source) VALUES ('plastic_container', '식초병', '식초병', 'rule');
INSERT INTO aliases (item_id, alias, alias_lower, source) VALUES ('plastic_container', '아기 우유병', '아기 우유병', 'rule');
INSERT INTO aliases (item_id, alias, alias_lower, source) VALUES ('plastic_container', '에어로졸 통(빈)', '에어로졸 통(빈)', 'rule');
INSERT INTO aliases (item_id, alias, alias_lower, source) VALUES ('plastic_container', '영양제 통', '영양제 통', 'rule');
INSERT INTO aliases (item_id, alias, alias_lower, source) VALUES ('plastic_container', '오일 통', '오일 통', 'rule');
INSERT INTO aliases (item_id, alias, alias_lower, source) VALUES ('plastic_container', '올리브유 병', '올리브유 병', 'rule');
INSERT INTO aliases (item_id, alias, alias_lower, source) VALUES ('plastic_container', '유산균 통', '유산균 통', 'rule');
INSERT INTO aliases (item_id, alias, alias_lower, source) VALUES ('plastic_container', '음료수 페트(2L)', '음료수 페트(2l)', 'rule');
INSERT INTO aliases (item_id, alias, alias_lower, source) VALUES ('plastic_container', '음료수 페트(500ml)', '음료수 페트(500ml)', 'rule');
INSERT INTO aliases (item_id, alias, alias_lower, source) VALUES ('plastic_container', '이온음료 페트', '이온음료 페트', 'rule');
INSERT INTO aliases (item_id, alias, alias_lower, source) VALUES ('plastic_container', '이유식 용기', '이유식 용기', 'rule');
INSERT INTO aliases (item_id, alias, alias_lower, source) VALUES ('plastic_container', '장난감 (단일 플라스틱)', '장난감 (단일 플라스틱)', 'rule');
INSERT INTO aliases (item_id, alias, alias_lower, source) VALUES ('plastic_container', '전선 보호 튜브', '전선 보호 튜브', 'rule');
INSERT INTO aliases (item_id, alias, alias_lower, source) VALUES ('plastic_container', '전선 정리 클립', '전선 정리 클립', 'rule');
INSERT INTO aliases (item_id, alias, alias_lower, source) VALUES ('plastic_container', '젖꼭지', '젖꼭지', 'rule');
INSERT INTO aliases (item_id, alias, alias_lower, source) VALUES ('plastic_container', '젖병', '젖병', 'rule');
INSERT INTO aliases (item_id, alias, alias_lower, source) VALUES ('plastic_container', '주방세제 분사 통', '주방세제 분사 통', 'rule');
INSERT INTO aliases (item_id, alias, alias_lower, source) VALUES ('plastic_container', '주방세제 통', '주방세제 통', 'rule');
INSERT INTO aliases (item_id, alias, alias_lower, source) VALUES ('plastic_container', '주전자', '주전자', 'rule');
INSERT INTO aliases (item_id, alias, alias_lower, source) VALUES ('plastic_container', '참기름 병', '참기름 병', 'rule');
INSERT INTO aliases (item_id, alias, alias_lower, source) VALUES ('plastic_container', '커피잔', '커피잔', 'rule');
INSERT INTO aliases (item_id, alias, alias_lower, source) VALUES ('plastic_container', '커피포트', '커피포트', 'rule');
INSERT INTO aliases (item_id, alias, alias_lower, source) VALUES ('plastic_container', '컵받침', '컵받침', 'rule');
INSERT INTO aliases (item_id, alias, alias_lower, source) VALUES ('plastic_container', '케첩 통', '케첩 통', 'rule');
INSERT INTO aliases (item_id, alias, alias_lower, source) VALUES ('plastic_container', '탄산수 페트', '탄산수 페트', 'rule');
INSERT INTO aliases (item_id, alias, alias_lower, source) VALUES ('plastic_container', '탈취제 통', '탈취제 통', 'rule');
INSERT INTO aliases (item_id, alias, alias_lower, source) VALUES ('plastic_container', '팝콘 통(플라스틱)', '팝콘 통(플라스틱)', 'rule');
INSERT INTO aliases (item_id, alias, alias_lower, source) VALUES ('plastic_container', '퍼즐 (플라스틱)', '퍼즐 (플라스틱)', 'rule');
INSERT INTO aliases (item_id, alias, alias_lower, source) VALUES ('plastic_container', '표백제 통', '표백제 통', 'rule');
INSERT INTO aliases (item_id, alias, alias_lower, source) VALUES ('plastic_container', '플라스틱 박스', '플라스틱 박스', 'rule');
INSERT INTO aliases (item_id, alias, alias_lower, source) VALUES ('plastic_container', '플라스틱 케이스', '플라스틱 케이스', 'rule');
INSERT INTO aliases (item_id, alias, alias_lower, source) VALUES ('plastic_container', '플라스틱 통', '플라스틱 통', 'rule');
INSERT INTO aliases (item_id, alias, alias_lower, source) VALUES ('plastic_container', '플라스틱용기', '플라스틱용기', 'rule');
INSERT OR REPLACE INTO items (id, name, category, note, steps, confidence, source_url, source_name, source_grade, feature, caution, last_verified, region_variation, official_classification) VALUES ('instant_rice_bowl', '즉석밥 용기', 'plastic', '환경부 기준은 플라스틱(세척 후), 일부 지자체는 일반쓰레기', '["내용물 비우기", "깨끗이 세척", "플라스틱류 배출"]', 'medium', 'https://xn--oy2b29bd3a601b.kr/front/dischargeMethod/index.do', '분리배출.kr (한국폐기물협회·환경부)', 'A', NULL, NULL, NULL, 1, NULL);
INSERT INTO aliases (item_id, alias, alias_lower, source) VALUES ('instant_rice_bowl', '햇반 그릇', '햇반 그릇', 'rule');
INSERT INTO aliases (item_id, alias, alias_lower, source) VALUES ('instant_rice_bowl', '햇반 용기', '햇반 용기', 'rule');
INSERT INTO aliases (item_id, alias, alias_lower, source) VALUES ('instant_rice_bowl', '햇반 플라스틱', '햇반 플라스틱', 'rule');
INSERT INTO aliases (item_id, alias, alias_lower, source) VALUES ('instant_rice_bowl', '햇반통', '햇반통', 'rule');
INSERT OR REPLACE INTO items (id, name, category, note, steps, confidence, source_url, source_name, source_grade, feature, caution, last_verified, region_variation, official_classification) VALUES ('plastic_cap', '플라스틱 뚜껑', 'plastic', '페트병 뚜껑은 닫아서 배출 권장 (재활용 공정에서 분리)', '["내용물 제거", "페트병에 닫아서 배출 또는 플라스틱류로"]', 'medium', 'https://xn--oy2b29bd3a601b.kr/front/dischargeMethod/index.do', '분리배출.kr (한국폐기물협회·환경부)', 'A', NULL, NULL, NULL, 1, NULL);
INSERT INTO aliases (item_id, alias, alias_lower, source) VALUES ('plastic_cap', '리드', '리드', 'rule');
INSERT INTO aliases (item_id, alias, alias_lower, source) VALUES ('plastic_cap', '삼다수 뚜껑', '삼다수 뚜껑', 'rule');
INSERT INTO aliases (item_id, alias, alias_lower, source) VALUES ('plastic_cap', '생수병 뚜껑', '생수병 뚜껑', 'rule');
INSERT INTO aliases (item_id, alias, alias_lower, source) VALUES ('plastic_cap', '요구르트 뚜껑', '요구르트 뚜껑', 'rule');
INSERT INTO aliases (item_id, alias, alias_lower, source) VALUES ('plastic_cap', '음료수 뚜껑', '음료수 뚜껑', 'rule');
INSERT INTO aliases (item_id, alias, alias_lower, source) VALUES ('plastic_cap', '페트병 뚜껑', '페트병 뚜껑', 'rule');
INSERT INTO aliases (item_id, alias, alias_lower, source) VALUES ('plastic_cap', '플라스틱 덮개', '플라스틱 덮개', 'rule');
INSERT INTO aliases (item_id, alias, alias_lower, source) VALUES ('plastic_cap', '플라스틱 리드', '플라스틱 리드', 'rule');
INSERT INTO aliases (item_id, alias, alias_lower, source) VALUES ('plastic_cap', '플라스틱 마개', '플라스틱 마개', 'rule');
INSERT INTO aliases (item_id, alias, alias_lower, source) VALUES ('plastic_cap', '플라스틱 캡', '플라스틱 캡', 'rule');
INSERT INTO aliases (item_id, alias, alias_lower, source) VALUES ('plastic_cap', '플라스틱뚜껑', '플라스틱뚜껑', 'rule');
INSERT INTO aliases (item_id, alias, alias_lower, source) VALUES ('plastic_cap', '합성수지 뚜껑', '합성수지 뚜껑', 'rule');
INSERT OR REPLACE INTO items (id, name, category, note, steps, confidence, source_url, source_name, source_grade, feature, caution, last_verified, region_variation, official_classification) VALUES ('vinyl_bag', '비닐봉지', 'vinyl', '검정 비닐봉지 포함, 깨끗하게 비우고 배출', '["내용물 비우기", "이물질 제거", "비닐류로 배출"]', 'high', 'https://www.xn--oy2b29bd3a601b.kr/front/dischargeMethod/dictionaryView.do?niIdx=101', '분리배출.kr (한국폐기물협회·환경부)', 'A', '· 비닐은 재질, 색상과 상관없이 한데 모아 파쇄, 선별, 용융 및 성형과정을 거쳐 플라스틱 배수로, 건축 자재 등으로 재활용하고 있습니다.', '· 내용물을 비우고 이물질을 제거한 후 배출', '2026-05-18', 0, '["재활용폐기물", "합성수지 비닐류"]');
INSERT INTO aliases (item_id, alias, alias_lower, source) VALUES ('vinyl_bag', '검정 비닐봉지', '검정 비닐봉지', 'rule');
INSERT INTO aliases (item_id, alias, alias_lower, source) VALUES ('vinyl_bag', '검정봉지', '검정봉지', 'rule');
INSERT INTO aliases (item_id, alias, alias_lower, source) VALUES ('vinyl_bag', '과일봉지', '과일봉지', 'rule');
INSERT INTO aliases (item_id, alias, alias_lower, source) VALUES ('vinyl_bag', '과자봉지', '과자봉지', 'rule');
INSERT INTO aliases (item_id, alias, alias_lower, source) VALUES ('vinyl_bag', '라면 봉지', '라면 봉지', 'rule');
INSERT INTO aliases (item_id, alias, alias_lower, source) VALUES ('vinyl_bag', '마트 봉투', '마트 봉투', 'rule');
INSERT INTO aliases (item_id, alias, alias_lower, source) VALUES ('vinyl_bag', '마트봉지', '마트봉지', 'rule');
INSERT INTO aliases (item_id, alias, alias_lower, source) VALUES ('vinyl_bag', '배달 봉투', '배달 봉투', 'rule');
INSERT INTO aliases (item_id, alias, alias_lower, source) VALUES ('vinyl_bag', '배추망', '배추망', 'rule');
INSERT INTO aliases (item_id, alias, alias_lower, source) VALUES ('vinyl_bag', '봉다리', '봉다리', 'rule');
INSERT INTO aliases (item_id, alias, alias_lower, source) VALUES ('vinyl_bag', '봉투', '봉투', 'rule');
INSERT INTO aliases (item_id, alias, alias_lower, source) VALUES ('vinyl_bag', '비닐', '비닐', 'rule');
INSERT INTO aliases (item_id, alias, alias_lower, source) VALUES ('vinyl_bag', '비닐 라벨', '비닐 라벨', 'rule');
INSERT INTO aliases (item_id, alias, alias_lower, source) VALUES ('vinyl_bag', '비닐 주머니', '비닐 주머니', 'rule');
INSERT INTO aliases (item_id, alias, alias_lower, source) VALUES ('vinyl_bag', '비닐백', '비닐백', 'rule');
INSERT INTO aliases (item_id, alias, alias_lower, source) VALUES ('vinyl_bag', '비닐봉지', '비닐봉지', 'rule');
INSERT INTO aliases (item_id, alias, alias_lower, source) VALUES ('vinyl_bag', '비닐약봉지', '비닐약봉지', 'rule');
INSERT INTO aliases (item_id, alias, alias_lower, source) VALUES ('vinyl_bag', '사탕봉지', '사탕봉지', 'rule');
INSERT INTO aliases (item_id, alias, alias_lower, source) VALUES ('vinyl_bag', '삼각커피우유', '삼각커피우유', 'rule');
INSERT INTO aliases (item_id, alias, alias_lower, source) VALUES ('vinyl_bag', '샤워캡', '샤워캡', 'rule');
INSERT INTO aliases (item_id, alias, alias_lower, source) VALUES ('vinyl_bag', '세탁소 비닐', '세탁소 비닐', 'rule');
INSERT INTO aliases (item_id, alias, alias_lower, source) VALUES ('vinyl_bag', '쇼핑백', '쇼핑백', 'rule');
INSERT INTO aliases (item_id, alias, alias_lower, source) VALUES ('vinyl_bag', '수분리성 라벨', '수분리성 라벨', 'rule');
INSERT INTO aliases (item_id, alias, alias_lower, source) VALUES ('vinyl_bag', '스틱봉지', '스틱봉지', 'rule');
INSERT INTO aliases (item_id, alias, alias_lower, source) VALUES ('vinyl_bag', '스파우트파우치', '스파우트파우치', 'rule');
INSERT INTO aliases (item_id, alias, alias_lower, source) VALUES ('vinyl_bag', '스프봉지', '스프봉지', 'rule');
INSERT INTO aliases (item_id, alias, alias_lower, source) VALUES ('vinyl_bag', '아이스크림 봉지', '아이스크림 봉지', 'rule');
INSERT INTO aliases (item_id, alias, alias_lower, source) VALUES ('vinyl_bag', '양파망', '양파망', 'rule');
INSERT INTO aliases (item_id, alias, alias_lower, source) VALUES ('vinyl_bag', '에어캡', '에어캡', 'rule');
INSERT INTO aliases (item_id, alias, alias_lower, source) VALUES ('vinyl_bag', '위생팩', '위생팩', 'rule');
INSERT INTO aliases (item_id, alias, alias_lower, source) VALUES ('vinyl_bag', '유색봉지', '유색봉지', 'rule');
INSERT INTO aliases (item_id, alias, alias_lower, source) VALUES ('vinyl_bag', '음료 파우치 팩', '음료 파우치 팩', 'rule');
INSERT INTO aliases (item_id, alias, alias_lower, source) VALUES ('vinyl_bag', '일회용 비닐장갑', '일회용 비닐장갑', 'rule');
INSERT INTO aliases (item_id, alias, alias_lower, source) VALUES ('vinyl_bag', '지퍼백', '지퍼백', 'rule');
INSERT INTO aliases (item_id, alias, alias_lower, source) VALUES ('vinyl_bag', '커피봉지', '커피봉지', 'rule');
INSERT INTO aliases (item_id, alias, alias_lower, source) VALUES ('vinyl_bag', '클리어 파일', '클리어 파일', 'rule');
INSERT INTO aliases (item_id, alias, alias_lower, source) VALUES ('vinyl_bag', '편의점 봉투', '편의점 봉투', 'rule');
INSERT INTO aliases (item_id, alias, alias_lower, source) VALUES ('vinyl_bag', '폴리백', '폴리백', 'rule');
INSERT INTO aliases (item_id, alias, alias_lower, source) VALUES ('vinyl_bag', '플라스틱 백', '플라스틱 백', 'rule');
INSERT INTO aliases (item_id, alias, alias_lower, source) VALUES ('vinyl_bag', '플라스틱 봉투', '플라스틱 봉투', 'rule');
INSERT OR REPLACE INTO items (id, name, category, note, steps, confidence, source_url, source_name, source_grade, feature, caution, last_verified, region_variation, official_classification) VALUES ('vinyl_packaging', '비닐 포장재', 'vinyl', '라면 봉지, 과자 봉지 외 포장 비닐', '["내용물 비우기", "물로 가볍게 헹구기", "비닐류로 배출"]', 'high', 'https://xn--oy2b29bd3a601b.kr/front/dischargeMethod/index.do', '분리배출.kr (한국폐기물협회·환경부)', 'A', NULL, NULL, NULL, 0, NULL);
INSERT INTO aliases (item_id, alias, alias_lower, source) VALUES ('vinyl_packaging', '랩 필름', '랩 필름', 'rule');
INSERT INTO aliases (item_id, alias, alias_lower, source) VALUES ('vinyl_packaging', '랩핑 비닐', '랩핑 비닐', 'rule');
INSERT INTO aliases (item_id, alias, alias_lower, source) VALUES ('vinyl_packaging', '비닐 껍데기', '비닐 껍데기', 'rule');
INSERT INTO aliases (item_id, alias, alias_lower, source) VALUES ('vinyl_packaging', '비닐 꾸러미', '비닐 꾸러미', 'rule');
INSERT INTO aliases (item_id, alias, alias_lower, source) VALUES ('vinyl_packaging', '비닐 패키징', '비닐 패키징', 'rule');
INSERT INTO aliases (item_id, alias, alias_lower, source) VALUES ('vinyl_packaging', '비닐 포장', '비닐 포장', 'rule');
INSERT INTO aliases (item_id, alias, alias_lower, source) VALUES ('vinyl_packaging', '비닐포장재', '비닐포장재', 'rule');
INSERT INTO aliases (item_id, alias, alias_lower, source) VALUES ('vinyl_packaging', '포장용 랩', '포장용 랩', 'rule');
INSERT INTO aliases (item_id, alias, alias_lower, source) VALUES ('vinyl_packaging', '포장용 비닐', '포장용 비닐', 'rule');
INSERT INTO aliases (item_id, alias, alias_lower, source) VALUES ('vinyl_packaging', 'plastic film', 'plastic film', 'rule');
INSERT INTO aliases (item_id, alias, alias_lower, source) VALUES ('vinyl_packaging', 'vinyl waste', 'vinyl waste', 'rule');
INSERT INTO aliases (item_id, alias, alias_lower, source) VALUES ('vinyl_packaging', '비닐 랩', '비닐 랩', 'rule');
INSERT INTO aliases (item_id, alias, alias_lower, source) VALUES ('vinyl_packaging', '비닐 쓰레기', '비닐 쓰레기', 'rule');
INSERT INTO aliases (item_id, alias, alias_lower, source) VALUES ('vinyl_packaging', '비닐봉다리', '비닐봉다리', 'rule');
INSERT INTO aliases (item_id, alias, alias_lower, source) VALUES ('vinyl_packaging', '비닐쪼가리', '비닐쪼가리', 'rule');
INSERT INTO aliases (item_id, alias, alias_lower, source) VALUES ('vinyl_packaging', '비닐팩', '비닐팩', 'rule');
INSERT INTO aliases (item_id, alias, alias_lower, source) VALUES ('vinyl_packaging', '연질 플라스틱', '연질 플라스틱', 'rule');
INSERT INTO aliases (item_id, alias, alias_lower, source) VALUES ('vinyl_packaging', '플라스틱 포장재', '플라스틱 포장재', 'rule');
INSERT OR REPLACE INTO items (id, name, category, note, steps, confidence, source_url, source_name, source_grade, feature, caution, last_verified, region_variation, official_classification) VALUES ('snack_bag', '과자 봉지', 'vinyl', '은박 코팅된 과자/라면 봉지', '["부스러기 털어내기", "비닐류로 배출"]', 'high', 'https://www.xn--oy2b29bd3a601b.kr/front/dischargeMethod/dictionaryView.do?niIdx=97', '분리배출.kr (한국폐기물협회·환경부)', 'A', '· 과일, 과자 등을 포장하기 위해 사용하는 대부분의 합성수지 비닐은 생산자책임재활용제도 (EPR)대상 품목에 해당되어 재활용이 가능합니다. · 비닐은 재질, 색상과 상관없이 한데 모아 파쇄, 선별, 용융 및 성형과정을 거쳐 플라스틱 배수로, 건축 자재 등으로 재활용하고 있습니다.', '·이물질을 제거한 후 배출', NULL, 0, '["재활용폐기물", "합성수지 비닐류"]');
INSERT INTO aliases (item_id, alias, alias_lower, source) VALUES ('snack_bag', '간식 봉투', '간식 봉투', 'rule');
INSERT INTO aliases (item_id, alias, alias_lower, source) VALUES ('snack_bag', '간식 포장재', '간식 포장재', 'rule');
INSERT INTO aliases (item_id, alias, alias_lower, source) VALUES ('snack_bag', '과자 껍데기', '과자 껍데기', 'rule');
INSERT INTO aliases (item_id, alias, alias_lower, source) VALUES ('snack_bag', '과자 껍질', '과자 껍질', 'rule');
INSERT INTO aliases (item_id, alias, alias_lower, source) VALUES ('snack_bag', '과자 봉', '과자 봉', 'rule');
INSERT INTO aliases (item_id, alias, alias_lower, source) VALUES ('snack_bag', '과자 비닐', '과자 비닐', 'rule');
INSERT INTO aliases (item_id, alias, alias_lower, source) VALUES ('snack_bag', '과자 포장지', '과자 포장지', 'rule');
INSERT INTO aliases (item_id, alias, alias_lower, source) VALUES ('snack_bag', '까까 봉지', '까까 봉지', 'rule');
INSERT INTO aliases (item_id, alias, alias_lower, source) VALUES ('snack_bag', '라면봉지', '라면봉지', 'rule');
INSERT INTO aliases (item_id, alias, alias_lower, source) VALUES ('snack_bag', '스낵 팩', '스낵 팩', 'rule');
INSERT INTO aliases (item_id, alias, alias_lower, source) VALUES ('snack_bag', '스낵봉지', '스낵봉지', 'rule');
INSERT INTO aliases (item_id, alias, alias_lower, source) VALUES ('snack_bag', '스낵포장', '스낵포장', 'rule');
INSERT INTO aliases (item_id, alias, alias_lower, source) VALUES ('snack_bag', '초코파이 포장', '초코파이 포장', 'rule');
INSERT INTO aliases (item_id, alias, alias_lower, source) VALUES ('snack_bag', '초콜릿포장', '초콜릿포장', 'rule');
INSERT INTO aliases (item_id, alias, alias_lower, source) VALUES ('snack_bag', '칩스 봉투', '칩스 봉투', 'rule');
INSERT INTO aliases (item_id, alias, alias_lower, source) VALUES ('snack_bag', '포테이토칩 봉지', '포테이토칩 봉지', 'rule');
INSERT OR REPLACE INTO items (id, name, category, note, steps, confidence, source_url, source_name, source_grade, feature, caution, last_verified, region_variation, official_classification) VALUES ('food_contaminated_vinyl', '음식물 묻은 비닐', 'general', '기름/양념 등으로 오염되어 세척 불가능한 비닐', '["종량제봉투에 배출"]', 'high', NULL, NULL, NULL, NULL, NULL, NULL, 0, NULL);
INSERT INTO aliases (item_id, alias, alias_lower, source) VALUES ('food_contaminated_vinyl', '음식물묻은비닐', '음식물묻은비닐', 'rule');
INSERT OR REPLACE INTO items (id, name, category, note, steps, confidence, source_url, source_name, source_grade, feature, caution, last_verified, region_variation, official_classification) VALUES ('newspaper', '신문지', 'paper', '물기 없이 펴서 묶음 배출', '["펴서 정리", "끈으로 묶기", "종이류로 배출"]', 'high', 'https://xn--oy2b29bd3a601b.kr/front/dischargeMethod/index.do', '분리배출.kr (한국폐기물협회·환경부)', 'A', NULL, NULL, NULL, 0, NULL);
INSERT INTO aliases (item_id, alias, alias_lower, source) VALUES ('newspaper', '뉴스페이퍼', '뉴스페이퍼', 'rule');
INSERT INTO aliases (item_id, alias, alias_lower, source) VALUES ('newspaper', '동아일보', '동아일보', 'rule');
INSERT INTO aliases (item_id, alias, alias_lower, source) VALUES ('newspaper', '무가지', '무가지', 'rule');
INSERT INTO aliases (item_id, alias, alias_lower, source) VALUES ('newspaper', '스포츠신문', '스포츠신문', 'rule');
INSERT INTO aliases (item_id, alias, alias_lower, source) VALUES ('newspaper', '신문 조각', '신문 조각', 'rule');
INSERT INTO aliases (item_id, alias, alias_lower, source) VALUES ('newspaper', '신문지', '신문지', 'rule');
INSERT INTO aliases (item_id, alias, alias_lower, source) VALUES ('newspaper', '일간지', '일간지', 'rule');
INSERT INTO aliases (item_id, alias, alias_lower, source) VALUES ('newspaper', '조선일보', '조선일보', 'rule');
INSERT INTO aliases (item_id, alias, alias_lower, source) VALUES ('newspaper', '종이신문', '종이신문', 'rule');
INSERT INTO aliases (item_id, alias, alias_lower, source) VALUES ('newspaper', '중앙일보', '중앙일보', 'rule');
INSERT INTO aliases (item_id, alias, alias_lower, source) VALUES ('newspaper', '한겨레', '한겨레', 'rule');
INSERT OR REPLACE INTO items (id, name, category, note, steps, confidence, source_url, source_name, source_grade, feature, caution, last_verified, region_variation, official_classification) VALUES ('magazine', '잡지/책자', 'paper', '스프링/비닐 표지 제거 후 배출', '["스프링 등 이물질 제거", "묶어서 배출"]', 'high', 'https://xn--oy2b29bd3a601b.kr/front/dischargeMethod/index.do', '분리배출.kr (한국폐기물협회·환경부)', 'A', NULL, '· 책을 다량으로 배출할 때에는 끈 등으로 묶은 후 배출', '2026-05-18', 0, NULL);
INSERT INTO aliases (item_id, alias, alias_lower, source) VALUES ('magazine', '간행물', '간행물', 'rule');
INSERT INTO aliases (item_id, alias, alias_lower, source) VALUES ('magazine', '도서', '도서', 'rule');
INSERT INTO aliases (item_id, alias, alias_lower, source) VALUES ('magazine', '만화책', '만화책', 'rule');
INSERT INTO aliases (item_id, alias, alias_lower, source) VALUES ('magazine', '매거진', '매거진', 'rule');
INSERT INTO aliases (item_id, alias, alias_lower, source) VALUES ('magazine', '브로슈어', '브로슈어', 'rule');
INSERT INTO aliases (item_id, alias, alias_lower, source) VALUES ('magazine', '월간지', '월간지', 'rule');
INSERT INTO aliases (item_id, alias, alias_lower, source) VALUES ('magazine', '주간지', '주간지', 'rule');
INSERT OR REPLACE INTO items (id, name, category, note, steps, confidence, source_url, source_name, source_grade, feature, caution, last_verified, region_variation, official_classification) VALUES ('paper_box', '종이박스', 'paper', '택배박스 - 테이프와 운송장 반드시 제거', '["테이프, 송장, 철핀 제거", "납작하게 펴기", "끈으로 묶어서 배출"]', 'high', 'https://xn--oy2b29bd3a601b.kr/front/dischargeMethod/index.do', '분리배출.kr (한국폐기물협회·환경부)', 'A', NULL, '· 택배상자에 부착된 송장은 제거한 후 배출 · 상자에 부착된 테이프는 제거한 후 배출', '2026-05-18', 0, NULL);
INSERT INTO aliases (item_id, alias, alias_lower, source) VALUES ('paper_box', 'box', 'box', 'rule');
INSERT INTO aliases (item_id, alias, alias_lower, source) VALUES ('paper_box', '골판지', '골판지', 'rule');
INSERT INTO aliases (item_id, alias, alias_lower, source) VALUES ('paper_box', '박스', '박스', 'rule');
INSERT INTO aliases (item_id, alias, alias_lower, source) VALUES ('paper_box', '박스종이', '박스종이', 'rule');
INSERT INTO aliases (item_id, alias, alias_lower, source) VALUES ('paper_box', '상자', '상자', 'rule');
INSERT INTO aliases (item_id, alias, alias_lower, source) VALUES ('paper_box', '종이박스', '종이박스', 'rule');
INSERT INTO aliases (item_id, alias, alias_lower, source) VALUES ('paper_box', '택배상자', '택배상자', 'rule');
INSERT OR REPLACE INTO items (id, name, category, note, steps, confidence, source_url, source_name, source_grade, feature, caution, last_verified, region_variation, official_classification) VALUES ('milk_carton', '우유팩', 'paper_pack', '일반 종이와 별도 수거 (종이팩 전용 함)', '["내용물 비우기", "물로 헹구기", "펼쳐서 말리기", "종이팩 전용함 또는 종이류 별도 묶음"]', 'high', 'https://www.xn--oy2b29bd3a601b.kr/front/dischargeMethod/dictionaryView.do?niIdx=16', '분리배출.kr (한국폐기물협회·환경부)', 'A', '· 종이팩은 일반 종이와 달리 고품질의 펄프로 제작되어 미용 티슈, 화장지 등 고급 제품으로 재활용이 가능합니다. · 종이팩은 우유, 음료, 두유 등 액체류를 포장하는데 사용되는 용기로 일반팩과 멸균팩이 있습니다. · 일반팩은 주로 우유팩으로 사용되며, 외부와 내부에 PE 코팅이 되어있습니다. · 멸균팩은 산소와 자외선을 막아 장기간 보관할 수 있도록 만들어진 제품으로 내부에 알루미늄 호일이...', '· 내용물을 비우고 물로 헹군 후 배출 · 종이팩은 일반 종이와 구분하여 배출', NULL, 1, '["재활용폐기물", "종이팩", "일반팩"]');
INSERT INTO aliases (item_id, alias, alias_lower, source) VALUES ('milk_carton', '두유팩 (1L)', '두유팩 (1l)', 'rule');
INSERT INTO aliases (item_id, alias, alias_lower, source) VALUES ('milk_carton', '두유팩 (200ml)', '두유팩 (200ml)', 'rule');
INSERT INTO aliases (item_id, alias, alias_lower, source) VALUES ('milk_carton', '두유팩 (멸균)', '두유팩 (멸균)', 'rule');
INSERT INTO aliases (item_id, alias, alias_lower, source) VALUES ('milk_carton', '딸기우유팩', '딸기우유팩', 'rule');
INSERT INTO aliases (item_id, alias, alias_lower, source) VALUES ('milk_carton', '매일우유팩', '매일우유팩', 'rule');
INSERT INTO aliases (item_id, alias, alias_lower, source) VALUES ('milk_carton', '밀크팩', '밀크팩', 'rule');
INSERT INTO aliases (item_id, alias, alias_lower, source) VALUES ('milk_carton', '바나나우유팩', '바나나우유팩', 'rule');
INSERT INTO aliases (item_id, alias, alias_lower, source) VALUES ('milk_carton', '비건 우유팩 (귀리/콩)', '비건 우유팩 (귀리/콩)', 'rule');
INSERT INTO aliases (item_id, alias, alias_lower, source) VALUES ('milk_carton', '살균팩', '살균팩', 'rule');
INSERT INTO aliases (item_id, alias, alias_lower, source) VALUES ('milk_carton', '삼육두유팩', '삼육두유팩', 'rule');
INSERT INTO aliases (item_id, alias, alias_lower, source) VALUES ('milk_carton', '서울우유팩', '서울우유팩', 'rule');
INSERT INTO aliases (item_id, alias, alias_lower, source) VALUES ('milk_carton', '오트밀크팩', '오트밀크팩', 'rule');
INSERT INTO aliases (item_id, alias, alias_lower, source) VALUES ('milk_carton', '우유곽', '우유곽', 'rule');
INSERT INTO aliases (item_id, alias, alias_lower, source) VALUES ('milk_carton', '우유팩', '우유팩', 'rule');
INSERT INTO aliases (item_id, alias, alias_lower, source) VALUES ('milk_carton', '우유팩 (1L)', '우유팩 (1l)', 'rule');
INSERT INTO aliases (item_id, alias, alias_lower, source) VALUES ('milk_carton', '우유팩 (200ml)', '우유팩 (200ml)', 'rule');
INSERT INTO aliases (item_id, alias, alias_lower, source) VALUES ('milk_carton', '우유팩 (2L)', '우유팩 (2l)', 'rule');
INSERT INTO aliases (item_id, alias, alias_lower, source) VALUES ('milk_carton', '우유팩 (500ml)', '우유팩 (500ml)', 'rule');
INSERT INTO aliases (item_id, alias, alias_lower, source) VALUES ('milk_carton', '종이팩', '종이팩', 'rule');
INSERT INTO aliases (item_id, alias, alias_lower, source) VALUES ('milk_carton', '주스팩 (대용량)', '주스팩 (대용량)', 'rule');
INSERT INTO aliases (item_id, alias, alias_lower, source) VALUES ('milk_carton', '주스팩 (멸균)', '주스팩 (멸균)', 'rule');
INSERT INTO aliases (item_id, alias, alias_lower, source) VALUES ('milk_carton', '주스팩 (작은)', '주스팩 (작은)', 'rule');
INSERT INTO aliases (item_id, alias, alias_lower, source) VALUES ('milk_carton', '초콜릿우유팩', '초콜릿우유팩', 'rule');
INSERT INTO aliases (item_id, alias, alias_lower, source) VALUES ('milk_carton', '카톤팩', '카톤팩', 'rule');
INSERT INTO aliases (item_id, alias, alias_lower, source) VALUES ('milk_carton', '팩우유', '팩우유', 'rule');
INSERT INTO aliases (item_id, alias, alias_lower, source) VALUES ('milk_carton', '흰우유팩', '흰우유팩', 'rule');
INSERT OR REPLACE INTO items (id, name, category, note, steps, confidence, source_url, source_name, source_grade, feature, caution, last_verified, region_variation, official_classification) VALUES ('juice_carton', '주스팩 (멸균팩)', 'paper', '알루미늄 코팅된 멸균팩 - 일반 우유팩과 별도', '["내용물 비우기", "헹구기", "펼쳐서 말리기", "멸균팩 별도 분리 권장"]', 'medium', 'https://xn--oy2b29bd3a601b.kr/front/dischargeMethod/index.do', '분리배출.kr (한국폐기물협회·환경부)', 'A', NULL, NULL, NULL, 1, NULL);
INSERT INTO aliases (item_id, alias, alias_lower, source) VALUES ('juice_carton', 'Carton', 'carton', 'rule');
INSERT INTO aliases (item_id, alias, alias_lower, source) VALUES ('juice_carton', 'Juice pack', 'juice pack', 'rule');
INSERT INTO aliases (item_id, alias, alias_lower, source) VALUES ('juice_carton', '드링크팩', '드링크팩', 'rule');
INSERT INTO aliases (item_id, alias, alias_lower, source) VALUES ('juice_carton', '멸균 종이팩', '멸균 종이팩', 'rule');
INSERT INTO aliases (item_id, alias, alias_lower, source) VALUES ('juice_carton', '멸균 주스팩', '멸균 주스팩', 'rule');
INSERT INTO aliases (item_id, alias, alias_lower, source) VALUES ('juice_carton', '음료곽', '음료곽', 'rule');
INSERT INTO aliases (item_id, alias, alias_lower, source) VALUES ('juice_carton', '주스곽', '주스곽', 'rule');
INSERT OR REPLACE INTO items (id, name, category, note, steps, confidence, source_url, source_name, source_grade, feature, caution, last_verified, region_variation, official_classification) VALUES ('paper_cup', '종이컵 (일반)', 'paper', '음료 자국 등 가볍게 씻은 후 배출', '["내용물 비우기", "헹구기", "종이팩류로 배출"]', 'medium', 'https://www.xn--oy2b29bd3a601b.kr/front/dischargeMethod/dictionaryView.do?niIdx=36', '분리배출.kr (한국폐기물협회·환경부)', 'A', '· 종이는 수거하여 종류별로 분류한 후 각각의 제지공장으로 운반되어 해리, 정선, 농축, 고해 과정을 거친 후 펄프와 혼합하여 종이로 재활용하고 있습니다. · 쇼핑백의 종이재질이 아닌 손잡이는 제거해서 종량제봉투로 배출합니다. · 비닐 코팅된 쇼핑백은 종량제봉투로 배출합니다.', '·양면이 코팅되어 찢어지지 않는 경우 일반종량제폐기물로 배출', '2026-05-18', 1, '["재활용폐기물", "종이"]');
INSERT INTO aliases (item_id, alias, alias_lower, source) VALUES ('paper_cup', '라면 박스', '라면 박스', 'rule');
INSERT INTO aliases (item_id, alias, alias_lower, source) VALUES ('paper_cup', '보냉가방', '보냉가방', 'rule');
INSERT INTO aliases (item_id, alias, alias_lower, source) VALUES ('paper_cup', '소주팩', '소주팩', 'rule');
INSERT INTO aliases (item_id, alias, alias_lower, source) VALUES ('paper_cup', '주스팩', '주스팩', 'rule');
INSERT OR REPLACE INTO items (id, name, category, note, steps, confidence, source_url, source_name, source_grade, feature, caution, last_verified, region_variation, official_classification) VALUES ('paper_cup_coated', '코팅 종이컵/종이용기', 'general', 'PE/PLA 코팅된 일회용 종이용기 - 재활용 공정 달라 종량제봉투 권장', '["내용물 비우기", "종량제봉투에 배출"]', 'medium', NULL, NULL, NULL, NULL, NULL, NULL, 1, NULL);
INSERT INTO aliases (item_id, alias, alias_lower, source) VALUES ('paper_cup_coated', '방수 종이컵', '방수 종이컵', 'rule');
INSERT INTO aliases (item_id, alias, alias_lower, source) VALUES ('paper_cup_coated', '일회용 종이용기', '일회용 종이용기', 'rule');
INSERT INTO aliases (item_id, alias, alias_lower, source) VALUES ('paper_cup_coated', '종이그릇', '종이그릇', 'rule');
INSERT INTO aliases (item_id, alias, alias_lower, source) VALUES ('paper_cup_coated', '컵라면 용기', '컵라면 용기', 'rule');
INSERT INTO aliases (item_id, alias, alias_lower, source) VALUES ('paper_cup_coated', '코팅된 종이컵', '코팅된 종이컵', 'rule');
INSERT INTO aliases (item_id, alias, alias_lower, source) VALUES ('paper_cup_coated', '코팅컵', '코팅컵', 'rule');
INSERT INTO aliases (item_id, alias, alias_lower, source) VALUES ('paper_cup_coated', '페이퍼 컨테이너', '페이퍼 컨테이너', 'rule');
INSERT INTO aliases (item_id, alias, alias_lower, source) VALUES ('paper_cup_coated', '페이퍼컵', '페이퍼컵', 'rule');
INSERT OR REPLACE INTO items (id, name, category, note, steps, confidence, source_url, source_name, source_grade, feature, caution, last_verified, region_variation, official_classification) VALUES ('receipt', '영수증', 'general', '감열지는 BPA 코팅으로 재활용 불가', '["종량제봉투에 배출"]', 'high', 'https://www.xn--oy2b29bd3a601b.kr/front/dischargeMethod/dictionaryView.do?niIdx=143', '분리배출.kr (한국폐기물협회·환경부)', 'A', '· 수은함유폐기물이란 수은과 그 화합물을 함유한 폐기물을 말하며, 혈압계, 온도계, 체온계 등이 있습니다. · 혈압계, 온도계 등에 포함된 수은은 인체에 혼입될 시 발열, 오한, 구토 등의 급성 증상과 구강염증, 기억력 소실, 지적능력 저하 등 만성 증상이 발생할 수 있으며, 환경에 유출될 시 생물 농축, 잔류 등 악영향을 일으킬 수 있습니다. · 수은이 함유된 폐기물을 배출할때에는 분해·해...', '· 수은이 외부로 유출될 시 환경 및 인체에 유해하므로 주의하여 배출', '2026-05-18', 0, '["생활계 유해폐기물", "수은함유 폐기물"]');
INSERT INTO aliases (item_id, alias, alias_lower, source) VALUES ('receipt', '간이영수증', '간이영수증', 'rule');
INSERT INTO aliases (item_id, alias, alias_lower, source) VALUES ('receipt', '거래명세표', '거래명세표', 'rule');
INSERT INTO aliases (item_id, alias, alias_lower, source) VALUES ('receipt', '결제내역', '결제내역', 'rule');
INSERT INTO aliases (item_id, alias, alias_lower, source) VALUES ('receipt', '계산서', '계산서', 'rule');
INSERT INTO aliases (item_id, alias, alias_lower, source) VALUES ('receipt', '구매내역서', '구매내역서', 'rule');
INSERT INTO aliases (item_id, alias, alias_lower, source) VALUES ('receipt', '로또용지', '로또용지', 'rule');
INSERT INTO aliases (item_id, alias, alias_lower, source) VALUES ('receipt', '리시트', '리시트', 'rule');
INSERT INTO aliases (item_id, alias, alias_lower, source) VALUES ('receipt', '마트영수증', '마트영수증', 'rule');
INSERT INTO aliases (item_id, alias, alias_lower, source) VALUES ('receipt', '매출전표', '매출전표', 'rule');
INSERT INTO aliases (item_id, alias, alias_lower, source) VALUES ('receipt', '신용카드', '신용카드', 'rule');
INSERT INTO aliases (item_id, alias, alias_lower, source) VALUES ('receipt', '인보이스', '인보이스', 'rule');
INSERT INTO aliases (item_id, alias, alias_lower, source) VALUES ('receipt', '종이영수증', '종이영수증', 'rule');
INSERT INTO aliases (item_id, alias, alias_lower, source) VALUES ('receipt', '지로명세서', '지로명세서', 'rule');
INSERT INTO aliases (item_id, alias, alias_lower, source) VALUES ('receipt', '카드영수증', '카드영수증', 'rule');
INSERT INTO aliases (item_id, alias, alias_lower, source) VALUES ('receipt', '택배 송장', '택배 송장', 'rule');
INSERT INTO aliases (item_id, alias, alias_lower, source) VALUES ('receipt', '통장', '통장', 'rule');
INSERT INTO aliases (item_id, alias, alias_lower, source) VALUES ('receipt', '현금영수증', '현금영수증', 'rule');
INSERT OR REPLACE INTO items (id, name, category, note, steps, confidence, source_url, source_name, source_grade, feature, caution, last_verified, region_variation, official_classification) VALUES ('book', '책', 'paper', '표지(비닐 코팅) 제거 후 묶음 배출', '["하드커버/비닐 코팅 표지 제거", "끈으로 묶어서 배출"]', 'high', 'https://www.xn--oy2b29bd3a601b.kr/front/dischargeMethod/dictionaryView.do?niIdx=20', '분리배출.kr (한국폐기물협회·환경부)', 'A', '· 종이의 종류로는 골판지, 백판지, 백상지, 종이팩이 있습니다. · 종이를 배출할 때에는 골판지와 골판지 외 종이류(백판지, 백상지 등)으로 구분하여 배출합니다. · 공책,수첩,노트는 색상과 관계없이 신문지, 백상지 등 기타 종이류와 함께 배출하며, 이때, 비닐 코팅된 종이, 공책의 스프링, 비닐포장지 등은 제거 후 배출합니다.', '· 코팅종이, 금박지, 은박지, 검은색 먹지 등은 제거하여 배출', '2026-05-18', 0, '["재활용폐기물", "종이"]');
INSERT INTO aliases (item_id, alias, alias_lower, source) VALUES ('book', '동화책', '동화책', 'rule');
INSERT INTO aliases (item_id, alias, alias_lower, source) VALUES ('book', '백과사전', '백과사전', 'rule');
INSERT INTO aliases (item_id, alias, alias_lower, source) VALUES ('book', '잡지', '잡지', 'rule');
INSERT INTO aliases (item_id, alias, alias_lower, source) VALUES ('book', '잡지책', '잡지책', 'rule');
INSERT INTO aliases (item_id, alias, alias_lower, source) VALUES ('book', '책', '책', 'rule');
INSERT INTO aliases (item_id, alias, alias_lower, source) VALUES ('book', '책상책꽂이', '책상책꽂이', 'rule');
INSERT OR REPLACE INTO items (id, name, category, note, steps, confidence, source_url, source_name, source_grade, feature, caution, last_verified, region_variation, official_classification) VALUES ('note', '노트', 'paper', '스프링은 분리하여 캔/금속류로 배출', '["스프링/철핀 분리", "종이류로 배출"]', 'high', 'https://xn--oy2b29bd3a601b.kr/front/dischargeMethod/index.do', '분리배출.kr (한국폐기물협회·환경부)', 'A', NULL, NULL, NULL, 0, NULL);
INSERT INTO aliases (item_id, alias, alias_lower, source) VALUES ('note', '기록장', '기록장', 'rule');
INSERT INTO aliases (item_id, alias, alias_lower, source) VALUES ('note', '스프링노트', '스프링노트', 'rule');
INSERT INTO aliases (item_id, alias, alias_lower, source) VALUES ('note', '일기장', '일기장', 'rule');
INSERT INTO aliases (item_id, alias, alias_lower, source) VALUES ('note', '종이노트', '종이노트', 'rule');
INSERT INTO aliases (item_id, alias, alias_lower, source) VALUES ('note', '줄노트', '줄노트', 'rule');
INSERT INTO aliases (item_id, alias, alias_lower, source) VALUES ('note', '학습장', '학습장', 'rule');
INSERT OR REPLACE INTO items (id, name, category, note, steps, confidence, source_url, source_name, source_grade, feature, caution, last_verified, region_variation, official_classification) VALUES ('can', '캔 (일반)', 'can', '철/알루미늄 캔', '["내용물 비우기", "헹구기", "압착하여 배출"]', 'high', 'https://www.xn--oy2b29bd3a601b.kr/front/dischargeMethod/dictionaryView.do?niIdx=84', '분리배출.kr (한국폐기물협회·환경부)', 'A', '· 참치캔은 뚜껑은 알루미늄, 몸체는 스틸(철)인 금속재질로 금속캔으로 배출합니다. · 금속제품은 재활용 선별장에서 철캔, 알루미늄 캔, 생활철, 스테인리스 등으로 선별하여 제철소로 운반되며 이후 용융 과정을 거쳐 철판, 알루미늄 판 등으로 재활용하고 있습니다.', '· 내용물을 비우고 물로 헹군 후 배출', '2026-05-18', 0, '["재활용폐기물", "금속류", "금속캔"]');
INSERT INTO aliases (item_id, alias, alias_lower, source) VALUES ('can', '금속 재질의 캔따개', '금속 재질의 캔따개', 'rule');
INSERT INTO aliases (item_id, alias, alias_lower, source) VALUES ('can', '깡통', '깡통', 'rule');
INSERT INTO aliases (item_id, alias, alias_lower, source) VALUES ('can', '분유통', '분유통', 'rule');
INSERT INTO aliases (item_id, alias, alias_lower, source) VALUES ('can', '사료캔', '사료캔', 'rule');
INSERT INTO aliases (item_id, alias, alias_lower, source) VALUES ('can', '철캔', '철캔', 'rule');
INSERT INTO aliases (item_id, alias, alias_lower, source) VALUES ('can', '캔통', '캔통', 'rule');
INSERT INTO aliases (item_id, alias, alias_lower, source) VALUES ('can', '틴캔', '틴캔', 'rule');
INSERT OR REPLACE INTO items (id, name, category, note, steps, confidence, source_url, source_name, source_grade, feature, caution, last_verified, region_variation, official_classification) VALUES ('beverage_can', '음료수 캔', 'can', '알루미늄 캔', '["내용물 비우기", "물로 헹구기", "압착", "캔/금속류로 배출"]', 'high', 'https://www.xn--oy2b29bd3a601b.kr/front/dischargeMethod/dictionaryView.do?niIdx=616', '분리배출.kr (한국폐기물협회·환경부)', 'A', '· 맥주캔은 몸체, 뚜껑이 금속(알루미늄) 재질로 금속캔으로 배출합니다. · 금속제품은 재활용 선별장에서 철캔, 알루미늄 캔, 생활철, 스테인리스 등으로 선별하여 제철소로 운반되며 이후 용융 과정을 거쳐 철판, 알루미늄 판 등으로 재활용하고 있습니다.', '· 내용물을 비우고 물로 헹군 후 배출', NULL, 0, '["재활용폐기물", "금속류", "금속캔"]');
INSERT INTO aliases (item_id, alias, alias_lower, source) VALUES ('beverage_can', '사이다캔', '사이다캔', 'rule');
INSERT INTO aliases (item_id, alias, alias_lower, source) VALUES ('beverage_can', '에너지드링크캔', '에너지드링크캔', 'rule');
INSERT INTO aliases (item_id, alias, alias_lower, source) VALUES ('beverage_can', '캔(음료)', '캔(음료)', 'rule');
INSERT OR REPLACE INTO items (id, name, category, note, steps, confidence, source_url, source_name, source_grade, feature, caution, last_verified, region_variation, official_classification) VALUES ('food_can', '통조림 캔', 'can', '참치/햄/과일 통조림 등', '["내용물 비우기", "기름기 제거 및 헹구기", "라벨 제거", "캔류로 배출"]', 'high', 'https://xn--oy2b29bd3a601b.kr/front/dischargeMethod/index.do', '분리배출.kr (한국폐기물협회·환경부)', 'A', NULL, NULL, NULL, 0, NULL);
INSERT INTO aliases (item_id, alias, alias_lower, source) VALUES ('food_can', '골뱅이캔', '골뱅이캔', 'rule');
INSERT INTO aliases (item_id, alias, alias_lower, source) VALUES ('food_can', '과일캔', '과일캔', 'rule');
INSERT INTO aliases (item_id, alias, alias_lower, source) VALUES ('food_can', '꽁치캔', '꽁치캔', 'rule');
INSERT INTO aliases (item_id, alias, alias_lower, source) VALUES ('food_can', '먹는 캔', '먹는 캔', 'rule');
INSERT INTO aliases (item_id, alias, alias_lower, source) VALUES ('food_can', '식캔', '식캔', 'rule');
INSERT INTO aliases (item_id, alias, alias_lower, source) VALUES ('food_can', '식품캔', '식품캔', 'rule');
INSERT INTO aliases (item_id, alias, alias_lower, source) VALUES ('food_can', '음식캔', '음식캔', 'rule');
INSERT INTO aliases (item_id, alias, alias_lower, source) VALUES ('food_can', '캔(식품)', '캔(식품)', 'rule');
INSERT INTO aliases (item_id, alias, alias_lower, source) VALUES ('food_can', '캔햄', '캔햄', 'rule');
INSERT INTO aliases (item_id, alias, alias_lower, source) VALUES ('food_can', '콩캔', '콩캔', 'rule');
INSERT INTO aliases (item_id, alias, alias_lower, source) VALUES ('food_can', '통조림', '통조림', 'rule');
INSERT INTO aliases (item_id, alias, alias_lower, source) VALUES ('food_can', '통조림 깡통', '통조림 깡통', 'rule');
INSERT INTO aliases (item_id, alias, alias_lower, source) VALUES ('food_can', '통조림캔', '통조림캔', 'rule');
INSERT INTO aliases (item_id, alias, alias_lower, source) VALUES ('food_can', '햄캔', '햄캔', 'rule');
INSERT OR REPLACE INTO items (id, name, category, note, steps, confidence, source_url, source_name, source_grade, feature, caution, last_verified, region_variation, official_classification) VALUES ('tin_can', '양철캔', 'can', '철 재질 캔', '["내용물 비우기", "헹구기", "캔/금속류로 배출"]', 'high', 'https://xn--oy2b29bd3a601b.kr/front/dischargeMethod/index.do', '분리배출.kr (한국폐기물협회·환경부)', 'A', NULL, NULL, NULL, 0, NULL);
INSERT OR REPLACE INTO items (id, name, category, note, steps, confidence, source_url, source_name, source_grade, feature, caution, last_verified, region_variation, official_classification) VALUES ('aerosol_can', '에어로졸 캔 (스프레이)', 'can', '내용물 완전 배출 후 구멍 뚫어 배출 (폭발 위험)', '["내용물 완전 사용/배출", "뾰족한 도구로 구멍 뚫기", "캔류로 배출"]', 'high', 'https://xn--oy2b29bd3a601b.kr/front/dischargeMethod/index.do', '분리배출.kr (한국폐기물협회·환경부)', 'A', NULL, NULL, NULL, 0, NULL);
INSERT INTO aliases (item_id, alias, alias_lower, source) VALUES ('aerosol_can', 'aerosol can', 'aerosol can', 'rule');
INSERT INTO aliases (item_id, alias, alias_lower, source) VALUES ('aerosol_can', 'spray can', 'spray can', 'rule');
INSERT INTO aliases (item_id, alias, alias_lower, source) VALUES ('aerosol_can', '분사형 캔', '분사형 캔', 'rule');
INSERT INTO aliases (item_id, alias, alias_lower, source) VALUES ('aerosol_can', '스프레이', '스프레이', 'rule');
INSERT INTO aliases (item_id, alias, alias_lower, source) VALUES ('aerosol_can', '스프레이통', '스프레이통', 'rule');
INSERT INTO aliases (item_id, alias, alias_lower, source) VALUES ('aerosol_can', '칙칙이', '칙칙이', 'rule');
INSERT INTO aliases (item_id, alias, alias_lower, source) VALUES ('aerosol_can', '칙칙이 깡통', '칙칙이 깡통', 'rule');
INSERT INTO aliases (item_id, alias, alias_lower, source) VALUES ('aerosol_can', '탈취제 캔', '탈취제 캔', 'rule');
INSERT INTO aliases (item_id, alias, alias_lower, source) VALUES ('aerosol_can', '헤어스프레이 캔', '헤어스프레이 캔', 'rule');
INSERT OR REPLACE INTO items (id, name, category, note, steps, confidence, source_url, source_name, source_grade, feature, caution, last_verified, region_variation, official_classification) VALUES ('glass_bottle', '유리병', 'glass', '주류병/음료병 등 (빈용기 보증금 환불 가능 품목은 별도)', '["뚜껑 제거", "내용물 비우기", "헹구기", "병류 전용함 배출"]', 'high', 'https://www.xn--oy2b29bd3a601b.kr/front/dischargeMethod/dictionaryView.do?niIdx=510', '분리배출.kr (한국폐기물협회·환경부)', 'A', '· 유리병은 3색(무색, 녹색, 갈색)으로 분류한 후 파쇄∙분쇄, 용융과정을 거쳐 재활용하고 있습니다. · 이 과정에서 와인병과 같은 이색(파란색, 검정색, 자주색 등) 유리병은 혼색 유리병으로 분류 및 분쇄 후 건설자재 등으로 재활용되고 있으므로 유리병으로 배출합니다.', '·깨진 유리병은 불연성종량제봉투로 배출하거나 신문지 등에 싸서 종량제봉투로 배출', '2026-05-18', 0, '["재활용폐기물", "유리병"]');
INSERT INTO aliases (item_id, alias, alias_lower, source) VALUES ('glass_bottle', '깨끗한 유리병', '깨끗한 유리병', 'rule');
INSERT INTO aliases (item_id, alias, alias_lower, source) VALUES ('glass_bottle', '꿀 병', '꿀 병', 'rule');
INSERT INTO aliases (item_id, alias, alias_lower, source) VALUES ('glass_bottle', '꿀병', '꿀병', 'rule');
INSERT INTO aliases (item_id, alias, alias_lower, source) VALUES ('glass_bottle', '드링크병', '드링크병', 'rule');
INSERT INTO aliases (item_id, alias, alias_lower, source) VALUES ('glass_bottle', '약병(유리)', '약병(유리)', 'rule');
INSERT INTO aliases (item_id, alias, alias_lower, source) VALUES ('glass_bottle', '올리브 절임 병', '올리브 절임 병', 'rule');
INSERT INTO aliases (item_id, alias, alias_lower, source) VALUES ('glass_bottle', '올리브유병', '올리브유병', 'rule');
INSERT INTO aliases (item_id, alias, alias_lower, source) VALUES ('glass_bottle', '와인 병', '와인 병', 'rule');
INSERT INTO aliases (item_id, alias, alias_lower, source) VALUES ('glass_bottle', '위스키 병', '위스키 병', 'rule');
INSERT INTO aliases (item_id, alias, alias_lower, source) VALUES ('glass_bottle', '유리 그릇', '유리 그릇', 'rule');
INSERT INTO aliases (item_id, alias, alias_lower, source) VALUES ('glass_bottle', '유리 접시', '유리 접시', 'rule');
INSERT INTO aliases (item_id, alias, alias_lower, source) VALUES ('glass_bottle', '유리 컵(깨지지 않은)', '유리 컵(깨지지 않은)', 'rule');
INSERT INTO aliases (item_id, alias, alias_lower, source) VALUES ('glass_bottle', '유리병', '유리병', 'rule');
INSERT INTO aliases (item_id, alias, alias_lower, source) VALUES ('glass_bottle', '잼 병', '잼 병', 'rule');
INSERT INTO aliases (item_id, alias, alias_lower, source) VALUES ('glass_bottle', '잼병', '잼병', 'rule');
INSERT INTO aliases (item_id, alias, alias_lower, source) VALUES ('glass_bottle', '향수병(유리)', '향수병(유리)', 'rule');
INSERT OR REPLACE INTO items (id, name, category, note, steps, confidence, source_url, source_name, source_grade, feature, caution, last_verified, region_variation, official_classification) VALUES ('broken_glass_bottle', '깨진 유리병', 'general', '재활용 불가, 신문지 등으로 감싸 종량제봉투/특수마대에 배출', '["신문지로 감싸기", "''유리주의'' 표시", "종량제봉투 또는 특수마대"]', 'high', NULL, NULL, NULL, NULL, NULL, NULL, 1, NULL);
INSERT INTO aliases (item_id, alias, alias_lower, source) VALUES ('broken_glass_bottle', 'broken glass', 'broken glass', 'rule');
INSERT INTO aliases (item_id, alias, alias_lower, source) VALUES ('broken_glass_bottle', 'shattered glass', 'shattered glass', 'rule');
INSERT INTO aliases (item_id, alias, alias_lower, source) VALUES ('broken_glass_bottle', '깨진 병', '깨진 병', 'rule');
INSERT INTO aliases (item_id, alias, alias_lower, source) VALUES ('broken_glass_bottle', '깨진유리병', '깨진유리병', 'rule');
INSERT INTO aliases (item_id, alias, alias_lower, source) VALUES ('broken_glass_bottle', '맥주병 조각', '맥주병 조각', 'rule');
INSERT INTO aliases (item_id, alias, alias_lower, source) VALUES ('broken_glass_bottle', '병 조각', '병 조각', 'rule');
INSERT INTO aliases (item_id, alias, alias_lower, source) VALUES ('broken_glass_bottle', '부서진 유리병', '부서진 유리병', 'rule');
INSERT INTO aliases (item_id, alias, alias_lower, source) VALUES ('broken_glass_bottle', '소주병 조각', '소주병 조각', 'rule');
INSERT INTO aliases (item_id, alias, alias_lower, source) VALUES ('broken_glass_bottle', '유리 깨진 거', '유리 깨진 거', 'rule');
INSERT INTO aliases (item_id, alias, alias_lower, source) VALUES ('broken_glass_bottle', '유리 조각', '유리 조각', 'rule');
INSERT INTO aliases (item_id, alias, alias_lower, source) VALUES ('broken_glass_bottle', '유리병 파편', '유리병 파편', 'rule');
INSERT INTO aliases (item_id, alias, alias_lower, source) VALUES ('broken_glass_bottle', '파손 유리병', '파손 유리병', 'rule');
INSERT OR REPLACE INTO items (id, name, category, note, steps, confidence, source_url, source_name, source_grade, feature, caution, last_verified, region_variation, official_classification) VALUES ('broken_ceramic', '깨진 도자기/사기그릇', 'general', '재활용 불가', '["안전하게 포장", "특수마대 또는 종량제봉투"]', 'high', NULL, NULL, NULL, NULL, NULL, NULL, 1, NULL);
INSERT INTO aliases (item_id, alias, alias_lower, source) VALUES ('broken_ceramic', 'ceramic shards', 'ceramic shards', 'rule');
INSERT INTO aliases (item_id, alias, alias_lower, source) VALUES ('broken_ceramic', 'cracked dish', 'cracked dish', 'rule');
INSERT INTO aliases (item_id, alias, alias_lower, source) VALUES ('broken_ceramic', '깨진 접시', '깨진 접시', 'rule');
INSERT INTO aliases (item_id, alias, alias_lower, source) VALUES ('broken_ceramic', '깨진 컵', '깨진 컵', 'rule');
INSERT INTO aliases (item_id, alias, alias_lower, source) VALUES ('broken_ceramic', '도자기 조각', '도자기 조각', 'rule');
INSERT INTO aliases (item_id, alias, alias_lower, source) VALUES ('broken_ceramic', '부서진 사기그릇', '부서진 사기그릇', 'rule');
INSERT INTO aliases (item_id, alias, alias_lower, source) VALUES ('broken_ceramic', '뽀개진 그릇', '뽀개진 그릇', 'rule');
INSERT INTO aliases (item_id, alias, alias_lower, source) VALUES ('broken_ceramic', '와장창 그릇', '와장창 그릇', 'rule');
INSERT INTO aliases (item_id, alias, alias_lower, source) VALUES ('broken_ceramic', '파손된 도자기', '파손된 도자기', 'rule');
INSERT INTO aliases (item_id, alias, alias_lower, source) VALUES ('broken_ceramic', '한국도자기', '한국도자기', 'rule');
INSERT OR REPLACE INTO items (id, name, category, note, steps, confidence, source_url, source_name, source_grade, feature, caution, last_verified, region_variation, official_classification) VALUES ('cosmetics_bottle', '화장품 유리병', 'glass', '유색/혼합재질이라도 내용물 비우면 유리로 배출 가능', '["내용물 비우기", "펌프(플라스틱) 분리", "유리병류로 배출"]', 'medium', 'https://xn--oy2b29bd3a601b.kr/front/dischargeMethod/index.do', '분리배출.kr (한국폐기물협회·환경부)', 'A', NULL, NULL, NULL, 1, NULL);
INSERT INTO aliases (item_id, alias, alias_lower, source) VALUES ('cosmetics_bottle', '글라스 보틀', '글라스 보틀', 'rule');
INSERT INTO aliases (item_id, alias, alias_lower, source) VALUES ('cosmetics_bottle', '스킨 유리병', '스킨 유리병', 'rule');
INSERT INTO aliases (item_id, alias, alias_lower, source) VALUES ('cosmetics_bottle', '앰플병', '앰플병', 'rule');
INSERT INTO aliases (item_id, alias, alias_lower, source) VALUES ('cosmetics_bottle', '에센스병', '에센스병', 'rule');
INSERT INTO aliases (item_id, alias, alias_lower, source) VALUES ('cosmetics_bottle', '유리 화장품용기', '유리 화장품용기', 'rule');
INSERT INTO aliases (item_id, alias, alias_lower, source) VALUES ('cosmetics_bottle', '유릿병', '유릿병', 'rule');
INSERT INTO aliases (item_id, alias, alias_lower, source) VALUES ('cosmetics_bottle', '코스메틱 유리병', '코스메틱 유리병', 'rule');
INSERT INTO aliases (item_id, alias, alias_lower, source) VALUES ('cosmetics_bottle', '화장품 공병', '화장품 공병', 'rule');
INSERT INTO aliases (item_id, alias, alias_lower, source) VALUES ('cosmetics_bottle', '화장품 담는 유리', '화장품 담는 유리', 'rule');
INSERT INTO aliases (item_id, alias, alias_lower, source) VALUES ('cosmetics_bottle', '화장품 병', '화장품 병', 'rule');
INSERT INTO aliases (item_id, alias, alias_lower, source) VALUES ('cosmetics_bottle', '화장품용 유리병', '화장품용 유리병', 'rule');
INSERT INTO aliases (item_id, alias, alias_lower, source) VALUES ('cosmetics_bottle', '화장품유리병', '화장품유리병', 'rule');
INSERT OR REPLACE INTO items (id, name, category, note, steps, confidence, source_url, source_name, source_grade, feature, caution, last_verified, region_variation, official_classification) VALUES ('styrofoam_box', '스티로폼 박스', 'styrofoam', '택배/농수산물 스티로폼 박스', '["테이프, 송장, 라벨 완전 제거", "내용물 제거", "깨끗한 흰색만 분리배출"]', 'high', 'https://xn--oy2b29bd3a601b.kr/front/dischargeMethod/index.do', '분리배출.kr (한국폐기물협회·환경부)', 'A', NULL, NULL, NULL, 0, NULL);
INSERT INTO aliases (item_id, alias, alias_lower, source) VALUES ('styrofoam_box', '스티로폼', '스티로폼', 'rule');
INSERT INTO aliases (item_id, alias, alias_lower, source) VALUES ('styrofoam_box', '스티로폼박스', '스티로폼박스', 'rule');
INSERT INTO aliases (item_id, alias, alias_lower, source) VALUES ('styrofoam_box', '발포플라스틱', '발포플라스틱', 'rule');
INSERT INTO aliases (item_id, alias, alias_lower, source) VALUES ('styrofoam_box', '포장스티로폼', '포장스티로폼', 'rule');
INSERT OR REPLACE INTO items (id, name, category, note, steps, confidence, source_url, source_name, source_grade, feature, caution, last_verified, region_variation, official_classification) VALUES ('styrofoam_white', '흰색 스티로폼 (완충재)', 'styrofoam', '가전제품 완충재 등', '["이물질/테이프 제거", "스티로폼류로 배출"]', 'high', 'https://xn--oy2b29bd3a601b.kr/front/dischargeMethod/index.do', '분리배출.kr (한국폐기물협회·환경부)', 'A', NULL, NULL, NULL, 0, NULL);
INSERT INTO aliases (item_id, alias, alias_lower, source) VALUES ('styrofoam_white', '가전제품 포장 스티로폼', '가전제품 포장 스티로폼', 'rule');
INSERT INTO aliases (item_id, alias, alias_lower, source) VALUES ('styrofoam_white', '깨끗한 흰색 스티로폼', '깨끗한 흰색 스티로폼', 'rule');
INSERT INTO aliases (item_id, alias, alias_lower, source) VALUES ('styrofoam_white', '박스 안 흰 스티로폼', '박스 안 흰 스티로폼', 'rule');
INSERT INTO aliases (item_id, alias, alias_lower, source) VALUES ('styrofoam_white', '백색 스티로폼', '백색 스티로폼', 'rule');
INSERT INTO aliases (item_id, alias, alias_lower, source) VALUES ('styrofoam_white', '스티로폼 완충재 (흰색)', '스티로폼 완충재 (흰색)', 'rule');
INSERT INTO aliases (item_id, alias, alias_lower, source) VALUES ('styrofoam_white', '전자제품 포장 흰색 스티로폼', '전자제품 포장 흰색 스티로폼', 'rule');
INSERT INTO aliases (item_id, alias, alias_lower, source) VALUES ('styrofoam_white', '택배 흰색 스티로폼', '택배 흰색 스티로폼', 'rule');
INSERT INTO aliases (item_id, alias, alias_lower, source) VALUES ('styrofoam_white', '흰색 스티로폼', '흰색 스티로폼', 'rule');
INSERT OR REPLACE INTO items (id, name, category, note, steps, confidence, source_url, source_name, source_grade, feature, caution, last_verified, region_variation, official_classification) VALUES ('styrofoam_colored', '색깔 있는 스티로폼/오염 스티로폼', 'general', '유색·검정·은박 스티로폼, 컵라면 용기, 오염 스티로폼', '["종량제봉투에 배출"]', 'medium', NULL, NULL, NULL, NULL, NULL, NULL, 1, NULL);
INSERT INTO aliases (item_id, alias, alias_lower, source) VALUES ('styrofoam_colored', '더러운 스티로폼', '더러운 스티로폼', 'rule');
INSERT INTO aliases (item_id, alias, alias_lower, source) VALUES ('styrofoam_colored', '더티 스티로폼', '더티 스티로폼', 'rule');
INSERT INTO aliases (item_id, alias, alias_lower, source) VALUES ('styrofoam_colored', '버리는 스티로폼', '버리는 스티로폼', 'rule');
INSERT INTO aliases (item_id, alias, alias_lower, source) VALUES ('styrofoam_colored', '색깔 스티로폼', '색깔 스티로폼', 'rule');
INSERT INTO aliases (item_id, alias, alias_lower, source) VALUES ('styrofoam_colored', '색상 스티로폼', '색상 스티로폼', 'rule');
INSERT INTO aliases (item_id, alias, alias_lower, source) VALUES ('styrofoam_colored', '색색 스티로폼', '색색 스티로폼', 'rule');
INSERT INTO aliases (item_id, alias, alias_lower, source) VALUES ('styrofoam_colored', '오염폼', '오염폼', 'rule');
INSERT INTO aliases (item_id, alias, alias_lower, source) VALUES ('styrofoam_colored', '유색 스티로폼', '유색 스티로폼', 'rule');
INSERT INTO aliases (item_id, alias, alias_lower, source) VALUES ('styrofoam_colored', '일반 스티로폼', '일반 스티로폼', 'rule');
INSERT INTO aliases (item_id, alias, alias_lower, source) VALUES ('styrofoam_colored', '지저분 스티로폼', '지저분 스티로폼', 'rule');
INSERT INTO aliases (item_id, alias, alias_lower, source) VALUES ('styrofoam_colored', '컬러스티로폼', '컬러스티로폼', 'rule');
INSERT OR REPLACE INTO items (id, name, category, note, steps, confidence, source_url, source_name, source_grade, feature, caution, last_verified, region_variation, official_classification) VALUES ('food_waste', '음식물 쓰레기 (일반)', 'food', '동물 사료/퇴비화 가능한 음식물', '["물기 제거", "이물질(뼈, 비닐 등) 분리", "음식물 전용봉투/RFID 통"]', 'high', 'https://xn--oy2b29bd3a601b.kr/front/dischargeMethod/index.do', '분리배출.kr (한국폐기물협회·환경부)', 'A', NULL, NULL, NULL, 0, NULL);
INSERT INTO aliases (item_id, alias, alias_lower, source) VALUES ('food_waste', '가지 꼭지', '가지 꼭지', 'rule');
INSERT INTO aliases (item_id, alias, alias_lower, source) VALUES ('food_waste', '감 씨', '감 씨', 'rule');
INSERT INTO aliases (item_id, alias, alias_lower, source) VALUES ('food_waste', '감자 껍질', '감자 껍질', 'rule');
INSERT INTO aliases (item_id, alias, alias_lower, source) VALUES ('food_waste', '계란껍질', '계란껍질', 'rule');
INSERT INTO aliases (item_id, alias, alias_lower, source) VALUES ('food_waste', '고구마 껍질', '고구마 껍질', 'rule');
INSERT INTO aliases (item_id, alias, alias_lower, source) VALUES ('food_waste', '고기 양념', '고기 양념', 'rule');
INSERT INTO aliases (item_id, alias, alias_lower, source) VALUES ('food_waste', '고추 꼭지', '고추 꼭지', 'rule');
INSERT INTO aliases (item_id, alias, alias_lower, source) VALUES ('food_waste', '과일', '과일', 'rule');
INSERT INTO aliases (item_id, alias, alias_lower, source) VALUES ('food_waste', '과일껍질', '과일껍질', 'rule');
INSERT INTO aliases (item_id, alias, alias_lower, source) VALUES ('food_waste', '과자 부스러기', '과자 부스러기', 'rule');
INSERT INTO aliases (item_id, alias, alias_lower, source) VALUES ('food_waste', '귤 껍질', '귤 껍질', 'rule');
INSERT INTO aliases (item_id, alias, alias_lower, source) VALUES ('food_waste', '김밥 (남은)', '김밥 (남은)', 'rule');
INSERT INTO aliases (item_id, alias, alias_lower, source) VALUES ('food_waste', '김치 (오래된)', '김치 (오래된)', 'rule');
INSERT INTO aliases (item_id, alias, alias_lower, source) VALUES ('food_waste', '김치 국물', '김치 국물', 'rule');
INSERT INTO aliases (item_id, alias, alias_lower, source) VALUES ('food_waste', '김치찌개 건더기', '김치찌개 건더기', 'rule');
INSERT INTO aliases (item_id, alias, alias_lower, source) VALUES ('food_waste', '깍두기', '깍두기', 'rule');
INSERT INTO aliases (item_id, alias, alias_lower, source) VALUES ('food_waste', '남은 국물', '남은 국물', 'rule');
INSERT INTO aliases (item_id, alias, alias_lower, source) VALUES ('food_waste', '남은 떡', '남은 떡', 'rule');
INSERT INTO aliases (item_id, alias, alias_lower, source) VALUES ('food_waste', '남은 면', '남은 면', 'rule');
INSERT INTO aliases (item_id, alias, alias_lower, source) VALUES ('food_waste', '남은 밥', '남은 밥', 'rule');
INSERT INTO aliases (item_id, alias, alias_lower, source) VALUES ('food_waste', '남은음식', '남은음식', 'rule');
INSERT INTO aliases (item_id, alias, alias_lower, source) VALUES ('food_waste', '당근 껍질', '당근 껍질', 'rule');
INSERT INTO aliases (item_id, alias, alias_lower, source) VALUES ('food_waste', '당근 잎', '당근 잎', 'rule');
INSERT INTO aliases (item_id, alias, alias_lower, source) VALUES ('food_waste', '된장국 국물', '된장국 국물', 'rule');
INSERT INTO aliases (item_id, alias, alias_lower, source) VALUES ('food_waste', '된장찌개 건더기', '된장찌개 건더기', 'rule');
INSERT INTO aliases (item_id, alias, alias_lower, source) VALUES ('food_waste', '두부 (남은)', '두부 (남은)', 'rule');
INSERT INTO aliases (item_id, alias, alias_lower, source) VALUES ('food_waste', '딸기 (썩은)', '딸기 (썩은)', 'rule');
INSERT INTO aliases (item_id, alias, alias_lower, source) VALUES ('food_waste', '딸기 꼭지', '딸기 꼭지', 'rule');
INSERT INTO aliases (item_id, alias, alias_lower, source) VALUES ('food_waste', '땅콩껍질', '땅콩껍질', 'rule');
INSERT INTO aliases (item_id, alias, alias_lower, source) VALUES ('food_waste', '떡 (남은)', '떡 (남은)', 'rule');
INSERT INTO aliases (item_id, alias, alias_lower, source) VALUES ('food_waste', '라면 (남은)', '라면 (남은)', 'rule');
INSERT INTO aliases (item_id, alias, alias_lower, source) VALUES ('food_waste', '라면 국물', '라면 국물', 'rule');
INSERT INTO aliases (item_id, alias, alias_lower, source) VALUES ('food_waste', '마늘 껍질', '마늘 껍질', 'rule');
INSERT INTO aliases (item_id, alias, alias_lower, source) VALUES ('food_waste', '메론 씨', '메론 씨', 'rule');
INSERT INTO aliases (item_id, alias, alias_lower, source) VALUES ('food_waste', '면류 잔반', '면류 잔반', 'rule');
INSERT INTO aliases (item_id, alias, alias_lower, source) VALUES ('food_waste', '무 잎', '무 잎', 'rule');
INSERT INTO aliases (item_id, alias, alias_lower, source) VALUES ('food_waste', '물김치', '물김치', 'rule');
INSERT INTO aliases (item_id, alias, alias_lower, source) VALUES ('food_waste', '미역국 건더기', '미역국 건더기', 'rule');
INSERT INTO aliases (item_id, alias, alias_lower, source) VALUES ('food_waste', '바나나 (썩은)', '바나나 (썩은)', 'rule');
INSERT INTO aliases (item_id, alias, alias_lower, source) VALUES ('food_waste', '밤껍질', '밤껍질', 'rule');
INSERT INTO aliases (item_id, alias, alias_lower, source) VALUES ('food_waste', '밥 (남은)', '밥 (남은)', 'rule');
INSERT INTO aliases (item_id, alias, alias_lower, source) VALUES ('food_waste', '배 속(씨방)', '배 속(씨방)', 'rule');
INSERT INTO aliases (item_id, alias, alias_lower, source) VALUES ('food_waste', '배 씨', '배 씨', 'rule');
INSERT INTO aliases (item_id, alias, alias_lower, source) VALUES ('food_waste', '배추 잎', '배추 잎', 'rule');
INSERT INTO aliases (item_id, alias, alias_lower, source) VALUES ('food_waste', '백설기', '백설기', 'rule');
INSERT INTO aliases (item_id, alias, alias_lower, source) VALUES ('food_waste', '복숭아 (씨 빼고)', '복숭아 (씨 빼고)', 'rule');
INSERT INTO aliases (item_id, alias, alias_lower, source) VALUES ('food_waste', '복숭아씨', '복숭아씨', 'rule');
INSERT INTO aliases (item_id, alias, alias_lower, source) VALUES ('food_waste', '불고기 (양념만)', '불고기 (양념만)', 'rule');
INSERT INTO aliases (item_id, alias, alias_lower, source) VALUES ('food_waste', '빵 (남은)', '빵 (남은)', 'rule');
INSERT INTO aliases (item_id, alias, alias_lower, source) VALUES ('food_waste', '사과 (썩은)', '사과 (썩은)', 'rule');
INSERT INTO aliases (item_id, alias, alias_lower, source) VALUES ('food_waste', '사과 껍질', '사과 껍질', 'rule');
INSERT INTO aliases (item_id, alias, alias_lower, source) VALUES ('food_waste', '사과 속(씨방)', '사과 속(씨방)', 'rule');
INSERT INTO aliases (item_id, alias, alias_lower, source) VALUES ('food_waste', '사과씨', '사과씨', 'rule');
INSERT INTO aliases (item_id, alias, alias_lower, source) VALUES ('food_waste', '삼계탕 (남은)', '삼계탕 (남은)', 'rule');
INSERT INTO aliases (item_id, alias, alias_lower, source) VALUES ('food_waste', '상추 잎', '상추 잎', 'rule');
INSERT INTO aliases (item_id, alias, alias_lower, source) VALUES ('food_waste', '샌드위치 (남은)', '샌드위치 (남은)', 'rule');
INSERT INTO aliases (item_id, alias, alias_lower, source) VALUES ('food_waste', '생강 껍질', '생강 껍질', 'rule');
INSERT INTO aliases (item_id, alias, alias_lower, source) VALUES ('food_waste', '송편 (남은)', '송편 (남은)', 'rule');
INSERT INTO aliases (item_id, alias, alias_lower, source) VALUES ('food_waste', '수박 (씨 빼고)', '수박 (씨 빼고)', 'rule');
INSERT INTO aliases (item_id, alias, alias_lower, source) VALUES ('food_waste', '수박 씨', '수박 씨', 'rule');
INSERT INTO aliases (item_id, alias, alias_lower, source) VALUES ('food_waste', '수박씨', '수박씨', 'rule');
INSERT INTO aliases (item_id, alias, alias_lower, source) VALUES ('food_waste', '숙주 뿌리', '숙주 뿌리', 'rule');
INSERT INTO aliases (item_id, alias, alias_lower, source) VALUES ('food_waste', '스파게티 (남은)', '스파게티 (남은)', 'rule');
INSERT INTO aliases (item_id, alias, alias_lower, source) VALUES ('food_waste', '시금치 무침', '시금치 무침', 'rule');
INSERT INTO aliases (item_id, alias, alias_lower, source) VALUES ('food_waste', '쌀밥(소량)', '쌀밥(소량)', 'rule');
INSERT INTO aliases (item_id, alias, alias_lower, source) VALUES ('food_waste', '야채 죽', '야채 죽', 'rule');
INSERT INTO aliases (item_id, alias, alias_lower, source) VALUES ('food_waste', '양배추 잎', '양배추 잎', 'rule');
INSERT INTO aliases (item_id, alias, alias_lower, source) VALUES ('food_waste', '양파 껍질', '양파 껍질', 'rule');
INSERT INTO aliases (item_id, alias, alias_lower, source) VALUES ('food_waste', '양파 껍질(겉)', '양파 껍질(겉)', 'rule');
INSERT INTO aliases (item_id, alias, alias_lower, source) VALUES ('food_waste', '양파 잎', '양파 잎', 'rule');
INSERT INTO aliases (item_id, alias, alias_lower, source) VALUES ('food_waste', '오렌지 (썩은)', '오렌지 (썩은)', 'rule');
INSERT INTO aliases (item_id, alias, alias_lower, source) VALUES ('food_waste', '오므라이스 (남은)', '오므라이스 (남은)', 'rule');
INSERT INTO aliases (item_id, alias, alias_lower, source) VALUES ('food_waste', '오이 꼭지', '오이 꼭지', 'rule');
INSERT INTO aliases (item_id, alias, alias_lower, source) VALUES ('food_waste', '오이무침', '오이무침', 'rule');
INSERT INTO aliases (item_id, alias, alias_lower, source) VALUES ('food_waste', '우동 (남은)', '우동 (남은)', 'rule');
INSERT INTO aliases (item_id, alias, alias_lower, source) VALUES ('food_waste', '음식 쓰레기', '음식 쓰레기', 'rule');
INSERT INTO aliases (item_id, alias, alias_lower, source) VALUES ('food_waste', '음식물', '음식물', 'rule');
INSERT INTO aliases (item_id, alias, alias_lower, source) VALUES ('food_waste', '음식쓰레기', '음식쓰레기', 'rule');
INSERT INTO aliases (item_id, alias, alias_lower, source) VALUES ('food_waste', '음식찌꺼기', '음식찌꺼기', 'rule');
INSERT INTO aliases (item_id, alias, alias_lower, source) VALUES ('food_waste', '잡채', '잡채', 'rule');
INSERT INTO aliases (item_id, alias, alias_lower, source) VALUES ('food_waste', '전복죽', '전복죽', 'rule');
INSERT INTO aliases (item_id, alias, alias_lower, source) VALUES ('food_waste', '주먹밥', '주먹밥', 'rule');
INSERT INTO aliases (item_id, alias, alias_lower, source) VALUES ('food_waste', '찌개 국물', '찌개 국물', 'rule');
INSERT INTO aliases (item_id, alias, alias_lower, source) VALUES ('food_waste', '참외 (씨 빼고)', '참외 (씨 빼고)', 'rule');
INSERT INTO aliases (item_id, alias, alias_lower, source) VALUES ('food_waste', '참외 씨', '참외 씨', 'rule');
INSERT INTO aliases (item_id, alias, alias_lower, source) VALUES ('food_waste', '참외씨', '참외씨', 'rule');
INSERT INTO aliases (item_id, alias, alias_lower, source) VALUES ('food_waste', '채소', '채소', 'rule');
INSERT INTO aliases (item_id, alias, alias_lower, source) VALUES ('food_waste', '총각김치', '총각김치', 'rule');
INSERT INTO aliases (item_id, alias, alias_lower, source) VALUES ('food_waste', '커피찌꺼기', '커피찌꺼기', 'rule');
INSERT INTO aliases (item_id, alias, alias_lower, source) VALUES ('food_waste', '케이크 (남은)', '케이크 (남은)', 'rule');
INSERT INTO aliases (item_id, alias, alias_lower, source) VALUES ('food_waste', '콩나물 무침', '콩나물 무침', 'rule');
INSERT INTO aliases (item_id, alias, alias_lower, source) VALUES ('food_waste', '콩나물 뿌리', '콩나물 뿌리', 'rule');
INSERT INTO aliases (item_id, alias, alias_lower, source) VALUES ('food_waste', '쿠키 부스러기', '쿠키 부스러기', 'rule');
INSERT INTO aliases (item_id, alias, alias_lower, source) VALUES ('food_waste', '토마토 꼭지', '토마토 꼭지', 'rule');
INSERT INTO aliases (item_id, alias, alias_lower, source) VALUES ('food_waste', '파프리카 씨', '파프리카 씨', 'rule');
INSERT INTO aliases (item_id, alias, alias_lower, source) VALUES ('food_waste', '포도 (씨 빼고)', '포도 (씨 빼고)', 'rule');
INSERT INTO aliases (item_id, alias, alias_lower, source) VALUES ('food_waste', '포도 씨', '포도 씨', 'rule');
INSERT INTO aliases (item_id, alias, alias_lower, source) VALUES ('food_waste', '포도 줄기', '포도 줄기', 'rule');
INSERT INTO aliases (item_id, alias, alias_lower, source) VALUES ('food_waste', '호두껍질', '호두껍질', 'rule');
INSERT INTO aliases (item_id, alias, alias_lower, source) VALUES ('food_waste', '호박 속', '호박 속', 'rule');
INSERT INTO aliases (item_id, alias, alias_lower, source) VALUES ('food_waste', '밥', '밥', 'rule');
INSERT INTO aliases (item_id, alias, alias_lower, source) VALUES ('food_waste', '쌀밥', '쌀밥', 'rule');
INSERT INTO aliases (item_id, alias, alias_lower, source) VALUES ('food_waste', '잡곡밥', '잡곡밥', 'rule');
INSERT OR REPLACE INTO items (id, name, category, note, steps, confidence, source_url, source_name, source_grade, feature, caution, last_verified, region_variation, official_classification) VALUES ('fruit_peel', '과일 껍질', 'food', '사과/귤/바나나/딸기 꼭지 등은 음식물', '["물기 제거", "음식물쓰레기로 배출"]', 'high', 'https://xn--oy2b29bd3a601b.kr/front/dischargeMethod/index.do', '분리배출.kr (한국폐기물협회·환경부)', 'A', NULL, NULL, NULL, 0, NULL);
INSERT INTO aliases (item_id, alias, alias_lower, source) VALUES ('fruit_peel', 'fruit peel', 'fruit peel', 'rule');
INSERT INTO aliases (item_id, alias, alias_lower, source) VALUES ('fruit_peel', 'peel', 'peel', 'rule');
INSERT INTO aliases (item_id, alias, alias_lower, source) VALUES ('fruit_peel', 'rind', 'rind', 'rule');
INSERT INTO aliases (item_id, alias, alias_lower, source) VALUES ('fruit_peel', '과껍', '과껍', 'rule');
INSERT INTO aliases (item_id, alias, alias_lower, source) VALUES ('fruit_peel', '과일 꺼풀', '과일 꺼풀', 'rule');
INSERT INTO aliases (item_id, alias, alias_lower, source) VALUES ('fruit_peel', '과일 껍다구', '과일 껍다구', 'rule');
INSERT INTO aliases (item_id, alias, alias_lower, source) VALUES ('fruit_peel', '과일 잔여물', '과일 잔여물', 'rule');
INSERT INTO aliases (item_id, alias, alias_lower, source) VALUES ('fruit_peel', '과일 찌꺼기', '과일 찌꺼기', 'rule');
INSERT INTO aliases (item_id, alias, alias_lower, source) VALUES ('fruit_peel', '과일쓰레기', '과일쓰레기', 'rule');
INSERT INTO aliases (item_id, alias, alias_lower, source) VALUES ('fruit_peel', '과피', '과피', 'rule');
INSERT INTO aliases (item_id, alias, alias_lower, source) VALUES ('fruit_peel', '껍데기', '껍데기', 'rule');
INSERT INTO aliases (item_id, alias, alias_lower, source) VALUES ('fruit_peel', '껍질', '껍질', 'rule');
INSERT OR REPLACE INTO items (id, name, category, note, steps, confidence, source_url, source_name, source_grade, feature, caution, last_verified, region_variation, official_classification) VALUES ('vegetable_scraps', '채소 자투리', 'food', '양파/마늘 껍질 외피, 옥수수대 등은 일반쓰레기', '["부드러운 채소는 음식물", "단단한 줄기/껍질은 일반쓰레기"]', 'medium', 'https://xn--oy2b29bd3a601b.kr/front/dischargeMethod/index.do', '분리배출.kr (한국폐기물협회·환경부)', 'A', NULL, NULL, NULL, 1, NULL);
INSERT INTO aliases (item_id, alias, alias_lower, source) VALUES ('vegetable_scraps', '베지터블 스크랩', '베지터블 스크랩', 'rule');
INSERT INTO aliases (item_id, alias, alias_lower, source) VALUES ('vegetable_scraps', '야채 껍질', '야채 껍질', 'rule');
INSERT INTO aliases (item_id, alias, alias_lower, source) VALUES ('vegetable_scraps', '야채 버리는 거', '야채 버리는 거', 'rule');
INSERT INTO aliases (item_id, alias, alias_lower, source) VALUES ('vegetable_scraps', '야채 스크랩', '야채 스크랩', 'rule');
INSERT INTO aliases (item_id, alias, alias_lower, source) VALUES ('vegetable_scraps', '야채 쪼가리', '야채 쪼가리', 'rule');
INSERT INTO aliases (item_id, alias, alias_lower, source) VALUES ('vegetable_scraps', '야채 찌꺼기', '야채 찌꺼기', 'rule');
INSERT INTO aliases (item_id, alias, alias_lower, source) VALUES ('vegetable_scraps', '야채 찌끄레기', '야채 찌끄레기', 'rule');
INSERT INTO aliases (item_id, alias, alias_lower, source) VALUES ('vegetable_scraps', '채소 껍질', '채소 껍질', 'rule');
INSERT INTO aliases (item_id, alias, alias_lower, source) VALUES ('vegetable_scraps', '채소 남은 거', '채소 남은 거', 'rule');
INSERT INTO aliases (item_id, alias, alias_lower, source) VALUES ('vegetable_scraps', '채소 부스러기', '채소 부스러기', 'rule');
INSERT INTO aliases (item_id, alias, alias_lower, source) VALUES ('vegetable_scraps', '채소 쪼가리', '채소 쪼가리', 'rule');
INSERT INTO aliases (item_id, alias, alias_lower, source) VALUES ('vegetable_scraps', '채소 찌끄레기', '채소 찌끄레기', 'rule');
INSERT INTO aliases (item_id, alias, alias_lower, source) VALUES ('vegetable_scraps', '채소자투리', '채소자투리', 'rule');
INSERT OR REPLACE INTO items (id, name, category, note, steps, confidence, source_url, source_name, source_grade, feature, caution, last_verified, region_variation, official_classification) VALUES ('meat_bone', '고기 뼈 (육류 뼈)', 'general', '소/돼지/닭 뼈, 비계, 내장 - 분쇄 불가', '["종량제봉투에 배출"]', 'high', NULL, NULL, NULL, NULL, NULL, NULL, 0, NULL);
INSERT INTO aliases (item_id, alias, alias_lower, source) VALUES ('meat_bone', 'bone', 'bone', 'rule');
INSERT INTO aliases (item_id, alias, alias_lower, source) VALUES ('meat_bone', 'meat bone', 'meat bone', 'rule');
INSERT INTO aliases (item_id, alias, alias_lower, source) VALUES ('meat_bone', '갈비뼈', '갈비뼈', 'rule');
INSERT INTO aliases (item_id, alias, alias_lower, source) VALUES ('meat_bone', '감자탕뼈', '감자탕뼈', 'rule');
INSERT INTO aliases (item_id, alias, alias_lower, source) VALUES ('meat_bone', '동물 뼈', '동물 뼈', 'rule');
INSERT INTO aliases (item_id, alias, alias_lower, source) VALUES ('meat_bone', '뼈다귀', '뼈다귀', 'rule');
INSERT INTO aliases (item_id, alias, alias_lower, source) VALUES ('meat_bone', '식육 뼈', '식육 뼈', 'rule');
INSERT INTO aliases (item_id, alias, alias_lower, source) VALUES ('meat_bone', '족발뼈', '족발뼈', 'rule');
INSERT OR REPLACE INTO items (id, name, category, note, steps, confidence, source_url, source_name, source_grade, feature, caution, last_verified, region_variation, official_classification) VALUES ('fish_bone', '생선 뼈/큰 가시', 'general', '조개껍데기, 게/새우 껍질, 큰 생선뼈는 일반쓰레기', '["종량제봉투에 배출"]', 'high', NULL, NULL, NULL, NULL, '· 해당 지자체의 배출방법에 따라 배출', '2026-05-18', 0, NULL);
INSERT INTO aliases (item_id, alias, alias_lower, source) VALUES ('fish_bone', '까시', '까시', 'rule');
INSERT INTO aliases (item_id, alias, alias_lower, source) VALUES ('fish_bone', '생선 가시', '생선 가시', 'rule');
INSERT INTO aliases (item_id, alias, alias_lower, source) VALUES ('fish_bone', '생선 빼다구', '생선 빼다구', 'rule');
INSERT INTO aliases (item_id, alias, alias_lower, source) VALUES ('fish_bone', '생선뼈다귀', '생선뼈다귀', 'rule');
INSERT INTO aliases (item_id, alias, alias_lower, source) VALUES ('fish_bone', '어류뼈', '어류뼈', 'rule');
INSERT INTO aliases (item_id, alias, alias_lower, source) VALUES ('fish_bone', '큰가시', '큰가시', 'rule');
INSERT INTO aliases (item_id, alias, alias_lower, source) VALUES ('fish_bone', '피쉬 본', '피쉬 본', 'rule');
INSERT INTO aliases (item_id, alias, alias_lower, source) VALUES ('fish_bone', '피쉬 스파인', '피쉬 스파인', 'rule');
INSERT OR REPLACE INTO items (id, name, category, note, steps, confidence, source_url, source_name, source_grade, feature, caution, last_verified, region_variation, official_classification) VALUES ('tea_bag', '티백/커피 찌꺼기', 'general', '환경부 기준: 일회용 티백/한약재/커피찌꺼기는 일반쓰레기', '["종량제봉투에 배출"]', 'medium', NULL, NULL, NULL, NULL, '· 음식물류폐기물로 배출 불가능', '2026-05-18', 1, NULL);
INSERT INTO aliases (item_id, alias, alias_lower, source) VALUES ('tea_bag', '남은 차 잎', '남은 차 잎', 'rule');
INSERT INTO aliases (item_id, alias, alias_lower, source) VALUES ('tea_bag', '드립백 찌꺼기', '드립백 찌꺼기', 'rule');
INSERT INTO aliases (item_id, alias, alias_lower, source) VALUES ('tea_bag', '마시고 남은 차', '마시고 남은 차', 'rule');
INSERT INTO aliases (item_id, alias, alias_lower, source) VALUES ('tea_bag', '마시고 남은 커피', '마시고 남은 커피', 'rule');
INSERT INTO aliases (item_id, alias, alias_lower, source) VALUES ('tea_bag', '원두 찌꺼기', '원두 찌꺼기', 'rule');
INSERT INTO aliases (item_id, alias, alias_lower, source) VALUES ('tea_bag', '차 잎 찌꺼기', '차 잎 찌꺼기', 'rule');
INSERT INTO aliases (item_id, alias, alias_lower, source) VALUES ('tea_bag', '차 찌꺼기', '차 찌꺼기', 'rule');
INSERT INTO aliases (item_id, alias, alias_lower, source) VALUES ('tea_bag', '커피 가루', '커피 가루', 'rule');
INSERT INTO aliases (item_id, alias, alias_lower, source) VALUES ('tea_bag', '커피 그라운드', '커피 그라운드', 'rule');
INSERT INTO aliases (item_id, alias, alias_lower, source) VALUES ('tea_bag', '커피 잔여물', '커피 잔여물', 'rule');
INSERT INTO aliases (item_id, alias, alias_lower, source) VALUES ('tea_bag', '티백 찌꺼기', '티백 찌꺼기', 'rule');
INSERT OR REPLACE INTO items (id, name, category, note, steps, confidence, source_url, source_name, source_grade, feature, caution, last_verified, region_variation, official_classification) VALUES ('rubber_glove', '고무장갑', 'general', '합성고무로 재활용 불가 - 환경부 표준은 일반쓰레기', '["종량제봉투에 배출"]', 'high', 'https://www.xn--oy2b29bd3a601b.kr/front/dischargeMethod/dictionaryView.do?niIdx=344', '분리배출.kr (한국폐기물협회·환경부)', 'A', '· 가정에서 사용하는 고무 제품은 주로 두 가지 이상 재질이 혼합된 합성 고무재질로 종량제봉투로 배출합니다. ※ 배출방법은 지역별로 차이가 있을 수 있으니, 해당 지방자치단체에서 정하는 방법이 있는 경우에는 해당 방법에 따라 배출하시기 바랍니다. 가까운 분리배출 장소를 확인해보세요. 현재 위치에 가까운 배출장소가 없습니다. 근처의 다른 지역을 검색해보세요. 현 위치 배출장소 전체보기 현 지도...', '', '2026-05-18', 1, '["일반폐기물", "일반종량제폐기물"]');
INSERT INTO aliases (item_id, alias, alias_lower, source) VALUES ('rubber_glove', '고무장', '고무장', 'rule');
INSERT INTO aliases (item_id, alias, alias_lower, source) VALUES ('rubber_glove', '고무통', '고무통', 'rule');
INSERT INTO aliases (item_id, alias, alias_lower, source) VALUES ('rubber_glove', '꼬무장갑', '꼬무장갑', 'rule');
INSERT INTO aliases (item_id, alias, alias_lower, source) VALUES ('rubber_glove', '러버글러브', '러버글러브', 'rule');
INSERT INTO aliases (item_id, alias, alias_lower, source) VALUES ('rubber_glove', '마미손', '마미손', 'rule');
INSERT INTO aliases (item_id, alias, alias_lower, source) VALUES ('rubber_glove', '물장갑', '물장갑', 'rule');
INSERT INTO aliases (item_id, alias, alias_lower, source) VALUES ('rubber_glove', '빨간장갑', '빨간장갑', 'rule');
INSERT INTO aliases (item_id, alias, alias_lower, source) VALUES ('rubber_glove', '설거지장갑', '설거지장갑', 'rule');
INSERT INTO aliases (item_id, alias, alias_lower, source) VALUES ('rubber_glove', '슬리퍼', '슬리퍼', 'rule');
INSERT INTO aliases (item_id, alias, alias_lower, source) VALUES ('rubber_glove', '욕실화', '욕실화', 'rule');
INSERT INTO aliases (item_id, alias, alias_lower, source) VALUES ('rubber_glove', '주방장갑', '주방장갑', 'rule');
INSERT INTO aliases (item_id, alias, alias_lower, source) VALUES ('rubber_glove', '청소장갑', '청소장갑', 'rule');
INSERT INTO aliases (item_id, alias, alias_lower, source) VALUES ('rubber_glove', '크린랩 장갑', '크린랩 장갑', 'rule');
INSERT INTO aliases (item_id, alias, alias_lower, source) VALUES ('rubber_glove', '키친글러브', '키친글러브', 'rule');
INSERT OR REPLACE INTO items (id, name, category, note, steps, confidence, source_url, source_name, source_grade, feature, caution, last_verified, region_variation, official_classification) VALUES ('toothbrush', '칫솔', 'general', '복합재질로 재활용 불가', '["종량제봉투에 배출"]', 'high', 'https://www.xn--oy2b29bd3a601b.kr/front/dischargeMethod/dictionaryView.do?niIdx=334', '분리배출.kr (한국폐기물협회·환경부)', 'A', '· 칫솔은 플라스틱, 솔, 고무 등이 혼합된 복합재질로, 재질별 분리가 어려워 재활용이 어렵습니다. ※ 배출방법은 지역별로 차이가 있을 수 있으니, 해당 지방자치단체에서 정하는 방법이 있는 경우에는 해당 방법에 따라 배출하시기 바랍니다. 가까운 분리배출 장소를 확인해보세요. 현재 위치에 가까운 배출장소가 없습니다. 근처의 다른 지역을 검색해보세요. 현 위치 배출장소 전체보기 현 지도에서 검색...', '', '2026-05-18', 0, '["일반폐기물", "일반종량제폐기물"]');
INSERT INTO aliases (item_id, alias, alias_lower, source) VALUES ('toothbrush', '구강솔', '구강솔', 'rule');
INSERT INTO aliases (item_id, alias, alias_lower, source) VALUES ('toothbrush', '메디안', '메디안', 'rule');
INSERT INTO aliases (item_id, alias, alias_lower, source) VALUES ('toothbrush', '양치도구', '양치도구', 'rule');
INSERT INTO aliases (item_id, alias, alias_lower, source) VALUES ('toothbrush', '양치솔', '양치솔', 'rule');
INSERT INTO aliases (item_id, alias, alias_lower, source) VALUES ('toothbrush', '오랄비', '오랄비', 'rule');
INSERT INTO aliases (item_id, alias, alias_lower, source) VALUES ('toothbrush', '이닦는솔', '이닦는솔', 'rule');
INSERT INTO aliases (item_id, alias, alias_lower, source) VALUES ('toothbrush', '이솔', '이솔', 'rule');
INSERT INTO aliases (item_id, alias, alias_lower, source) VALUES ('toothbrush', '치아솔', '치아솔', 'rule');
INSERT INTO aliases (item_id, alias, alias_lower, source) VALUES ('toothbrush', '치카치카솔', '치카치카솔', 'rule');
INSERT INTO aliases (item_id, alias, alias_lower, source) VALUES ('toothbrush', '칫솔꽂이', '칫솔꽂이', 'rule');
INSERT INTO aliases (item_id, alias, alias_lower, source) VALUES ('toothbrush', '콜게이트', '콜게이트', 'rule');
INSERT INTO aliases (item_id, alias, alias_lower, source) VALUES ('toothbrush', '투스브러시', '투스브러시', 'rule');
INSERT OR REPLACE INTO items (id, name, category, note, steps, confidence, source_url, source_name, source_grade, feature, caution, last_verified, region_variation, official_classification) VALUES ('hanger', '옷걸이', 'general', '철제는 분리 후 캔/금속류, 플라스틱은 일반쓰레기 권장', '["재질 확인", "철제: 금속류 / 플라스틱: 종량제봉투"]', 'medium', NULL, NULL, NULL, NULL, NULL, '2026-05-18', 1, NULL);
INSERT OR REPLACE INTO items (id, name, category, note, steps, confidence, source_url, source_name, source_grade, feature, caution, last_verified, region_variation, official_classification) VALUES ('cosmetic_pump', '화장품 펌프', 'general', '스프링(금속)+플라스틱 복합재질로 재활용 어려움', '["종량제봉투에 배출"]', 'high', NULL, NULL, NULL, NULL, NULL, NULL, 0, NULL);
INSERT INTO aliases (item_id, alias, alias_lower, source) VALUES ('cosmetic_pump', '로션 펌프', '로션 펌프', 'rule');
INSERT INTO aliases (item_id, alias, alias_lower, source) VALUES ('cosmetic_pump', '에센스 펌프', '에센스 펌프', 'rule');
INSERT INTO aliases (item_id, alias, alias_lower, source) VALUES ('cosmetic_pump', '코스메틱 펌프', '코스메틱 펌프', 'rule');
INSERT INTO aliases (item_id, alias, alias_lower, source) VALUES ('cosmetic_pump', '펌프 꼭지', '펌프 꼭지', 'rule');
INSERT INTO aliases (item_id, alias, alias_lower, source) VALUES ('cosmetic_pump', '펌프 헤드', '펌프 헤드', 'rule');
INSERT INTO aliases (item_id, alias, alias_lower, source) VALUES ('cosmetic_pump', '펌핑기', '펌핑기', 'rule');
INSERT INTO aliases (item_id, alias, alias_lower, source) VALUES ('cosmetic_pump', '화장품 누르는거', '화장품 누르는거', 'rule');
INSERT INTO aliases (item_id, alias, alias_lower, source) VALUES ('cosmetic_pump', '화장품 누름기', '화장품 누름기', 'rule');
INSERT INTO aliases (item_id, alias, alias_lower, source) VALUES ('cosmetic_pump', '화장품 뿜뿜이', '화장품 뿜뿜이', 'rule');
INSERT INTO aliases (item_id, alias, alias_lower, source) VALUES ('cosmetic_pump', '화장품 토출구', '화장품 토출구', 'rule');
INSERT INTO aliases (item_id, alias, alias_lower, source) VALUES ('cosmetic_pump', '화장품 토출기', '화장품 토출기', 'rule');
INSERT INTO aliases (item_id, alias, alias_lower, source) VALUES ('cosmetic_pump', '화장품펌프', '화장품펌프', 'rule');
INSERT OR REPLACE INTO items (id, name, category, note, steps, confidence, source_url, source_name, source_grade, feature, caution, last_verified, region_variation, official_classification) VALUES ('ceramic_dish', '도자기/사기 그릇', 'general', '재활용 불가 (유리류와 다름)', '["특수마대 또는 종량제봉투"]', 'high', 'https://www.xn--oy2b29bd3a601b.kr/front/dischargeMethod/dictionaryView.do?niIdx=511', '분리배출.kr (한국폐기물협회·환경부)', 'A', '· 도자기나 유리로 된 화분은 재활용이 어렵고 불에 타지 않는 폐기물로 불연성폐기물에 해당됩니다. 대형화분의 경우 크기가 커 대형폐기물로 배출하여 주시기 바랍니다. · 화분이 플라스틱 단일재질인 경우에는 플라스틱으로 배출하면 재활용이 가능합니다. ※ 배출방법은 지역별로 차이가 있을 수 있으니, 해당 지방자치단체에서 정하는 방법이 있는 경우에는 해당 방법에 따라 배출하시기 바랍니다. 가까운 분...', '', '2026-05-18', 1, '["일반폐기물", "불연성종량제폐기물", "재활용폐기물", "합성수지 용기류"]');
INSERT INTO aliases (item_id, alias, alias_lower, source) VALUES ('ceramic_dish', '국그릇', '국그릇', 'rule');
INSERT INTO aliases (item_id, alias, alias_lower, source) VALUES ('ceramic_dish', '나뭇가지', '나뭇가지', 'rule');
INSERT INTO aliases (item_id, alias, alias_lower, source) VALUES ('ceramic_dish', '낙엽', '낙엽', 'rule');
INSERT INTO aliases (item_id, alias, alias_lower, source) VALUES ('ceramic_dish', '도기', '도기', 'rule');
INSERT INTO aliases (item_id, alias, alias_lower, source) VALUES ('ceramic_dish', '도자기, 유리 화분은 불연성 종량제봉투(특수규격마대)로', '도자기, 유리 화분은 불연성 종량제봉투(특수규격마대)로', 'rule');
INSERT INTO aliases (item_id, alias, alias_lower, source) VALUES ('ceramic_dish', '밥그릇', '밥그릇', 'rule');
INSERT INTO aliases (item_id, alias, alias_lower, source) VALUES ('ceramic_dish', '세라믹 그릇', '세라믹 그릇', 'rule');
INSERT INTO aliases (item_id, alias, alias_lower, source) VALUES ('ceramic_dish', '자기그릇', '자기그릇', 'rule');
INSERT INTO aliases (item_id, alias, alias_lower, source) VALUES ('ceramic_dish', '접시', '접시', 'rule');
INSERT INTO aliases (item_id, alias, alias_lower, source) VALUES ('ceramic_dish', '찻잔', '찻잔', 'rule');
INSERT INTO aliases (item_id, alias, alias_lower, source) VALUES ('ceramic_dish', '화초', '화초', 'rule');
INSERT OR REPLACE INTO items (id, name, category, note, steps, confidence, source_url, source_name, source_grade, feature, caution, last_verified, region_variation, official_classification) VALUES ('mirror', '거울', 'general', '유리 코팅재로 재활용 불가', '["신문지로 감싸기", "특수마대 또는 종량제봉투"]', 'high', NULL, NULL, NULL, NULL, '· 유리, 거울이 부착된 가구류는 가능한 분리하지 않고 제품 그대로 배출', '2026-05-18', 0, NULL);
INSERT INTO aliases (item_id, alias, alias_lower, source) VALUES ('mirror', '거울이', '거울이', 'rule');
INSERT INTO aliases (item_id, alias, alias_lower, source) VALUES ('mirror', '게울', '게울', 'rule');
INSERT INTO aliases (item_id, alias, alias_lower, source) VALUES ('mirror', '경대', '경대', 'rule');
INSERT INTO aliases (item_id, alias, alias_lower, source) VALUES ('mirror', '돋보기거울', '돋보기거울', 'rule');
INSERT INTO aliases (item_id, alias, alias_lower, source) VALUES ('mirror', '미러', '미러', 'rule');
INSERT INTO aliases (item_id, alias, alias_lower, source) VALUES ('mirror', '벽거울', '벽거울', 'rule');
INSERT INTO aliases (item_id, alias, alias_lower, source) VALUES ('mirror', '볼록거울', '볼록거울', 'rule');
INSERT INTO aliases (item_id, alias, alias_lower, source) VALUES ('mirror', '손거울', '손거울', 'rule');
INSERT INTO aliases (item_id, alias, alias_lower, source) VALUES ('mirror', '오목거울', '오목거울', 'rule');
INSERT INTO aliases (item_id, alias, alias_lower, source) VALUES ('mirror', '탁상거울', '탁상거울', 'rule');
INSERT INTO aliases (item_id, alias, alias_lower, source) VALUES ('mirror', '화장거울', '화장거울', 'rule');
INSERT OR REPLACE INTO items (id, name, category, note, steps, confidence, source_url, source_name, source_grade, feature, caution, last_verified, region_variation, official_classification) VALUES ('light_bulb', '백열전구/LED 전구', 'general', '형광등과 다름 - 수은 없어 일반쓰레기', '["깨지지 않게 포장", "종량제봉투에 배출"]', 'medium', NULL, NULL, NULL, NULL, NULL, NULL, 1, NULL);
INSERT INTO aliases (item_id, alias, alias_lower, source) VALUES ('light_bulb', 'bulb', 'bulb', 'rule');
INSERT INTO aliases (item_id, alias, alias_lower, source) VALUES ('light_bulb', 'light bulb', 'light bulb', 'rule');
INSERT INTO aliases (item_id, alias, alias_lower, source) VALUES ('light_bulb', '갈아끼우는 전구', '갈아끼우는 전구', 'rule');
INSERT INTO aliases (item_id, alias, alias_lower, source) VALUES ('light_bulb', '램프', '램프', 'rule');
INSERT INTO aliases (item_id, alias, alias_lower, source) VALUES ('light_bulb', '에디슨 전구', '에디슨 전구', 'rule');
INSERT INTO aliases (item_id, alias, alias_lower, source) VALUES ('light_bulb', '전구알', '전구알', 'rule');
INSERT INTO aliases (item_id, alias, alias_lower, source) VALUES ('light_bulb', '전등', '전등', 'rule');
INSERT INTO aliases (item_id, alias, alias_lower, source) VALUES ('light_bulb', '조명등', '조명등', 'rule');
INSERT INTO aliases (item_id, alias, alias_lower, source) VALUES ('light_bulb', '필립스 전구', '필립스 전구', 'rule');
INSERT OR REPLACE INTO items (id, name, category, note, steps, confidence, source_url, source_name, source_grade, feature, caution, last_verified, region_variation, official_classification) VALUES ('aluminum_foil', '알루미늄 호일', 'general', '오염된 알루미늄 호일은 일반쓰레기', '["종량제봉투에 배출"]', 'high', 'https://www.xn--oy2b29bd3a601b.kr/front/dischargeMethod/dictionaryView.do?niIdx=409', '분리배출.kr (한국폐기물협회·환경부)', 'A', '· 재활용 선별장에서는 알루미늄 캔, 용기, 제품을 선별하나 알루미늄 호일은 선별이 용이하지 않기 때문에 종량제봉투로 배출합니다.', '· 금속캔, 고철류로 배출 불가', '2026-05-18', 0, '["일반폐기물", "일반종량제폐기물"]');
INSERT INTO aliases (item_id, alias, alias_lower, source) VALUES ('aluminum_foil', 'aluminum foil', 'aluminum foil', 'rule');
INSERT INTO aliases (item_id, alias, alias_lower, source) VALUES ('aluminum_foil', 'foil', 'foil', 'rule');
INSERT INTO aliases (item_id, alias, alias_lower, source) VALUES ('aluminum_foil', '알루미늄 포일', '알루미늄 포일', 'rule');
INSERT INTO aliases (item_id, alias, alias_lower, source) VALUES ('aluminum_foil', '알루미늄호일', '알루미늄호일', 'rule');
INSERT INTO aliases (item_id, alias, alias_lower, source) VALUES ('aluminum_foil', '오븐용 호일', '오븐용 호일', 'rule');
INSERT INTO aliases (item_id, alias, alias_lower, source) VALUES ('aluminum_foil', '은박', '은박', 'rule');
INSERT INTO aliases (item_id, alias, alias_lower, source) VALUES ('aluminum_foil', '은박 종이', '은박 종이', 'rule');
INSERT INTO aliases (item_id, alias, alias_lower, source) VALUES ('aluminum_foil', '은박 호일', '은박 호일', 'rule');
INSERT INTO aliases (item_id, alias, alias_lower, source) VALUES ('aluminum_foil', '주방용 호일', '주방용 호일', 'rule');
INSERT INTO aliases (item_id, alias, alias_lower, source) VALUES ('aluminum_foil', '호일', '호일', 'rule');
INSERT INTO aliases (item_id, alias, alias_lower, source) VALUES ('aluminum_foil', '호일이', '호일이', 'rule');
INSERT OR REPLACE INTO items (id, name, category, note, steps, confidence, source_url, source_name, source_grade, feature, caution, last_verified, region_variation, official_classification) VALUES ('battery', '폐건전지', 'battery', '건전지/리튬이온/충전지 - 생활계 유해폐기물', '["물기 제거", "분해 금지", "동주민센터/아파트 전용수거함 배출"]', 'high', 'https://www.xn--oy2b29bd3a601b.kr/front/dischargeMethod/dictionaryView.do?niIdx=124', '분리배출.kr (한국폐기물협회·환경부)', 'A', '· AA 건전지는 생산자책임재활용제도(EPR) 대상에 해당되는 제품으로 재활용이 가능합니다. · EPR 대상에 해당되는 전지류는 망간/알칼리 건전지(가정에서 주로 사용하는 전지로 AA, AAA 건전지 등이 포함), 산화은 건전지(손목시계 등), 리튬1차 전지(자동차키 등) 등이 있습니다. · 전지에 내부에는 전해질, 아연 등이 포함되어 있어 외부로 유출될 시 환경 오염에 우려가될 뿐만 아니라...', '· 반드시 재활용품과 분리하여 배출', '2026-05-18', 0, '["재활용폐기물", "전지류"]');
INSERT INTO aliases (item_id, alias, alias_lower, source) VALUES ('battery', '9V 건전지', '9v 건전지', 'rule');
INSERT INTO aliases (item_id, alias, alias_lower, source) VALUES ('battery', 'AA 건전지', 'aa 건전지', 'rule');
INSERT INTO aliases (item_id, alias, alias_lower, source) VALUES ('battery', 'AAA 건전지', 'aaa 건전지', 'rule');
INSERT INTO aliases (item_id, alias, alias_lower, source) VALUES ('battery', 'AA건전지', 'aa건전지', 'rule');
INSERT INTO aliases (item_id, alias, alias_lower, source) VALUES ('battery', '건전지', '건전지', 'rule');
INSERT INTO aliases (item_id, alias, alias_lower, source) VALUES ('battery', '건전지 쓰레기', '건전지 쓰레기', 'rule');
INSERT INTO aliases (item_id, alias, alias_lower, source) VALUES ('battery', '노트북 배터리', '노트북 배터리', 'rule');
INSERT INTO aliases (item_id, alias, alias_lower, source) VALUES ('battery', '다 쓴 건전지', '다 쓴 건전지', 'rule');
INSERT INTO aliases (item_id, alias, alias_lower, source) VALUES ('battery', '다쓴배터리', '다쓴배터리', 'rule');
INSERT INTO aliases (item_id, alias, alias_lower, source) VALUES ('battery', '듀라셀', '듀라셀', 'rule');
INSERT INTO aliases (item_id, alias, alias_lower, source) VALUES ('battery', '디지털 카메라 배터리', '디지털 카메라 배터리', 'rule');
INSERT INTO aliases (item_id, alias, alias_lower, source) VALUES ('battery', '로케트 건전지', '로케트 건전지', 'rule');
INSERT INTO aliases (item_id, alias, alias_lower, source) VALUES ('battery', '리모컨 건전지', '리모컨 건전지', 'rule');
INSERT INTO aliases (item_id, alias, alias_lower, source) VALUES ('battery', '리모컨 배터리', '리모컨 배터리', 'rule');
INSERT INTO aliases (item_id, alias, alias_lower, source) VALUES ('battery', '리튬 건전지', '리튬 건전지', 'rule');
INSERT INTO aliases (item_id, alias, alias_lower, source) VALUES ('battery', '리튬배터리', '리튬배터리', 'rule');
INSERT INTO aliases (item_id, alias, alias_lower, source) VALUES ('battery', '배터리', '배터리', 'rule');
INSERT INTO aliases (item_id, alias, alias_lower, source) VALUES ('battery', '버릴 건전지', '버릴 건전지', 'rule');
INSERT INTO aliases (item_id, alias, alias_lower, source) VALUES ('battery', '버튼 배터리', '버튼 배터리', 'rule');
INSERT INTO aliases (item_id, alias, alias_lower, source) VALUES ('battery', '보조배터리(낡은)', '보조배터리(낡은)', 'rule');
INSERT INTO aliases (item_id, alias, alias_lower, source) VALUES ('battery', '보청기 배터리', '보청기 배터리', 'rule');
INSERT INTO aliases (item_id, alias, alias_lower, source) VALUES ('battery', '시계 배터리', '시계 배터리', 'rule');
INSERT INTO aliases (item_id, alias, alias_lower, source) VALUES ('battery', '알칼라인 건전지', '알칼라인 건전지', 'rule');
INSERT INTO aliases (item_id, alias, alias_lower, source) VALUES ('battery', '에너자이저', '에너자이저', 'rule');
INSERT INTO aliases (item_id, alias, alias_lower, source) VALUES ('battery', '장난감 건전지', '장난감 건전지', 'rule');
INSERT INTO aliases (item_id, alias, alias_lower, source) VALUES ('battery', '장난감 배터리', '장난감 배터리', 'rule');
INSERT INTO aliases (item_id, alias, alias_lower, source) VALUES ('battery', '전기 면도기 배터리', '전기 면도기 배터리', 'rule');
INSERT INTO aliases (item_id, alias, alias_lower, source) VALUES ('battery', '전기 자전거 배터리', '전기 자전거 배터리', 'rule');
INSERT INTO aliases (item_id, alias, alias_lower, source) VALUES ('battery', '전동공구 배터리', '전동공구 배터리', 'rule');
INSERT INTO aliases (item_id, alias, alias_lower, source) VALUES ('battery', '전동칫솔 배터리', '전동칫솔 배터리', 'rule');
INSERT INTO aliases (item_id, alias, alias_lower, source) VALUES ('battery', '충전지', '충전지', 'rule');
INSERT INTO aliases (item_id, alias, alias_lower, source) VALUES ('battery', '캠코더 배터리', '캠코더 배터리', 'rule');
INSERT INTO aliases (item_id, alias, alias_lower, source) VALUES ('battery', '캠코더 배터리(추가)', '캠코더 배터리(추가)', 'rule');
INSERT INTO aliases (item_id, alias, alias_lower, source) VALUES ('battery', '폐배터리', '폐배터리', 'rule');
INSERT INTO aliases (item_id, alias, alias_lower, source) VALUES ('battery', '폐전지', '폐전지', 'rule');
INSERT INTO aliases (item_id, alias, alias_lower, source) VALUES ('battery', '휴대폰 배터리', '휴대폰 배터리', 'rule');
INSERT INTO aliases (item_id, alias, alias_lower, source) VALUES ('battery', '니켈배터리', '니켈배터리', 'rule');
INSERT INTO aliases (item_id, alias, alias_lower, source) VALUES ('battery', '니켈수소', '니켈수소', 'rule');
INSERT INTO aliases (item_id, alias, alias_lower, source) VALUES ('battery', '리튬이온', '리튬이온', 'rule');
INSERT INTO aliases (item_id, alias, alias_lower, source) VALUES ('battery', '코인배터리', '코인배터리', 'rule');
INSERT INTO aliases (item_id, alias, alias_lower, source) VALUES ('battery', '수은건전지', '수은건전지', 'rule');
INSERT OR REPLACE INTO items (id, name, category, note, steps, confidence, source_url, source_name, source_grade, feature, caution, last_verified, region_variation, official_classification) VALUES ('lithium_battery', '리튬이온 배터리 (보조배터리 등)', 'battery', '부풀어 오른 경우 화재/폭발 위험', '["부풀음 시 비닐랩으로 감싸기", "동주민센터/구청 담당자에게 직접 전달"]', 'high', 'https://xn--oy2b29bd3a601b.kr/front/dischargeMethod/index.do', '분리배출.kr (한국폐기물협회·환경부)', 'A', NULL, NULL, NULL, 0, NULL);
INSERT INTO aliases (item_id, alias, alias_lower, source) VALUES ('lithium_battery', '9V 건전지', '9v 건전지', 'rule');
INSERT INTO aliases (item_id, alias, alias_lower, source) VALUES ('lithium_battery', 'AA 건전지', 'aa 건전지', 'rule');
INSERT INTO aliases (item_id, alias, alias_lower, source) VALUES ('lithium_battery', 'AAA 건전지', 'aaa 건전지', 'rule');
INSERT OR REPLACE INTO items (id, name, category, note, steps, confidence, source_url, source_name, source_grade, feature, caution, last_verified, region_variation, official_classification) VALUES ('lamp', '폐형광등', 'lamp', '수은 함유로 별도 수거 필수', '["포장 제거", "깨지지 않게 운반", "전용수거함 배출"]', 'high', 'https://www.xn--oy2b29bd3a601b.kr/front/dischargeMethod/dictionaryView.do?niIdx=136', '분리배출.kr (한국폐기물협회·환경부)', 'A', '· 직관형, 환형, 안정기내장형, 콤팩트형 형광등은 형광등 수거함으로 배출합니다. · 조명이 깨진 경우에는 배출자, 수거원 등이 다칠 우려가 있으므로 신문지, 테이프 등을 활용하여 충분히 감싼 후 불연성 종량제봉투(마대)로 배출합니다.', '· 깨지지 않도록 주의', '2026-05-18', 0, '["재활용폐기물", "조명제품"]');
INSERT INTO aliases (item_id, alias, alias_lower, source) VALUES ('lamp', 'LED등', 'led등', 'rule');
INSERT INTO aliases (item_id, alias, alias_lower, source) VALUES ('lamp', 'LED조명(전구형, 직관형)은 형광등 수거함으로 배출합', 'led조명(전구형, 직관형)은 형광등 수거함으로 배출합', 'rule');
INSERT INTO aliases (item_id, alias, alias_lower, source) VALUES ('lamp', '백열등', '백열등', 'rule');
INSERT INTO aliases (item_id, alias, alias_lower, source) VALUES ('lamp', '백열전구', '백열전구', 'rule');
INSERT INTO aliases (item_id, alias, alias_lower, source) VALUES ('lamp', '전구', '전구', 'rule');
INSERT INTO aliases (item_id, alias, alias_lower, source) VALUES ('lamp', '조명', '조명', 'rule');
INSERT INTO aliases (item_id, alias, alias_lower, source) VALUES ('lamp', '직관 형광등', '직관 형광등', 'rule');
INSERT INTO aliases (item_id, alias, alias_lower, source) VALUES ('lamp', '콤팩트 형광등', '콤팩트 형광등', 'rule');
INSERT INTO aliases (item_id, alias, alias_lower, source) VALUES ('lamp', '할로겐 전구', '할로겐 전구', 'rule');
INSERT INTO aliases (item_id, alias, alias_lower, source) VALUES ('lamp', '형광등 유리커버', '형광등 유리커버', 'rule');
INSERT INTO aliases (item_id, alias, alias_lower, source) VALUES ('lamp', '형광등과 LED', '형광등과 led', 'rule');
INSERT INTO aliases (item_id, alias, alias_lower, source) VALUES ('lamp', '환형 형광등', '환형 형광등', 'rule');
INSERT INTO aliases (item_id, alias, alias_lower, source) VALUES ('lamp', '형광등', '형광등', 'rule');
INSERT INTO aliases (item_id, alias, alias_lower, source) VALUES ('lamp', '폐형광등', '폐형광등', 'rule');
INSERT INTO aliases (item_id, alias, alias_lower, source) VALUES ('lamp', 'LED', 'led', 'rule');
INSERT INTO aliases (item_id, alias, alias_lower, source) VALUES ('lamp', 'LED 전구', 'led 전구', 'rule');
INSERT INTO aliases (item_id, alias, alias_lower, source) VALUES ('lamp', '엘이디', '엘이디', 'rule');
INSERT OR REPLACE INTO items (id, name, category, note, steps, confidence, source_url, source_name, source_grade, feature, caution, last_verified, region_variation, official_classification) VALUES ('clothes', '헌 옷/의류', 'clothes', '재사용 가능한 의류, 가방, 신발, 담요 등', '["세탁/건조", "의류수거함 배출"]', 'high', 'https://www.xn--oy2b29bd3a601b.kr/front/dischargeMethod/dictionaryView.do?niIdx=347', '분리배출.kr (한국폐기물협회·환경부)', 'A', '· 교복, 군복, 경찰복 등 타인이 사용하기 부적합한 의류는 가위로 절단하여 종량제봉투로 배출합니다.', '의류수거함 배출 품목은 지자체에 따라 상이할 수 있음', '2026-05-18', 0, '["일반폐기물", "일반종량제폐기물"]');
INSERT INTO aliases (item_id, alias, alias_lower, source) VALUES ('clothes', '가디건', '가디건', 'rule');
INSERT INTO aliases (item_id, alias, alias_lower, source) VALUES ('clothes', '골프가방', '골프가방', 'rule');
INSERT INTO aliases (item_id, alias, alias_lower, source) VALUES ('clothes', '교복 바지', '교복 바지', 'rule');
INSERT INTO aliases (item_id, alias, alias_lower, source) VALUES ('clothes', '교복 셔츠', '교복 셔츠', 'rule');
INSERT INTO aliases (item_id, alias, alias_lower, source) VALUES ('clothes', '교복 치마', '교복 치마', 'rule');
INSERT INTO aliases (item_id, alias, alias_lower, source) VALUES ('clothes', '구명조끼', '구명조끼', 'rule');
INSERT INTO aliases (item_id, alias, alias_lower, source) VALUES ('clothes', '귀걸이', '귀걸이', 'rule');
INSERT INTO aliases (item_id, alias, alias_lower, source) VALUES ('clothes', '기능성 셔츠', '기능성 셔츠', 'rule');
INSERT INTO aliases (item_id, alias, alias_lower, source) VALUES ('clothes', '내복', '내복', 'rule');
INSERT INTO aliases (item_id, alias, alias_lower, source) VALUES ('clothes', '넥타이(낡은)', '넥타이(낡은)', 'rule');
INSERT INTO aliases (item_id, alias, alias_lower, source) VALUES ('clothes', '니트', '니트', 'rule');
INSERT INTO aliases (item_id, alias, alias_lower, source) VALUES ('clothes', '단화', '단화', 'rule');
INSERT INTO aliases (item_id, alias, alias_lower, source) VALUES ('clothes', '래쉬가드', '래쉬가드', 'rule');
INSERT INTO aliases (item_id, alias, alias_lower, source) VALUES ('clothes', '맨투맨', '맨투맨', 'rule');
INSERT INTO aliases (item_id, alias, alias_lower, source) VALUES ('clothes', '머플러', '머플러', 'rule');
INSERT INTO aliases (item_id, alias, alias_lower, source) VALUES ('clothes', '메신저백', '메신저백', 'rule');
INSERT INTO aliases (item_id, alias, alias_lower, source) VALUES ('clothes', '면바지', '면바지', 'rule');
INSERT INTO aliases (item_id, alias, alias_lower, source) VALUES ('clothes', '모자', '모자', 'rule');
INSERT INTO aliases (item_id, alias, alias_lower, source) VALUES ('clothes', '목걸이', '목걸이', 'rule');
INSERT INTO aliases (item_id, alias, alias_lower, source) VALUES ('clothes', '바람막이', '바람막이', 'rule');
INSERT INTO aliases (item_id, alias, alias_lower, source) VALUES ('clothes', '반바지', '반바지', 'rule');
INSERT INTO aliases (item_id, alias, alias_lower, source) VALUES ('clothes', '반지', '반지', 'rule');
INSERT INTO aliases (item_id, alias, alias_lower, source) VALUES ('clothes', '발열 내복', '발열 내복', 'rule');
INSERT INTO aliases (item_id, alias, alias_lower, source) VALUES ('clothes', '벙거지', '벙거지', 'rule');
INSERT INTO aliases (item_id, alias, alias_lower, source) VALUES ('clothes', '베레모', '베레모', 'rule');
INSERT INTO aliases (item_id, alias, alias_lower, source) VALUES ('clothes', '벨트', '벨트', 'rule');
INSERT INTO aliases (item_id, alias, alias_lower, source) VALUES ('clothes', '보타이', '보타이', 'rule');
INSERT INTO aliases (item_id, alias, alias_lower, source) VALUES ('clothes', '브래지어', '브래지어', 'rule');
INSERT INTO aliases (item_id, alias, alias_lower, source) VALUES ('clothes', '블라우스', '블라우스', 'rule');
INSERT INTO aliases (item_id, alias, alias_lower, source) VALUES ('clothes', '비니', '비니', 'rule');
INSERT INTO aliases (item_id, alias, alias_lower, source) VALUES ('clothes', '선글라스', '선글라스', 'rule');
INSERT INTO aliases (item_id, alias, alias_lower, source) VALUES ('clothes', '속옷(낡은)', '속옷(낡은)', 'rule');
INSERT INTO aliases (item_id, alias, alias_lower, source) VALUES ('clothes', '수건', '수건', 'rule');
INSERT INTO aliases (item_id, alias, alias_lower, source) VALUES ('clothes', '수영모(낡은)', '수영모(낡은)', 'rule');
INSERT INTO aliases (item_id, alias, alias_lower, source) VALUES ('clothes', '스웨터', '스웨터', 'rule');
INSERT INTO aliases (item_id, alias, alias_lower, source) VALUES ('clothes', '스타킹', '스타킹', 'rule');
INSERT INTO aliases (item_id, alias, alias_lower, source) VALUES ('clothes', '슬리퍼(실내)', '슬리퍼(실내)', 'rule');
INSERT INTO aliases (item_id, alias, alias_lower, source) VALUES ('clothes', '슬링백', '슬링백', 'rule');
INSERT INTO aliases (item_id, alias, alias_lower, source) VALUES ('clothes', '시계줄', '시계줄', 'rule');
INSERT INTO aliases (item_id, alias, alias_lower, source) VALUES ('clothes', '신발', '신발', 'rule');
INSERT INTO aliases (item_id, alias, alias_lower, source) VALUES ('clothes', '아기 신발', '아기 신발', 'rule');
INSERT INTO aliases (item_id, alias, alias_lower, source) VALUES ('clothes', '아기 옷', '아기 옷', 'rule');
INSERT INTO aliases (item_id, alias, alias_lower, source) VALUES ('clothes', '아이패드 케이스', '아이패드 케이스', 'rule');
INSERT INTO aliases (item_id, alias, alias_lower, source) VALUES ('clothes', '양말', '양말', 'rule');
INSERT INTO aliases (item_id, alias, alias_lower, source) VALUES ('clothes', '양말(낡은)', '양말(낡은)', 'rule');
INSERT INTO aliases (item_id, alias, alias_lower, source) VALUES ('clothes', '옷', '옷', 'rule');
INSERT INTO aliases (item_id, alias, alias_lower, source) VALUES ('clothes', '외투', '외투', 'rule');
INSERT INTO aliases (item_id, alias, alias_lower, source) VALUES ('clothes', '운동복', '운동복', 'rule');
INSERT INTO aliases (item_id, alias, alias_lower, source) VALUES ('clothes', '운동복 상의', '운동복 상의', 'rule');
INSERT INTO aliases (item_id, alias, alias_lower, source) VALUES ('clothes', '운동복 하의', '운동복 하의', 'rule');
INSERT INTO aliases (item_id, alias, alias_lower, source) VALUES ('clothes', '운동화(낡은)', '운동화(낡은)', 'rule');
INSERT INTO aliases (item_id, alias, alias_lower, source) VALUES ('clothes', '워커', '워커', 'rule');
INSERT INTO aliases (item_id, alias, alias_lower, source) VALUES ('clothes', '원피스', '원피스', 'rule');
INSERT INTO aliases (item_id, alias, alias_lower, source) VALUES ('clothes', '유니폼', '유니폼', 'rule');
INSERT INTO aliases (item_id, alias, alias_lower, source) VALUES ('clothes', '의류', '의류', 'rule');
INSERT INTO aliases (item_id, alias, alias_lower, source) VALUES ('clothes', '이불', '이불', 'rule');
INSERT INTO aliases (item_id, alias, alias_lower, source) VALUES ('clothes', '잠옷', '잠옷', 'rule');
INSERT INTO aliases (item_id, alias, alias_lower, source) VALUES ('clothes', '잠옷 세트', '잠옷 세트', 'rule');
INSERT INTO aliases (item_id, alias, alias_lower, source) VALUES ('clothes', '장갑', '장갑', 'rule');
INSERT INTO aliases (item_id, alias, alias_lower, source) VALUES ('clothes', '전통 의상(낡은)', '전통 의상(낡은)', 'rule');
INSERT INTO aliases (item_id, alias, alias_lower, source) VALUES ('clothes', '점퍼', '점퍼', 'rule');
INSERT INTO aliases (item_id, alias, alias_lower, source) VALUES ('clothes', '정장바지', '정장바지', 'rule');
INSERT INTO aliases (item_id, alias, alias_lower, source) VALUES ('clothes', '조끼', '조끼', 'rule');
INSERT INTO aliases (item_id, alias, alias_lower, source) VALUES ('clothes', '청바지', '청바지', 'rule');
INSERT INTO aliases (item_id, alias, alias_lower, source) VALUES ('clothes', '청자켓', '청자켓', 'rule');
INSERT INTO aliases (item_id, alias, alias_lower, source) VALUES ('clothes', '체육복', '체육복', 'rule');
INSERT INTO aliases (item_id, alias, alias_lower, source) VALUES ('clothes', '체육복 바지', '체육복 바지', 'rule');
INSERT INTO aliases (item_id, alias, alias_lower, source) VALUES ('clothes', '체육복 셔츠', '체육복 셔츠', 'rule');
INSERT INTO aliases (item_id, alias, alias_lower, source) VALUES ('clothes', '치마', '치마', 'rule');
INSERT INTO aliases (item_id, alias, alias_lower, source) VALUES ('clothes', '카디건', '카디건', 'rule');
INSERT INTO aliases (item_id, alias, alias_lower, source) VALUES ('clothes', '캡모자', '캡모자', 'rule');
INSERT INTO aliases (item_id, alias, alias_lower, source) VALUES ('clothes', '코트', '코트', 'rule');
INSERT INTO aliases (item_id, alias, alias_lower, source) VALUES ('clothes', '쿨링 셔츠', '쿨링 셔츠', 'rule');
INSERT INTO aliases (item_id, alias, alias_lower, source) VALUES ('clothes', '클러치백', '클러치백', 'rule');
INSERT INTO aliases (item_id, alias, alias_lower, source) VALUES ('clothes', '타이즈(낡은)', '타이즈(낡은)', 'rule');
INSERT INTO aliases (item_id, alias, alias_lower, source) VALUES ('clothes', '트레이닝 바지', '트레이닝 바지', 'rule');
INSERT INTO aliases (item_id, alias, alias_lower, source) VALUES ('clothes', '트레이닝복', '트레이닝복', 'rule');
INSERT INTO aliases (item_id, alias, alias_lower, source) VALUES ('clothes', '파자마', '파자마', 'rule');
INSERT INTO aliases (item_id, alias, alias_lower, source) VALUES ('clothes', '패딩', '패딩', 'rule');
INSERT INTO aliases (item_id, alias, alias_lower, source) VALUES ('clothes', '팬티', '팬티', 'rule');
INSERT INTO aliases (item_id, alias, alias_lower, source) VALUES ('clothes', '폰케이스', '폰케이스', 'rule');
INSERT INTO aliases (item_id, alias, alias_lower, source) VALUES ('clothes', '한복 신발(낡은)', '한복 신발(낡은)', 'rule');
INSERT INTO aliases (item_id, alias, alias_lower, source) VALUES ('clothes', '후드티', '후드티', 'rule');
INSERT INTO aliases (item_id, alias, alias_lower, source) VALUES ('clothes', '구두', '구두', 'rule');
INSERT INTO aliases (item_id, alias, alias_lower, source) VALUES ('clothes', '노트북 파우치', '노트북 파우치', 'rule');
INSERT INTO aliases (item_id, alias, alias_lower, source) VALUES ('clothes', '등산 가방', '등산 가방', 'rule');
INSERT INTO aliases (item_id, alias, alias_lower, source) VALUES ('clothes', '목도리', '목도리', 'rule');
INSERT INTO aliases (item_id, alias, alias_lower, source) VALUES ('clothes', '바지', '바지', 'rule');
INSERT INTO aliases (item_id, alias, alias_lower, source) VALUES ('clothes', '부직포 가방', '부직포 가방', 'rule');
INSERT INTO aliases (item_id, alias, alias_lower, source) VALUES ('clothes', '부츠', '부츠', 'rule');
INSERT INTO aliases (item_id, alias, alias_lower, source) VALUES ('clothes', '샌들', '샌들', 'rule');
INSERT INTO aliases (item_id, alias, alias_lower, source) VALUES ('clothes', '셔츠', '셔츠', 'rule');
INSERT INTO aliases (item_id, alias, alias_lower, source) VALUES ('clothes', '수영가방', '수영가방', 'rule');
INSERT INTO aliases (item_id, alias, alias_lower, source) VALUES ('clothes', '스니커즈', '스니커즈', 'rule');
INSERT INTO aliases (item_id, alias, alias_lower, source) VALUES ('clothes', '스카프', '스카프', 'rule');
INSERT INTO aliases (item_id, alias, alias_lower, source) VALUES ('clothes', '에코백', '에코백', 'rule');
INSERT INTO aliases (item_id, alias, alias_lower, source) VALUES ('clothes', '운동화', '운동화', 'rule');
INSERT INTO aliases (item_id, alias, alias_lower, source) VALUES ('clothes', '의류, 원단', '의류, 원단', 'rule');
INSERT INTO aliases (item_id, alias, alias_lower, source) VALUES ('clothes', '재킷', '재킷', 'rule');
INSERT INTO aliases (item_id, alias, alias_lower, source) VALUES ('clothes', '캐리어', '캐리어', 'rule');
INSERT INTO aliases (item_id, alias, alias_lower, source) VALUES ('clothes', '화장품 파우치', '화장품 파우치', 'rule');
INSERT OR REPLACE INTO items (id, name, category, note, steps, confidence, source_url, source_name, source_grade, feature, caution, last_verified, region_variation, official_classification) VALUES ('electronics', '소형가전', 'electronics', '1m 미만 소형가전은 무상 방문수거 신청 가능 (E-순환거버넌스 15990903)', '["E-순환거버넌스(15990903) 또는 주민센터 신청", "무상 방문수거"]', 'high', 'https://www.xn--oy2b29bd3a601b.kr/front/dischargeMethod/dictionaryView.do?niIdx=231', '분리배출.kr (한국폐기물협회·환경부)', 'A', '· 공기청정기는 전기전자제품 환경성보장제도 품목에 해당됩니다. * 환경성보장제도는 전기전자제품의 재활용을 촉진하기 위하여 유해물질의 사용을 억제하고 재활용이 쉽도록 제조하며 그 폐기물을 적정하게 재활용하도록 하여 자원을 효율적으로 이용하는 자원순환체계를 구축하여 환경보전과 국민 경제의 건전한 발전에 이바지함을 목적으로 하는 제도를 말합니다. ** 환경성보장제도 대상품목으로는 냉장고, 세탁기,...', '· 폐가전제품 무상방문서비스 문의 후 배출', NULL, 1, '["재활용폐기물", "전기전자 제품류"]');
INSERT INTO aliases (item_id, alias, alias_lower, source) VALUES ('electronics', 'C타입 케이블', 'c타입 케이블', 'rule');
INSERT INTO aliases (item_id, alias, alias_lower, source) VALUES ('electronics', 'HDMI 케이블', 'hdmi 케이블', 'rule');
INSERT INTO aliases (item_id, alias, alias_lower, source) VALUES ('electronics', 'LED TV', 'led tv', 'rule');
INSERT INTO aliases (item_id, alias, alias_lower, source) VALUES ('electronics', 'LG그램', 'lg그램', 'rule');
INSERT INTO aliases (item_id, alias, alias_lower, source) VALUES ('electronics', 'OLED TV', 'oled tv', 'rule');
INSERT INTO aliases (item_id, alias, alias_lower, source) VALUES ('electronics', 'PC', 'pc', 'rule');
INSERT INTO aliases (item_id, alias, alias_lower, source) VALUES ('electronics', 'TV', 'tv', 'rule');
INSERT INTO aliases (item_id, alias, alias_lower, source) VALUES ('electronics', 'TV(고장)', 'tv(고장)', 'rule');
INSERT INTO aliases (item_id, alias, alias_lower, source) VALUES ('electronics', 'USB', 'usb', 'rule');
INSERT INTO aliases (item_id, alias, alias_lower, source) VALUES ('electronics', 'USB 케이블', 'usb 케이블', 'rule');
INSERT INTO aliases (item_id, alias, alias_lower, source) VALUES ('electronics', 'USB허브', 'usb허브', 'rule');
INSERT INTO aliases (item_id, alias, alias_lower, source) VALUES ('electronics', '가습기', '가습기', 'rule');
INSERT INTO aliases (item_id, alias, alias_lower, source) VALUES ('electronics', '갤럭시북', '갤럭시북', 'rule');
INSERT INTO aliases (item_id, alias, alias_lower, source) VALUES ('electronics', '건조기(작은)', '건조기(작은)', 'rule');
INSERT INTO aliases (item_id, alias, alias_lower, source) VALUES ('electronics', '구형 TV', '구형 tv', 'rule');
INSERT INTO aliases (item_id, alias, alias_lower, source) VALUES ('electronics', '그램', '그램', 'rule');
INSERT INTO aliases (item_id, alias, alias_lower, source) VALUES ('electronics', '노트북', '노트북', 'rule');
INSERT INTO aliases (item_id, alias, alias_lower, source) VALUES ('electronics', '다리미', '다리미', 'rule');
INSERT INTO aliases (item_id, alias, alias_lower, source) VALUES ('electronics', '다리미판', '다리미판', 'rule');
INSERT INTO aliases (item_id, alias, alias_lower, source) VALUES ('electronics', '데스크탑', '데스크탑', 'rule');
INSERT INTO aliases (item_id, alias, alias_lower, source) VALUES ('electronics', '드라이기', '드라이기', 'rule');
INSERT INTO aliases (item_id, alias, alias_lower, source) VALUES ('electronics', '드라이어', '드라이어', 'rule');
INSERT INTO aliases (item_id, alias, alias_lower, source) VALUES ('electronics', '디지털시계', '디지털시계', 'rule');
INSERT INTO aliases (item_id, alias, alias_lower, source) VALUES ('electronics', '라이트닝 케이블', '라이트닝 케이블', 'rule');
INSERT INTO aliases (item_id, alias, alias_lower, source) VALUES ('electronics', '랜선', '랜선', 'rule');
INSERT INTO aliases (item_id, alias, alias_lower, source) VALUES ('electronics', '랩탑', '랩탑', 'rule');
INSERT INTO aliases (item_id, alias, alias_lower, source) VALUES ('electronics', '레이저 프린터', '레이저 프린터', 'rule');
INSERT INTO aliases (item_id, alias, alias_lower, source) VALUES ('electronics', '마이크로 USB', '마이크로 usb', 'rule');
INSERT INTO aliases (item_id, alias, alias_lower, source) VALUES ('electronics', '맥북', '맥북', 'rule');
INSERT INTO aliases (item_id, alias, alias_lower, source) VALUES ('electronics', '면도기', '면도기', 'rule');
INSERT INTO aliases (item_id, alias, alias_lower, source) VALUES ('electronics', '벽걸이 TV', '벽걸이 tv', 'rule');
INSERT INTO aliases (item_id, alias, alias_lower, source) VALUES ('electronics', '벽시계', '벽시계', 'rule');
INSERT INTO aliases (item_id, alias, alias_lower, source) VALUES ('electronics', '보조배터리', '보조배터리', 'rule');
INSERT INTO aliases (item_id, alias, alias_lower, source) VALUES ('electronics', '복사기', '복사기', 'rule');
INSERT INTO aliases (item_id, alias, alias_lower, source) VALUES ('electronics', '복합기', '복합기', 'rule');
INSERT INTO aliases (item_id, alias, alias_lower, source) VALUES ('electronics', '블렌더', '블렌더', 'rule');
INSERT INTO aliases (item_id, alias, alias_lower, source) VALUES ('electronics', '블루투스 스피커', '블루투스 스피커', 'rule');
INSERT INTO aliases (item_id, alias, alias_lower, source) VALUES ('electronics', '삼성노트북', '삼성노트북', 'rule');
INSERT INTO aliases (item_id, alias, alias_lower, source) VALUES ('electronics', '샤워기 필터', '샤워기 필터', 'rule');
INSERT INTO aliases (item_id, alias, alias_lower, source) VALUES ('electronics', '스마트 TV', '스마트 tv', 'rule');
INSERT INTO aliases (item_id, alias, alias_lower, source) VALUES ('electronics', '스캐너', '스캐너', 'rule');
INSERT INTO aliases (item_id, alias, alias_lower, source) VALUES ('electronics', '스타일러(작은)', '스타일러(작은)', 'rule');
INSERT INTO aliases (item_id, alias, alias_lower, source) VALUES ('electronics', '스피커', '스피커', 'rule');
INSERT INTO aliases (item_id, alias, alias_lower, source) VALUES ('electronics', '스피커(작은)', '스피커(작은)', 'rule');
INSERT INTO aliases (item_id, alias, alias_lower, source) VALUES ('electronics', '어댑터', '어댑터', 'rule');
INSERT INTO aliases (item_id, alias, alias_lower, source) VALUES ('electronics', '에어팟', '에어팟', 'rule');
INSERT INTO aliases (item_id, alias, alias_lower, source) VALUES ('electronics', '오디오 케이블', '오디오 케이블', 'rule');
INSERT INTO aliases (item_id, alias, alias_lower, source) VALUES ('electronics', '이어버드', '이어버드', 'rule');
INSERT INTO aliases (item_id, alias, alias_lower, source) VALUES ('electronics', '인덕션', '인덕션', 'rule');
INSERT INTO aliases (item_id, alias, alias_lower, source) VALUES ('electronics', '잉크젯 프린터', '잉크젯 프린터', 'rule');
INSERT INTO aliases (item_id, alias, alias_lower, source) VALUES ('electronics', '전기레인지', '전기레인지', 'rule');
INSERT INTO aliases (item_id, alias, alias_lower, source) VALUES ('electronics', '전기밥솥(고장)', '전기밥솥(고장)', 'rule');
INSERT INTO aliases (item_id, alias, alias_lower, source) VALUES ('electronics', '전기포트', '전기포트', 'rule');
INSERT INTO aliases (item_id, alias, alias_lower, source) VALUES ('electronics', '전동공구', '전동공구', 'rule');
INSERT INTO aliases (item_id, alias, alias_lower, source) VALUES ('electronics', '전압 변환기', '전압 변환기', 'rule');
INSERT INTO aliases (item_id, alias, alias_lower, source) VALUES ('electronics', '전자레인지(작은)', '전자레인지(작은)', 'rule');
INSERT INTO aliases (item_id, alias, alias_lower, source) VALUES ('electronics', '전화선', '전화선', 'rule');
INSERT INTO aliases (item_id, alias, alias_lower, source) VALUES ('electronics', '정수기 필터', '정수기 필터', 'rule');
INSERT INTO aliases (item_id, alias, alias_lower, source) VALUES ('electronics', '제모기', '제모기', 'rule');
INSERT INTO aliases (item_id, alias, alias_lower, source) VALUES ('electronics', '주서기', '주서기', 'rule');
INSERT INTO aliases (item_id, alias, alias_lower, source) VALUES ('electronics', '충전 케이블', '충전 케이블', 'rule');
INSERT INTO aliases (item_id, alias, alias_lower, source) VALUES ('electronics', '충전기', '충전기', 'rule');
INSERT INTO aliases (item_id, alias, alias_lower, source) VALUES ('electronics', '커피머신', '커피머신', 'rule');
INSERT INTO aliases (item_id, alias, alias_lower, source) VALUES ('electronics', '컴퓨터', '컴퓨터', 'rule');
INSERT INTO aliases (item_id, alias, alias_lower, source) VALUES ('electronics', '콘센트 어댑터', '콘센트 어댑터', 'rule');
INSERT INTO aliases (item_id, alias, alias_lower, source) VALUES ('electronics', '탁상시계', '탁상시계', 'rule');
INSERT INTO aliases (item_id, alias, alias_lower, source) VALUES ('electronics', '탁상용 선풍기', '탁상용 선풍기', 'rule');
INSERT INTO aliases (item_id, alias, alias_lower, source) VALUES ('electronics', '텔레비전', '텔레비전', 'rule');
INSERT INTO aliases (item_id, alias, alias_lower, source) VALUES ('electronics', '토스터', '토스터', 'rule');
INSERT INTO aliases (item_id, alias, alias_lower, source) VALUES ('electronics', '티비', '티비', 'rule');
INSERT INTO aliases (item_id, alias, alias_lower, source) VALUES ('electronics', '프린터', '프린터', 'rule');
INSERT INTO aliases (item_id, alias, alias_lower, source) VALUES ('electronics', '프린터(고장)', '프린터(고장)', 'rule');
INSERT INTO aliases (item_id, alias, alias_lower, source) VALUES ('electronics', '프린트복합기', '프린트복합기', 'rule');
INSERT INTO aliases (item_id, alias, alias_lower, source) VALUES ('electronics', '헤어 아이론', '헤어 아이론', 'rule');
INSERT INTO aliases (item_id, alias, alias_lower, source) VALUES ('electronics', '휴대용 선풍기', '휴대용 선풍기', 'rule');
INSERT INTO aliases (item_id, alias, alias_lower, source) VALUES ('electronics', 'PC세트', 'pc세트', 'rule');
INSERT INTO aliases (item_id, alias, alias_lower, source) VALUES ('electronics', 'PMP', 'pmp', 'rule');
INSERT INTO aliases (item_id, alias, alias_lower, source) VALUES ('electronics', '간절기 난방기', '간절기 난방기', 'rule');
INSERT INTO aliases (item_id, alias, alias_lower, source) VALUES ('electronics', '고데기', '고데기', 'rule');
INSERT INTO aliases (item_id, alias, alias_lower, source) VALUES ('electronics', '공학용 계산기', '공학용 계산기', 'rule');
INSERT INTO aliases (item_id, alias, alias_lower, source) VALUES ('electronics', '난로', '난로', 'rule');
INSERT INTO aliases (item_id, alias, alias_lower, source) VALUES ('electronics', '난방기', '난방기', 'rule');
INSERT INTO aliases (item_id, alias, alias_lower, source) VALUES ('electronics', '난방용품', '난방용품', 'rule');
INSERT INTO aliases (item_id, alias, alias_lower, source) VALUES ('electronics', '냉장고', '냉장고', 'rule');
INSERT INTO aliases (item_id, alias, alias_lower, source) VALUES ('electronics', '디지털 체중계', '디지털 체중계', 'rule');
INSERT INTO aliases (item_id, alias, alias_lower, source) VALUES ('electronics', '라디에이터', '라디에이터', 'rule');
INSERT INTO aliases (item_id, alias, alias_lower, source) VALUES ('electronics', '무전기', '무전기', 'rule');
INSERT INTO aliases (item_id, alias, alias_lower, source) VALUES ('electronics', '미싱', '미싱', 'rule');
INSERT INTO aliases (item_id, alias, alias_lower, source) VALUES ('electronics', '발열기', '발열기', 'rule');
INSERT INTO aliases (item_id, alias, alias_lower, source) VALUES ('electronics', '스팀다리미', '스팀다리미', 'rule');
INSERT INTO aliases (item_id, alias, alias_lower, source) VALUES ('electronics', '약탕기(전기)', '약탕기(전기)', 'rule');
INSERT INTO aliases (item_id, alias, alias_lower, source) VALUES ('electronics', '열풍기', '열풍기', 'rule');
INSERT INTO aliases (item_id, alias, alias_lower, source) VALUES ('electronics', '오디오세트', '오디오세트', 'rule');
INSERT INTO aliases (item_id, alias, alias_lower, source) VALUES ('electronics', '온열기', '온열기', 'rule');
INSERT INTO aliases (item_id, alias, alias_lower, source) VALUES ('electronics', '이어폰', '이어폰', 'rule');
INSERT INTO aliases (item_id, alias, alias_lower, source) VALUES ('electronics', '전기 손난로', '전기 손난로', 'rule');
INSERT INTO aliases (item_id, alias, alias_lower, source) VALUES ('electronics', '전기난로', '전기난로', 'rule');
INSERT INTO aliases (item_id, alias, alias_lower, source) VALUES ('electronics', '전기다리미', '전기다리미', 'rule');
INSERT INTO aliases (item_id, alias, alias_lower, source) VALUES ('electronics', '전기면도기', '전기면도기', 'rule');
INSERT INTO aliases (item_id, alias, alias_lower, source) VALUES ('electronics', '전기모기채', '전기모기채', 'rule');
INSERT INTO aliases (item_id, alias, alias_lower, source) VALUES ('electronics', '전기밥솥', '전기밥솥', 'rule');
INSERT INTO aliases (item_id, alias, alias_lower, source) VALUES ('electronics', '전기비데', '전기비데', 'rule');
INSERT INTO aliases (item_id, alias, alias_lower, source) VALUES ('electronics', '전기안마기', '전기안마기', 'rule');
INSERT INTO aliases (item_id, alias, alias_lower, source) VALUES ('electronics', '전기오븐', '전기오븐', 'rule');
INSERT INTO aliases (item_id, alias, alias_lower, source) VALUES ('electronics', '전기이발기', '전기이발기', 'rule');
INSERT INTO aliases (item_id, alias, alias_lower, source) VALUES ('electronics', '전기장판', '전기장판', 'rule');
INSERT INTO aliases (item_id, alias, alias_lower, source) VALUES ('electronics', '전기전자제품', '전기전자제품', 'rule');
INSERT INTO aliases (item_id, alias, alias_lower, source) VALUES ('electronics', '전기주전자', '전기주전자', 'rule');
INSERT INTO aliases (item_id, alias, alias_lower, source) VALUES ('electronics', '전기히터', '전기히터', 'rule');
INSERT INTO aliases (item_id, alias, alias_lower, source) VALUES ('electronics', '전선', '전선', 'rule');
INSERT INTO aliases (item_id, alias, alias_lower, source) VALUES ('electronics', '전자사전', '전자사전', 'rule');
INSERT INTO aliases (item_id, alias, alias_lower, source) VALUES ('electronics', '전자시계', '전자시계', 'rule');
INSERT INTO aliases (item_id, alias, alias_lower, source) VALUES ('electronics', '전축 세트', '전축 세트', 'rule');
INSERT INTO aliases (item_id, alias, alias_lower, source) VALUES ('electronics', '제빵기', '제빵기', 'rule');
INSERT INTO aliases (item_id, alias, alias_lower, source) VALUES ('electronics', '족욕기', '족욕기', 'rule');
INSERT INTO aliases (item_id, alias, alias_lower, source) VALUES ('electronics', '착즙기', '착즙기', 'rule');
INSERT INTO aliases (item_id, alias, alias_lower, source) VALUES ('electronics', '컴퓨터 본체', '컴퓨터 본체', 'rule');
INSERT INTO aliases (item_id, alias, alias_lower, source) VALUES ('electronics', '케이블', '케이블', 'rule');
INSERT INTO aliases (item_id, alias, alias_lower, source) VALUES ('electronics', '태블릿 PC', '태블릿 pc', 'rule');
INSERT INTO aliases (item_id, alias, alias_lower, source) VALUES ('electronics', '튀김기', '튀김기', 'rule');
INSERT INTO aliases (item_id, alias, alias_lower, source) VALUES ('electronics', '팬히터', '팬히터', 'rule');
INSERT INTO aliases (item_id, alias, alias_lower, source) VALUES ('electronics', '화장품 냉장고', '화장품 냉장고', 'rule');
INSERT INTO aliases (item_id, alias, alias_lower, source) VALUES ('electronics', '히터', '히터', 'rule');
INSERT OR REPLACE INTO items (id, name, category, note, steps, confidence, source_url, source_name, source_grade, feature, caution, last_verified, region_variation, official_classification) VALUES ('furniture', '대형폐기물 (가구)', 'furniture', '주민센터/구청에 신고 후 스티커 부착하여 배출', '["구청/주민센터 또는 온라인 신고", "수수료 결제 및 스티커 발급", "지정 장소에 배출"]', 'high', 'https://www.xn--oy2b29bd3a601b.kr/front/dischargeMethod/dictionaryView.do?niIdx=183', '분리배출.kr (한국폐기물협회·환경부)', 'A', '· 매트리스와 같은 침구류는 재활용이 어려워 대형폐기물로 수거한 후 소각됩니다.', '· 매트리스는 부피, 크기가 커 배출하실 때에는 보행자에게 불편을 주지 않도록 주의하여 배출', NULL, 1, '["대형폐기물"]');
INSERT INTO aliases (item_id, alias, alias_lower, source) VALUES ('furniture', 'TV 받침대', 'tv 받침대', 'rule');
INSERT INTO aliases (item_id, alias, alias_lower, source) VALUES ('furniture', 'TV장', 'tv장', 'rule');
INSERT INTO aliases (item_id, alias, alias_lower, source) VALUES ('furniture', '거실장', '거실장', 'rule');
INSERT INTO aliases (item_id, alias, alias_lower, source) VALUES ('furniture', '발판', '발판', 'rule');
INSERT INTO aliases (item_id, alias, alias_lower, source) VALUES ('furniture', '벽장', '벽장', 'rule');
INSERT INTO aliases (item_id, alias, alias_lower, source) VALUES ('furniture', '사무용 의자', '사무용 의자', 'rule');
INSERT INTO aliases (item_id, alias, alias_lower, source) VALUES ('furniture', '사무용 책상', '사무용 책상', 'rule');
INSERT INTO aliases (item_id, alias, alias_lower, source) VALUES ('furniture', '사이드 테이블', '사이드 테이블', 'rule');
INSERT INTO aliases (item_id, alias, alias_lower, source) VALUES ('furniture', '서랍', '서랍', 'rule');
INSERT INTO aliases (item_id, alias, alias_lower, source) VALUES ('furniture', '소파(작은)', '소파(작은)', 'rule');
INSERT INTO aliases (item_id, alias, alias_lower, source) VALUES ('furniture', '쇼파', '쇼파', 'rule');
INSERT INTO aliases (item_id, alias, alias_lower, source) VALUES ('furniture', '수납장', '수납장', 'rule');
INSERT INTO aliases (item_id, alias, alias_lower, source) VALUES ('furniture', '수납장(대형)', '수납장(대형)', 'rule');
INSERT INTO aliases (item_id, alias, alias_lower, source) VALUES ('furniture', '스툴', '스툴', 'rule');
INSERT INTO aliases (item_id, alias, alias_lower, source) VALUES ('furniture', '신발장', '신발장', 'rule');
INSERT INTO aliases (item_id, alias, alias_lower, source) VALUES ('furniture', '신발장(대형)', '신발장(대형)', 'rule');
INSERT INTO aliases (item_id, alias, alias_lower, source) VALUES ('furniture', '안락의자', '안락의자', 'rule');
INSERT INTO aliases (item_id, alias, alias_lower, source) VALUES ('furniture', '오디오 받침대', '오디오 받침대', 'rule');
INSERT INTO aliases (item_id, alias, alias_lower, source) VALUES ('furniture', '옷걸이(큰)', '옷걸이(큰)', 'rule');
INSERT INTO aliases (item_id, alias, alias_lower, source) VALUES ('furniture', '옷장', '옷장', 'rule');
INSERT INTO aliases (item_id, alias, alias_lower, source) VALUES ('furniture', '옷장(대형)', '옷장(대형)', 'rule');
INSERT INTO aliases (item_id, alias, alias_lower, source) VALUES ('furniture', '유모차(작은)', '유모차(작은)', 'rule');
INSERT INTO aliases (item_id, alias, alias_lower, source) VALUES ('furniture', '유아 카시트', '유아 카시트', 'rule');
INSERT INTO aliases (item_id, alias, alias_lower, source) VALUES ('furniture', '유아용 침대', '유아용 침대', 'rule');
INSERT INTO aliases (item_id, alias, alias_lower, source) VALUES ('furniture', '의자(접이식)', '의자(접이식)', 'rule');
INSERT INTO aliases (item_id, alias, alias_lower, source) VALUES ('furniture', '이불장', '이불장', 'rule');
INSERT INTO aliases (item_id, alias, alias_lower, source) VALUES ('furniture', '이층 침대', '이층 침대', 'rule');
INSERT INTO aliases (item_id, alias, alias_lower, source) VALUES ('furniture', '장롱', '장롱', 'rule');
INSERT INTO aliases (item_id, alias, alias_lower, source) VALUES ('furniture', '전자레인지 받침대', '전자레인지 받침대', 'rule');
INSERT INTO aliases (item_id, alias, alias_lower, source) VALUES ('furniture', '침대', '침대', 'rule');
INSERT INTO aliases (item_id, alias, alias_lower, source) VALUES ('furniture', '콘솔 테이블', '콘솔 테이블', 'rule');
INSERT INTO aliases (item_id, alias, alias_lower, source) VALUES ('furniture', '키보드 받침', '키보드 받침', 'rule');
INSERT INTO aliases (item_id, alias, alias_lower, source) VALUES ('furniture', '탁자', '탁자', 'rule');
INSERT INTO aliases (item_id, alias, alias_lower, source) VALUES ('furniture', '테이블', '테이블', 'rule');
INSERT INTO aliases (item_id, alias, alias_lower, source) VALUES ('furniture', '현관 신발장', '현관 신발장', 'rule');
INSERT INTO aliases (item_id, alias, alias_lower, source) VALUES ('furniture', '협탁', '협탁', 'rule');
INSERT INTO aliases (item_id, alias, alias_lower, source) VALUES ('furniture', '회의용 의자', '회의용 의자', 'rule');
INSERT INTO aliases (item_id, alias, alias_lower, source) VALUES ('furniture', '회의용 책상', '회의용 책상', 'rule');
INSERT OR REPLACE INTO items (id, name, category, note, steps, confidence, source_url, source_name, source_grade, feature, caution, last_verified, region_variation, official_classification) VALUES ('medicine', '폐의약품', 'general', '약국/보건소에 비치된 폐의약품 수거함에 배출 (절대 변기/하수구 금지)', '["포장재(종이박스, 설명서) 제거", "약국/보건소 수거함에 배출"]', 'high', 'https://www.xn--oy2b29bd3a601b.kr/front/dischargeMethod/dictionaryView.do?niIdx=146', '분리배출.kr (한국폐기물협회·환경부)', 'A', '· 포장재 겉면에 의약품으로 표기된 연고는 가까운 약국이나 보건소, 주민센터 등에 비치된 폐의약품전용수거함으로 배출합니다. · 의약품의 경우(물약 제외) 일부 지자체에 한하여 우정산업본부와 사전협의를 통해 우체통으로 배출하는 경우도 있습니다. · 의약외품인 연고 경우 종량제봉투로 배출하여 주시면 됩니다.', '· 제품 포장재 의약품/의약외품 확인후 배출', NULL, 0, '["생활계 유해폐기물", "폐의약품"]');
INSERT INTO aliases (item_id, alias, alias_lower, source) VALUES ('medicine', '감기 시럽 (다 쓴)', '감기 시럽 (다 쓴)', 'rule');
INSERT INTO aliases (item_id, alias, alias_lower, source) VALUES ('medicine', '감기 시럽병 (다 쓴)', '감기 시럽병 (다 쓴)', 'rule');
INSERT INTO aliases (item_id, alias, alias_lower, source) VALUES ('medicine', '거즈', '거즈', 'rule');
INSERT INTO aliases (item_id, alias, alias_lower, source) VALUES ('medicine', '건강기능식품(유통기한 지남)', '건강기능식품(유통기한 지남)', 'rule');
INSERT INTO aliases (item_id, alias, alias_lower, source) VALUES ('medicine', '결막염 약', '결막염 약', 'rule');
INSERT INTO aliases (item_id, alias, alias_lower, source) VALUES ('medicine', '관절염 연고', '관절염 연고', 'rule');
INSERT INTO aliases (item_id, alias, alias_lower, source) VALUES ('medicine', '근육통 연고', '근육통 연고', 'rule');
INSERT INTO aliases (item_id, alias, alias_lower, source) VALUES ('medicine', '근육통 파스', '근육통 파스', 'rule');
INSERT INTO aliases (item_id, alias, alias_lower, source) VALUES ('medicine', '기침 시럽병', '기침 시럽병', 'rule');
INSERT INTO aliases (item_id, alias, alias_lower, source) VALUES ('medicine', '기침약 (다 쓴)', '기침약 (다 쓴)', 'rule');
INSERT INTO aliases (item_id, alias, alias_lower, source) VALUES ('medicine', '당뇨약', '당뇨약', 'rule');
INSERT INTO aliases (item_id, alias, alias_lower, source) VALUES ('medicine', '두통약', '두통약', 'rule');
INSERT INTO aliases (item_id, alias, alias_lower, source) VALUES ('medicine', '물파스', '물파스', 'rule');
INSERT INTO aliases (item_id, alias, alias_lower, source) VALUES ('medicine', '반창고 (사용한)', '반창고 (사용한)', 'rule');
INSERT INTO aliases (item_id, alias, alias_lower, source) VALUES ('medicine', '반창고(낡은)', '반창고(낡은)', 'rule');
INSERT INTO aliases (item_id, alias, alias_lower, source) VALUES ('medicine', '변비약', '변비약', 'rule');
INSERT INTO aliases (item_id, alias, alias_lower, source) VALUES ('medicine', '비타민 B', '비타민 b', 'rule');
INSERT INTO aliases (item_id, alias, alias_lower, source) VALUES ('medicine', '비타민 C', '비타민 c', 'rule');
INSERT INTO aliases (item_id, alias, alias_lower, source) VALUES ('medicine', '비타민 D', '비타민 d', 'rule');
INSERT INTO aliases (item_id, alias, alias_lower, source) VALUES ('medicine', '비타민 영양제(유통기한 지남)', '비타민 영양제(유통기한 지남)', 'rule');
INSERT INTO aliases (item_id, alias, alias_lower, source) VALUES ('medicine', '비타민(유통기한 지남)', '비타민(유통기한 지남)', 'rule');
INSERT INTO aliases (item_id, alias, alias_lower, source) VALUES ('medicine', '수면제', '수면제', 'rule');
INSERT INTO aliases (item_id, alias, alias_lower, source) VALUES ('medicine', '신경안정제', '신경안정제', 'rule');
INSERT INTO aliases (item_id, alias, alias_lower, source) VALUES ('medicine', '안약 (다 쓴)', '안약 (다 쓴)', 'rule');
INSERT INTO aliases (item_id, alias, alias_lower, source) VALUES ('medicine', '안약(유통기한 지남)', '안약(유통기한 지남)', 'rule');
INSERT INTO aliases (item_id, alias, alias_lower, source) VALUES ('medicine', '안연고 (다 쓴)', '안연고 (다 쓴)', 'rule');
INSERT INTO aliases (item_id, alias, alias_lower, source) VALUES ('medicine', '안연고 튜브', '안연고 튜브', 'rule');
INSERT INTO aliases (item_id, alias, alias_lower, source) VALUES ('medicine', '약', '약', 'rule');
INSERT INTO aliases (item_id, alias, alias_lower, source) VALUES ('medicine', '약 (가루 분리됨)', '약 (가루 분리됨)', 'rule');
INSERT INTO aliases (item_id, alias, alias_lower, source) VALUES ('medicine', '약 (변색됨)', '약 (변색됨)', 'rule');
INSERT INTO aliases (item_id, alias, alias_lower, source) VALUES ('medicine', '약 (변형됨)', '약 (변형됨)', 'rule');
INSERT INTO aliases (item_id, alias, alias_lower, source) VALUES ('medicine', '약 봉지', '약 봉지', 'rule');
INSERT INTO aliases (item_id, alias, alias_lower, source) VALUES ('medicine', '약 봉지 (사용한)', '약 봉지 (사용한)', 'rule');
INSERT INTO aliases (item_id, alias, alias_lower, source) VALUES ('medicine', '약 포장지', '약 포장지', 'rule');
INSERT INTO aliases (item_id, alias, alias_lower, source) VALUES ('medicine', '약사 처방약', '약사 처방약', 'rule');
INSERT INTO aliases (item_id, alias, alias_lower, source) VALUES ('medicine', '약통', '약통', 'rule');
INSERT INTO aliases (item_id, alias, alias_lower, source) VALUES ('medicine', '어깨 파스', '어깨 파스', 'rule');
INSERT INTO aliases (item_id, alias, alias_lower, source) VALUES ('medicine', '어린이 시럽약', '어린이 시럽약', 'rule');
INSERT INTO aliases (item_id, alias, alias_lower, source) VALUES ('medicine', '연고(다 쓴)', '연고(다 쓴)', 'rule');
INSERT INTO aliases (item_id, alias, alias_lower, source) VALUES ('medicine', '오메가3 (유통기한 지남)', '오메가3 (유통기한 지남)', 'rule');
INSERT INTO aliases (item_id, alias, alias_lower, source) VALUES ('medicine', '유산균 (유통기한 지남)', '유산균 (유통기한 지남)', 'rule');
INSERT INTO aliases (item_id, alias, alias_lower, source) VALUES ('medicine', '의약품', '의약품', 'rule');
INSERT INTO aliases (item_id, alias, alias_lower, source) VALUES ('medicine', '정장제', '정장제', 'rule');
INSERT INTO aliases (item_id, alias, alias_lower, source) VALUES ('medicine', '지사제', '지사제', 'rule');
INSERT INTO aliases (item_id, alias, alias_lower, source) VALUES ('medicine', '진통제', '진통제', 'rule');
INSERT INTO aliases (item_id, alias, alias_lower, source) VALUES ('medicine', '진통제 알약', '진통제 알약', 'rule');
INSERT INTO aliases (item_id, alias, alias_lower, source) VALUES ('medicine', '찜질팩 (다 쓴)', '찜질팩 (다 쓴)', 'rule');
INSERT INTO aliases (item_id, alias, alias_lower, source) VALUES ('medicine', '처방약 (남은)', '처방약 (남은)', 'rule');
INSERT INTO aliases (item_id, alias, alias_lower, source) VALUES ('medicine', '처방약 봉투', '처방약 봉투', 'rule');
INSERT INTO aliases (item_id, alias, alias_lower, source) VALUES ('medicine', '처방약(유통기한 지남)', '처방약(유통기한 지남)', 'rule');
INSERT INTO aliases (item_id, alias, alias_lower, source) VALUES ('medicine', '처방전', '처방전', 'rule');
INSERT INTO aliases (item_id, alias, alias_lower, source) VALUES ('medicine', '충혈제거제', '충혈제거제', 'rule');
INSERT INTO aliases (item_id, alias, alias_lower, source) VALUES ('medicine', '콜레스테롤약', '콜레스테롤약', 'rule');
INSERT INTO aliases (item_id, alias, alias_lower, source) VALUES ('medicine', '파스 (사용한)', '파스 (사용한)', 'rule');
INSERT INTO aliases (item_id, alias, alias_lower, source) VALUES ('medicine', '파스(낡은)', '파스(낡은)', 'rule');
INSERT INTO aliases (item_id, alias, alias_lower, source) VALUES ('medicine', '프로폴리스 (유통기한 지남)', '프로폴리스 (유통기한 지남)', 'rule');
INSERT INTO aliases (item_id, alias, alias_lower, source) VALUES ('medicine', '한약 (남은 환)', '한약 (남은 환)', 'rule');
INSERT INTO aliases (item_id, alias, alias_lower, source) VALUES ('medicine', '한약 (남은)', '한약 (남은)', 'rule');
INSERT INTO aliases (item_id, alias, alias_lower, source) VALUES ('medicine', '한약 가루', '한약 가루', 'rule');
INSERT INTO aliases (item_id, alias, alias_lower, source) VALUES ('medicine', '한약 봉지', '한약 봉지', 'rule');
INSERT INTO aliases (item_id, alias, alias_lower, source) VALUES ('medicine', '한약 즙', '한약 즙', 'rule');
INSERT INTO aliases (item_id, alias, alias_lower, source) VALUES ('medicine', '항우울제', '항우울제', 'rule');
INSERT INTO aliases (item_id, alias, alias_lower, source) VALUES ('medicine', '혈압약', '혈압약', 'rule');
INSERT OR REPLACE INTO items (id, name, category, note, steps, confidence, source_url, source_name, source_grade, feature, caution, last_verified, region_variation, official_classification) VALUES ('종이팩', '종이팩', 'paper', '· 종이팩은 일반 종이와 달리 고품질의 펄프로 제작되어 미용 티슈, 화장지 등 고급 제품으로 재활용이 가능합니다. · 종이팩은 우유, 음료, 두유 등 액체류를 포장하는데 사용되는 용기로 일반팩과 멸균팩이 있습니다. · 일반팩은 주로 우유팩으로 사용되며, 외부와 내부에 PE 코팅이 되어있습니다. · 멸균팩은 산소와 자외선을 막아 장기간 보관할 수 있도록 만들', '["종이팩을 배출할 때에는 일반팩과 멸균팩으로 구분하지 않고 종이팩수거함으로 배출합니다.", "인근에 종이팩수거함이 없는 경우에는 일반 종이류와 구분하여 종이류수거함으로 배출합니다."]', 'high', 'https://xn--oy2b29bd3a601b.kr/front/dischargeMethod/index.do', '분리배출.kr (한국폐기물협회·환경부)', 'A', NULL, '· 내용물을 비우고 물로 헹군 후 배출 · 종이팩은 일반 종이와 구분하여 배출', '2026-05-18', 0, NULL);
INSERT INTO aliases (item_id, alias, alias_lower, source) VALUES ('종이팩', '삼각팩', '삼각팩', 'rule');
INSERT INTO aliases (item_id, alias, alias_lower, source) VALUES ('종이팩', '종이곽', '종이곽', 'rule');
INSERT INTO aliases (item_id, alias, alias_lower, source) VALUES ('종이팩', '카톤', '카톤', 'rule');
INSERT INTO aliases (item_id, alias, alias_lower, source) VALUES ('종이팩', '페이퍼팩', '페이퍼팩', 'rule');
INSERT OR REPLACE INTO items (id, name, category, note, steps, confidence, source_url, source_name, source_grade, feature, caution, last_verified, region_variation, official_classification) VALUES ('메모지', '메모지', 'paper', '· 크기가 작은 종이는 이물질이 묻어 있지 않은 경우에는 종이류로 배출합니다. · 메모지와 같이 크기가 작은 종이는 묶음 그대로 배출하거나 낱개로 배출할 때에는 흩날리지 않도록 종이봉투 등에 담거나 신문지 등에 끼워서 종이로 배출할 수 있습니다. ※ 배출방법은 지역별로 차이가 있을 수 있으니, 해당 지방자치단체에서 정하는 방법이 있는 경우에는 해당 방법에', '["메모지는 종이류수거함으로 배출합니다."]', 'high', 'https://www.xn--oy2b29bd3a601b.kr/front/dischargeMethod/dictionaryView.do?niIdx=21', '분리배출.kr (한국폐기물협회·환경부)', 'A', '· 크기가 작은 종이는 이물질이 묻어 있지 않은 경우에는 종이류로 배출합니다. · 메모지와 같이 크기가 작은 종이는 묶음 그대로 배출하거나 낱개로 배출할 때에는 흩날리지 않도록 종이봉투 등에 담거나 신문지 등에 끼워서 종이로 배출할 수 있습니다. ※ 배출방법은 지역별로 차이가 있을 수 있으니, 해당 지방자치단체에서 정하는 방법이 있는 경우에는 해당 방법에 따라 배출하시기 바랍니다. 가까운 분...', '', '2026-05-18', 0, '["재활용폐기물", "종이"]');
INSERT INTO aliases (item_id, alias, alias_lower, source) VALUES ('메모지', '기록지', '기록지', 'rule');
INSERT INTO aliases (item_id, alias, alias_lower, source) VALUES ('메모지', '끄적임 종이', '끄적임 종이', 'rule');
INSERT INTO aliases (item_id, alias, alias_lower, source) VALUES ('메모지', '노트패드', '노트패드', 'rule');
INSERT INTO aliases (item_id, alias, alias_lower, source) VALUES ('메모지', '떡메모지', '떡메모지', 'rule');
INSERT INTO aliases (item_id, alias, alias_lower, source) VALUES ('메모지', '메모', '메모', 'rule');
INSERT INTO aliases (item_id, alias, alias_lower, source) VALUES ('메모지', '메모 용지', '메모 용지', 'rule');
INSERT INTO aliases (item_id, alias, alias_lower, source) VALUES ('메모지', '메모블록', '메모블록', 'rule');
INSERT INTO aliases (item_id, alias, alias_lower, source) VALUES ('메모지', '붙임쪽지', '붙임쪽지', 'rule');
INSERT INTO aliases (item_id, alias, alias_lower, source) VALUES ('메모지', '점착식 메모지', '점착식 메모지', 'rule');
INSERT INTO aliases (item_id, alias, alias_lower, source) VALUES ('메모지', '쪽지', '쪽지', 'rule');
INSERT INTO aliases (item_id, alias, alias_lower, source) VALUES ('메모지', '탁상 달력', '탁상 달력', 'rule');
INSERT OR REPLACE INTO items (id, name, category, note, steps, confidence, source_url, source_name, source_grade, feature, caution, last_verified, region_variation, official_classification) VALUES ('합성수지 필름', '합성수지 필름', 'general', '· 종이의 종류로는 골판지, 백판지, 백상지, 종이팩이 있습니다. · 종이는 수거하여 종류별로 분류한 후 각각의 제지공장으로 운반되어 해리, 정선, 농축, 고해 과정을 거친 후 펄프와 혼합하여 종이로 재활용하고 있습니다. · 종이에 합성수지를 분사했거나 합성수지필름을 붙여 코팅한 전단지와 카탈로그는 재활용이 어려워 일반쓰레기로 배출해야 합니다.', '["합성수지 필름이 코팅되지 않는 종이는 종이류수거함으로 배출합니다.", "합성수지 필름이 코팅된 종이는 종량제봉투로 배출합니다."]', 'high', 'https://www.xn--oy2b29bd3a601b.kr/front/dischargeMethod/dictionaryView.do?niIdx=22', '분리배출.kr (한국폐기물협회·환경부)', 'A', '· 종이의 종류로는 골판지, 백판지, 백상지, 종이팩이 있습니다. · 종이는 수거하여 종류별로 분류한 후 각각의 제지공장으로 운반되어 해리, 정선, 농축, 고해 과정을 거친 후 펄프와 혼합하여 종이로 재활용하고 있습니다. · 종이에 합성수지를 분사했거나 합성수지필름을 붙여 코팅한 전단지와 카탈로그는 재활용이 어려워 일반쓰레기로 배출해야 합니다.', '· 양면이 코팅된 종이는 재활용이 어려우므로 종량제봉투로 배출', '2026-05-18', 0, '["재활용폐기물", "종이", "일반폐기물", "일반종량제폐기물"]');
INSERT INTO aliases (item_id, alias, alias_lower, source) VALUES ('합성수지 필름', '래핑 필름', '래핑 필름', 'rule');
INSERT INTO aliases (item_id, alias, alias_lower, source) VALUES ('합성수지 필름', '비닐류', '비닐류', 'rule');
INSERT INTO aliases (item_id, alias, alias_lower, source) VALUES ('합성수지 필름', '스트레치 필름', '스트레치 필름', 'rule');
INSERT INTO aliases (item_id, alias, alias_lower, source) VALUES ('합성수지 필름', '식품 랩', '식품 랩', 'rule');
INSERT INTO aliases (item_id, alias, alias_lower, source) VALUES ('합성수지 필름', '얇은 플라스틱', '얇은 플라스틱', 'rule');
INSERT INTO aliases (item_id, alias, alias_lower, source) VALUES ('합성수지 필름', '포장 비닐', '포장 비닐', 'rule');
INSERT INTO aliases (item_id, alias, alias_lower, source) VALUES ('합성수지 필름', '포장용 필름', '포장용 필름', 'rule');
INSERT INTO aliases (item_id, alias, alias_lower, source) VALUES ('합성수지 필름', '플라스틱 랩', '플라스틱 랩', 'rule');
INSERT INTO aliases (item_id, alias, alias_lower, source) VALUES ('합성수지 필름', '플라스틱 필름', '플라스틱 필름', 'rule');
INSERT INTO aliases (item_id, alias, alias_lower, source) VALUES ('합성수지 필름', '합성수지필름', '합성수지필름', 'rule');
INSERT OR REPLACE INTO items (id, name, category, note, steps, confidence, source_url, source_name, source_grade, feature, caution, last_verified, region_variation, official_classification) VALUES ('염색된 정도에 따라 색종이', '염색된 정도에 따라 색종이', 'general', '· 일반 종이에 색을 들인 색종이는 종이류로 배출하면 재활용이 가능합니다. · 다만, 검은색 먹지와 같이 종이의 겉면과 내면이 모두 염색된 종이는 재활용 시 제품 품질에 영향을 미치므로 일반폐기물로 배출하여 주시는 것이 좋습니다. · 이때, 염색 여부를 판단하는 기준은 색종이를 찢었을 때 내면이 색이 입혀진 경우에는 염색된 종이이며, 내면이 하얀 종이인 경', '["염색된 정도에 따라 색종이는 종이류 수거함 또는 종량제봉투로 배출합니다."]', 'high', 'https://www.xn--oy2b29bd3a601b.kr/front/dischargeMethod/dictionaryView.do?niIdx=23', '분리배출.kr (한국폐기물협회·환경부)', 'A', '· 일반 종이에 색을 들인 색종이는 종이류로 배출하면 재활용이 가능합니다. · 다만, 검은색 먹지와 같이 종이의 겉면과 내면이 모두 염색된 종이는 재활용 시 제품 품질에 영향을 미치므로 일반폐기물로 배출하여 주시는 것이 좋습니다. · 이때, 염색 여부를 판단하는 기준은 색종이를 찢었을 때 내면이 색이 입혀진 경우에는 염색된 종이이며, 내면이 하얀 종이인 경우에는 염색되지 않은 종이입니다. ·...', '· 겉면과 내면이 모두 염색된 종이는 재활용이 어려우므로 종량제봉투로 배출', '2026-05-18', 0, '["재활용폐기물", "종이", "일반폐기물", "일반종량제폐기물"]');
INSERT INTO aliases (item_id, alias, alias_lower, source) VALUES ('염색된 정도에 따라 색종이', '공작 종이', '공작 종이', 'rule');
INSERT INTO aliases (item_id, alias, alias_lower, source) VALUES ('염색된 정도에 따라 색종이', '만들기 종이', '만들기 종이', 'rule');
INSERT INTO aliases (item_id, alias, alias_lower, source) VALUES ('염색된 정도에 따라 색종이', '미술용 종이', '미술용 종이', 'rule');
INSERT INTO aliases (item_id, alias, alias_lower, source) VALUES ('염색된 정도에 따라 색종이', '색깔 종이', '색깔 종이', 'rule');
INSERT INTO aliases (item_id, alias, alias_lower, source) VALUES ('염색된 정도에 따라 색종이', '알록달록 종이', '알록달록 종이', 'rule');
INSERT INTO aliases (item_id, alias, alias_lower, source) VALUES ('염색된 정도에 따라 색종이', '염색된정도에따라색종이', '염색된정도에따라색종이', 'rule');
INSERT INTO aliases (item_id, alias, alias_lower, source) VALUES ('염색된 정도에 따라 색종이', '예쁜 종이', '예쁜 종이', 'rule');
INSERT INTO aliases (item_id, alias, alias_lower, source) VALUES ('염색된 정도에 따라 색종이', '오리가미 페이퍼', '오리가미 페이퍼', 'rule');
INSERT INTO aliases (item_id, alias, alias_lower, source) VALUES ('염색된 정도에 따라 색종이', '종이접기 종이', '종이접기 종이', 'rule');
INSERT INTO aliases (item_id, alias, alias_lower, source) VALUES ('염색된 정도에 따라 색종이', '컨스트럭션 페이퍼', '컨스트럭션 페이퍼', 'rule');
INSERT INTO aliases (item_id, alias, alias_lower, source) VALUES ('염색된 정도에 따라 색종이', '컬러 종이', '컬러 종이', 'rule');
INSERT INTO aliases (item_id, alias, alias_lower, source) VALUES ('염색된 정도에 따라 색종이', '컬러 페이퍼', '컬러 페이퍼', 'rule');
INSERT OR REPLACE INTO items (id, name, category, note, steps, confidence, source_url, source_name, source_grade, feature, caution, last_verified, region_variation, official_classification) VALUES ('지관통', '지관통', 'paper', '· 지관통은 포스터나 그림 등을 휴대하기 위해 만들어진 제품으로 강도가 높은 크라프트지를 활용하여 제작하고 있습니다. · 크라프트지는 일반 종이보다 해리시간이 길어 골판지와 함께 배출합니다.', '["지관통은 종이류수거함으로 배출합니다."]', 'high', 'https://www.xn--oy2b29bd3a601b.kr/front/dischargeMethod/dictionaryView.do?niIdx=25', '분리배출.kr (한국폐기물협회·환경부)', 'A', '· 지관통은 포스터나 그림 등을 휴대하기 위해 만들어진 제품으로 강도가 높은 크라프트지를 활용하여 제작하고 있습니다. · 크라프트지는 일반 종이보다 해리시간이 길어 골판지와 함께 배출합니다.', '· 지관통의 금속을 제거한 후 자르거나 압착하여 평평하게 하여 배출', '2026-05-18', 0, '["재활용폐기물", "종이"]');
INSERT INTO aliases (item_id, alias, alias_lower, source) VALUES ('지관통', '두루마리 휴지심', '두루마리 휴지심', 'rule');
INSERT INTO aliases (item_id, alias, alias_lower, source) VALUES ('지관통', '롤심', '롤심', 'rule');
INSERT INTO aliases (item_id, alias, alias_lower, source) VALUES ('지관통', '종이관', '종이관', 'rule');
INSERT INTO aliases (item_id, alias, alias_lower, source) VALUES ('지관통', '종이심', '종이심', 'rule');
INSERT INTO aliases (item_id, alias, alias_lower, source) VALUES ('지관통', '종이통', '종이통', 'rule');
INSERT INTO aliases (item_id, alias, alias_lower, source) VALUES ('지관통', '카드보드 튜브', '카드보드 튜브', 'rule');
INSERT INTO aliases (item_id, alias, alias_lower, source) VALUES ('지관통', '페이퍼 롤', '페이퍼 롤', 'rule');
INSERT INTO aliases (item_id, alias, alias_lower, source) VALUES ('지관통', '페이퍼 튜브', '페이퍼 튜브', 'rule');
INSERT INTO aliases (item_id, alias, alias_lower, source) VALUES ('지관통', '포스터통', '포스터통', 'rule');
INSERT INTO aliases (item_id, alias, alias_lower, source) VALUES ('지관통', '화장지심', '화장지심', 'rule');
INSERT OR REPLACE INTO items (id, name, category, note, steps, confidence, source_url, source_name, source_grade, feature, caution, last_verified, region_variation, official_classification) VALUES ('탁상 달력', '탁상 달력', 'paper', '· 탁상 달력은 종이로 배출하면 재활용이 가능합니다. · 달력의 금속 또는 플라스틱 링은 제거한 후 배출합니다.', '["탁상 달력은 종이류수거함으로 배출합니다."]', 'high', 'https://www.xn--oy2b29bd3a601b.kr/front/dischargeMethod/dictionaryView.do?niIdx=26', '분리배출.kr (한국폐기물협회·환경부)', 'A', '· 탁상 달력은 종이로 배출하면 재활용이 가능합니다. · 달력의 금속 또는 플라스틱 링은 제거한 후 배출합니다.', '· 스프링은 제거한 후 배출', '2026-05-18', 0, '["재활용폐기물", "종이"]');
INSERT INTO aliases (item_id, alias, alias_lower, source) VALUES ('탁상 달력', '데스크 캘린더', '데스크 캘린더', 'rule');
INSERT INTO aliases (item_id, alias, alias_lower, source) VALUES ('탁상 달력', '미니 달력', '미니 달력', 'rule');
INSERT INTO aliases (item_id, alias, alias_lower, source) VALUES ('탁상 달력', '사무실 달력', '사무실 달력', 'rule');
INSERT INTO aliases (item_id, alias, alias_lower, source) VALUES ('탁상 달력', '소형 달력', '소형 달력', 'rule');
INSERT INTO aliases (item_id, alias, alias_lower, source) VALUES ('탁상 달력', '종이 달력', '종이 달력', 'rule');
INSERT INTO aliases (item_id, alias, alias_lower, source) VALUES ('탁상 달력', '책상 달력', '책상 달력', 'rule');
INSERT INTO aliases (item_id, alias, alias_lower, source) VALUES ('탁상 달력', '캘린더', '캘린더', 'rule');
INSERT INTO aliases (item_id, alias, alias_lower, source) VALUES ('탁상 달력', '탁상달력', '탁상달력', 'rule');
INSERT INTO aliases (item_id, alias, alias_lower, source) VALUES ('탁상 달력', '탁상용 달력', '탁상용 달력', 'rule');
INSERT INTO aliases (item_id, alias, alias_lower, source) VALUES ('탁상 달력', '테이블 캘린더', '테이블 캘린더', 'rule');
INSERT INTO aliases (item_id, alias, alias_lower, source) VALUES ('탁상 달력', '회사 달력', '회사 달력', 'rule');
INSERT OR REPLACE INTO items (id, name, category, note, steps, confidence, source_url, source_name, source_grade, feature, caution, last_verified, region_variation, official_classification) VALUES ('정부화일', '정부화일', 'paper', '· 정부화일은 종이(백판지)로 제작되며 비닐이 코팅되어 있지 않아 재활용이 가능합니다. · 정부화일에 문서를 보관할 수 있도록 하는 철제는 제거 후 배출합니다. ※ 배출방법은 지역별로 차이가 있을 수 있으니, 해당 지방자치단체에서 정하는 방법이 있는 경우에는 해당 방법에 따라 배출하시기 바랍니다. 가까운 분리배출 장소를 확인해보세요. 현재 위치에 가까운 배', '["정부화일은 종이류수거함으로 배출합니다."]', 'high', 'https://www.xn--oy2b29bd3a601b.kr/front/dischargeMethod/dictionaryView.do?niIdx=27', '분리배출.kr (한국폐기물협회·환경부)', 'A', '· 정부화일은 종이(백판지)로 제작되며 비닐이 코팅되어 있지 않아 재활용이 가능합니다. · 정부화일에 문서를 보관할 수 있도록 하는 철제는 제거 후 배출합니다. ※ 배출방법은 지역별로 차이가 있을 수 있으니, 해당 지방자치단체에서 정하는 방법이 있는 경우에는 해당 방법에 따라 배출하시기 바랍니다. 가까운 분리배출 장소를 확인해보세요. 현재 위치에 가까운 배출장소가 없습니다. 근처의 다른 지역...', '', '2026-05-18', 0, '["재활용폐기물", "종이"]');
INSERT INTO aliases (item_id, alias, alias_lower, source) VALUES ('정부화일', '황화일', '황화일', 'rule');
INSERT OR REPLACE INTO items (id, name, category, note, steps, confidence, source_url, source_name, source_grade, feature, caution, last_verified, region_variation, official_classification) VALUES ('휴지심', '휴지심', 'paper', '· 휴지심은 화장지를 고정하기 위하여 만들어진 제품으로 강도가 높은 크라프트지를 사용하고 있으며, 종이로 재활용이 가능합니다. · 다만, 동그랗고 부피가 크기 때문에 종이로 배출할 때에는 자르거나 압착하여 평평하게 하여 골판지로 배출합니다. · 종이의 종류로는 골판지, 백판지, 백상지, 종이팩이 있습니다. · 종이는 수거하여 종류별로 분류한 후 각각의 제지', '["휴지심은 종이류수거함으로 배출합니다."]', 'high', 'https://www.xn--oy2b29bd3a601b.kr/front/dischargeMethod/dictionaryView.do?niIdx=29', '분리배출.kr (한국폐기물협회·환경부)', 'A', '· 휴지심은 화장지를 고정하기 위하여 만들어진 제품으로 강도가 높은 크라프트지를 사용하고 있으며, 종이로 재활용이 가능합니다. · 다만, 동그랗고 부피가 크기 때문에 종이로 배출할 때에는 자르거나 압착하여 평평하게 하여 골판지로 배출합니다. · 종이의 종류로는 골판지, 백판지, 백상지, 종이팩이 있습니다. · 종이는 수거하여 종류별로 분류한 후 각각의 제지공장으로 운반되어 해리, 정선, 농축...', '· 평평하게 하여 배출', '2026-05-18', 0, '["재활용폐기물", "종이"]');
INSERT INTO aliases (item_id, alias, alias_lower, source) VALUES ('휴지심', '생리대', '생리대', 'rule');
INSERT INTO aliases (item_id, alias, alias_lower, source) VALUES ('휴지심', '일회용 마스크', '일회용 마스크', 'rule');
INSERT INTO aliases (item_id, alias, alias_lower, source) VALUES ('휴지심', '키친타올 심', '키친타올 심', 'rule');
INSERT INTO aliases (item_id, alias, alias_lower, source) VALUES ('휴지심', '화장솜', '화장솜', 'rule');
INSERT INTO aliases (item_id, alias, alias_lower, source) VALUES ('휴지심', '흡수패드', '흡수패드', 'rule');
INSERT OR REPLACE INTO items (id, name, category, note, steps, confidence, source_url, source_name, source_grade, feature, caution, last_verified, region_variation, official_classification) VALUES ('골판지 상자', '골판지 상자', 'paper', '· 종이의 종류로는 골판지, 백판지, 백상지, 종이팩이 있습니다. · 종이를 배출할 때에는 골판지와 골판지 외 종이류(백판지, 백상지 등)으로 구분하여 배출합니다. · 골판지 상자는 별도의 분리배출함(또는 마대)에 배출하거나 끈 등으로 묶어서 배출합니다. · 택배용 보냉 상자류 등 내부에 알루미늄박, 비닐 등이 부착되어 종이와 분리되지 않는 상자류는 일반쓰', '["골판지 상자는 일반 종이와 구분하여 종이류수거함으로 배출합니다."]', 'high', 'https://www.xn--oy2b29bd3a601b.kr/front/dischargeMethod/dictionaryView.do?niIdx=30', '분리배출.kr (한국폐기물협회·환경부)', 'A', '· 종이의 종류로는 골판지, 백판지, 백상지, 종이팩이 있습니다. · 종이를 배출할 때에는 골판지와 골판지 외 종이류(백판지, 백상지 등)으로 구분하여 배출합니다. · 골판지 상자는 별도의 분리배출함(또는 마대)에 배출하거나 끈 등으로 묶어서 배출합니다. · 택배용 보냉 상자류 등 내부에 알루미늄박, 비닐 등이 부착되어 종이와 분리되지 않는 상자류는 일반쓰레기로 배출합니다. · 골판지 상자...', '· 상자에 부착된 송장은 제거한 후 배출 · 상자에 부착된 테이프는 제거한 후 배출', '2026-05-18', 0, '["재활용폐기물", "종이"]');
INSERT INTO aliases (item_id, alias, alias_lower, source) VALUES ('골판지 상자', '골판지상자', '골판지상자', 'rule');
INSERT INTO aliases (item_id, alias, alias_lower, source) VALUES ('골판지 상자', '이사박스', '이사박스', 'rule');
INSERT INTO aliases (item_id, alias, alias_lower, source) VALUES ('골판지 상자', '종이상자', '종이상자', 'rule');
INSERT INTO aliases (item_id, alias, alias_lower, source) VALUES ('골판지 상자', '짐박스', '짐박스', 'rule');
INSERT INTO aliases (item_id, alias, alias_lower, source) VALUES ('골판지 상자', '카톤 박스', '카톤 박스', 'rule');
INSERT INTO aliases (item_id, alias, alias_lower, source) VALUES ('골판지 상자', '쿠팡박스', '쿠팡박스', 'rule');
INSERT INTO aliases (item_id, alias, alias_lower, source) VALUES ('골판지 상자', '택배박스', '택배박스', 'rule');
INSERT INTO aliases (item_id, alias, alias_lower, source) VALUES ('골판지 상자', '포장상자', '포장상자', 'rule');
INSERT OR REPLACE INTO items (id, name, category, note, steps, confidence, source_url, source_name, source_grade, feature, caution, last_verified, region_variation, official_classification) VALUES ('그림', '그림', 'paper', '· 물감, 사인펜, 색연필 등으로 색칠한 종이는 종이류로 배출하면 재활용이 가능합니다. · 종이는 수거하여 종류별로 분류한 후 각각의 제지공장으로 운반되어 해리, 정선, 농축, 고해 과정을 거친 후 펄프와 혼합하여 종이로 재활용하고 있습니다. · 물감, 사인펜 등으로 염색된 종이는 재활용 표백과정에서 제거가 됩니다. ※ 배출방법은 지역별로 차이가 있을 수', '["그림은 종이류수거함으로 배출합니다."]', 'high', 'https://www.xn--oy2b29bd3a601b.kr/front/dischargeMethod/dictionaryView.do?niIdx=31', '분리배출.kr (한국폐기물협회·환경부)', 'A', '· 물감, 사인펜, 색연필 등으로 색칠한 종이는 종이류로 배출하면 재활용이 가능합니다. · 종이는 수거하여 종류별로 분류한 후 각각의 제지공장으로 운반되어 해리, 정선, 농축, 고해 과정을 거친 후 펄프와 혼합하여 종이로 재활용하고 있습니다. · 물감, 사인펜 등으로 염색된 종이는 재활용 표백과정에서 제거가 됩니다. ※ 배출방법은 지역별로 차이가 있을 수 있으니, 해당 지방자치단체에서 정하는...', '', '2026-05-18', 0, '["재활용폐기물", "종이"]');
INSERT INTO aliases (item_id, alias, alias_lower, source) VALUES ('그림', '그리미', '그리미', 'rule');
INSERT INTO aliases (item_id, alias, alias_lower, source) VALUES ('그림', '그림 종이', '그림 종이', 'rule');
INSERT INTO aliases (item_id, alias, alias_lower, source) VALUES ('그림', '그림장', '그림장', 'rule');
INSERT INTO aliases (item_id, alias, alias_lower, source) VALUES ('그림', '그림지', '그림지', 'rule');
INSERT INTO aliases (item_id, alias, alias_lower, source) VALUES ('그림', '끄적그림', '끄적그림', 'rule');
INSERT INTO aliases (item_id, alias, alias_lower, source) VALUES ('그림', '도화지', '도화지', 'rule');
INSERT INTO aliases (item_id, alias, alias_lower, source) VALUES ('그림', '드로잉', '드로잉', 'rule');
INSERT INTO aliases (item_id, alias, alias_lower, source) VALUES ('그림', '색도화지', '색도화지', 'rule');
INSERT INTO aliases (item_id, alias, alias_lower, source) VALUES ('그림', '스케치', '스케치', 'rule');
INSERT INTO aliases (item_id, alias, alias_lower, source) VALUES ('그림', '일러스트', '일러스트', 'rule');
INSERT INTO aliases (item_id, alias, alias_lower, source) VALUES ('그림', '작품', '작품', 'rule');
INSERT INTO aliases (item_id, alias, alias_lower, source) VALUES ('그림', '화지', '화지', 'rule');
INSERT OR REPLACE INTO items (id, name, category, note, steps, confidence, source_url, source_name, source_grade, feature, caution, last_verified, region_variation, official_classification) VALUES ('교과서', '교과서', 'paper', '·종이의 종류로는 골판지, 백판지, 백상지, 종이팩 등이 있습니다. ·종이를 배출할 때에는 골판지와 골판지 외 종이류(백판지, 백상지 등)으로 구분하여 배출합니다. ·교과서는 신문지, 백상지 등 기타 종이류와 함께 배출합니다.', '["교과서는 종이류수거함으로 배출합니다."]', 'high', 'https://xn--oy2b29bd3a601b.kr/front/dischargeMethod/index.do', '분리배출.kr (한국폐기물협회·환경부)', 'A', NULL, '· 코팅종이, 금박지, 은박지, 검은색 먹지 등은 제거하여 배출', '2026-05-18', 0, NULL);
INSERT INTO aliases (item_id, alias, alias_lower, source) VALUES ('교과서', '공부책', '공부책', 'rule');
INSERT INTO aliases (item_id, alias, alias_lower, source) VALUES ('교과서', '과목책', '과목책', 'rule');
INSERT INTO aliases (item_id, alias, alias_lower, source) VALUES ('교과서', '교재', '교재', 'rule');
INSERT INTO aliases (item_id, alias, alias_lower, source) VALUES ('교과서', '서적', '서적', 'rule');
INSERT INTO aliases (item_id, alias, alias_lower, source) VALUES ('교과서', '수업책', '수업책', 'rule');
INSERT INTO aliases (item_id, alias, alias_lower, source) VALUES ('교과서', '수험서', '수험서', 'rule');
INSERT INTO aliases (item_id, alias, alias_lower, source) VALUES ('교과서', '스터디북', '스터디북', 'rule');
INSERT INTO aliases (item_id, alias, alias_lower, source) VALUES ('교과서', '텍스트북', '텍스트북', 'rule');
INSERT INTO aliases (item_id, alias, alias_lower, source) VALUES ('교과서', '학교책', '학교책', 'rule');
INSERT INTO aliases (item_id, alias, alias_lower, source) VALUES ('교과서', '학습서', '학습서', 'rule');
INSERT OR REPLACE INTO items (id, name, category, note, steps, confidence, source_url, source_name, source_grade, feature, caution, last_verified, region_variation, official_classification) VALUES ('계란판의 재질', '계란판의 재질', 'plastic', '· 계란판은 계란을 보관하며 운반시 깨지지 않도록 보호하는 용기로 재질은 주로 종이 또는 합성수지재질로 제작됩니다.', '["계란판의 재질이 종이인 경우에는 종이류수거함으로 배출합니다.", "계란판의 재질이 플라스틱인 경우에는 플라스틱 수거함으로 배출합니다."]', 'high', 'https://www.xn--oy2b29bd3a601b.kr/front/dischargeMethod/dictionaryView.do?niIdx=35', '분리배출.kr (한국폐기물협회·환경부)', 'A', '· 계란판은 계란을 보관하며 운반시 깨지지 않도록 보호하는 용기로 재질은 주로 종이 또는 합성수지재질로 제작됩니다.', '· 재질에 맞게 배출', '2026-05-18', 0, '["재활용폐기물", "종이", "합성수지 용기류"]');
INSERT INTO aliases (item_id, alias, alias_lower, source) VALUES ('계란판의 재질', '계란판의재질', '계란판의재질', 'rule');
INSERT INTO aliases (item_id, alias, alias_lower, source) VALUES ('계란판의 재질', '종이 완충재', '종이 완충재', 'rule');
INSERT INTO aliases (item_id, alias, alias_lower, source) VALUES ('계란판의 재질', '종이 컵라면', '종이 컵라면', 'rule');
INSERT INTO aliases (item_id, alias, alias_lower, source) VALUES ('계란판의 재질', '종이가방', '종이가방', 'rule');
INSERT OR REPLACE INTO items (id, name, category, note, steps, confidence, source_url, source_name, source_grade, feature, caution, last_verified, region_variation, official_classification) VALUES ('깨끗한 피자박스', '깨끗한 피자박스', 'paper', '· 종이는 수거하여 종류별로 분류한 후 각각의 제지공장으로 운반되어 해리, 정선, 농축, 고해 과정을 거친 후 펄프와 혼합하여 종이로 재활용하고 있습니다. · 피자박스, 치킨박스 등 음식포장박스는 내용물을 비우고 이물질이 묻지 않았다면 종이류로 배출합니다. · 이물질이 묻은 경우에는 종량제봉투로 배출합니다. ※ 배출방법은 지역별로 차이가 있을 수 있으니,', '["깨끗한 피자박스는 종이류로 배출합니다."]', 'high', 'https://www.xn--oy2b29bd3a601b.kr/front/dischargeMethod/dictionaryView.do?niIdx=37', '분리배출.kr (한국폐기물협회·환경부)', 'A', '· 종이는 수거하여 종류별로 분류한 후 각각의 제지공장으로 운반되어 해리, 정선, 농축, 고해 과정을 거친 후 펄프와 혼합하여 종이로 재활용하고 있습니다. · 피자박스, 치킨박스 등 음식포장박스는 내용물을 비우고 이물질이 묻지 않았다면 종이류로 배출합니다. · 이물질이 묻은 경우에는 종량제봉투로 배출합니다. ※ 배출방법은 지역별로 차이가 있을 수 있으니, 해당 지방자치단체에서 정하는 방법이...', '', '2026-05-18', 0, '["재활용폐기물", "종이"]');
INSERT INTO aliases (item_id, alias, alias_lower, source) VALUES ('깨끗한 피자박스', 'Pizza box', 'pizza box', 'rule');
INSERT INTO aliases (item_id, alias, alias_lower, source) VALUES ('깨끗한 피자박스', '깨끗한 피자 용기', '깨끗한 피자 용기', 'rule');
INSERT INTO aliases (item_id, alias, alias_lower, source) VALUES ('깨끗한 피자박스', '깨끗한피자박스', '깨끗한피자박스', 'rule');
INSERT INTO aliases (item_id, alias, alias_lower, source) VALUES ('깨끗한 피자박스', '배달 피자 상자', '배달 피자 상자', 'rule');
INSERT INTO aliases (item_id, alias, alias_lower, source) VALUES ('깨끗한 피자박스', '종이 피자 상자', '종이 피자 상자', 'rule');
INSERT INTO aliases (item_id, alias, alias_lower, source) VALUES ('깨끗한 피자박스', '페이퍼 피자박스', '페이퍼 피자박스', 'rule');
INSERT INTO aliases (item_id, alias, alias_lower, source) VALUES ('깨끗한 피자박스', '피자 박뚜', '피자 박뚜', 'rule');
INSERT INTO aliases (item_id, alias, alias_lower, source) VALUES ('깨끗한 피자박스', '피자 박수', '피자 박수', 'rule');
INSERT INTO aliases (item_id, alias, alias_lower, source) VALUES ('깨끗한 피자박스', '피자 상자', '피자 상자', 'rule');
INSERT INTO aliases (item_id, alias, alias_lower, source) VALUES ('깨끗한 피자박스', '피자 케이스', '피자 케이스', 'rule');
INSERT INTO aliases (item_id, alias, alias_lower, source) VALUES ('깨끗한 피자박스', '피자 포장 상자', '피자 포장 상자', 'rule');
INSERT INTO aliases (item_id, alias, alias_lower, source) VALUES ('깨끗한 피자박스', '피자곽', '피자곽', 'rule');
INSERT INTO aliases (item_id, alias, alias_lower, source) VALUES ('깨끗한 피자박스', '피자통', '피자통', 'rule');
INSERT OR REPLACE INTO items (id, name, category, note, steps, confidence, source_url, source_name, source_grade, feature, caution, last_verified, region_variation, official_classification) VALUES ('슈트리', '슈트리', 'general', '· 슈트리는 신발 모양을 유지해주는 제품입니다. · 슈트리가 단일재질이 경우에는 재질에 맞게 종이와 플라스틱으로 각각 배출합니다. · 나무, 플라스틱, 고철 등 복합재질인 경우 일반쓰레기로 배출합니다.', '["슈트리는 재질에 맞게 종이류 수거함, 플라스틱 수거함에 배출합니다.", "슈트리가 복합재질인 경우 종량제봉투로 배출합니다."]', 'high', 'https://www.xn--oy2b29bd3a601b.kr/front/dischargeMethod/dictionaryView.do?niIdx=38', '분리배출.kr (한국폐기물협회·환경부)', 'A', '· 슈트리는 신발 모양을 유지해주는 제품입니다. · 슈트리가 단일재질이 경우에는 재질에 맞게 종이와 플라스틱으로 각각 배출합니다. · 나무, 플라스틱, 고철 등 복합재질인 경우 일반쓰레기로 배출합니다.', '· 재질에 맞게 배출', '2026-05-18', 0, '["재활용폐기물", "종이", "합성수지 용기류", "일반폐기물"]');
INSERT INTO aliases (item_id, alias, alias_lower, source) VALUES ('슈트리', 'shoe tree', 'shoe tree', 'rule');
INSERT INTO aliases (item_id, alias, alias_lower, source) VALUES ('슈트리', '구두 지지대', '구두 지지대', 'rule');
INSERT INTO aliases (item_id, alias, alias_lower, source) VALUES ('슈트리', '구두 틀', '구두 틀', 'rule');
INSERT INTO aliases (item_id, alias, alias_lower, source) VALUES ('슈트리', '구두골', '구두골', 'rule');
INSERT INTO aliases (item_id, alias, alias_lower, source) VALUES ('슈트리', '담뱃갑', '담뱃갑', 'rule');
INSERT INTO aliases (item_id, alias, alias_lower, source) VALUES ('슈트리', '슈 쉐이퍼', '슈 쉐이퍼', 'rule');
INSERT INTO aliases (item_id, alias, alias_lower, source) VALUES ('슈트리', '슈 키퍼', '슈 키퍼', 'rule');
INSERT INTO aliases (item_id, alias, alias_lower, source) VALUES ('슈트리', '신발 모양 잡는 것', '신발 모양 잡는 것', 'rule');
INSERT INTO aliases (item_id, alias, alias_lower, source) VALUES ('슈트리', '신발 받침대', '신발 받침대', 'rule');
INSERT INTO aliases (item_id, alias, alias_lower, source) VALUES ('슈트리', '신발 보형기', '신발 보형기', 'rule');
INSERT INTO aliases (item_id, alias, alias_lower, source) VALUES ('슈트리', '신발 속대', '신발 속대', 'rule');
INSERT INTO aliases (item_id, alias, alias_lower, source) VALUES ('슈트리', '신발 형태 유지기', '신발 형태 유지기', 'rule');
INSERT INTO aliases (item_id, alias, alias_lower, source) VALUES ('슈트리', '신발골', '신발골', 'rule');
INSERT INTO aliases (item_id, alias, alias_lower, source) VALUES ('슈트리', '종이 퍼즐', '종이 퍼즐', 'rule');
INSERT INTO aliases (item_id, alias, alias_lower, source) VALUES ('슈트리', '화구통', '화구통', 'rule');
INSERT OR REPLACE INTO items (id, name, category, note, steps, confidence, source_url, source_name, source_grade, feature, caution, last_verified, region_variation, official_classification) VALUES ('담뱃갑', '담뱃갑', 'general', '· 담뱃갑은 종이, 비닐, 은박지가 혼합된 제품으로 일반쓰레기로 배출합니다. · 다만 비닐과 종이를 분리하여 배출하는 경우에는 포장비닐은 비닐류로 배출하고, 종이 케이스는 은박지를 제거하고 종이류 수거함으로 배출합니다. · 은박지는 종량제봉투로 배출합니다. ※ 배출방법은 지역별로 차이가 있을 수 있으니, 해당 지방자치단체에서 정하는 방법이 있는 경우에는 해', '["담뱃갑은 종량제봉투로 배출합니다."]', 'high', 'https://www.xn--oy2b29bd3a601b.kr/front/dischargeMethod/dictionaryView.do?niIdx=39', '분리배출.kr (한국폐기물협회·환경부)', 'A', '· 담뱃갑은 종이, 비닐, 은박지가 혼합된 제품으로 일반쓰레기로 배출합니다. · 다만 비닐과 종이를 분리하여 배출하는 경우에는 포장비닐은 비닐류로 배출하고, 종이 케이스는 은박지를 제거하고 종이류 수거함으로 배출합니다. · 은박지는 종량제봉투로 배출합니다. ※ 배출방법은 지역별로 차이가 있을 수 있으니, 해당 지방자치단체에서 정하는 방법이 있는 경우에는 해당 방법에 따라 배출하시기 바랍니다....', '', '2026-05-18', 0, '["일반폐기물", "일반종량제폐기물"]');
INSERT INTO aliases (item_id, alias, alias_lower, source) VALUES ('담뱃갑', '담배 껍데기', '담배 껍데기', 'rule');
INSERT INTO aliases (item_id, alias, alias_lower, source) VALUES ('담뱃갑', '담배 박스', '담배 박스', 'rule');
INSERT INTO aliases (item_id, alias, alias_lower, source) VALUES ('담뱃갑', '담배 종이곽', '담배 종이곽', 'rule');
INSERT INTO aliases (item_id, alias, alias_lower, source) VALUES ('담뱃갑', '담배 팩', '담배 팩', 'rule');
INSERT INTO aliases (item_id, alias, alias_lower, source) VALUES ('담뱃갑', '담배곽', '담배곽', 'rule');
INSERT INTO aliases (item_id, alias, alias_lower, source) VALUES ('담뱃갑', '담배상자', '담배상자', 'rule');
INSERT INTO aliases (item_id, alias, alias_lower, source) VALUES ('담뱃갑', '담배포장재', '담배포장재', 'rule');
INSERT INTO aliases (item_id, alias, alias_lower, source) VALUES ('담뱃갑', '레종 갑', '레종 갑', 'rule');
INSERT INTO aliases (item_id, alias, alias_lower, source) VALUES ('담뱃갑', '말보로 갑', '말보로 갑', 'rule');
INSERT INTO aliases (item_id, alias, alias_lower, source) VALUES ('담뱃갑', '시가렛 팩', '시가렛 팩', 'rule');
INSERT INTO aliases (item_id, alias, alias_lower, source) VALUES ('담뱃갑', '에쎄 갑', '에쎄 갑', 'rule');
INSERT OR REPLACE INTO items (id, name, category, note, steps, confidence, source_url, source_name, source_grade, feature, caution, last_verified, region_variation, official_classification) VALUES ('냄비', '냄비', 'can', '· 냄비, 프라이팬 등은 대부분 금속으로 제작되어 있어 고철수거함으로 배출합니다. · 금속제품은 재활용 선별장에서 철캔, 알루미늄 캔, 생활철, 스테인리스 등으로 선별하여 제철소로 운반되며 이후 용융 과정을 거쳐 철판, 알루미늄 판 등으로 재활용하고 있습니다.', '["냄비는 고철수거함으로 배출합니다."]', 'high', 'https://www.xn--oy2b29bd3a601b.kr/front/dischargeMethod/dictionaryView.do?niIdx=45', '분리배출.kr (한국폐기물협회·환경부)', 'A', '· 냄비, 프라이팬 등은 대부분 금속으로 제작되어 있어 고철수거함으로 배출합니다. · 금속제품은 재활용 선별장에서 철캔, 알루미늄 캔, 생활철, 스테인리스 등으로 선별하여 제철소로 운반되며 이후 용융 과정을 거쳐 철판, 알루미늄 판 등으로 재활용하고 있습니다.', '· 고철 외 다른 재질이 섞인 정도에 따라 고철 수거함 또는 종량제봉투로 배출', '2026-05-18', 0, '["재활용폐기물", "금속류", "고철"]');
INSERT INTO aliases (item_id, alias, alias_lower, source) VALUES ('냄비', 'pot', 'pot', 'rule');
INSERT OR REPLACE INTO items (id, name, category, note, steps, confidence, source_url, source_name, source_grade, feature, caution, last_verified, region_variation, official_classification) VALUES ('가마솥', '가마솥', 'furniture', '· 가마솥은 예로부터 음식을 끓이거나 밥을 짓는데 사용하는 주방도구로 주로 철(무쇠)로 제작하고 있습니다. · 금속제품은 재활용 선별장에서 철캔, 알루미늄 캔, 생활철, 스테인리스 등으로 선별하여 제철소로 운반되며 이후 용융 과정을 거쳐 철판, 알루미늄 판 등으로 재활용하고 있습니다. ※ 배출방법은 지역별로 차이가 있을 수 있으니, 해당 지방자치단체에서 정', '["가마솥은 고철수거함으로 배출합니다.", "가마솥의 크기, 무게가 커 고철수거함으로 배출하기 어려운 경우에는 대형폐기물로 배출합니다."]', 'high', 'https://www.xn--oy2b29bd3a601b.kr/front/dischargeMethod/dictionaryView.do?niIdx=46', '분리배출.kr (한국폐기물협회·환경부)', 'A', '· 가마솥은 예로부터 음식을 끓이거나 밥을 짓는데 사용하는 주방도구로 주로 철(무쇠)로 제작하고 있습니다. · 금속제품은 재활용 선별장에서 철캔, 알루미늄 캔, 생활철, 스테인리스 등으로 선별하여 제철소로 운반되며 이후 용융 과정을 거쳐 철판, 알루미늄 판 등으로 재활용하고 있습니다. ※ 배출방법은 지역별로 차이가 있을 수 있으니, 해당 지방자치단체에서 정하는 방법이 있는 경우에는 해당 방법...', '', '2026-05-18', 0, '["재활용폐기물", "금속류", "고철", "대형폐기물"]');
INSERT OR REPLACE INTO items (id, name, category, note, steps, confidence, source_url, source_name, source_grade, feature, caution, last_verified, region_variation, official_classification) VALUES ('철사', '철사', 'can', '· 철사는 쇠로 만든 가는 줄로 공예, 원예 등에 주로 사용되는 제품입니다. · 금속제품은 재활용 선별장에서 철캔, 알루미늄 캔, 생활철, 스테인리스 등으로 선별하여 제철소로 운반되며 이후 용융 과정을 거쳐 철판, 알루미늄 판 등으로 재활용하고 있습니다.', '["철사는 고철수거함으로 배출합니다."]', 'high', 'https://www.xn--oy2b29bd3a601b.kr/front/dischargeMethod/dictionaryView.do?niIdx=47', '분리배출.kr (한국폐기물협회·환경부)', 'A', '· 철사는 쇠로 만든 가는 줄로 공예, 원예 등에 주로 사용되는 제품입니다. · 금속제품은 재활용 선별장에서 철캔, 알루미늄 캔, 생활철, 스테인리스 등으로 선별하여 제철소로 운반되며 이후 용융 과정을 거쳐 철판, 알루미늄 판 등으로 재활용하고 있습니다.', '· 긴 철사는 접거나 묶은 후 배출 · 철사에 피복이 있는 경우에는 재활용이 어려워 종량제봉투로 배출', '2026-05-18', 0, '["재활용폐기물", "금속류", "고철"]');
INSERT INTO aliases (item_id, alias, alias_lower, source) VALUES ('철사', '가는 철사', '가는 철사', 'rule');
INSERT INTO aliases (item_id, alias, alias_lower, source) VALUES ('철사', '메탈 와이어', '메탈 와이어', 'rule');
INSERT INTO aliases (item_id, alias, alias_lower, source) VALUES ('철사', '봉선', '봉선', 'rule');
INSERT INTO aliases (item_id, alias, alias_lower, source) VALUES ('철사', '쇠줄', '쇠줄', 'rule');
INSERT INTO aliases (item_id, alias, alias_lower, source) VALUES ('철사', '스틸 와이어', '스틸 와이어', 'rule');
INSERT INTO aliases (item_id, alias, alias_lower, source) VALUES ('철사', '옷걸이 철사', '옷걸이 철사', 'rule');
INSERT INTO aliases (item_id, alias, alias_lower, source) VALUES ('철사', '철끈', '철끈', 'rule');
INSERT INTO aliases (item_id, alias, alias_lower, source) VALUES ('철사', '철사줄', '철사줄', 'rule');
INSERT INTO aliases (item_id, alias, alias_lower, source) VALUES ('철사', '철선', '철선', 'rule');
INSERT INTO aliases (item_id, alias, alias_lower, source) VALUES ('철사', '철심', '철심', 'rule');
INSERT OR REPLACE INTO items (id, name, category, note, steps, confidence, source_url, source_name, source_grade, feature, caution, last_verified, region_variation, official_classification) VALUES ('다량의 클립', '다량의 클립', 'can', '· 클립은 고철 단일재질로 재활용이 가능합니다. · 다만, 클립의 크기가 작아 낱개로 배출할 경우 선별시설에서 선별이 어려워 잔재물로 배출되는 경우가 많습니다. · 크기가 작은 고철제품은 낱개로 배출할 경우 종량제봉투로 배출하는 것이 좋으며, 종량제봉투로 배출한 제품은 소각시설로 반입되어 소각처리되며, 이때 반입된 금속성분은 금속분리기에 의해 분리 및 선별', '["다량의 클립은 고철수거함으로 배출합니다.", "낱개의 클립은 종량제봉투로 배출합니다."]', 'high', 'https://www.xn--oy2b29bd3a601b.kr/front/dischargeMethod/dictionaryView.do?niIdx=48', '분리배출.kr (한국폐기물협회·환경부)', 'A', '· 클립은 고철 단일재질로 재활용이 가능합니다. · 다만, 클립의 크기가 작아 낱개로 배출할 경우 선별시설에서 선별이 어려워 잔재물로 배출되는 경우가 많습니다. · 크기가 작은 고철제품은 낱개로 배출할 경우 종량제봉투로 배출하는 것이 좋으며, 종량제봉투로 배출한 제품은 소각시설로 반입되어 소각처리되며, 이때 반입된 금속성분은 금속분리기에 의해 분리 및 선별되어 고철로 재활용합니다. · 다량으...', '', '2026-05-18', 0, '["재활용폐기물", "금속류", "고철"]');
INSERT INTO aliases (item_id, alias, alias_lower, source) VALUES ('다량의 클립', '다량의클립', '다량의클립', 'rule');
INSERT INTO aliases (item_id, alias, alias_lower, source) VALUES ('다량의 클립', '더블 클립', '더블 클립', 'rule');
INSERT INTO aliases (item_id, alias, alias_lower, source) VALUES ('다량의 클립', '문구용 클립', '문구용 클립', 'rule');
INSERT INTO aliases (item_id, alias, alias_lower, source) VALUES ('다량의 클립', '바인더 클립', '바인더 클립', 'rule');
INSERT INTO aliases (item_id, alias, alias_lower, source) VALUES ('다량의 클립', '사무용 클립', '사무용 클립', 'rule');
INSERT INTO aliases (item_id, alias, alias_lower, source) VALUES ('다량의 클립', '옷핀', '옷핀', 'rule');
INSERT INTO aliases (item_id, alias, alias_lower, source) VALUES ('다량의 클립', '종이 클립', '종이 클립', 'rule');
INSERT INTO aliases (item_id, alias, alias_lower, source) VALUES ('다량의 클립', '찝게', '찝게', 'rule');
INSERT INTO aliases (item_id, alias, alias_lower, source) VALUES ('다량의 클립', '철 클립', '철 클립', 'rule');
INSERT INTO aliases (item_id, alias, alias_lower, source) VALUES ('다량의 클립', '클립 묶음', '클립 묶음', 'rule');
INSERT INTO aliases (item_id, alias, alias_lower, source) VALUES ('다량의 클립', '클립들', '클립들', 'rule');
INSERT INTO aliases (item_id, alias, alias_lower, source) VALUES ('다량의 클립', '클립뭉치', '클립뭉치', 'rule');
INSERT INTO aliases (item_id, alias, alias_lower, source) VALUES ('다량의 클립', '페이퍼 클립', '페이퍼 클립', 'rule');
INSERT INTO aliases (item_id, alias, alias_lower, source) VALUES ('다량의 클립', '핀치 클립', '핀치 클립', 'rule');
INSERT OR REPLACE INTO items (id, name, category, note, steps, confidence, source_url, source_name, source_grade, feature, caution, last_verified, region_variation, official_classification) VALUES ('압축봉', '압축봉', 'plastic', '· 압축봉은 금속, 플라스틱, 목재 등이 혼합된 복합재질 제품으로 재활용이 어렵습니다. · 금속, 플라스틱 등 단일재질로 분리가 가능한 경우에는 각각 분리하여 금속은 고철 수거함에 배출하고, 플라스틱은 재활용품으로, 목재는 일반쓰레기로 배출합니다. · 재질별로 분리하기 어려운 제품은 종량제봉투로 배출하거나 크기가 큰 제품인 경우 대형폐기물로 배출합니다.', '["압축봉은 분리한 후 재질에 맞게 고철수거함, 플라스틱 수거함 등으로 배출합니다.", "재질별 분리가 어려운 경우에는 종량제봉투로 배출합니다.", "크기가 크거나 무게가 무거운 제품은 대형폐기물로 배출합니다."]', 'high', 'https://www.xn--oy2b29bd3a601b.kr/front/dischargeMethod/dictionaryView.do?niIdx=50', '분리배출.kr (한국폐기물협회·환경부)', 'A', '· 압축봉은 금속, 플라스틱, 목재 등이 혼합된 복합재질 제품으로 재활용이 어렵습니다. · 금속, 플라스틱 등 단일재질로 분리가 가능한 경우에는 각각 분리하여 금속은 고철 수거함에 배출하고, 플라스틱은 재활용품으로, 목재는 일반쓰레기로 배출합니다. · 재질별로 분리하기 어려운 제품은 종량제봉투로 배출하거나 크기가 큰 제품인 경우 대형폐기물로 배출합니다.', '· 재질별로 분리가 가능하다면 가급적 분리한 후 재질에 맞게 배출', '2026-05-18', 0, '["재활용폐기물", "금속류", "고철", "합성수지 용기류"]');
INSERT INTO aliases (item_id, alias, alias_lower, source) VALUES ('압축봉', '길이조절봉', '길이조절봉', 'rule');
INSERT INTO aliases (item_id, alias, alias_lower, source) VALUES ('압축봉', '늘어나는 봉', '늘어나는 봉', 'rule');
INSERT INTO aliases (item_id, alias, alias_lower, source) VALUES ('압축봉', '다용도봉', '다용도봉', 'rule');
INSERT INTO aliases (item_id, alias, alias_lower, source) VALUES ('압축봉', '다이소 압축봉', '다이소 압축봉', 'rule');
INSERT INTO aliases (item_id, alias, alias_lower, source) VALUES ('압축봉', '미니 압축봉', '미니 압축봉', 'rule');
INSERT INTO aliases (item_id, alias, alias_lower, source) VALUES ('압축봉', '벽걸이봉', '벽걸이봉', 'rule');
INSERT INTO aliases (item_id, alias, alias_lower, source) VALUES ('압축봉', '선반봉', '선반봉', 'rule');
INSERT INTO aliases (item_id, alias, alias_lower, source) VALUES ('압축봉', '스프링봉', '스프링봉', 'rule');
INSERT INTO aliases (item_id, alias, alias_lower, source) VALUES ('압축봉', '압축 바', '압축 바', 'rule');
INSERT INTO aliases (item_id, alias, alias_lower, source) VALUES ('압축봉', '장력봉', '장력봉', 'rule');
INSERT INTO aliases (item_id, alias, alias_lower, source) VALUES ('압축봉', '커튼 압축봉', '커튼 압축봉', 'rule');
INSERT INTO aliases (item_id, alias, alias_lower, source) VALUES ('압축봉', '텐션봉', '텐션봉', 'rule');
INSERT OR REPLACE INTO items (id, name, category, note, steps, confidence, source_url, source_name, source_grade, feature, caution, last_verified, region_variation, official_classification) VALUES ('아령(덤벨)', '아령(덤벨)', 'furniture', '· 아령, 덤벨 등 소형 운동기구는 대부분 철로 구성되어 있습니다. · 일부 제품의 경우 플라스틱, 고무 등이 혼합되어 있으나 전체 중량 대비 소량에 해당되므로 고철로 배출하면 됩니다. · 바벨, 벤치프레스 등 제품의 크기가 크고 무거운 제품은 대형폐기물로 배출합니다. · 금속제품은 재활용 선별장에서 철캔, 알루미늄 캔, 생활철, 스테인리스 등으로 선별하여', '["아령(덤벨)은 고철수거함으로 배출합니다."]', 'high', 'https://www.xn--oy2b29bd3a601b.kr/front/dischargeMethod/dictionaryView.do?niIdx=51', '분리배출.kr (한국폐기물협회·환경부)', 'A', '· 아령, 덤벨 등 소형 운동기구는 대부분 철로 구성되어 있습니다. · 일부 제품의 경우 플라스틱, 고무 등이 혼합되어 있으나 전체 중량 대비 소량에 해당되므로 고철로 배출하면 됩니다. · 바벨, 벤치프레스 등 제품의 크기가 크고 무거운 제품은 대형폐기물로 배출합니다. · 금속제품은 재활용 선별장에서 철캔, 알루미늄 캔, 생활철, 스테인리스 등으로 선별하여 제철소로 운반되며 이후 용융 과정을...', '· 덤벨봉과 덤벨원판은 분리한 후 배출 · 고철 외 다른 재질이 섞인 정도에 따라 고철 수거함 또는 대형폐기물로 배출', '2026-05-18', 0, '["재활용폐기물", "금속류", "고철", "대형폐기물"]');
INSERT INTO aliases (item_id, alias, alias_lower, source) VALUES ('아령(덤벨)', '고무아령', '고무아령', 'rule');
INSERT INTO aliases (item_id, alias, alias_lower, source) VALUES ('아령(덤벨)', '덤벨추', '덤벨추', 'rule');
INSERT INTO aliases (item_id, alias, alias_lower, source) VALUES ('아령(덤벨)', '멜킨아령', '멜킨아령', 'rule');
INSERT INTO aliases (item_id, alias, alias_lower, source) VALUES ('아령(덤벨)', '손무게', '손무게', 'rule');
INSERT INTO aliases (item_id, alias, alias_lower, source) VALUES ('아령(덤벨)', '손아령', '손아령', 'rule');
INSERT INTO aliases (item_id, alias, alias_lower, source) VALUES ('아령(덤벨)', '쇠덩이', '쇠덩이', 'rule');
INSERT INTO aliases (item_id, alias, alias_lower, source) VALUES ('아령(덤벨)', '아롱이', '아롱이', 'rule');
INSERT INTO aliases (item_id, alias, alias_lower, source) VALUES ('아령(덤벨)', '아룡이', '아룡이', 'rule');
INSERT INTO aliases (item_id, alias, alias_lower, source) VALUES ('아령(덤벨)', '운동추', '운동추', 'rule');
INSERT INTO aliases (item_id, alias, alias_lower, source) VALUES ('아령(덤벨)', '조절식아령', '조절식아령', 'rule');
INSERT INTO aliases (item_id, alias, alias_lower, source) VALUES ('아령(덤벨)', '프리웨이트', '프리웨이트', 'rule');
INSERT INTO aliases (item_id, alias, alias_lower, source) VALUES ('아령(덤벨)', '핸드웨이트', '핸드웨이트', 'rule');
INSERT OR REPLACE INTO items (id, name, category, note, steps, confidence, source_url, source_name, source_grade, feature, caution, last_verified, region_variation, official_classification) VALUES ('수도배관의 재질', '수도배관의 재질', 'general', '· 수도관은 스테인리스 강관이나 동관, PVC 등으로 제작하고 있습니다. · 금속재질의 수도관은 가급적 부피를 최소화한 후 이물질을 제거하여 고철수거함으로 배출하여 주시면 재활용이 가능합니다. · 플라스틱 관 또는 다양한 재질이 혼합된 복합재질 제품은 재활용이 어렵습니다. ※ 배출방법은 지역별로 차이가 있을 수 있으니, 해당 지방자치단체에서 정하는 방법이', '["수도배관의 재질이 금속 단일재질인 경우에는 고철수거함으로 배출합니다.", "수도배관이 플라스틱, 고무 등 다양한 재질이 혼합된 경우에는 종량제봉투로 배출합니다."]', 'high', 'https://www.xn--oy2b29bd3a601b.kr/front/dischargeMethod/dictionaryView.do?niIdx=52', '분리배출.kr (한국폐기물협회·환경부)', 'A', '· 수도관은 스테인리스 강관이나 동관, PVC 등으로 제작하고 있습니다. · 금속재질의 수도관은 가급적 부피를 최소화한 후 이물질을 제거하여 고철수거함으로 배출하여 주시면 재활용이 가능합니다. · 플라스틱 관 또는 다양한 재질이 혼합된 복합재질 제품은 재활용이 어렵습니다. ※ 배출방법은 지역별로 차이가 있을 수 있으니, 해당 지방자치단체에서 정하는 방법이 있는 경우에는 해당 방법에 따라 배출...', '', '2026-05-18', 0, '["재활용폐기물", "금속류", "고철", "일반폐기물", "일반종량제폐기물"]');
INSERT INTO aliases (item_id, alias, alias_lower, source) VALUES ('수도배관의 재질', 'PE 파이프', 'pe 파이프', 'rule');
INSERT INTO aliases (item_id, alias, alias_lower, source) VALUES ('수도배관의 재질', 'PVC 파이프', 'pvc 파이프', 'rule');
INSERT INTO aliases (item_id, alias, alias_lower, source) VALUES ('수도배관의 재질', 'Pipe material', 'pipe material', 'rule');
INSERT INTO aliases (item_id, alias, alias_lower, source) VALUES ('수도배관의 재질', '강관', '강관', 'rule');
INSERT INTO aliases (item_id, alias, alias_lower, source) VALUES ('수도배관의 재질', '급수관 재질', '급수관 재질', 'rule');
INSERT INTO aliases (item_id, alias, alias_lower, source) VALUES ('수도배관의 재질', '동관', '동관', 'rule');
INSERT INTO aliases (item_id, alias, alias_lower, source) VALUES ('수도배관의 재질', '배관 재료', '배관 재료', 'rule');
INSERT INTO aliases (item_id, alias, alias_lower, source) VALUES ('수도배관의 재질', '배관재', '배관재', 'rule');
INSERT INTO aliases (item_id, alias, alias_lower, source) VALUES ('수도배관의 재질', '수도관 재질', '수도관 재질', 'rule');
INSERT INTO aliases (item_id, alias, alias_lower, source) VALUES ('수도배관의 재질', '수도배관의재질', '수도배관의재질', 'rule');
INSERT INTO aliases (item_id, alias, alias_lower, source) VALUES ('수도배관의 재질', '스테인리스 배관', '스테인리스 배관', 'rule');
INSERT INTO aliases (item_id, alias, alias_lower, source) VALUES ('수도배관의 재질', '주철관', '주철관', 'rule');
INSERT INTO aliases (item_id, alias, alias_lower, source) VALUES ('수도배관의 재질', '파이프 재질', '파이프 재질', 'rule');
INSERT OR REPLACE INTO items (id, name, category, note, steps, confidence, source_url, source_name, source_grade, feature, caution, last_verified, region_variation, official_classification) VALUES ('수전의 재질', '수전의 재질', 'general', '· 수전은 금속, 플라스틱, 고무 등이 혼합된 복합재질 제품입니다. · 가급적 재질에 맞게 분리하여 배출하고 분리가 어려운 경우에는 일반쓰레기로 배출합니다. ※ 배출방법은 지역별로 차이가 있을 수 있으니, 해당 지방자치단체에서 정하는 방법이 있는 경우에는 해당 방법에 따라 배출하시기 바랍니다. 가까운 분리배출 장소를 확인해보세요. 현재 위치에 가까운 배출장', '["수전의 재질이 금속 단일재질인 경우에는 고철 수거함으로 배출합니다.", "수전이 플라스틱, 고무 등 다양한 재질이 혼합된 경우에는 종량제봉투로 배출합니다."]', 'high', 'https://www.xn--oy2b29bd3a601b.kr/front/dischargeMethod/dictionaryView.do?niIdx=53', '분리배출.kr (한국폐기물협회·환경부)', 'A', '· 수전은 금속, 플라스틱, 고무 등이 혼합된 복합재질 제품입니다. · 가급적 재질에 맞게 분리하여 배출하고 분리가 어려운 경우에는 일반쓰레기로 배출합니다. ※ 배출방법은 지역별로 차이가 있을 수 있으니, 해당 지방자치단체에서 정하는 방법이 있는 경우에는 해당 방법에 따라 배출하시기 바랍니다. 가까운 분리배출 장소를 확인해보세요. 현재 위치에 가까운 배출장소가 없습니다. 근처의 다른 지역을...', '', '2026-05-18', 0, '["재활용폐기물", "금속류", "고철", "일반폐기물", "일반종량제폐기물"]');
INSERT INTO aliases (item_id, alias, alias_lower, source) VALUES ('수전의 재질', '변기', '변기', 'rule');
INSERT INTO aliases (item_id, alias, alias_lower, source) VALUES ('수전의 재질', '변기커버', '변기커버', 'rule');
INSERT INTO aliases (item_id, alias, alias_lower, source) VALUES ('수전의 재질', '세면대', '세면대', 'rule');
INSERT INTO aliases (item_id, alias, alias_lower, source) VALUES ('수전의 재질', '수도꼭지', '수도꼭지', 'rule');
INSERT INTO aliases (item_id, alias, alias_lower, source) VALUES ('수전의 재질', '수전의재질', '수전의재질', 'rule');
INSERT INTO aliases (item_id, alias, alias_lower, source) VALUES ('수전의 재질', '욕실 코너선반', '욕실 코너선반', 'rule');
INSERT INTO aliases (item_id, alias, alias_lower, source) VALUES ('수전의 재질', '욕실선반', '욕실선반', 'rule');
INSERT INTO aliases (item_id, alias, alias_lower, source) VALUES ('수전의 재질', '욕조', '욕조', 'rule');
INSERT OR REPLACE INTO items (id, name, category, note, steps, confidence, source_url, source_name, source_grade, feature, caution, last_verified, region_variation, official_classification) VALUES ('선반', '선반', 'plastic', '· 욕실에 설치하는 선반은 플라스틱, 스테인리스 등으로 제작하고 있으며, 종류에 따라 크기가 다양합니다. · 스테인리스 재질의 선반은 고철수거함으로 배출하고 플라스틱 재질은 플라스틱 수거함으로 배출합니다. · 재질별로 분리하기 어려운 제품은 종량제봉투로 배출하거나 크기가 큰 제품인 경우 대형폐기물로 배출합니다.', '["선반은 재질에 맞게 분리한 후 전용수거함으로 배출합니다.", "선반이 플라스틱, 목재 등 다양한 재질이 혼합된 경우에는 종량제봉투로 배출합니다.", "크기가 크거나 무게가 무거운 제품은 대형폐기물로 배출합니다."]', 'high', 'https://www.xn--oy2b29bd3a601b.kr/front/dischargeMethod/dictionaryView.do?niIdx=54', '분리배출.kr (한국폐기물협회·환경부)', 'A', '· 욕실에 설치하는 선반은 플라스틱, 스테인리스 등으로 제작하고 있으며, 종류에 따라 크기가 다양합니다. · 스테인리스 재질의 선반은 고철수거함으로 배출하고 플라스틱 재질은 플라스틱 수거함으로 배출합니다. · 재질별로 분리하기 어려운 제품은 종량제봉투로 배출하거나 크기가 큰 제품인 경우 대형폐기물로 배출합니다.', '· 단일재질 제품이더라도 크기가 큰 제품은 대형폐기물로 배출', '2026-05-18', 0, '["재활용폐기물", "금속류", "고철", "합성수지 용기류"]');
INSERT INTO aliases (item_id, alias, alias_lower, source) VALUES ('선반', 'shelf', 'shelf', 'rule');
INSERT OR REPLACE INTO items (id, name, category, note, steps, confidence, source_url, source_name, source_grade, feature, caution, last_verified, region_variation, official_classification) VALUES ('바비큐 그릴', '바비큐 그릴', 'can', '· 바비큐 그릴은 스테인리스, 무쇠 등으로 제작하고 있어 고철수거함으로 배출하면 재활용이 가능합니다. · 금속제품은 재활용 선별장에서 철캔, 알루미늄 캔, 생활철, 스테인리스 등으로 선별하여 제철소로 운반되며 이후 용융 과정을 거쳐 철판, 알루미늄 판 등으로 재활용하고 있습니다.', '["바비큐 그릴은 고철수거함으로 배출합니다."]', 'high', 'https://www.xn--oy2b29bd3a601b.kr/front/dischargeMethod/dictionaryView.do?niIdx=55', '분리배출.kr (한국폐기물협회·환경부)', 'A', '· 바비큐 그릴은 스테인리스, 무쇠 등으로 제작하고 있어 고철수거함으로 배출하면 재활용이 가능합니다. · 금속제품은 재활용 선별장에서 철캔, 알루미늄 캔, 생활철, 스테인리스 등으로 선별하여 제철소로 운반되며 이후 용융 과정을 거쳐 철판, 알루미늄 판 등으로 재활용하고 있습니다.', '· 이물질을 제거한 후 배출', '2026-05-18', 0, '["재활용폐기물", "금속류", "고철"]');
INSERT INTO aliases (item_id, alias, alias_lower, source) VALUES ('바비큐 그릴', 'BBQ', 'bbq', 'rule');
INSERT INTO aliases (item_id, alias, alias_lower, source) VALUES ('바비큐 그릴', 'BBQ 그릴', 'bbq 그릴', 'rule');
INSERT INTO aliases (item_id, alias, alias_lower, source) VALUES ('바비큐 그릴', 'Barbecue Grill', 'barbecue grill', 'rule');
INSERT INTO aliases (item_id, alias, alias_lower, source) VALUES ('바비큐 그릴', '고기굽개', '고기굽개', 'rule');
INSERT INTO aliases (item_id, alias, alias_lower, source) VALUES ('바비큐 그릴', '고기그릴', '고기그릴', 'rule');
INSERT INTO aliases (item_id, alias, alias_lower, source) VALUES ('바비큐 그릴', '그릴', '그릴', 'rule');
INSERT INTO aliases (item_id, alias, alias_lower, source) VALUES ('바비큐 그릴', '바베큐', '바베큐', 'rule');
INSERT INTO aliases (item_id, alias, alias_lower, source) VALUES ('바비큐 그릴', '바비큐그릴', '바비큐그릴', 'rule');
INSERT INTO aliases (item_id, alias, alias_lower, source) VALUES ('바비큐 그릴', '숯불그릴', '숯불그릴', 'rule');
INSERT INTO aliases (item_id, alias, alias_lower, source) VALUES ('바비큐 그릴', '야외그릴', '야외그릴', 'rule');
INSERT INTO aliases (item_id, alias, alias_lower, source) VALUES ('바비큐 그릴', '캠핑그릴', '캠핑그릴', 'rule');
INSERT INTO aliases (item_id, alias, alias_lower, source) VALUES ('바비큐 그릴', '휴대용그릴', '휴대용그릴', 'rule');
INSERT OR REPLACE INTO items (id, name, category, note, steps, confidence, source_url, source_name, source_grade, feature, caution, last_verified, region_variation, official_classification) VALUES ('불판', '불판', 'can', '· 불판은 스테인리스, 무쇠 등으로 제작하고 있어 고철수거함으로 배출하면 재활용이 가능합니다. · 금속제품은 재활용 선별장에서 철캔, 알루미늄 캔, 생활철, 스테인리스 등으로 선별하여 제철소로 운반되며 이후 용융 과정을 거쳐 철판, 알루미늄 판 등으로 재활용하고 있습니다.', '["불판은 고철수거함으로 배출합니다."]', 'high', 'https://www.xn--oy2b29bd3a601b.kr/front/dischargeMethod/dictionaryView.do?niIdx=56', '분리배출.kr (한국폐기물협회·환경부)', 'A', '· 불판은 스테인리스, 무쇠 등으로 제작하고 있어 고철수거함으로 배출하면 재활용이 가능합니다. · 금속제품은 재활용 선별장에서 철캔, 알루미늄 캔, 생활철, 스테인리스 등으로 선별하여 제철소로 운반되며 이후 용융 과정을 거쳐 철판, 알루미늄 판 등으로 재활용하고 있습니다.', '· 이물질을 제거한 후 배출', '2026-05-18', 0, '["재활용폐기물", "금속류", "고철"]');
INSERT INTO aliases (item_id, alias, alias_lower, source) VALUES ('불판', '가마솥', '가마솥', 'rule');
INSERT INTO aliases (item_id, alias, alias_lower, source) VALUES ('불판', '내열냄비', '내열냄비', 'rule');
INSERT INTO aliases (item_id, alias, alias_lower, source) VALUES ('불판', '냄비뚜껑(내열)', '냄비뚜껑(내열)', 'rule');
INSERT INTO aliases (item_id, alias, alias_lower, source) VALUES ('불판', '무쇠 주물냄비', '무쇠 주물냄비', 'rule');
INSERT INTO aliases (item_id, alias, alias_lower, source) VALUES ('불판', '법랑냄비', '법랑냄비', 'rule');
INSERT INTO aliases (item_id, alias, alias_lower, source) VALUES ('불판', '석쇠', '석쇠', 'rule');
INSERT INTO aliases (item_id, alias, alias_lower, source) VALUES ('불판', '스테인리스 솥', '스테인리스 솥', 'rule');
INSERT INTO aliases (item_id, alias, alias_lower, source) VALUES ('불판', '프라이팬', '프라이팬', 'rule');
INSERT OR REPLACE INTO items (id, name, category, note, steps, confidence, source_url, source_name, source_grade, feature, caution, last_verified, region_variation, official_classification) VALUES ('석쇠', '석쇠', 'can', '· 석쇠는 스테인리스와 같은 금속으로 제작하고 있어 고철수거함으로 배출하면 재활용이 가능합니다. · 금속제품은 재활용 선별장에서 철캔, 알루미늄 캔, 생활철, 스테인리스 등으로 선별하여 제철소로 운반되며 이후 용융 과정을 거쳐 철판, 알루미늄 판 등으로 재활용하고 있습니다.', '["석쇠는 고철수거함으로 배출합니다."]', 'high', 'https://www.xn--oy2b29bd3a601b.kr/front/dischargeMethod/dictionaryView.do?niIdx=57', '분리배출.kr (한국폐기물협회·환경부)', 'A', '· 석쇠는 스테인리스와 같은 금속으로 제작하고 있어 고철수거함으로 배출하면 재활용이 가능합니다. · 금속제품은 재활용 선별장에서 철캔, 알루미늄 캔, 생활철, 스테인리스 등으로 선별하여 제철소로 운반되며 이후 용융 과정을 거쳐 철판, 알루미늄 판 등으로 재활용하고 있습니다.', '· 이물질을 제거한 후 배출', '2026-05-18', 0, '["재활용폐기물", "금속류", "고철"]');
INSERT INTO aliases (item_id, alias, alias_lower, source) VALUES ('석쇠', '고기망', '고기망', 'rule');
INSERT INTO aliases (item_id, alias, alias_lower, source) VALUES ('석쇠', '고기석쇠', '고기석쇠', 'rule');
INSERT INTO aliases (item_id, alias, alias_lower, source) VALUES ('석쇠', '구이용석쇠', '구이용석쇠', 'rule');
INSERT INTO aliases (item_id, alias, alias_lower, source) VALUES ('석쇠', '굽는망', '굽는망', 'rule');
INSERT INTO aliases (item_id, alias, alias_lower, source) VALUES ('석쇠', '그릴 랙', '그릴 랙', 'rule');
INSERT INTO aliases (item_id, alias, alias_lower, source) VALUES ('석쇠', '그릴망', '그릴망', 'rule');
INSERT INTO aliases (item_id, alias, alias_lower, source) VALUES ('석쇠', '그릴팬', '그릴팬', 'rule');
INSERT INTO aliases (item_id, alias, alias_lower, source) VALUES ('석쇠', '나사', '나사', 'rule');
INSERT INTO aliases (item_id, alias, alias_lower, source) VALUES ('석쇠', '메쉬 그릴', '메쉬 그릴', 'rule');
INSERT INTO aliases (item_id, alias, alias_lower, source) VALUES ('석쇠', '바베큐 랙', '바베큐 랙', 'rule');
INSERT INTO aliases (item_id, alias, alias_lower, source) VALUES ('석쇠', '바비큐 그릴', '바비큐 그릴', 'rule');
INSERT INTO aliases (item_id, alias, alias_lower, source) VALUES ('석쇠', '불판', '불판', 'rule');
INSERT INTO aliases (item_id, alias, alias_lower, source) VALUES ('석쇠', '숟가락', '숟가락', 'rule');
INSERT INTO aliases (item_id, alias, alias_lower, source) VALUES ('석쇠', '숯불석쇠', '숯불석쇠', 'rule');
INSERT INTO aliases (item_id, alias, alias_lower, source) VALUES ('석쇠', '일회용 석쇠', '일회용 석쇠', 'rule');
INSERT INTO aliases (item_id, alias, alias_lower, source) VALUES ('석쇠', '젓가락', '젓가락', 'rule');
INSERT INTO aliases (item_id, alias, alias_lower, source) VALUES ('석쇠', '직화구이망', '직화구이망', 'rule');
INSERT INTO aliases (item_id, alias, alias_lower, source) VALUES ('석쇠', '캠핑석쇠', '캠핑석쇠', 'rule');
INSERT INTO aliases (item_id, alias, alias_lower, source) VALUES ('석쇠', '포크', '포크', 'rule');
INSERT OR REPLACE INTO items (id, name, category, note, steps, confidence, source_url, source_name, source_grade, feature, caution, last_verified, region_variation, official_classification) VALUES ('반려동물 펜스', '반려동물 펜스', 'furniture', '· 반려동물 펜스는 금속 단일재질로 재활용이 가능합니다. · 금속제품은 재활용 선별장에서 철캔, 알루미늄 캔, 생활철, 스테인리스 등으로 선별하여 제철소로 운반되며 이후 용융 과정을 거쳐 철판, 알루미늄 판 등으로 재활용하고 있습니다. · 크기가 큰 제품은 대형폐기물로 배출해야 하며, 일부 대형폐기물 품목에 기재되지 않은 물품은 종류 및 규격을 감안하여 유', '["반려동물 펜스는 고철수거함으로 배출합니다.", "크기가 크거나 무게가 무거운 제품은 대형폐기물로 배출합니다."]', 'high', 'https://www.xn--oy2b29bd3a601b.kr/front/dischargeMethod/dictionaryView.do?niIdx=58', '분리배출.kr (한국폐기물협회·환경부)', 'A', '· 반려동물 펜스는 금속 단일재질로 재활용이 가능합니다. · 금속제품은 재활용 선별장에서 철캔, 알루미늄 캔, 생활철, 스테인리스 등으로 선별하여 제철소로 운반되며 이후 용융 과정을 거쳐 철판, 알루미늄 판 등으로 재활용하고 있습니다. · 크기가 큰 제품은 대형폐기물로 배출해야 하며, 일부 대형폐기물 품목에 기재되지 않은 물품은 종류 및 규격을 감안하여 유사한 품목 수수료에 준하여 책정하고...', '· 단일재질 제품이더라도 크기가 큰 제품은 대형폐기물로 배출', '2026-05-18', 0, '["재활용폐기물", "금속류", "고철", "대형폐기물"]');
INSERT INTO aliases (item_id, alias, alias_lower, source) VALUES ('반려동물 펜스', '강아지 울타리', '강아지 울타리', 'rule');
INSERT INTO aliases (item_id, alias, alias_lower, source) VALUES ('반려동물 펜스', '고양이 울타리', '고양이 울타리', 'rule');
INSERT INTO aliases (item_id, alias, alias_lower, source) VALUES ('반려동물 펜스', '냥이 울타리', '냥이 울타리', 'rule');
INSERT INTO aliases (item_id, alias, alias_lower, source) VALUES ('반려동물 펜스', '댕댕이 울타리', '댕댕이 울타리', 'rule');
INSERT INTO aliases (item_id, alias, alias_lower, source) VALUES ('반려동물 펜스', '도그 펜스', '도그 펜스', 'rule');
INSERT INTO aliases (item_id, alias, alias_lower, source) VALUES ('반려동물 펜스', '반려동물 가림막', '반려동물 가림막', 'rule');
INSERT INTO aliases (item_id, alias, alias_lower, source) VALUES ('반려동물 펜스', '반려동물 울타리', '반려동물 울타리', 'rule');
INSERT INTO aliases (item_id, alias, alias_lower, source) VALUES ('반려동물 펜스', '반려동물펜스', '반려동물펜스', 'rule');
INSERT INTO aliases (item_id, alias, alias_lower, source) VALUES ('반려동물 펜스', '실내 펫 펜스', '실내 펫 펜스', 'rule');
INSERT INTO aliases (item_id, alias, alias_lower, source) VALUES ('반려동물 펜스', '애견 펜스', '애견 펜스', 'rule');
INSERT INTO aliases (item_id, alias, alias_lower, source) VALUES ('반려동물 펜스', '애완동물 울타리', '애완동물 울타리', 'rule');
INSERT INTO aliases (item_id, alias, alias_lower, source) VALUES ('반려동물 펜스', '펫 게이트', '펫 게이트', 'rule');
INSERT INTO aliases (item_id, alias, alias_lower, source) VALUES ('반려동물 펜스', '펫 펜스', '펫 펜스', 'rule');
INSERT OR REPLACE INTO items (id, name, category, note, steps, confidence, source_url, source_name, source_grade, feature, caution, last_verified, region_variation, official_classification) VALUES ('맥주케그', '맥주케그', 'furniture', '· 맥주케그는 일부 금속 외 타 재질이 포함되어 있으나 대부분 금속재질이므로 내용물을 최대한 제거하신 후 고철수거함으로 배출하여야 합니다. · 제품을 폐기하실 때 일부 제품에 한하여 금속, 합성수지 등이 포함된 경우가 있으나 이 경우 제품에 표기된 분리배출 표시 또는 재질을 참고하여 배출하여 주시기 바랍니다.', '["맥주케그는 고철수거함으로 배출하여 주시기 바랍니다.", "크기가 크거나 무게가 무거운 제품은 대형폐기물로 배출합니다."]', 'high', 'https://www.xn--oy2b29bd3a601b.kr/front/dischargeMethod/dictionaryView.do?niIdx=59', '분리배출.kr (한국폐기물협회·환경부)', 'A', '· 맥주케그는 일부 금속 외 타 재질이 포함되어 있으나 대부분 금속재질이므로 내용물을 최대한 제거하신 후 고철수거함으로 배출하여야 합니다. · 제품을 폐기하실 때 일부 제품에 한하여 금속, 합성수지 등이 포함된 경우가 있으나 이 경우 제품에 표기된 분리배출 표시 또는 재질을 참고하여 배출하여 주시기 바랍니다.', '· 제품 내부에 들어있는 물품은 억지로 제거하지 않고 배출', '2026-05-18', 0, '["재활용폐기물", "금속류", "고철", "대형폐기물"]');
INSERT OR REPLACE INTO items (id, name, category, note, steps, confidence, source_url, source_name, source_grade, feature, caution, last_verified, region_variation, official_classification) VALUES ('금속 재질의 메달', '금속 재질의 메달', 'can', '· 메달은 금, 은, 동, 철 등 금속으로 제작하고 있으며, 고철 수거함으로 배출하여 주시면 재활용이 가능합니다. · 다만, 고철 외 타 재질로 제작하였거나, 타 재질의 함량이 높은 경우에는 재활용이 어렵습니다.', '["금속 재질의 메달은 고철수거함으로 배출합니다."]', 'high', 'https://www.xn--oy2b29bd3a601b.kr/front/dischargeMethod/dictionaryView.do?niIdx=60', '분리배출.kr (한국폐기물협회·환경부)', 'A', '· 메달은 금, 은, 동, 철 등 금속으로 제작하고 있으며, 고철 수거함으로 배출하여 주시면 재활용이 가능합니다. · 다만, 고철 외 타 재질로 제작하였거나, 타 재질의 함량이 높은 경우에는 재활용이 어렵습니다.', '· 이물질을 제거한 후 배출 · 고철 외 다른 재질이 섞인 정도에 따라 고철 수거함 또는 종량제봉투로 배출', '2026-05-18', 0, '["재활용폐기물", "금속류", "고철"]');
INSERT INTO aliases (item_id, alias, alias_lower, source) VALUES ('금속 재질의 메달', '금속', '금속', 'rule');
INSERT INTO aliases (item_id, alias, alias_lower, source) VALUES ('금속 재질의 메달', '금속 트로피', '금속 트로피', 'rule');
INSERT INTO aliases (item_id, alias, alias_lower, source) VALUES ('금속 재질의 메달', '금속재질의메달', '금속재질의메달', 'rule');
INSERT INTO aliases (item_id, alias, alias_lower, source) VALUES ('금속 재질의 메달', '메달(크리스탈)', '메달(크리스탈)', 'rule');
INSERT OR REPLACE INTO items (id, name, category, note, steps, confidence, source_url, source_name, source_grade, feature, caution, last_verified, region_variation, official_classification) VALUES ('클리어파일', '클리어파일', 'general', '· 클리어파일은 내지(비닐류)와 커버(PP재질)로 구성되어 있습니다. · 가급적 재질에 맞게 분리 배출하고, 분리가 어려운 경우에는 제품 그대로 종량제봉투로 배출하여 주시기 바랍니다.', '["클리어파일은 가급적 재질별로 분리하여 배출하며, 분리하기 어려운 경우에는 종량제봉투로 배출합니다."]', 'high', 'https://www.xn--oy2b29bd3a601b.kr/front/dischargeMethod/dictionaryView.do?niIdx=62', '분리배출.kr (한국폐기물협회·환경부)', 'A', '· 클리어파일은 내지(비닐류)와 커버(PP재질)로 구성되어 있습니다. · 가급적 재질에 맞게 분리 배출하고, 분리가 어려운 경우에는 제품 그대로 종량제봉투로 배출하여 주시기 바랍니다.', '· 클리어 파일은 내지와 커버는 분리한 후 재질에 맞게 배출', '2026-05-18', 0, '["재활용폐기물", "합성수지 용기류", "합성수지 비닐류", "일반폐기물"]');
INSERT INTO aliases (item_id, alias, alias_lower, source) VALUES ('클리어파일', 'L-holder', 'l-holder', 'rule');
INSERT INTO aliases (item_id, alias, alias_lower, source) VALUES ('클리어파일', 'clear file', 'clear file', 'rule');
INSERT INTO aliases (item_id, alias, alias_lower, source) VALUES ('클리어파일', '문서홀더', '문서홀더', 'rule');
INSERT INTO aliases (item_id, alias, alias_lower, source) VALUES ('클리어파일', '비닐파일', '비닐파일', 'rule');
INSERT INTO aliases (item_id, alias, alias_lower, source) VALUES ('클리어파일', '서류꽂이', '서류꽂이', 'rule');
INSERT INTO aliases (item_id, alias, alias_lower, source) VALUES ('클리어파일', '서류집', '서류집', 'rule');
INSERT INTO aliases (item_id, alias, alias_lower, source) VALUES ('클리어파일', '엘홀더', '엘홀더', 'rule');
INSERT INTO aliases (item_id, alias, alias_lower, source) VALUES ('클리어파일', '투명파일', '투명파일', 'rule');
INSERT INTO aliases (item_id, alias, alias_lower, source) VALUES ('클리어파일', '투명홀더', '투명홀더', 'rule');
INSERT INTO aliases (item_id, alias, alias_lower, source) VALUES ('클리어파일', '파일홀더', '파일홀더', 'rule');
INSERT INTO aliases (item_id, alias, alias_lower, source) VALUES ('클리어파일', '플라스틱파일', '플라스틱파일', 'rule');
INSERT OR REPLACE INTO items (id, name, category, note, steps, confidence, source_url, source_name, source_grade, feature, caution, last_verified, region_variation, official_classification) VALUES ('정리함', '정리함', 'furniture', '· 정리함은 주로 플라스틱으로 되어 있으며, 일부 제품은 케이스와 수납함의 재질이 다른 경우가 있습니다. · 정리함이 단일재질 제품인 경우에는 재질에 맞게 배출하며, 재질이 혼합된 경우 종량제봉투 또는 대형폐기물로 배출합니다.', '["정리함이 단일재질인 경우 재질에 맞게 배출합니다.", "정리함이 복합재질인 경우 종량제봉투로 배출합니다.", "크기가 커 수거함 또는 종량제봉투로 배출하기 어려운 경우에는 대형폐기물로 배출합니다."]', 'high', 'https://www.xn--oy2b29bd3a601b.kr/front/dischargeMethod/dictionaryView.do?niIdx=63', '분리배출.kr (한국폐기물협회·환경부)', 'A', '· 정리함은 주로 플라스틱으로 되어 있으며, 일부 제품은 케이스와 수납함의 재질이 다른 경우가 있습니다. · 정리함이 단일재질 제품인 경우에는 재질에 맞게 배출하며, 재질이 혼합된 경우 종량제봉투 또는 대형폐기물로 배출합니다.', '· 재질별로 분리가 가능하다면 가급적 분리한 후 재질에 맞게 배출 · 대형폐기물로 배출하는 경우 수납함이 분리되지 않도록 테이프 등으로 붙여서 배출', '2026-05-18', 0, '["재활용폐기물", "합성수지 용기류", "일반폐기물", "일반종량제폐기물", "대형폐기물"]');
INSERT INTO aliases (item_id, alias, alias_lower, source) VALUES ('정리함', '보관함', '보관함', 'rule');
INSERT INTO aliases (item_id, alias, alias_lower, source) VALUES ('정리함', '서랍 정리함', '서랍 정리함', 'rule');
INSERT INTO aliases (item_id, alias, alias_lower, source) VALUES ('정리함', '수납박스', '수납박스', 'rule');
INSERT INTO aliases (item_id, alias, alias_lower, source) VALUES ('정리함', '수납상자', '수납상자', 'rule');
INSERT INTO aliases (item_id, alias, alias_lower, source) VALUES ('정리함', '수납용품', '수납용품', 'rule');
INSERT INTO aliases (item_id, alias, alias_lower, source) VALUES ('정리함', '수납함', '수납함', 'rule');
INSERT INTO aliases (item_id, alias, alias_lower, source) VALUES ('정리함', '스토리지 박스', '스토리지 박스', 'rule');
INSERT INTO aliases (item_id, alias, alias_lower, source) VALUES ('정리함', '오거나이저', '오거나이저', 'rule');
INSERT INTO aliases (item_id, alias, alias_lower, source) VALUES ('정리함', '정리박', '정리박', 'rule');
INSERT INTO aliases (item_id, alias, alias_lower, source) VALUES ('정리함', '정리박스', '정리박스', 'rule');
INSERT INTO aliases (item_id, alias, alias_lower, source) VALUES ('정리함', '정리용품', '정리용품', 'rule');
INSERT INTO aliases (item_id, alias, alias_lower, source) VALUES ('정리함', '정리통', '정리통', 'rule');
INSERT OR REPLACE INTO items (id, name, category, note, steps, confidence, source_url, source_name, source_grade, feature, caution, last_verified, region_variation, official_classification) VALUES ('바디로션', '바디로션', 'plastic', '· 바디로션과 같이 가정에서 사용하는 플라스틱의 용기는 대부분 생산자책임재활용제도(EPR) 대상 품목에 해당되며 재활용이 가능합니다. · 일부 제품의 경우 용기 속의 내용물을 쉽게 배출될 수 있도록 펌프를 사용합니다. 펌프는 플라스틱과 고철 등이 혼합된 복합재질 제품으로 재활용이 어려우므로 제거한 후 배출합니다. · 비닐 라벨이 붙어 있는 경우에는 제거하여', '["바디로션은 내용물을 비우고 라벨, 펌프 등 이물질을 제거한 후 용기는 플라스틱 수거함으로 배출합니다."]', 'high', 'https://www.xn--oy2b29bd3a601b.kr/front/dischargeMethod/dictionaryView.do?niIdx=64', '분리배출.kr (한국폐기물협회·환경부)', 'A', '· 바디로션과 같이 가정에서 사용하는 플라스틱의 용기는 대부분 생산자책임재활용제도(EPR) 대상 품목에 해당되며 재활용이 가능합니다. · 일부 제품의 경우 용기 속의 내용물을 쉽게 배출될 수 있도록 펌프를 사용합니다. 펌프는 플라스틱과 고철 등이 혼합된 복합재질 제품으로 재활용이 어려우므로 제거한 후 배출합니다. · 비닐 라벨이 붙어 있는 경우에는 제거하여 비닐 수거함에 배출합니다. · 다량...', '· 용기류를 배출할 때에는 라벨, 펌프를 제거한 후 배출', '2026-05-18', 0, '["재활용폐기물", "합성수지 용기류"]');
INSERT INTO aliases (item_id, alias, alias_lower, source) VALUES ('바디로션', 'body lotion', 'body lotion', 'rule');
INSERT INTO aliases (item_id, alias, alias_lower, source) VALUES ('바디로션', '니베아 바디로션', '니베아 바디로션', 'rule');
INSERT INTO aliases (item_id, alias, alias_lower, source) VALUES ('바디로션', '로션', '로션', 'rule');
INSERT INTO aliases (item_id, alias, alias_lower, source) VALUES ('바디로션', '몸 로션', '몸 로션', 'rule');
INSERT INTO aliases (item_id, alias, alias_lower, source) VALUES ('바디로션', '몸에 바르는 것', '몸에 바르는 것', 'rule');
INSERT INTO aliases (item_id, alias, alias_lower, source) VALUES ('바디로션', '바디 보습제', '바디 보습제', 'rule');
INSERT INTO aliases (item_id, alias, alias_lower, source) VALUES ('바디로션', '바디 에멀젼', '바디 에멀젼', 'rule');
INSERT INTO aliases (item_id, alias, alias_lower, source) VALUES ('바디로션', '바디 케어 로션', '바디 케어 로션', 'rule');
INSERT INTO aliases (item_id, alias, alias_lower, source) VALUES ('바디로션', '베이비 로션', '베이비 로션', 'rule');
INSERT INTO aliases (item_id, alias, alias_lower, source) VALUES ('바디로션', '보습 로션', '보습 로션', 'rule');
INSERT INTO aliases (item_id, alias, alias_lower, source) VALUES ('바디로션', '세타필 로션', '세타필 로션', 'rule');
INSERT INTO aliases (item_id, alias, alias_lower, source) VALUES ('바디로션', '피부 보습 로션', '피부 보습 로션', 'rule');
INSERT OR REPLACE INTO items (id, name, category, note, steps, confidence, source_url, source_name, source_grade, feature, caution, last_verified, region_variation, official_classification) VALUES ('펌핑용기', '펌핑용기', 'plastic', '· 세안에 사용하는 클렌징 폼은 펌핑 용기 형태와 튜브형태가 있습니다. · 가정에서 사용하는 합성수지 용기는 대부분 생산자책임재활용제도 (EPR)대상 품목에 해당되어 재활용이 가능합니다. · 펌핑용기를 배출하실 때에는 뚜껑과 펌프를 제거한 후 펌프는 일반쓰레기로 배출하며, 용기는 재활용품으로 배출합니다. · 비닐 라벨이 붙어 있는 경우에는 제거하여 비닐 수', '["펌핑용기는 펌프와 내용물을 제거한 후 물로 헹구는 등 깨끗한 상태로 플라스틱 수거함으로 배출합니다.", "튜브제품은 내용물을 비운후 플라스틱수거함으로 배출합니다."]', 'high', 'https://www.xn--oy2b29bd3a601b.kr/front/dischargeMethod/dictionaryView.do?niIdx=65', '분리배출.kr (한국폐기물협회·환경부)', 'A', '· 세안에 사용하는 클렌징 폼은 펌핑 용기 형태와 튜브형태가 있습니다. · 가정에서 사용하는 합성수지 용기는 대부분 생산자책임재활용제도 (EPR)대상 품목에 해당되어 재활용이 가능합니다. · 펌핑용기를 배출하실 때에는 뚜껑과 펌프를 제거한 후 펌프는 일반쓰레기로 배출하며, 용기는 재활용품으로 배출합니다. · 비닐 라벨이 붙어 있는 경우에는 제거하여 비닐 수거함에 배출합니다. · 치약과 같은...', '· 펌프, 라벨 등 이물질은 제거한 후 배출', '2026-05-18', 0, '["일반폐기물", "일반종량제폐기물", "재활용폐기물", "합성수지 용기류"]');
INSERT INTO aliases (item_id, alias, alias_lower, source) VALUES ('펌핑용기', '누름용기', '누름용기', 'rule');
INSERT INTO aliases (item_id, alias, alias_lower, source) VALUES ('펌핑용기', '눌러쓰는 통', '눌러쓰는 통', 'rule');
INSERT INTO aliases (item_id, alias, alias_lower, source) VALUES ('펌핑용기', '눌러통', '눌러통', 'rule');
INSERT INTO aliases (item_id, alias, alias_lower, source) VALUES ('펌핑용기', '로션 디스펜서', '로션 디스펜서', 'rule');
INSERT INTO aliases (item_id, alias, alias_lower, source) VALUES ('펌핑용기', '립밤', '립밤', 'rule');
INSERT INTO aliases (item_id, alias, alias_lower, source) VALUES ('펌핑용기', '바디워시 용기', '바디워시 용기', 'rule');
INSERT INTO aliases (item_id, alias, alias_lower, source) VALUES ('펌핑용기', '액상용기', '액상용기', 'rule');
INSERT INTO aliases (item_id, alias, alias_lower, source) VALUES ('펌핑용기', '펌프 보틀', '펌프 보틀', 'rule');
INSERT INTO aliases (item_id, alias, alias_lower, source) VALUES ('펌핑용기', '펌프용기', '펌프용기', 'rule');
INSERT INTO aliases (item_id, alias, alias_lower, source) VALUES ('펌핑용기', '펌프통', '펌프통', 'rule');
INSERT INTO aliases (item_id, alias, alias_lower, source) VALUES ('펌핑용기', '핸드워시 통', '핸드워시 통', 'rule');
INSERT OR REPLACE INTO items (id, name, category, note, steps, confidence, source_url, source_name, source_grade, feature, caution, last_verified, region_variation, official_classification) VALUES ('락스', '락스', 'plastic', '· 세정제의 용기는 HDPE 재질의 플라스틱으로 내용물을 제거한 후 플라스틱 수거함으로 배출하여 주시면 재활용이 가능합니다. ※ 배출방법은 지역별로 차이가 있을 수 있으니, 해당 지방자치단체에서 정하는 방법이 있는 경우에는 해당 방법에 따라 배출하시기 바랍니다. 가까운 분리배출 장소를 확인해보세요. 현재 위치에 가까운 배출장소가 없습니다. 근처의 다른 지역', '["락스는 내용물을 완전히 제거한 후 물로 헹구는 등 깨끗한 상태로 플라스틱 수거함으로 배출합니다."]', 'high', 'https://www.xn--oy2b29bd3a601b.kr/front/dischargeMethod/dictionaryView.do?niIdx=66', '분리배출.kr (한국폐기물협회·환경부)', 'A', '· 세정제의 용기는 HDPE 재질의 플라스틱으로 내용물을 제거한 후 플라스틱 수거함으로 배출하여 주시면 재활용이 가능합니다. ※ 배출방법은 지역별로 차이가 있을 수 있으니, 해당 지방자치단체에서 정하는 방법이 있는 경우에는 해당 방법에 따라 배출하시기 바랍니다. 가까운 분리배출 장소를 확인해보세요. 현재 위치에 가까운 배출장소가 없습니다. 근처의 다른 지역을 검색해보세요. 현 위치 배출장소...', '', '2026-05-18', 0, '["재활용폐기물", "합성수지 용기류"]');
INSERT INTO aliases (item_id, alias, alias_lower, source) VALUES ('락스', 'Bleach', 'bleach', 'rule');
INSERT INTO aliases (item_id, alias, alias_lower, source) VALUES ('락스', '락스 세제', '락스 세제', 'rule');
INSERT INTO aliases (item_id, alias, alias_lower, source) VALUES ('락스', '락스물', '락스물', 'rule');
INSERT INTO aliases (item_id, alias, alias_lower, source) VALUES ('락스', '락스통', '락스통', 'rule');
INSERT INTO aliases (item_id, alias, alias_lower, source) VALUES ('락스', '살균소독제', '살균소독제', 'rule');
INSERT INTO aliases (item_id, alias, alias_lower, source) VALUES ('락스', '세척제', '세척제', 'rule');
INSERT INTO aliases (item_id, alias, alias_lower, source) VALUES ('락스', '염소계표백제', '염소계표백제', 'rule');
INSERT INTO aliases (item_id, alias, alias_lower, source) VALUES ('락스', '유한락스', '유한락스', 'rule');
INSERT INTO aliases (item_id, alias, alias_lower, source) VALUES ('락스', '청소용 락스', '청소용 락스', 'rule');
INSERT INTO aliases (item_id, alias, alias_lower, source) VALUES ('락스', '클로락스', '클로락스', 'rule');
INSERT INTO aliases (item_id, alias, alias_lower, source) VALUES ('락스', '표백제', '표백제', 'rule');
INSERT INTO aliases (item_id, alias, alias_lower, source) VALUES ('락스', '화장실 락스', '화장실 락스', 'rule');
INSERT OR REPLACE INTO items (id, name, category, note, steps, confidence, source_url, source_name, source_grade, feature, caution, last_verified, region_variation, official_classification) VALUES ('양파망', '양파망', 'vinyl', '· 양파, 배추 등을 담은 합성수지 재질의 포장용기(그물망)는 재활용의무대상(EPR) 품목에 해당됩니다. · 해당 제품은 비닐류와 성질이 유사하여 비닐 수거함으로 배출하면 됩니다. ※ 배출방법은 지역별로 차이가 있을 수 있으니, 해당 지방자치단체에서 정하는 방법이 있는 경우에는 해당 방법에 따라 배출하시기 바랍니다. 가까운 분리배출 장소를 확인해보세요. 현', '["양파망은 비닐 수거함으로 배출합니다."]', 'high', 'https://www.xn--oy2b29bd3a601b.kr/front/dischargeMethod/dictionaryView.do?niIdx=67', '분리배출.kr (한국폐기물협회·환경부)', 'A', '· 양파, 배추 등을 담은 합성수지 재질의 포장용기(그물망)는 재활용의무대상(EPR) 품목에 해당됩니다. · 해당 제품은 비닐류와 성질이 유사하여 비닐 수거함으로 배출하면 됩니다. ※ 배출방법은 지역별로 차이가 있을 수 있으니, 해당 지방자치단체에서 정하는 방법이 있는 경우에는 해당 방법에 따라 배출하시기 바랍니다. 가까운 분리배출 장소를 확인해보세요. 현재 위치에 가까운 배출장소가 없습니다...', '', '2026-05-18', 0, '["재활용폐기물", "합성수지 비닐류"]');
INSERT INTO aliases (item_id, alias, alias_lower, source) VALUES ('양파망', '골프망', '골프망', 'rule');
INSERT INTO aliases (item_id, alias, alias_lower, source) VALUES ('양파망', '과일망', '과일망', 'rule');
INSERT INTO aliases (item_id, alias, alias_lower, source) VALUES ('양파망', '그물망', '그물망', 'rule');
INSERT INTO aliases (item_id, alias, alias_lower, source) VALUES ('양파망', '농산물망', '농산물망', 'rule');
INSERT INTO aliases (item_id, alias, alias_lower, source) VALUES ('양파망', '메쉬 백', '메쉬 백', 'rule');
INSERT INTO aliases (item_id, alias, alias_lower, source) VALUES ('양파망', '비닐망', '비닐망', 'rule');
INSERT INTO aliases (item_id, alias, alias_lower, source) VALUES ('양파망', '야채 주머니', '야채 주머니', 'rule');
INSERT INTO aliases (item_id, alias, alias_lower, source) VALUES ('양파망', '양파 그물', '양파 그물', 'rule');
INSERT INTO aliases (item_id, alias, alias_lower, source) VALUES ('양파망', '양파 그물망', '양파 그물망', 'rule');
INSERT INTO aliases (item_id, alias, alias_lower, source) VALUES ('양파망', '양파 주머니', '양파 주머니', 'rule');
INSERT INTO aliases (item_id, alias, alias_lower, source) VALUES ('양파망', '어니언 넷', '어니언 넷', 'rule');
INSERT INTO aliases (item_id, alias, alias_lower, source) VALUES ('양파망', '채소망', '채소망', 'rule');
INSERT INTO aliases (item_id, alias, alias_lower, source) VALUES ('양파망', '팬캡', '팬캡', 'rule');
INSERT INTO aliases (item_id, alias, alias_lower, source) VALUES ('양파망', '포장망', '포장망', 'rule');
INSERT OR REPLACE INTO items (id, name, category, note, steps, confidence, source_url, source_name, source_grade, feature, caution, last_verified, region_variation, official_classification) VALUES ('PCR 플라스틱', 'PCR 플라스틱', 'plastic', '· PCR 제품이란 Post-Consumer Recycled 제품의 약자로, 어떤 물건을 소비자가 사용한 뒤 다른 물건을 만드는 재료로 전환하거나 원래 용도를 되살리는 것을 의미합니다. · PCR 제품은 재생원료가 함유된 비율에 따라 PCR 40%, PCR 100% 등으로 명명하고 있습니다. · 현재 PCR 제품의 분리배출 기준이 별도로 정하고 있지 않으므', '["PCR 플라스틱은 플라스틱수거함으로 배출합니다."]', 'high', 'https://www.xn--oy2b29bd3a601b.kr/front/dischargeMethod/dictionaryView.do?niIdx=68', '분리배출.kr (한국폐기물협회·환경부)', 'A', '· PCR 제품이란 Post-Consumer Recycled 제품의 약자로, 어떤 물건을 소비자가 사용한 뒤 다른 물건을 만드는 재료로 전환하거나 원래 용도를 되살리는 것을 의미합니다. · PCR 제품은 재생원료가 함유된 비율에 따라 PCR 40%, PCR 100% 등으로 명명하고 있습니다. · 현재 PCR 제품의 분리배출 기준이 별도로 정하고 있지 않으므로 재질에 맞게 배출하여 주시기 바랍...', '· 타 플라스틱 제품과 동일한 방법으로 배출', '2026-05-18', 0, '["재활용폐기물", "합성수지 용기류"]');
INSERT INTO aliases (item_id, alias, alias_lower, source) VALUES ('PCR 플라스틱', 'PCR plastic', 'pcr plastic', 'rule');
INSERT INTO aliases (item_id, alias, alias_lower, source) VALUES ('PCR 플라스틱', 'PCR플라스틱', 'pcr플라스틱', 'rule');
INSERT INTO aliases (item_id, alias, alias_lower, source) VALUES ('PCR 플라스틱', 'Post-Consumer Recycled plastic', 'post-consumer recycled plastic', 'rule');
INSERT INTO aliases (item_id, alias, alias_lower, source) VALUES ('PCR 플라스틱', '샴푸 용기', '샴푸 용기', 'rule');
INSERT INTO aliases (item_id, alias, alias_lower, source) VALUES ('PCR 플라스틱', '세제 용기', '세제 용기', 'rule');
INSERT INTO aliases (item_id, alias, alias_lower, source) VALUES ('PCR 플라스틱', '세탁조 세정제', '세탁조 세정제', 'rule');
INSERT INTO aliases (item_id, alias, alias_lower, source) VALUES ('PCR 플라스틱', '소비자 사용 후 재활용 플라스틱', '소비자 사용 후 재활용 플라스틱', 'rule');
INSERT INTO aliases (item_id, alias, alias_lower, source) VALUES ('PCR 플라스틱', '재생 플라스틱', '재생 플라스틱', 'rule');
INSERT INTO aliases (item_id, alias, alias_lower, source) VALUES ('PCR 플라스틱', '재활용 플라스틱', '재활용 플라스틱', 'rule');
INSERT INTO aliases (item_id, alias, alias_lower, source) VALUES ('PCR 플라스틱', '재활용 합성수지', '재활용 합성수지', 'rule');
INSERT INTO aliases (item_id, alias, alias_lower, source) VALUES ('PCR 플라스틱', '플라스틱 제품', '플라스틱 제품', 'rule');
INSERT INTO aliases (item_id, alias, alias_lower, source) VALUES ('PCR 플라스틱', '피씨알 플라스틱', '피씨알 플라스틱', 'rule');
INSERT OR REPLACE INTO items (id, name, category, note, steps, confidence, source_url, source_name, source_grade, feature, caution, last_verified, region_variation, official_classification) VALUES ('간장용기', '간장용기', 'plastic', '·간장용기는 플라스틱(무색페트 등) 재질로 내용물을 제거한 후 플라스틱 수거함으로 배출하여 주시면 재활용이 가능합니다.', '["간장용기는 내용물을 비우고 라벨 등 이물질을 제거한 후 플라스틱 수거함으로 배출합니다."]', 'high', 'https://www.xn--oy2b29bd3a601b.kr/front/dischargeMethod/dictionaryView.do?niIdx=69', '분리배출.kr (한국폐기물협회·환경부)', 'A', '·간장용기는 플라스틱(무색페트 등) 재질로 내용물을 제거한 후 플라스틱 수거함으로 배출하여 주시면 재활용이 가능합니다.', '· 라벨을 제거한 후 배출', '2026-05-18', 0, '["재활용폐기물", "합성수지 용기류"]');
INSERT INTO aliases (item_id, alias, alias_lower, source) VALUES ('간장용기', '모기 스프레이', '모기 스프레이', 'rule');
INSERT OR REPLACE INTO items (id, name, category, note, steps, confidence, source_url, source_name, source_grade, feature, caution, last_verified, region_variation, official_classification) VALUES ('강판의 재질', '강판의 재질', 'can', '· 강판은 채소나 과일 등의 식재료를 문질러 잘게 만드는 주방기구로 주로 금속 또는 합성수지제품으로 제작됩니다. · 강판의 외부 표면이 날카로워 사람이 찔리거나 베이는 등 다칠 우려가 있으므로 신문지, 테이프 등으로 감싼 후 배출하는 것이 좋습니다.', '["강판의 재질이 합성수지인 경우에는 플라스틱 수거함으로 배출합니다.", "강판의 재질이 금속인 경우에는 고철수거함으로 배출합니다."]', 'high', 'https://www.xn--oy2b29bd3a601b.kr/front/dischargeMethod/dictionaryView.do?niIdx=70', '분리배출.kr (한국폐기물협회·환경부)', 'A', '· 강판은 채소나 과일 등의 식재료를 문질러 잘게 만드는 주방기구로 주로 금속 또는 합성수지제품으로 제작됩니다. · 강판의 외부 표면이 날카로워 사람이 찔리거나 베이는 등 다칠 우려가 있으므로 신문지, 테이프 등으로 감싼 후 배출하는 것이 좋습니다.', '· 재질에 맞게 배출', '2026-05-18', 0, '["재활용폐기물", "합성수지 용기류", "금속류", "고철"]');
INSERT INTO aliases (item_id, alias, alias_lower, source) VALUES ('강판의 재질', '강판의재질', '강판의재질', 'rule');
INSERT INTO aliases (item_id, alias, alias_lower, source) VALUES ('강판의 재질', '눈썹칼', '눈썹칼', 'rule');
INSERT INTO aliases (item_id, alias, alias_lower, source) VALUES ('강판의 재질', '메탈', '메탈', 'rule');
INSERT INTO aliases (item_id, alias, alias_lower, source) VALUES ('강판의 재질', '바늘', '바늘', 'rule');
INSERT INTO aliases (item_id, alias, alias_lower, source) VALUES ('강판의 재질', '쇠때기', '쇠때기', 'rule');
INSERT INTO aliases (item_id, alias, alias_lower, source) VALUES ('강판의 재질', '쇠조각', '쇠조각', 'rule');
INSERT INTO aliases (item_id, alias, alias_lower, source) VALUES ('강판의 재질', '스크류', '스크류', 'rule');
INSERT INTO aliases (item_id, alias, alias_lower, source) VALUES ('강판의 재질', '스팸슬라이서', '스팸슬라이서', 'rule');
INSERT INTO aliases (item_id, alias, alias_lower, source) VALUES ('강판의 재질', '실핀', '실핀', 'rule');
INSERT INTO aliases (item_id, alias, alias_lower, source) VALUES ('강판의 재질', '압정', '압정', 'rule');
INSERT INTO aliases (item_id, alias, alias_lower, source) VALUES ('강판의 재질', '인슐린주사기', '인슐린주사기', 'rule');
INSERT INTO aliases (item_id, alias, alias_lower, source) VALUES ('강판의 재질', '일회용면도기', '일회용면도기', 'rule');
INSERT INTO aliases (item_id, alias, alias_lower, source) VALUES ('강판의 재질', '채칼', '채칼', 'rule');
INSERT INTO aliases (item_id, alias, alias_lower, source) VALUES ('강판의 재질', '호치키스심', '호치키스심', 'rule');
INSERT OR REPLACE INTO items (id, name, category, note, steps, confidence, source_url, source_name, source_grade, feature, caution, last_verified, region_variation, official_classification) VALUES ('L자 파일', 'L자 파일', 'vinyl', '· 사무실에서 문서 보관을 위해 사용하는 L자 파일은 합성수지 제품이나 부드럽고 무른 성질을 가지고 있습니다. · 플라스틱 제품 중 부드럽고 무른 성질이 있는 제품은 비닐류로도 배출할 수 있습니다.', '["L자 파일은 플라스틱 수거함 또는 비닐류 수거함으로 배출합니다."]', 'high', 'https://www.xn--oy2b29bd3a601b.kr/front/dischargeMethod/dictionaryView.do?niIdx=71', '분리배출.kr (한국폐기물협회·환경부)', 'A', '· 사무실에서 문서 보관을 위해 사용하는 L자 파일은 합성수지 제품이나 부드럽고 무른 성질을 가지고 있습니다. · 플라스틱 제품 중 부드럽고 무른 성질이 있는 제품은 비닐류로도 배출할 수 있습니다.', '· 플라스틱 제품 중 부드럽고 무른 성질이 있는 제품은 비닐류로 배출 가능', '2026-05-18', 0, '["재활용폐기물", "합성수지 용기류", "합성수지 비닐류"]');
INSERT INTO aliases (item_id, alias, alias_lower, source) VALUES ('L자 파일', 'L자파일', 'l자파일', 'rule');
INSERT INTO aliases (item_id, alias, alias_lower, source) VALUES ('L자 파일', '바인더', '바인더', 'rule');
INSERT INTO aliases (item_id, alias, alias_lower, source) VALUES ('L자 파일', '아코디언 파일', '아코디언 파일', 'rule');
INSERT INTO aliases (item_id, alias, alias_lower, source) VALUES ('L자 파일', '쫄대 화일', '쫄대 화일', 'rule');
INSERT INTO aliases (item_id, alias, alias_lower, source) VALUES ('L자 파일', '포켓 홀더', '포켓 홀더', 'rule');
INSERT OR REPLACE INTO items (id, name, category, note, steps, confidence, source_url, source_name, source_grade, feature, caution, last_verified, region_variation, official_classification) VALUES ('스노우 체인', '스노우 체인', 'can', '· 스노우 체인은 눈길에서 자동차가 미끄러지는 것을 방지하기 위하여 타이어에 감는 금속 사슬을 말합니다. · 스노우 체인은 금속 단일재질로 재활용이 가능합니다. · 금속제품은 재활용 선별장에서 철캔, 알루미늄 캔, 생활철, 스테인리스 등으로 선별하여 제철소로 운반되며 이후 용융 과정을 거쳐 철판, 알루미늄 판 등으로 재활용하고 있습니다. ※ 배출방법은 지역', '["스노우 체인은 고철 수거함으로 배출합니다."]', 'high', 'https://www.xn--oy2b29bd3a601b.kr/front/dischargeMethod/dictionaryView.do?niIdx=72', '분리배출.kr (한국폐기물협회·환경부)', 'A', '· 스노우 체인은 눈길에서 자동차가 미끄러지는 것을 방지하기 위하여 타이어에 감는 금속 사슬을 말합니다. · 스노우 체인은 금속 단일재질로 재활용이 가능합니다. · 금속제품은 재활용 선별장에서 철캔, 알루미늄 캔, 생활철, 스테인리스 등으로 선별하여 제철소로 운반되며 이후 용융 과정을 거쳐 철판, 알루미늄 판 등으로 재활용하고 있습니다. ※ 배출방법은 지역별로 차이가 있을 수 있으니, 해당...', '', '2026-05-18', 0, '["재활용폐기물", "금속류", "고철"]');
INSERT INTO aliases (item_id, alias, alias_lower, source) VALUES ('스노우 체인', 'snow chain', 'snow chain', 'rule');
INSERT INTO aliases (item_id, alias, alias_lower, source) VALUES ('스노우 체인', 'tire chain', 'tire chain', 'rule');
INSERT INTO aliases (item_id, alias, alias_lower, source) VALUES ('스노우 체인', '겨울용 체인', '겨울용 체인', 'rule');
INSERT INTO aliases (item_id, alias, alias_lower, source) VALUES ('스노우 체인', '눈길 체인', '눈길 체인', 'rule');
INSERT INTO aliases (item_id, alias, alias_lower, source) VALUES ('스노우 체인', '눈체인', '눈체인', 'rule');
INSERT INTO aliases (item_id, alias, alias_lower, source) VALUES ('스노우 체인', '미끄럼 방지 체인', '미끄럼 방지 체인', 'rule');
INSERT INTO aliases (item_id, alias, alias_lower, source) VALUES ('스노우 체인', '스파이더 체인', '스파이더 체인', 'rule');
INSERT INTO aliases (item_id, alias, alias_lower, source) VALUES ('스노우 체인', '와이퍼', '와이퍼', 'rule');
INSERT INTO aliases (item_id, alias, alias_lower, source) VALUES ('스노우 체인', '우레탄 체인', '우레탄 체인', 'rule');
INSERT INTO aliases (item_id, alias, alias_lower, source) VALUES ('스노우 체인', '자동차 체인', '자동차 체인', 'rule');
INSERT INTO aliases (item_id, alias, alias_lower, source) VALUES ('스노우 체인', '직물 체인', '직물 체인', 'rule');
INSERT INTO aliases (item_id, alias, alias_lower, source) VALUES ('스노우 체인', '체인', '체인', 'rule');
INSERT INTO aliases (item_id, alias, alias_lower, source) VALUES ('스노우 체인', '타이어 체인', '타이어 체인', 'rule');
INSERT INTO aliases (item_id, alias, alias_lower, source) VALUES ('스노우 체인', '핸들커버', '핸들커버', 'rule');
INSERT OR REPLACE INTO items (id, name, category, note, steps, confidence, source_url, source_name, source_grade, feature, caution, last_verified, region_variation, official_classification) VALUES ('바나나우유 용기', '바나나우유 용기', 'plastic', '· 바나나우유의 용기는 플라스틱(PS)재질로 재활용이 가능합니다. · 용기 내의 내용물을 비우고 물로 헹군 후 플라스틱 수거함으로 배출합니다. · 용기에서 제거한 뚜껑(리드)은 종량제봉투로 배출합니다.', '["바나나우유 용기는 플라스틱 수거함으로 배출합니다."]', 'high', 'https://www.xn--oy2b29bd3a601b.kr/front/dischargeMethod/dictionaryView.do?niIdx=73', '분리배출.kr (한국폐기물협회·환경부)', 'A', '· 바나나우유의 용기는 플라스틱(PS)재질로 재활용이 가능합니다. · 용기 내의 내용물을 비우고 물로 헹군 후 플라스틱 수거함으로 배출합니다. · 용기에서 제거한 뚜껑(리드)은 종량제봉투로 배출합니다.', '· 내용물을 비우고 물로 헹군 후 배출', '2026-05-18', 0, '["재활용폐기물", "합성수지 용기류"]');
INSERT INTO aliases (item_id, alias, alias_lower, source) VALUES ('바나나우유 용기', '바나나우유용기', '바나나우유용기', 'rule');
INSERT OR REPLACE INTO items (id, name, category, note, steps, confidence, source_url, source_name, source_grade, feature, caution, last_verified, region_variation, official_classification) VALUES ('요거트 용기', '요거트 용기', 'plastic', '· 요거트의 용기는 플라스틱(PS)재질로 내용물을 비우고 물로 헹군 후 플라스틱 수거함으로 배출합니다. · 용기에서 제거한 뚜껑(리드)은 종량제봉투로 배출합니다.', '["요거트 용기는 플라스틱 수거함으로 배출합니다."]', 'high', 'https://www.xn--oy2b29bd3a601b.kr/front/dischargeMethod/dictionaryView.do?niIdx=74', '분리배출.kr (한국폐기물협회·환경부)', 'A', '· 요거트의 용기는 플라스틱(PS)재질로 내용물을 비우고 물로 헹군 후 플라스틱 수거함으로 배출합니다. · 용기에서 제거한 뚜껑(리드)은 종량제봉투로 배출합니다.', '· 내용물을 비우고 물로 헹군 후 배출', '2026-05-18', 0, '["재활용폐기물", "합성수지 용기류"]');
INSERT INTO aliases (item_id, alias, alias_lower, source) VALUES ('요거트 용기', '요거트용기', '요거트용기', 'rule');
INSERT OR REPLACE INTO items (id, name, category, note, steps, confidence, source_url, source_name, source_grade, feature, caution, last_verified, region_variation, official_classification) VALUES ('수저의 재질', '수저의 재질', 'general', '· 수저는 숟가락과 젓가락을 합해 이루는 것이며, 스테인리스로 된 수저는 고철 수거함에 배출합니다. · 나무 재질로 되어 있거나 나무, 플라스틱 손잡이 등 다른 재질이 포함되어 재질별 분리가 어려운 수저는 일반쓰레기로 배출합니다.', '["수저의 재질이 금속 단일재질인 경우에는 고철수거함으로 배출합니다.", "목재제품인 경우에는 종량제봉투로 배출합니다.", "수저가 다양한 재질이 혼합된 경우에는 종량제봉투로 배출합니다."]', 'high', 'https://www.xn--oy2b29bd3a601b.kr/front/dischargeMethod/dictionaryView.do?niIdx=75', '분리배출.kr (한국폐기물협회·환경부)', 'A', '· 수저는 숟가락과 젓가락을 합해 이루는 것이며, 스테인리스로 된 수저는 고철 수거함에 배출합니다. · 나무 재질로 되어 있거나 나무, 플라스틱 손잡이 등 다른 재질이 포함되어 재질별 분리가 어려운 수저는 일반쓰레기로 배출합니다.', '· 재질을 확인한 후 배출', '2026-05-18', 0, '["재활용폐기물", "금속류", "고철", "일반폐기물", "일반종량제폐기물"]');
INSERT INTO aliases (item_id, alias, alias_lower, source) VALUES ('수저의 재질', '수저 소재', '수저 소재', 'rule');
INSERT INTO aliases (item_id, alias, alias_lower, source) VALUES ('수저의 재질', '수저 재료', '수저 재료', 'rule');
INSERT INTO aliases (item_id, alias, alias_lower, source) VALUES ('수저의 재질', '수저 재질 뭐예요', '수저 재질 뭐예요', 'rule');
INSERT INTO aliases (item_id, alias, alias_lower, source) VALUES ('수저의 재질', '수저 재질 종류', '수저 재질 종류', 'rule');
INSERT INTO aliases (item_id, alias, alias_lower, source) VALUES ('수저의 재질', '수저 재질은요', '수저 재질은요', 'rule');
INSERT INTO aliases (item_id, alias, alias_lower, source) VALUES ('수저의 재질', '수저의재질', '수저의재질', 'rule');
INSERT INTO aliases (item_id, alias, alias_lower, source) VALUES ('수저의 재질', '수저재질', '수저재질', 'rule');
INSERT INTO aliases (item_id, alias, alias_lower, source) VALUES ('수저의 재질', '숟가락 젓가락 재질', '숟가락 젓가락 재질', 'rule');
INSERT INTO aliases (item_id, alias, alias_lower, source) VALUES ('수저의 재질', '숟젓 재질', '숟젓 재질', 'rule');
INSERT INTO aliases (item_id, alias, alias_lower, source) VALUES ('수저의 재질', '스푼 찹스틱 재질', '스푼 찹스틱 재질', 'rule');
INSERT INTO aliases (item_id, alias, alias_lower, source) VALUES ('수저의 재질', '식기 재질', '식기 재질', 'rule');
INSERT INTO aliases (item_id, alias, alias_lower, source) VALUES ('수저의 재질', '유텐실 재질', '유텐실 재질', 'rule');
INSERT INTO aliases (item_id, alias, alias_lower, source) VALUES ('수저의 재질', '커틀러리 재질', '커틀러리 재질', 'rule');
INSERT OR REPLACE INTO items (id, name, category, note, steps, confidence, source_url, source_name, source_grade, feature, caution, last_verified, region_variation, official_classification) VALUES ('후드 필터의 재질', '후드 필터의 재질', 'can', '· 후드 필터의 프레임과 망이 모두 금속 재질인 경우에는 고철류로 배출합니다. · 다만, 고철 이외의 다른 재질이 혼합되어 있는 경우는 재활용이 어려우니 종량제봉투에 담아서 배출하거나, 담기 어려운 경우에는 대형폐기물로 배출하여 주시기 바랍니다. ※ 배출방법은 지역별로 차이가 있을 수 있으니, 해당 지방자치단체에서 정하는 방법이 있는 경우에는 해당 방법에', '["후드 필터의 재질이 금속인 경우에는 고철 수거함으로 배출합니다."]', 'high', 'https://www.xn--oy2b29bd3a601b.kr/front/dischargeMethod/dictionaryView.do?niIdx=76', '분리배출.kr (한국폐기물협회·환경부)', 'A', '· 후드 필터의 프레임과 망이 모두 금속 재질인 경우에는 고철류로 배출합니다. · 다만, 고철 이외의 다른 재질이 혼합되어 있는 경우는 재활용이 어려우니 종량제봉투에 담아서 배출하거나, 담기 어려운 경우에는 대형폐기물로 배출하여 주시기 바랍니다. ※ 배출방법은 지역별로 차이가 있을 수 있으니, 해당 지방자치단체에서 정하는 방법이 있는 경우에는 해당 방법에 따라 배출하시기 바랍니다. 가까운 분...', '', '2026-05-18', 0, '["재활용폐기물", "금속류", "고철"]');
INSERT INTO aliases (item_id, alias, alias_lower, source) VALUES ('후드 필터의 재질', 'hood filter material', 'hood filter material', 'rule');
INSERT INTO aliases (item_id, alias, alias_lower, source) VALUES ('후드 필터의 재질', 'range hood filter material', 'range hood filter material', 'rule');
INSERT INTO aliases (item_id, alias, alias_lower, source) VALUES ('후드 필터의 재질', '레인지 후드 필터 재질', '레인지 후드 필터 재질', 'rule');
INSERT INTO aliases (item_id, alias, alias_lower, source) VALUES ('후드 필터의 재질', '주방 후드 필터 재질', '주방 후드 필터 재질', 'rule');
INSERT INTO aliases (item_id, alias, alias_lower, source) VALUES ('후드 필터의 재질', '필터 겉 재질', '필터 겉 재질', 'rule');
INSERT INTO aliases (item_id, alias, alias_lower, source) VALUES ('후드 필터의 재질', '필터 성분', '필터 성분', 'rule');
INSERT INTO aliases (item_id, alias, alias_lower, source) VALUES ('후드 필터의 재질', '필터 속 재질', '필터 속 재질', 'rule');
INSERT INTO aliases (item_id, alias, alias_lower, source) VALUES ('후드 필터의 재질', '필터망 재질', '필터망 재질', 'rule');
INSERT INTO aliases (item_id, alias, alias_lower, source) VALUES ('후드 필터의 재질', '환기 필터 재질', '환기 필터 재질', 'rule');
INSERT INTO aliases (item_id, alias, alias_lower, source) VALUES ('후드 필터의 재질', '환풍기 필터 재질', '환풍기 필터 재질', 'rule');
INSERT INTO aliases (item_id, alias, alias_lower, source) VALUES ('후드 필터의 재질', '후드 필터 구성 재료', '후드 필터 구성 재료', 'rule');
INSERT INTO aliases (item_id, alias, alias_lower, source) VALUES ('후드 필터의 재질', '후드 필터 재료', '후드 필터 재료', 'rule');
INSERT INTO aliases (item_id, alias, alias_lower, source) VALUES ('후드 필터의 재질', '후드필터의재질', '후드필터의재질', 'rule');
INSERT OR REPLACE INTO items (id, name, category, note, steps, confidence, source_url, source_name, source_grade, feature, caution, last_verified, region_variation, official_classification) VALUES ('텀블러', '텀블러', 'plastic', '· 텀블러의 재질이 금속과 플라스틱 단일재질로 되어 있는 경우에는 금속과 플라스틱으로 각각 배출합니다. · 재질별로 분리하기 어렵거나 혼합재질인 제품은 일반쓰레기로 배출합니다.', '["텀블러는 재질에 맞게 분리한 후 전용수거함으로 배출합니다.", "재질별로 분리하기 어려운 경우에는 종량제봉투로 배출합니다."]', 'high', 'https://www.xn--oy2b29bd3a601b.kr/front/dischargeMethod/dictionaryView.do?niIdx=77', '분리배출.kr (한국폐기물협회·환경부)', 'A', '· 텀블러의 재질이 금속과 플라스틱 단일재질로 되어 있는 경우에는 금속과 플라스틱으로 각각 배출합니다. · 재질별로 분리하기 어렵거나 혼합재질인 제품은 일반쓰레기로 배출합니다.', '· 재질별로 분리가 가능하다면 가급적 분리한 후 재질에 맞게 배출', '2026-05-18', 0, '["재활용폐기물", "금속류", "고철", "합성수지 용기류"]');
INSERT INTO aliases (item_id, alias, alias_lower, source) VALUES ('텀블러', '법랑 주전자', '법랑 주전자', 'rule');
INSERT INTO aliases (item_id, alias, alias_lower, source) VALUES ('텀블러', '보온병', '보온병', 'rule');
INSERT INTO aliases (item_id, alias, alias_lower, source) VALUES ('텀블러', '빨대', '빨대', 'rule');
INSERT INTO aliases (item_id, alias, alias_lower, source) VALUES ('텀블러', '음료캔', '음료캔', 'rule');
INSERT INTO aliases (item_id, alias, alias_lower, source) VALUES ('텀블러', '캔커피', '캔커피', 'rule');
INSERT OR REPLACE INTO items (id, name, category, note, steps, confidence, source_url, source_name, source_grade, feature, caution, last_verified, region_variation, official_classification) VALUES ('부탄가스', '부탄가스', 'can', '· 부탄가스, 스프레이 용기는 내부 가스로 인하여 폭발 위험이 있으므로 환기가 잘되는 장소에서 노즐을 눌러 내용물을 완전히 제거한 후 배출합니다. · 금속제품은 재활용 선별장에서 철캔, 알루미늄 캔, 생활철, 스테인리스 등으로 선별하여 제철소로 운반되며 이후 용융 과정을 거쳐 철판, 알루미늄 판 등으로 재활용하고 있습니다.', '["부탄가스는 금속캔 수거함으로 배출합니다."]', 'high', 'https://www.xn--oy2b29bd3a601b.kr/front/dischargeMethod/dictionaryView.do?niIdx=78', '분리배출.kr (한국폐기물협회·환경부)', 'A', '· 부탄가스, 스프레이 용기는 내부 가스로 인하여 폭발 위험이 있으므로 환기가 잘되는 장소에서 노즐을 눌러 내용물을 완전히 제거한 후 배출합니다. · 금속제품은 재활용 선별장에서 철캔, 알루미늄 캔, 생활철, 스테인리스 등으로 선별하여 제철소로 운반되며 이후 용융 과정을 거쳐 철판, 알루미늄 판 등으로 재활용하고 있습니다.', '· 내용물(가스)을 완전히 제거한 후 배출', '2026-05-18', 0, '["재활용폐기물", "금속류", "기타캔류"]');
INSERT INTO aliases (item_id, alias, alias_lower, source) VALUES ('부탄가스', '가스 카트리지', '가스 카트리지', 'rule');
INSERT INTO aliases (item_id, alias, alias_lower, source) VALUES ('부탄가스', '가스통', '가스통', 'rule');
INSERT INTO aliases (item_id, alias, alias_lower, source) VALUES ('부탄가스', '대륙부탄', '대륙부탄', 'rule');
INSERT INTO aliases (item_id, alias, alias_lower, source) VALUES ('부탄가스', '맥스부탄', '맥스부탄', 'rule');
INSERT INTO aliases (item_id, alias, alias_lower, source) VALUES ('부탄가스', '부탄', '부탄', 'rule');
INSERT INTO aliases (item_id, alias, alias_lower, source) VALUES ('부탄가스', '부탄 캐니스터', '부탄 캐니스터', 'rule');
INSERT INTO aliases (item_id, alias, alias_lower, source) VALUES ('부탄가스', '부탄가스통', '부탄가스통', 'rule');
INSERT INTO aliases (item_id, alias, alias_lower, source) VALUES ('부탄가스', '부탄캔', '부탄캔', 'rule');
INSERT INTO aliases (item_id, alias, alias_lower, source) VALUES ('부탄가스', '썬연료', '썬연료', 'rule');
INSERT INTO aliases (item_id, alias, alias_lower, source) VALUES ('부탄가스', '이소가스', '이소가스', 'rule');
INSERT INTO aliases (item_id, alias, alias_lower, source) VALUES ('부탄가스', '캠핑 가스', '캠핑 가스', 'rule');
INSERT INTO aliases (item_id, alias, alias_lower, source) VALUES ('부탄가스', '휴대용 가스', '휴대용 가스', 'rule');
INSERT OR REPLACE INTO items (id, name, category, note, steps, confidence, source_url, source_name, source_grade, feature, caution, last_verified, region_variation, official_classification) VALUES ('펜치', '펜치', 'can', '· 펜치 등 공구류는 대부분 금속재질로 고철로 배출하면 됩니다. · 금속제품은 재활용 선별장에서 철캔, 알루미늄 캔, 생활철, 스테인리스 등으로 선별하여 제철소로 운반되며 이후 용융 과정을 거쳐 철판, 알루미늄 판 등으로 재활용하고 있습니다.', '["펜치는 고철수거함으로 배출합니다."]', 'high', 'https://www.xn--oy2b29bd3a601b.kr/front/dischargeMethod/dictionaryView.do?niIdx=79', '분리배출.kr (한국폐기물협회·환경부)', 'A', '· 펜치 등 공구류는 대부분 금속재질로 고철로 배출하면 됩니다. · 금속제품은 재활용 선별장에서 철캔, 알루미늄 캔, 생활철, 스테인리스 등으로 선별하여 제철소로 운반되며 이후 용융 과정을 거쳐 철판, 알루미늄 판 등으로 재활용하고 있습니다.', '· 고철 외 다른 재질이 섞인 정도에 따라 고철 수거함 또는 종량제봉투로 배출', '2026-05-18', 0, '["재활용폐기물", "금속류", "고철"]');
INSERT INTO aliases (item_id, alias, alias_lower, source) VALUES ('펜치', '공구집게', '공구집게', 'rule');
INSERT INTO aliases (item_id, alias, alias_lower, source) VALUES ('펜치', '공사장집게', '공사장집게', 'rule');
INSERT INTO aliases (item_id, alias, alias_lower, source) VALUES ('펜치', '롱노우즈', '롱노우즈', 'rule');
INSERT INTO aliases (item_id, alias, alias_lower, source) VALUES ('펜치', '만능집게', '만능집게', 'rule');
INSERT INTO aliases (item_id, alias, alias_lower, source) VALUES ('펜치', '뺀찌', '뺀찌', 'rule');
INSERT INTO aliases (item_id, alias, alias_lower, source) VALUES ('펜치', '뺀치', '뺀치', 'rule');
INSERT INTO aliases (item_id, alias, alias_lower, source) VALUES ('펜치', '쇠집게', '쇠집게', 'rule');
INSERT INTO aliases (item_id, alias, alias_lower, source) VALUES ('펜치', '철물집게', '철물집게', 'rule');
INSERT INTO aliases (item_id, alias, alias_lower, source) VALUES ('펜치', '펜치집게', '펜치집게', 'rule');
INSERT INTO aliases (item_id, alias, alias_lower, source) VALUES ('펜치', '플라이어', '플라이어', 'rule');
INSERT OR REPLACE INTO items (id, name, category, note, steps, confidence, source_url, source_name, source_grade, feature, caution, last_verified, region_variation, official_classification) VALUES ('나사', '나사', 'can', '· 나사, 너트, 볼트 등의 부품은 금속재질로 고철로 배출하면 됩니다. · 금속제품은 재활용 선별장에서 철캔, 알루미늄 캔, 생활철, 스테인리스 등으로 선별하여 제철소로 운반되며 이후 용융 과정을 거쳐 철판, 알루미늄 판 등으로 재활용하고 있습니다. ※ 배출방법은 지역별로 차이가 있을 수 있으니, 해당 지방자치단체에서 정하는 방법이 있는 경우에는 해당 방법', '["나사는 고철수거함으로 배출합니다."]', 'high', 'https://www.xn--oy2b29bd3a601b.kr/front/dischargeMethod/dictionaryView.do?niIdx=80', '분리배출.kr (한국폐기물협회·환경부)', 'A', '· 나사, 너트, 볼트 등의 부품은 금속재질로 고철로 배출하면 됩니다. · 금속제품은 재활용 선별장에서 철캔, 알루미늄 캔, 생활철, 스테인리스 등으로 선별하여 제철소로 운반되며 이후 용융 과정을 거쳐 철판, 알루미늄 판 등으로 재활용하고 있습니다. ※ 배출방법은 지역별로 차이가 있을 수 있으니, 해당 지방자치단체에서 정하는 방법이 있는 경우에는 해당 방법에 따라 배출하시기 바랍니다. 가까운...', '', '2026-05-18', 0, '["재활용폐기물", "금속류", "고철"]');
INSERT INTO aliases (item_id, alias, alias_lower, source) VALUES ('나사', '철사', '철사', 'rule');
INSERT OR REPLACE INTO items (id, name, category, note, steps, confidence, source_url, source_name, source_grade, feature, caution, last_verified, region_variation, official_classification) VALUES ('법랑냄비', '법랑냄비', 'can', '· 법랑냄비는 금속 표면에 유리질 유약을 바른 후 만든 제품으로 고철 수거함으로 배출합니다. · 내열유리뚜껑은 불연성종량제봉투(특수규격마대)에 배출합니다. · 금속제품은 재활용 선별장에서 철캔, 알루미늄 캔, 생활철, 스테인리스 등으로 선별하여 제철소로 운반되며 이후 용융 과정을 거쳐 철판, 알루미늄 판 등으로 재활용하고 있습니다. ※ 배출방법은 지역별로', '["법랑냄비는 고철수거함으로 배출합니다."]', 'high', 'https://www.xn--oy2b29bd3a601b.kr/front/dischargeMethod/dictionaryView.do?niIdx=81', '분리배출.kr (한국폐기물협회·환경부)', 'A', '· 법랑냄비는 금속 표면에 유리질 유약을 바른 후 만든 제품으로 고철 수거함으로 배출합니다. · 내열유리뚜껑은 불연성종량제봉투(특수규격마대)에 배출합니다. · 금속제품은 재활용 선별장에서 철캔, 알루미늄 캔, 생활철, 스테인리스 등으로 선별하여 제철소로 운반되며 이후 용융 과정을 거쳐 철판, 알루미늄 판 등으로 재활용하고 있습니다. ※ 배출방법은 지역별로 차이가 있을 수 있으니, 해당 지방자...', '', '2026-05-18', 0, '["재활용폐기물", "금속류", "고철"]');
INSERT INTO aliases (item_id, alias, alias_lower, source) VALUES ('법랑냄비', '냄비', '냄비', 'rule');
INSERT OR REPLACE INTO items (id, name, category, note, steps, confidence, source_url, source_name, source_grade, feature, caution, last_verified, region_variation, official_classification) VALUES ('집게의 재질', '집게의 재질', 'general', '· 집게가 스테인리스 단일 재질인 경우 고철수거함으로 배출합니다. · 집게손잡이에 플라스틱, 고무 등이 혼합된 제품이라면 종량제봉투로 배출하여 주시기 바랍니다. ※ 배출방법은 지역별로 차이가 있을 수 있으니, 해당 지방자치단체에서 정하는 방법이 있는 경우에는 해당 방법에 따라 배출하시기 바랍니다. 가까운 분리배출 장소를 확인해보세요. 현재 위치에 가까운 배', '["집게의 재질이 금속 단일재질인 경우에는 고철수거함으로 배출합니다.", "집게가 다양한 재질이 혼합된 경우에는 종량제봉투로 배출합니다."]', 'high', 'https://www.xn--oy2b29bd3a601b.kr/front/dischargeMethod/dictionaryView.do?niIdx=82', '분리배출.kr (한국폐기물협회·환경부)', 'A', '· 집게가 스테인리스 단일 재질인 경우 고철수거함으로 배출합니다. · 집게손잡이에 플라스틱, 고무 등이 혼합된 제품이라면 종량제봉투로 배출하여 주시기 바랍니다. ※ 배출방법은 지역별로 차이가 있을 수 있으니, 해당 지방자치단체에서 정하는 방법이 있는 경우에는 해당 방법에 따라 배출하시기 바랍니다. 가까운 분리배출 장소를 확인해보세요. 현재 위치에 가까운 배출장소가 없습니다. 근처의 다른 지역...', '', '2026-05-18', 0, '["재활용폐기물", "금속류", "고철", "일반폐기물", "일반종량제폐기물"]');
INSERT INTO aliases (item_id, alias, alias_lower, source) VALUES ('집게의 재질', 'clip 재질', 'clip 재질', 'rule');
INSERT INTO aliases (item_id, alias, alias_lower, source) VALUES ('집게의 재질', 'tongs 재질', 'tongs 재질', 'rule');
INSERT INTO aliases (item_id, alias, alias_lower, source) VALUES ('집게의 재질', '집게 구성물', '집게 구성물', 'rule');
INSERT INTO aliases (item_id, alias, alias_lower, source) VALUES ('집게의 재질', '집게 메테리얼', '집게 메테리얼', 'rule');
INSERT INTO aliases (item_id, alias, alias_lower, source) VALUES ('집게의 재질', '집게 몸통 재질', '집게 몸통 재질', 'rule');
INSERT INTO aliases (item_id, alias, alias_lower, source) VALUES ('집게의 재질', '집게 성분', '집게 성분', 'rule');
INSERT INTO aliases (item_id, alias, alias_lower, source) VALUES ('집게의 재질', '집게 소재', '집게 소재', 'rule');
INSERT INTO aliases (item_id, alias, alias_lower, source) VALUES ('집게의 재질', '집게 원재료', '집게 원재료', 'rule');
INSERT INTO aliases (item_id, alias, alias_lower, source) VALUES ('집게의 재질', '집게 재료', '집게 재료', 'rule');
INSERT INTO aliases (item_id, alias, alias_lower, source) VALUES ('집게의 재질', '집게 클립 재질', '집게 클립 재질', 'rule');
INSERT INTO aliases (item_id, alias, alias_lower, source) VALUES ('집게의 재질', '집게의재질', '집게의재질', 'rule');
INSERT INTO aliases (item_id, alias, alias_lower, source) VALUES ('집게의 재질', '집게재', '집게재', 'rule');
INSERT INTO aliases (item_id, alias, alias_lower, source) VALUES ('집게의 재질', '집게재료', '집게재료', 'rule');
INSERT OR REPLACE INTO items (id, name, category, note, steps, confidence, source_url, source_name, source_grade, feature, caution, last_verified, region_variation, official_classification) VALUES ('청소솔', '청소솔', 'plastic', '· 청소솔은 금속, 플라스틱 등이 혼합된 복합재질 제품으로 재활용이 어렵습니다. · 금속, 플라스틱 등 단일재질로 분리가 가능한 경우에는 각각 분리하여 금속은 고철 수거함에 배출하고, 플라스틱은 재활용품으로 배출합니다. · 재질별로 분리하기 어려운 제품은 종량제봉투로 배출하거나 크기가 큰 제품인 경우 대형폐기물로 배출합니다.', '["청소솔은 재질에 맞게 분리한 후 전용수거함으로 배출합니다.", "재질별로 분리하기 어려운 경우에는 종량제봉투로 배출합니다.", "크기가 커 수거함 또는 종량제봉투로 배출하기 어려운 경우에는 대형폐기물로 배출합니다."]', 'high', 'https://www.xn--oy2b29bd3a601b.kr/front/dischargeMethod/dictionaryView.do?niIdx=83', '분리배출.kr (한국폐기물협회·환경부)', 'A', '· 청소솔은 금속, 플라스틱 등이 혼합된 복합재질 제품으로 재활용이 어렵습니다. · 금속, 플라스틱 등 단일재질로 분리가 가능한 경우에는 각각 분리하여 금속은 고철 수거함에 배출하고, 플라스틱은 재활용품으로 배출합니다. · 재질별로 분리하기 어려운 제품은 종량제봉투로 배출하거나 크기가 큰 제품인 경우 대형폐기물로 배출합니다.', '· 재질별로 분리가 가능하다면 가급적 분리한 후 재질에 맞게 배출', '2026-05-18', 0, '["재활용폐기물", "금속류", "고철", "합성수지 용기류"]');
INSERT INTO aliases (item_id, alias, alias_lower, source) VALUES ('청소솔', '닦는솔', '닦는솔', 'rule');
INSERT INTO aliases (item_id, alias, alias_lower, source) VALUES ('청소솔', '바닥솔', '바닥솔', 'rule');
INSERT INTO aliases (item_id, alias, alias_lower, source) VALUES ('청소솔', '변기솔', '변기솔', 'rule');
INSERT INTO aliases (item_id, alias, alias_lower, source) VALUES ('청소솔', '세정솔', '세정솔', 'rule');
INSERT INTO aliases (item_id, alias, alias_lower, source) VALUES ('청소솔', '세척솔', '세척솔', 'rule');
INSERT INTO aliases (item_id, alias, alias_lower, source) VALUES ('청소솔', '세탁솔', '세탁솔', 'rule');
INSERT INTO aliases (item_id, alias, alias_lower, source) VALUES ('청소솔', '솔솔이', '솔솔이', 'rule');
INSERT INTO aliases (item_id, alias, alias_lower, source) VALUES ('청소솔', '스크러버', '스크러버', 'rule');
INSERT INTO aliases (item_id, alias, alias_lower, source) VALUES ('청소솔', '청솔', '청솔', 'rule');
INSERT INTO aliases (item_id, alias, alias_lower, source) VALUES ('청소솔', '클리닝 브러쉬', '클리닝 브러쉬', 'rule');
INSERT INTO aliases (item_id, alias, alias_lower, source) VALUES ('청소솔', '틈새솔', '틈새솔', 'rule');
INSERT OR REPLACE INTO items (id, name, category, note, steps, confidence, source_url, source_name, source_grade, feature, caution, last_verified, region_variation, official_classification) VALUES ('스마트폰거치대', '스마트폰거치대', 'general', '· 스마트폰거치대가 금속재질(알루미늄)인 경우에는 고철로 배출합니다. · 금속재질 이외 실리콘, 자석 등의 다른 재질이 포함되어 재질별 분리가 어려운 경우에는 일반쓰레기로 배출합니다.', '["스마트폰거치대는 고철 수거함으로 배출합니다.", "다양한 재질이 혼합된 경우에는 종량제봉투로 배출합니다."]', 'high', 'https://www.xn--oy2b29bd3a601b.kr/front/dischargeMethod/dictionaryView.do?niIdx=87', '분리배출.kr (한국폐기물협회·환경부)', 'A', '· 스마트폰거치대가 금속재질(알루미늄)인 경우에는 고철로 배출합니다. · 금속재질 이외 실리콘, 자석 등의 다른 재질이 포함되어 재질별 분리가 어려운 경우에는 일반쓰레기로 배출합니다.', '· 재질 확인 후 배출', '2026-05-18', 0, '["재활용폐기물", "금속류", "고철", "일반폐기물", "일반종량제폐기물"]');
INSERT INTO aliases (item_id, alias, alias_lower, source) VALUES ('스마트폰거치대', '모바일 스탠드', '모바일 스탠드', 'rule');
INSERT INTO aliases (item_id, alias, alias_lower, source) VALUES ('스마트폰거치대', '스마트폰 고정대', '스마트폰 고정대', 'rule');
INSERT INTO aliases (item_id, alias, alias_lower, source) VALUES ('스마트폰거치대', '스마트폰 받침대', '스마트폰 받침대', 'rule');
INSERT INTO aliases (item_id, alias, alias_lower, source) VALUES ('스마트폰거치대', '스마트폰 스탠드', '스마트폰 스탠드', 'rule');
INSERT INTO aliases (item_id, alias, alias_lower, source) VALUES ('스마트폰거치대', '차량용 스마트폰 거치대', '차량용 스마트폰 거치대', 'rule');
INSERT INTO aliases (item_id, alias, alias_lower, source) VALUES ('스마트폰거치대', '폰 거치대', '폰 거치대', 'rule');
INSERT INTO aliases (item_id, alias, alias_lower, source) VALUES ('스마트폰거치대', '폰 대', '폰 대', 'rule');
INSERT INTO aliases (item_id, alias, alias_lower, source) VALUES ('스마트폰거치대', '폰 받침', '폰 받침', 'rule');
INSERT INTO aliases (item_id, alias, alias_lower, source) VALUES ('스마트폰거치대', '폰 스탠드', '폰 스탠드', 'rule');
INSERT INTO aliases (item_id, alias, alias_lower, source) VALUES ('스마트폰거치대', '폰 홀더', '폰 홀더', 'rule');
INSERT INTO aliases (item_id, alias, alias_lower, source) VALUES ('스마트폰거치대', '핸드폰 거치대', '핸드폰 거치대', 'rule');
INSERT INTO aliases (item_id, alias, alias_lower, source) VALUES ('스마트폰거치대', '휴대폰 거치대', '휴대폰 거치대', 'rule');
INSERT OR REPLACE INTO items (id, name, category, note, steps, confidence, source_url, source_name, source_grade, feature, caution, last_verified, region_variation, official_classification) VALUES ('분유통', '분유통', 'can', '· 분유통는 몸체(철)와 속뚜껑(알루미늄)은 금속 재질로 금속캔 수거함으로 배출합니다. · 뚜껑과 스푼은 플라스틱 재질(PP)로 몸체와 분리하여 플라스틱 수거함으로 배출합니다. · 금속제품은 재활용 선별장에서 철캔, 알루미늄 캔, 생활철, 스테인리스 등으로 선별하여 제철소로 운반되며 이후 용융 과정을 거쳐 철판, 알루미늄 판 등으로 재활용하고 있습니다.', '["분유통은 금속캔 수거함으로 배출합니다."]', 'high', 'https://www.xn--oy2b29bd3a601b.kr/front/dischargeMethod/dictionaryView.do?niIdx=88', '분리배출.kr (한국폐기물협회·환경부)', 'A', '· 분유통는 몸체(철)와 속뚜껑(알루미늄)은 금속 재질로 금속캔 수거함으로 배출합니다. · 뚜껑과 스푼은 플라스틱 재질(PP)로 몸체와 분리하여 플라스틱 수거함으로 배출합니다. · 금속제품은 재활용 선별장에서 철캔, 알루미늄 캔, 생활철, 스테인리스 등으로 선별하여 제철소로 운반되며 이후 용융 과정을 거쳐 철판, 알루미늄 판 등으로 재활용하고 있습니다.', '· 내용물을 비우고 물로 헹군 후 배출', '2026-05-18', 0, '["재활용폐기물", "금속류", "기타캔류"]');
INSERT INTO aliases (item_id, alias, alias_lower, source) VALUES ('분유통', '남양분유통', '남양분유통', 'rule');
INSERT INTO aliases (item_id, alias, alias_lower, source) VALUES ('분유통', '뚜껑이 달린 우유팩', '뚜껑이 달린 우유팩', 'rule');
INSERT INTO aliases (item_id, alias, alias_lower, source) VALUES ('분유통', '맘마통', '맘마통', 'rule');
INSERT INTO aliases (item_id, alias, alias_lower, source) VALUES ('분유통', '매일분유통', '매일분유통', 'rule');
INSERT INTO aliases (item_id, alias, alias_lower, source) VALUES ('분유통', '분유가루', '분유가루', 'rule');
INSERT INTO aliases (item_id, alias, alias_lower, source) VALUES ('분유통', '분유깡통', '분유깡통', 'rule');
INSERT INTO aliases (item_id, alias, alias_lower, source) VALUES ('분유통', '분유용기', '분유용기', 'rule');
INSERT INTO aliases (item_id, alias, alias_lower, source) VALUES ('분유통', '분유캔', '분유캔', 'rule');
INSERT INTO aliases (item_id, alias, alias_lower, source) VALUES ('분유통', '아가분유통', '아가분유통', 'rule');
INSERT INTO aliases (item_id, alias, alias_lower, source) VALUES ('분유통', '아기분유통', '아기분유통', 'rule');
INSERT INTO aliases (item_id, alias, alias_lower, source) VALUES ('분유통', '우유분말통', '우유분말통', 'rule');
INSERT INTO aliases (item_id, alias, alias_lower, source) VALUES ('분유통', '조제분유통', '조제분유통', 'rule');
INSERT INTO aliases (item_id, alias, alias_lower, source) VALUES ('분유통', '파우더밀크캔', '파우더밀크캔', 'rule');
INSERT INTO aliases (item_id, alias, alias_lower, source) VALUES ('분유통', '포뮬라캔', '포뮬라캔', 'rule');
INSERT OR REPLACE INTO items (id, name, category, note, steps, confidence, source_url, source_name, source_grade, feature, caution, last_verified, region_variation, official_classification) VALUES ('와이퍼', '와이퍼', 'plastic', '· 자동차 부품인 와이퍼는 플라스틱, 금속, 고무, 실리콘 등이 혼합된 복합재질 제품입니다. · 금속, 플라스틱 등 단일재질로 분리가 가능한 경우에는 각각 분리하여 금속은 고철 수거함에 배출하고, 플라스틱은 플라스틱 수거함으로 배출합니다. · 재질별로 분리하기 어려운 제품은 종량제봉투로 배출하거나 크기가 큰 제품인 경우 대형폐기물로 배출합니다.', '["와이퍼는 재질에 맞게 분리한 후 전용수거함으로 배출합니다.", "재질별로 분리하기 어려운 경우에는 종량제봉투 또는 대형폐기물로 배출합니다."]', 'high', 'https://www.xn--oy2b29bd3a601b.kr/front/dischargeMethod/dictionaryView.do?niIdx=90', '분리배출.kr (한국폐기물협회·환경부)', 'A', '· 자동차 부품인 와이퍼는 플라스틱, 금속, 고무, 실리콘 등이 혼합된 복합재질 제품입니다. · 금속, 플라스틱 등 단일재질로 분리가 가능한 경우에는 각각 분리하여 금속은 고철 수거함에 배출하고, 플라스틱은 플라스틱 수거함으로 배출합니다. · 재질별로 분리하기 어려운 제품은 종량제봉투로 배출하거나 크기가 큰 제품인 경우 대형폐기물로 배출합니다.', '· 재질별로 분리가 가능하다면 분리한 후 재질에 맞게 배출', '2026-05-18', 0, '["재활용폐기물", "금속류", "고철", "합성수지 용기류"]');
INSERT INTO aliases (item_id, alias, alias_lower, source) VALUES ('와이퍼', '스노우체인', '스노우체인', 'rule');
INSERT OR REPLACE INTO items (id, name, category, note, steps, confidence, source_url, source_name, source_grade, feature, caution, last_verified, region_variation, official_classification) VALUES ('새장', '새장', 'plastic', '· 새장은 주로 프레임은 금속재질이며, 모이통 및 배변판은 플라스틱 재질입니다. · 금속, 플라스틱 등 단일재질로 분리가 가능한 경우에는 각각 분리하여 금속은 고철 수거함에 배출하고, 플라스틱은 물로 헹구는 등 이물질을 제거한 후 플라스틱 수거함으로 배출합니다. · 재질별로 분리하기 어려운 제품은 종량제봉투로 배출하거나 크기가 큰 새장인 경우 대형폐기물로', '["새장은 재질에 맞게 분리한 후 전용수거함으로 배출합니다.", "재질별로 분리하기 어려운 경우에는 종량제봉투 또는 대형폐기물로 배출합니다."]', 'high', 'https://www.xn--oy2b29bd3a601b.kr/front/dischargeMethod/dictionaryView.do?niIdx=91', '분리배출.kr (한국폐기물협회·환경부)', 'A', '· 새장은 주로 프레임은 금속재질이며, 모이통 및 배변판은 플라스틱 재질입니다. · 금속, 플라스틱 등 단일재질로 분리가 가능한 경우에는 각각 분리하여 금속은 고철 수거함에 배출하고, 플라스틱은 물로 헹구는 등 이물질을 제거한 후 플라스틱 수거함으로 배출합니다. · 재질별로 분리하기 어려운 제품은 종량제봉투로 배출하거나 크기가 큰 새장인 경우 대형폐기물로 배출합니다.', '· 재질별로 분리가 가능하다면 분리한 후 재질에 맞게 배출', '2026-05-18', 0, '["재활용폐기물", "금속류", "고철", "합성수지 용기류"]');
INSERT INTO aliases (item_id, alias, alias_lower, source) VALUES ('새장', '개껌', '개껌', 'rule');
INSERT INTO aliases (item_id, alias, alias_lower, source) VALUES ('새장', '반려동물 캐리어', '반려동물 캐리어', 'rule');
INSERT INTO aliases (item_id, alias, alias_lower, source) VALUES ('새장', '반려동물 펜스', '반려동물 펜스', 'rule');
INSERT INTO aliases (item_id, alias, alias_lower, source) VALUES ('새장', '버드케이지', '버드케이지', 'rule');
INSERT INTO aliases (item_id, alias, alias_lower, source) VALUES ('새장', '새 키우는 통', '새 키우는 통', 'rule');
INSERT INTO aliases (item_id, alias, alias_lower, source) VALUES ('새장', '새롱이집', '새롱이집', 'rule');
INSERT INTO aliases (item_id, alias, alias_lower, source) VALUES ('새장', '새장통', '새장통', 'rule');
INSERT INTO aliases (item_id, alias, alias_lower, source) VALUES ('새장', '새집', '새집', 'rule');
INSERT INTO aliases (item_id, alias, alias_lower, source) VALUES ('새장', '새집우리', '새집우리', 'rule');
INSERT INTO aliases (item_id, alias, alias_lower, source) VALUES ('새장', '새집통', '새집통', 'rule');
INSERT INTO aliases (item_id, alias, alias_lower, source) VALUES ('새장', '애완조 새장', '애완조 새장', 'rule');
INSERT INTO aliases (item_id, alias, alias_lower, source) VALUES ('새장', '조류 케이지', '조류 케이지', 'rule');
INSERT INTO aliases (item_id, alias, alias_lower, source) VALUES ('새장', '캣타워', '캣타워', 'rule');
INSERT INTO aliases (item_id, alias, alias_lower, source) VALUES ('새장', '케이지', '케이지', 'rule');
INSERT INTO aliases (item_id, alias, alias_lower, source) VALUES ('새장', '펫 케이지', '펫 케이지', 'rule');
INSERT INTO aliases (item_id, alias, alias_lower, source) VALUES ('새장', '플라스틱 새장', '플라스틱 새장', 'rule');
INSERT OR REPLACE INTO items (id, name, category, note, steps, confidence, source_url, source_name, source_grade, feature, caution, last_verified, region_variation, official_classification) VALUES ('가스압력밥솥', '가스압력밥솥', 'furniture', '· 가스압력밥솥은 손잡이는 플라스틱이나 제품 대부분이 금속으로 제작되어 있어 고철수거함으로 배출합니다. · 금속제품은 재활용 선별장에서 철캔, 알루미늄 캔, 생활철, 스테인리스 등으로 선별하여 제철소로 운반되며 이후 용융 과정을 거쳐 철판, 알루미늄 판 등으로 재활용하고 있습니다.', '["가스압력밥솥은 고철수거함으로 배출합니다.", "가스압력밥솥의 크기, 무게가 커 고철수거함으로 배출하기 어려운 경우에는 대형폐기물로 배출합니다."]', 'high', 'https://www.xn--oy2b29bd3a601b.kr/front/dischargeMethod/dictionaryView.do?niIdx=93', '분리배출.kr (한국폐기물협회·환경부)', 'A', '· 가스압력밥솥은 손잡이는 플라스틱이나 제품 대부분이 금속으로 제작되어 있어 고철수거함으로 배출합니다. · 금속제품은 재활용 선별장에서 철캔, 알루미늄 캔, 생활철, 스테인리스 등으로 선별하여 제철소로 운반되며 이후 용융 과정을 거쳐 철판, 알루미늄 판 등으로 재활용하고 있습니다.', '· 고철 외 다른 재질이 섞인 정도에 따라 고철 수거함 또는 종량제봉투로 배출', '2026-05-18', 0, '["재활용폐기물", "금속류", "고철", "대형폐기물"]');
INSERT INTO aliases (item_id, alias, alias_lower, source) VALUES ('가스압력밥솥', '가스오븐레인지', '가스오븐레인지', 'rule');
INSERT OR REPLACE INTO items (id, name, category, note, steps, confidence, source_url, source_name, source_grade, feature, caution, last_verified, region_variation, official_classification) VALUES ('채망', '채망', 'can', '· 채망 손잡이는 플라스틱이나 채망 제품의 대부분이 금속으로 제작되어 있어 고철 수거함으로 배출합니다. · 금속제품은 재활용 선별장에서 철캔, 알루미늄 캔, 생활철, 스테인리스 등으로 선별하여 제철소로 운반되며 이후 용융 과정을 거쳐 철판, 알루미늄 판 등으로 재활용하고 있습니다.', '["채망은 고철수거함으로 배출합니다."]', 'high', 'https://www.xn--oy2b29bd3a601b.kr/front/dischargeMethod/dictionaryView.do?niIdx=94', '분리배출.kr (한국폐기물협회·환경부)', 'A', '· 채망 손잡이는 플라스틱이나 채망 제품의 대부분이 금속으로 제작되어 있어 고철 수거함으로 배출합니다. · 금속제품은 재활용 선별장에서 철캔, 알루미늄 캔, 생활철, 스테인리스 등으로 선별하여 제철소로 운반되며 이후 용융 과정을 거쳐 철판, 알루미늄 판 등으로 재활용하고 있습니다.', '· 고철 외 다른 재질이 섞인 정도에 따라 고철 수거함 또는 종량제봉투로 배출', '2026-05-18', 0, '["재활용폐기물", "금속류", "고철"]');
INSERT INTO aliases (item_id, alias, alias_lower, source) VALUES ('채망', '거름망', '거름망', 'rule');
INSERT INTO aliases (item_id, alias, alias_lower, source) VALUES ('채망', '건지개', '건지개', 'rule');
INSERT INTO aliases (item_id, alias, alias_lower, source) VALUES ('채망', '국물망', '국물망', 'rule');
INSERT INTO aliases (item_id, alias, alias_lower, source) VALUES ('채망', '국수채', '국수채', 'rule');
INSERT INTO aliases (item_id, alias, alias_lower, source) VALUES ('채망', '물빠짐망', '물빠짐망', 'rule');
INSERT INTO aliases (item_id, alias, alias_lower, source) VALUES ('채망', '미세망', '미세망', 'rule');
INSERT INTO aliases (item_id, alias, alias_lower, source) VALUES ('채망', '스트레이너', '스트레이너', 'rule');
INSERT INTO aliases (item_id, alias, alias_lower, source) VALUES ('채망', '시브', '시브', 'rule');
INSERT INTO aliases (item_id, alias, alias_lower, source) VALUES ('채망', '싱크대망', '싱크대망', 'rule');
INSERT INTO aliases (item_id, alias, alias_lower, source) VALUES ('채망', '콜랜더', '콜랜더', 'rule');
INSERT INTO aliases (item_id, alias, alias_lower, source) VALUES ('채망', '필터망', '필터망', 'rule');
INSERT OR REPLACE INTO items (id, name, category, note, steps, confidence, source_url, source_name, source_grade, feature, caution, last_verified, region_variation, official_classification) VALUES ('휴대용 가스버너', '휴대용 가스버너', 'can', '· 휴대용 가스버너는 대부분 금속으로 제작되어 있어 고철수거함으로 배출합니다. · 금속제품은 재활용 선별장에서 철캔, 알루미늄 캔, 생활철, 스테인리스 등으로 선별하여 제철소로 운반되며 이후 용융 과정을 거쳐 철판, 알루미늄 판 등으로 재활용하고 있습니다.', '["휴대용 가스버너는 고철수거함으로 배출합니다."]', 'high', 'https://www.xn--oy2b29bd3a601b.kr/front/dischargeMethod/dictionaryView.do?niIdx=95', '분리배출.kr (한국폐기물협회·환경부)', 'A', '· 휴대용 가스버너는 대부분 금속으로 제작되어 있어 고철수거함으로 배출합니다. · 금속제품은 재활용 선별장에서 철캔, 알루미늄 캔, 생활철, 스테인리스 등으로 선별하여 제철소로 운반되며 이후 용융 과정을 거쳐 철판, 알루미늄 판 등으로 재활용하고 있습니다.', '· 고철 외 다른 재질이 섞인 정도에 따라 고철 수거함 또는 종량제봉투로 배출', '2026-05-18', 0, '["재활용폐기물", "금속류", "고철"]');
INSERT INTO aliases (item_id, alias, alias_lower, source) VALUES ('휴대용 가스버너', '가스 스토브', '가스 스토브', 'rule');
INSERT INTO aliases (item_id, alias, alias_lower, source) VALUES ('휴대용 가스버너', '간이 버너', '간이 버너', 'rule');
INSERT INTO aliases (item_id, alias, alias_lower, source) VALUES ('휴대용 가스버너', '부탄 버너', '부탄 버너', 'rule');
INSERT INTO aliases (item_id, alias, alias_lower, source) VALUES ('휴대용 가스버너', '야외용 버너', '야외용 버너', 'rule');
INSERT INTO aliases (item_id, alias, alias_lower, source) VALUES ('휴대용 가스버너', '이동식 버너', '이동식 버너', 'rule');
INSERT INTO aliases (item_id, alias, alias_lower, source) VALUES ('휴대용 가스버너', '캠핑 버너', '캠핑 버너', 'rule');
INSERT INTO aliases (item_id, alias, alias_lower, source) VALUES ('휴대용 가스버너', '코베아 버너', '코베아 버너', 'rule');
INSERT INTO aliases (item_id, alias, alias_lower, source) VALUES ('휴대용 가스버너', '코펠 버너', '코펠 버너', 'rule');
INSERT INTO aliases (item_id, alias, alias_lower, source) VALUES ('휴대용 가스버너', '콜맨 버너', '콜맨 버너', 'rule');
INSERT INTO aliases (item_id, alias, alias_lower, source) VALUES ('휴대용 가스버너', '포터블 버너', '포터블 버너', 'rule');
INSERT INTO aliases (item_id, alias, alias_lower, source) VALUES ('휴대용 가스버너', '휴대 버너', '휴대 버너', 'rule');
INSERT INTO aliases (item_id, alias, alias_lower, source) VALUES ('휴대용 가스버너', '휴대용가스버너', '휴대용가스버너', 'rule');
INSERT OR REPLACE INTO items (id, name, category, note, steps, confidence, source_url, source_name, source_grade, feature, caution, last_verified, region_variation, official_classification) VALUES ('수분리성 라벨', '수분리성 라벨', 'vinyl', '· 수분리성 점착라벨이란 PET 용기의 재활용을 향상시킬 수 있도록 제작된 비닐로 재활용공정에서 일정온도의 물과 접촉시 라벨이 쉽게 분리되는 특징을 가지고 있습니다. · 합성수지 비닐과 용기류는 동일한 재질이더라도 물성이 달라 함께 재활용하기 어려우므로 분리하여 배출하는 것이 좋습니다. ※ 배출방법은 지역별로 차이가 있을 수 있으니, 해당 지방자치단체에서', '["수분리성 라벨은 비닐류로 분리하여 배출하여 주시는 것이 좋습니다."]', 'high', 'https://www.xn--oy2b29bd3a601b.kr/front/dischargeMethod/dictionaryView.do?niIdx=96', '분리배출.kr (한국폐기물협회·환경부)', 'A', '· 수분리성 점착라벨이란 PET 용기의 재활용을 향상시킬 수 있도록 제작된 비닐로 재활용공정에서 일정온도의 물과 접촉시 라벨이 쉽게 분리되는 특징을 가지고 있습니다. · 합성수지 비닐과 용기류는 동일한 재질이더라도 물성이 달라 함께 재활용하기 어려우므로 분리하여 배출하는 것이 좋습니다. ※ 배출방법은 지역별로 차이가 있을 수 있으니, 해당 지방자치단체에서 정하는 방법이 있는 경우에는 해당 방...', '', '2026-05-18', 0, '["재활용폐기물", "합성수지 비닐류"]');
INSERT INTO aliases (item_id, alias, alias_lower, source) VALUES ('수분리성 라벨', '수분리성라벨', '수분리성라벨', 'rule');
INSERT OR REPLACE INTO items (id, name, category, note, steps, confidence, source_url, source_name, source_grade, feature, caution, last_verified, region_variation, official_classification) VALUES ('과자봉지', '과자봉지', 'vinyl', '· 과일, 과자 등을 포장하기 위해 사용하는 대부분의 합성수지 비닐은 생산자책임재활용제도 (EPR)대상 품목에 해당되어 재활용이 가능합니다. · 비닐은 재질, 색상과 상관없이 한데 모아 파쇄, 선별, 용융 및 성형과정을 거쳐 플라스틱 배수로, 건축 자재 등으로 재활용하고 있습니다.', '["과자봉지는 비닐류수거함으로 배출합니다."]', 'high', 'https://xn--oy2b29bd3a601b.kr/front/dischargeMethod/index.do', '분리배출.kr (한국폐기물협회·환경부)', 'A', NULL, '·이물질을 제거한 후 배출', '2026-05-18', 0, NULL);
INSERT INTO aliases (item_id, alias, alias_lower, source) VALUES ('과자봉지', '간식봉투', '간식봉투', 'rule');
INSERT INTO aliases (item_id, alias, alias_lower, source) VALUES ('과자봉지', '과자껍데기', '과자껍데기', 'rule');
INSERT INTO aliases (item_id, alias, alias_lower, source) VALUES ('과자봉지', '과자포장지', '과자포장지', 'rule');
INSERT INTO aliases (item_id, alias, alias_lower, source) VALUES ('과자봉지', '까까봉지', '까까봉지', 'rule');
INSERT INTO aliases (item_id, alias, alias_lower, source) VALUES ('과자봉지', '새우깡봉지', '새우깡봉지', 'rule');
INSERT INTO aliases (item_id, alias, alias_lower, source) VALUES ('과자봉지', '스낵백', '스낵백', 'rule');
INSERT INTO aliases (item_id, alias, alias_lower, source) VALUES ('과자봉지', '스낵봉투', '스낵봉투', 'rule');
INSERT INTO aliases (item_id, alias, alias_lower, source) VALUES ('과자봉지', '젤리봉지', '젤리봉지', 'rule');
INSERT INTO aliases (item_id, alias, alias_lower, source) VALUES ('과자봉지', '칩백', '칩백', 'rule');
INSERT INTO aliases (item_id, alias, alias_lower, source) VALUES ('과자봉지', '포카칩봉지', '포카칩봉지', 'rule');
INSERT OR REPLACE INTO items (id, name, category, note, steps, confidence, source_url, source_name, source_grade, feature, caution, last_verified, region_variation, official_classification) VALUES ('즉석밥용기', '즉석밥용기', 'plastic', '· 플라스틱에는 PP, PE, PS, PET와 OTHER류가 있으며, 2가지 이상의 플라스틱이 복합된 복합재질 또는 PVC, ABS재질 등의 단일재질 제품은 OTHER류에 해당합니다. · 플라스틱은 재활용 선별장에서 재질별(PP, PE, PET, PS, OTHER)로 선별한 후 각 재활용업체로 운반하여 재활용하고 있습니다. OTEHR류의 경우 물질 재활용은', '["즉석밥용기는 플라스틱 수거함으로 배출합니다."]', 'high', 'https://www.xn--oy2b29bd3a601b.kr/front/dischargeMethod/dictionaryView.do?niIdx=98', '분리배출.kr (한국폐기물협회·환경부)', 'A', '· 플라스틱에는 PP, PE, PS, PET와 OTHER류가 있으며, 2가지 이상의 플라스틱이 복합된 복합재질 또는 PVC, ABS재질 등의 단일재질 제품은 OTHER류에 해당합니다. · 플라스틱은 재활용 선별장에서 재질별(PP, PE, PET, PS, OTHER)로 선별한 후 각 재활용업체로 운반하여 재활용하고 있습니다. OTEHR류의 경우 물질 재활용은 어려우나 화학적 재활용 또는 에너지...', '· OTHER류 제품은 재질에 맞게 배출', '2026-05-18', 0, '["재활용폐기물", "합성수지 용기류"]');
INSERT INTO aliases (item_id, alias, alias_lower, source) VALUES ('즉석밥용기', '간장용기', '간장용기', 'rule');
INSERT INTO aliases (item_id, alias, alias_lower, source) VALUES ('즉석밥용기', '감자칩 용기', '감자칩 용기', 'rule');
INSERT INTO aliases (item_id, alias, alias_lower, source) VALUES ('즉석밥용기', '계란판', '계란판', 'rule');
INSERT INTO aliases (item_id, alias, alias_lower, source) VALUES ('즉석밥용기', '꿀 용기', '꿀 용기', 'rule');
INSERT INTO aliases (item_id, alias, alias_lower, source) VALUES ('즉석밥용기', '도시락 김 용기', '도시락 김 용기', 'rule');
INSERT INTO aliases (item_id, alias, alias_lower, source) VALUES ('즉석밥용기', '라이스 컨테이너', '라이스 컨테이너', 'rule');
INSERT INTO aliases (item_id, alias, alias_lower, source) VALUES ('즉석밥용기', '마요네즈 용기', '마요네즈 용기', 'rule');
INSERT INTO aliases (item_id, alias, alias_lower, source) VALUES ('즉석밥용기', '물엿 용기', '물엿 용기', 'rule');
INSERT INTO aliases (item_id, alias, alias_lower, source) VALUES ('즉석밥용기', '바나나우유', '바나나우유', 'rule');
INSERT INTO aliases (item_id, alias, alias_lower, source) VALUES ('즉석밥용기', '식용유 용기', '식용유 용기', 'rule');
INSERT INTO aliases (item_id, alias, alias_lower, source) VALUES ('즉석밥용기', '약통 용기', '약통 용기', 'rule');
INSERT INTO aliases (item_id, alias, alias_lower, source) VALUES ('즉석밥용기', '요거트 용기', '요거트 용기', 'rule');
INSERT INTO aliases (item_id, alias, alias_lower, source) VALUES ('즉석밥용기', '캔시머 용기', '캔시머 용기', 'rule');
INSERT INTO aliases (item_id, alias, alias_lower, source) VALUES ('즉석밥용기', '케찹 용기', '케찹 용기', 'rule');
INSERT INTO aliases (item_id, alias, alias_lower, source) VALUES ('즉석밥용기', '햇반용기', '햇반용기', 'rule');
INSERT OR REPLACE INTO items (id, name, category, note, steps, confidence, source_url, source_name, source_grade, feature, caution, last_verified, region_variation, official_classification) VALUES ('깨끗한 플라스틱 도마', '깨끗한 플라스틱 도마', 'plastic', '· 폴리프로필렌(pp) 재질로 된 밀폐보관용기, 도마, 바구니, 옷걸이 등의 생활용품은 EPR 대상 품목으로 지정되어 재활용이 됩니다. · 도마가 플라스틱(PP) 단일 재질인 경우 음식물 등 이물질을 제거한 후 플라스틱수거함으로 배출합니다. · 다만, 도마가 음식물 등 이물질 제거가 어렵거나 오염된 경우에는 일반쓰레기로 배출합니다.', '["깨끗한 플라스틱 도마는 플라스틱 수거함으로 배출합니다."]', 'high', 'https://www.xn--oy2b29bd3a601b.kr/front/dischargeMethod/dictionaryView.do?niIdx=99', '분리배출.kr (한국폐기물협회·환경부)', 'A', '· 폴리프로필렌(pp) 재질로 된 밀폐보관용기, 도마, 바구니, 옷걸이 등의 생활용품은 EPR 대상 품목으로 지정되어 재활용이 됩니다. · 도마가 플라스틱(PP) 단일 재질인 경우 음식물 등 이물질을 제거한 후 플라스틱수거함으로 배출합니다. · 다만, 도마가 음식물 등 이물질 제거가 어렵거나 오염된 경우에는 일반쓰레기로 배출합니다.', '· 이물질을 제거한 후 배출', '2026-05-18', 0, '["재활용폐기물", "합성수지 용기류"]');
INSERT INTO aliases (item_id, alias, alias_lower, source) VALUES ('깨끗한 플라스틱 도마', '그레이터', '그레이터', 'rule');
INSERT INTO aliases (item_id, alias, alias_lower, source) VALUES ('깨끗한 플라스틱 도마', '깨끗한플라스틱도마', '깨끗한플라스틱도마', 'rule');
INSERT INTO aliases (item_id, alias, alias_lower, source) VALUES ('깨끗한 플라스틱 도마', '도마판', '도마판', 'rule');
INSERT INTO aliases (item_id, alias, alias_lower, source) VALUES ('깨끗한 플라스틱 도마', '도마판때기', '도마판때기', 'rule');
INSERT INTO aliases (item_id, alias, alias_lower, source) VALUES ('깨끗한 플라스틱 도마', '락앤락 도마', '락앤락 도마', 'rule');
INSERT INTO aliases (item_id, alias, alias_lower, source) VALUES ('깨끗한 플라스틱 도마', '위생 도마', '위생 도마', 'rule');
INSERT INTO aliases (item_id, alias, alias_lower, source) VALUES ('깨끗한 플라스틱 도마', '칼판때기', '칼판때기', 'rule');
INSERT INTO aliases (item_id, alias, alias_lower, source) VALUES ('깨끗한 플라스틱 도마', '커팅보드', '커팅보드', 'rule');
INSERT INTO aliases (item_id, alias, alias_lower, source) VALUES ('깨끗한 플라스틱 도마', '코멕스 도마', '코멕스 도마', 'rule');
INSERT INTO aliases (item_id, alias, alias_lower, source) VALUES ('깨끗한 플라스틱 도마', '플도마', '플도마', 'rule');
INSERT INTO aliases (item_id, alias, alias_lower, source) VALUES ('깨끗한 플라스틱 도마', '플라스틱 칼판', '플라스틱 칼판', 'rule');
INSERT INTO aliases (item_id, alias, alias_lower, source) VALUES ('깨끗한 플라스틱 도마', '플라스틱 커팅보드', '플라스틱 커팅보드', 'rule');
INSERT INTO aliases (item_id, alias, alias_lower, source) VALUES ('깨끗한 플라스틱 도마', '피피 도마', '피피 도마', 'rule');
INSERT INTO aliases (item_id, alias, alias_lower, source) VALUES ('깨끗한 플라스틱 도마', '합성수지 도마', '합성수지 도마', 'rule');
INSERT OR REPLACE INTO items (id, name, category, note, steps, confidence, source_url, source_name, source_grade, feature, caution, last_verified, region_variation, official_classification) VALUES ('워셔액 용기', '워셔액 용기', 'plastic', '· 생수 및 음료 이외의 투명페트병(주류, 양념류, 식용유, 워셔액, 손세정제 등)은 플라스틱으로 배출합니다.', '["워셔액 용기는 플라스틱 수거함으로 배출합니다."]', 'high', 'https://www.xn--oy2b29bd3a601b.kr/front/dischargeMethod/dictionaryView.do?niIdx=100', '분리배출.kr (한국폐기물협회·환경부)', 'A', '· 생수 및 음료 이외의 투명페트병(주류, 양념류, 식용유, 워셔액, 손세정제 등)은 플라스틱으로 배출합니다.', '· 먹는 샘물, 음료 외 타 무색페트용기는 전용수거함으로 배출 불가', '2026-05-18', 0, '["재활용폐기물", "합성수지 용기류"]');
INSERT INTO aliases (item_id, alias, alias_lower, source) VALUES ('워셔액 용기', '워셔액 다 쓴 통', '워셔액 다 쓴 통', 'rule');
INSERT INTO aliases (item_id, alias, alias_lower, source) VALUES ('워셔액 용기', '워셔액 담는 통', '워셔액 담는 통', 'rule');
INSERT INTO aliases (item_id, alias, alias_lower, source) VALUES ('워셔액 용기', '워셔액 병', '워셔액 병', 'rule');
INSERT INTO aliases (item_id, alias, alias_lower, source) VALUES ('워셔액 용기', '워셔액 보틀', '워셔액 보틀', 'rule');
INSERT INTO aliases (item_id, alias, alias_lower, source) VALUES ('워셔액 용기', '워셔액 빈 통', '워셔액 빈 통', 'rule');
INSERT INTO aliases (item_id, alias, alias_lower, source) VALUES ('워셔액 용기', '워셔액 컨테이너', '워셔액 컨테이너', 'rule');
INSERT INTO aliases (item_id, alias, alias_lower, source) VALUES ('워셔액 용기', '워셔액 통', '워셔액 통', 'rule');
INSERT INTO aliases (item_id, alias, alias_lower, source) VALUES ('워셔액 용기', '워셔액용기', '워셔액용기', 'rule');
INSERT INTO aliases (item_id, alias, alias_lower, source) VALUES ('워셔액 용기', '워셔통', '워셔통', 'rule');
INSERT INTO aliases (item_id, alias, alias_lower, source) VALUES ('워셔액 용기', '워액통', '워액통', 'rule');
INSERT INTO aliases (item_id, alias, alias_lower, source) VALUES ('워셔액 용기', '자동차 워셔액 통', '자동차 워셔액 통', 'rule');
INSERT INTO aliases (item_id, alias, alias_lower, source) VALUES ('워셔액 용기', '차량용 워셔액 통', '차량용 워셔액 통', 'rule');
INSERT OR REPLACE INTO items (id, name, category, note, steps, confidence, source_url, source_name, source_grade, feature, caution, last_verified, region_variation, official_classification) VALUES ('스프봉지', '스프봉지', 'vinyl', '· 비닐봉지안의 내용물을 비우고 물로 헹구는 등 이물질을 제거하여 비닐류수거함으로 배출합니다. · 작은 크기의 비닐봉지는 흩날리지 않도록 투명 또는 반투명봉투에 담아 비닐류수거함으로 배출합니다. · 비닐은 재질, 색상과 상관없이 한데 모아 파쇄, 선별, 용융 및 성형과정을 거쳐 플라스틱 배수로, 건축 자재 등으로 재활용하고 있습니다.', '["스프봉지는 비닐류수거함으로 배출합니다."]', 'high', 'https://www.xn--oy2b29bd3a601b.kr/front/dischargeMethod/dictionaryView.do?niIdx=102', '분리배출.kr (한국폐기물협회·환경부)', 'A', '· 비닐봉지안의 내용물을 비우고 물로 헹구는 등 이물질을 제거하여 비닐류수거함으로 배출합니다. · 작은 크기의 비닐봉지는 흩날리지 않도록 투명 또는 반투명봉투에 담아 비닐류수거함으로 배출합니다. · 비닐은 재질, 색상과 상관없이 한데 모아 파쇄, 선별, 용융 및 성형과정을 거쳐 플라스틱 배수로, 건축 자재 등으로 재활용하고 있습니다.', '· 내용물을 비우고 이물질을 제거한 후 배출', '2026-05-18', 0, '["재활용폐기물", "합성수지 비닐류"]');
INSERT INTO aliases (item_id, alias, alias_lower, source) VALUES ('스프봉지', 'PCR 플라스틱', 'pcr 플라스틱', 'rule');
INSERT INTO aliases (item_id, alias, alias_lower, source) VALUES ('스프봉지', '건더기봉지', '건더기봉지', 'rule');
INSERT INTO aliases (item_id, alias, alias_lower, source) VALUES ('스프봉지', '농심 스프', '농심 스프', 'rule');
INSERT INTO aliases (item_id, alias, alias_lower, source) VALUES ('스프봉지', '라면스프봉지', '라면스프봉지', 'rule');
INSERT INTO aliases (item_id, alias, alias_lower, source) VALUES ('스프봉지', '라면조미료봉지', '라면조미료봉지', 'rule');
INSERT INTO aliases (item_id, alias, alias_lower, source) VALUES ('스프봉지', '분말스프봉투', '분말스프봉투', 'rule');
INSERT INTO aliases (item_id, alias, alias_lower, source) VALUES ('스프봉지', '세탁소 옷걸이', '세탁소 옷걸이', 'rule');
INSERT INTO aliases (item_id, alias, alias_lower, source) VALUES ('스프봉지', '스프껍데기', '스프껍데기', 'rule');
INSERT INTO aliases (item_id, alias, alias_lower, source) VALUES ('스프봉지', '스프봉다리', '스프봉다리', 'rule');
INSERT INTO aliases (item_id, alias, alias_lower, source) VALUES ('스프봉지', '스프팩', '스프팩', 'rule');
INSERT INTO aliases (item_id, alias, alias_lower, source) VALUES ('스프봉지', '시즈닝 파우치', '시즈닝 파우치', 'rule');
INSERT INTO aliases (item_id, alias, alias_lower, source) VALUES ('스프봉지', '양념봉지', '양념봉지', 'rule');
INSERT INTO aliases (item_id, alias, alias_lower, source) VALUES ('스프봉지', '오뚜기 스프', '오뚜기 스프', 'rule');
INSERT OR REPLACE INTO items (id, name, category, note, steps, confidence, source_url, source_name, source_grade, feature, caution, last_verified, region_variation, official_classification) VALUES ('커피봉지', '커피봉지', 'vinyl', '· 스틱봉지처럼 작은 크기의 비닐봉지는 흩날리지 않도록 투명 또는 반투명봉투에 담아 비닐류수거함으로 배출합니다. · 비닐은 재질, 색상과 상관없이 한데 모아 파쇄, 선별, 용융 및 성형과정을 거쳐 플라스틱 배수로, 건축 자재 등으로 재활용하고 있습니다.', '["커피봉지는 비닐류수거함으로 배출합니다."]', 'high', 'https://www.xn--oy2b29bd3a601b.kr/front/dischargeMethod/dictionaryView.do?niIdx=103', '분리배출.kr (한국폐기물협회·환경부)', 'A', '· 스틱봉지처럼 작은 크기의 비닐봉지는 흩날리지 않도록 투명 또는 반투명봉투에 담아 비닐류수거함으로 배출합니다. · 비닐은 재질, 색상과 상관없이 한데 모아 파쇄, 선별, 용융 및 성형과정을 거쳐 플라스틱 배수로, 건축 자재 등으로 재활용하고 있습니다.', '· 내용물을 비우고 이물질을 제거한 후 배출', '2026-05-18', 0, '["재활용폐기물", "합성수지 비닐류"]');
INSERT INTO aliases (item_id, alias, alias_lower, source) VALUES ('커피봉지', 'coffee pouch', 'coffee pouch', 'rule');
INSERT INTO aliases (item_id, alias, alias_lower, source) VALUES ('커피봉지', 'coffee sachet', 'coffee sachet', 'rule');
INSERT INTO aliases (item_id, alias, alias_lower, source) VALUES ('커피봉지', '맥심 봉지', '맥심 봉지', 'rule');
INSERT INTO aliases (item_id, alias, alias_lower, source) VALUES ('커피봉지', '믹스 봉투', '믹스 봉투', 'rule');
INSERT INTO aliases (item_id, alias, alias_lower, source) VALUES ('커피봉지', '믹스커피 봉지', '믹스커피 봉지', 'rule');
INSERT INTO aliases (item_id, alias, alias_lower, source) VALUES ('커피봉지', '카누 봉지', '카누 봉지', 'rule');
INSERT INTO aliases (item_id, alias, alias_lower, source) VALUES ('커피봉지', '커피 봉다리', '커피 봉다리', 'rule');
INSERT INTO aliases (item_id, alias, alias_lower, source) VALUES ('커피봉지', '커피 봉투', '커피 봉투', 'rule');
INSERT INTO aliases (item_id, alias, alias_lower, source) VALUES ('커피봉지', '커피 패키지', '커피 패키지', 'rule');
INSERT INTO aliases (item_id, alias, alias_lower, source) VALUES ('커피봉지', '커피 포장지', '커피 포장지', 'rule');
INSERT INTO aliases (item_id, alias, alias_lower, source) VALUES ('커피봉지', '커피껍질', '커피껍질', 'rule');
INSERT INTO aliases (item_id, alias, alias_lower, source) VALUES ('커피봉지', '커피팩', '커피팩', 'rule');
INSERT OR REPLACE INTO items (id, name, category, note, steps, confidence, source_url, source_name, source_grade, feature, caution, last_verified, region_variation, official_classification) VALUES ('스파우트 파우치', '스파우트 파우치', 'vinyl', '· 스파우트 파우치는 위생적이고 마시기 쉽도록 입구 부분에 돌림형 마개를 부착한 용기입니다. · 용기의 몸체는 비닐류수거함으로 배출하며, 뚜껑은 플라스틱 수거함으로 배출하여 주시기 바랍니다', '["스파우트 파우치는 비닐류 수거함으로 배출합니다."]', 'high', 'https://www.xn--oy2b29bd3a601b.kr/front/dischargeMethod/dictionaryView.do?niIdx=104', '분리배출.kr (한국폐기물협회·환경부)', 'A', '· 스파우트 파우치는 위생적이고 마시기 쉽도록 입구 부분에 돌림형 마개를 부착한 용기입니다. · 용기의 몸체는 비닐류수거함으로 배출하며, 뚜껑은 플라스틱 수거함으로 배출하여 주시기 바랍니다', '· 뚜껑, 캡 제거 후 배출', '2026-05-18', 0, '["재활용폐기물", "합성수지 비닐류"]');
INSERT INTO aliases (item_id, alias, alias_lower, source) VALUES ('스파우트 파우치', '도이팩', '도이팩', 'rule');
INSERT INTO aliases (item_id, alias, alias_lower, source) VALUES ('스파우트 파우치', '뚜껑 파우치', '뚜껑 파우치', 'rule');
INSERT INTO aliases (item_id, alias, alias_lower, source) VALUES ('스파우트 파우치', '리필팩', '리필팩', 'rule');
INSERT INTO aliases (item_id, alias, alias_lower, source) VALUES ('스파우트 파우치', '세제 리필', '세제 리필', 'rule');
INSERT INTO aliases (item_id, alias, alias_lower, source) VALUES ('스파우트 파우치', '스파우트 팩', '스파우트 팩', 'rule');
INSERT INTO aliases (item_id, alias, alias_lower, source) VALUES ('스파우트 파우치', '아기퓨레', '아기퓨레', 'rule');
INSERT INTO aliases (item_id, alias, alias_lower, source) VALUES ('스파우트 파우치', '액체 파우치', '액체 파우치', 'rule');
INSERT INTO aliases (item_id, alias, alias_lower, source) VALUES ('스파우트 파우치', '주둥이 파우치', '주둥이 파우치', 'rule');
INSERT INTO aliases (item_id, alias, alias_lower, source) VALUES ('스파우트 파우치', '짜먹는 파우치', '짜먹는 파우치', 'rule');
INSERT INTO aliases (item_id, alias, alias_lower, source) VALUES ('스파우트 파우치', '쪽쪽이 파우치', '쪽쪽이 파우치', 'rule');
INSERT INTO aliases (item_id, alias, alias_lower, source) VALUES ('스파우트 파우치', '쭈쭈 파우치', '쭈쭈 파우치', 'rule');
INSERT INTO aliases (item_id, alias, alias_lower, source) VALUES ('스파우트 파우치', '캡 파우치', '캡 파우치', 'rule');
INSERT OR REPLACE INTO items (id, name, category, note, steps, confidence, source_url, source_name, source_grade, feature, caution, last_verified, region_variation, official_classification) VALUES ('에어캡', '에어캡', 'vinyl', '· 비닐은 재질, 색상과 상관없이 한데 모아 파쇄, 선별, 용융 및 성형과정을 거쳐 플라스틱 배수로, 건축 자재 등으로 재활용하고 있습니다.', '["에어캡는 비닐류수거함으로 배출합니다."]', 'high', 'https://www.xn--oy2b29bd3a601b.kr/front/dischargeMethod/dictionaryView.do?niIdx=106', '분리배출.kr (한국폐기물협회·환경부)', 'A', '· 비닐은 재질, 색상과 상관없이 한데 모아 파쇄, 선별, 용융 및 성형과정을 거쳐 플라스틱 배수로, 건축 자재 등으로 재활용하고 있습니다.', '· 이물질을 제거한 후 배출', '2026-05-18', 0, '["재활용폐기물", "합성수지 비닐류"]');
INSERT INTO aliases (item_id, alias, alias_lower, source) VALUES ('에어캡', '공기 방울 랩', '공기 방울 랩', 'rule');
INSERT INTO aliases (item_id, alias, alias_lower, source) VALUES ('에어캡', '기포 포장재', '기포 포장재', 'rule');
INSERT INTO aliases (item_id, alias, alias_lower, source) VALUES ('에어캡', '버블', '버블', 'rule');
INSERT INTO aliases (item_id, alias, alias_lower, source) VALUES ('에어캡', '버블랩', '버블랩', 'rule');
INSERT INTO aliases (item_id, alias, alias_lower, source) VALUES ('에어캡', '뽁뽁이 비닐', '뽁뽁이 비닐', 'rule');
INSERT INTO aliases (item_id, alias, alias_lower, source) VALUES ('에어캡', '에어쿠션', '에어쿠션', 'rule');
INSERT INTO aliases (item_id, alias, alias_lower, source) VALUES ('에어캡', '에어포장재', '에어포장재', 'rule');
INSERT INTO aliases (item_id, alias, alias_lower, source) VALUES ('에어캡', '완충 비닐', '완충 비닐', 'rule');
INSERT INTO aliases (item_id, alias, alias_lower, source) VALUES ('에어캡', '충격 흡수재', '충격 흡수재', 'rule');
INSERT INTO aliases (item_id, alias, alias_lower, source) VALUES ('에어캡', '택배 뽁뽁이', '택배 뽁뽁이', 'rule');
INSERT INTO aliases (item_id, alias, alias_lower, source) VALUES ('에어캡', '포장 뽁뽁이', '포장 뽁뽁이', 'rule');
INSERT OR REPLACE INTO items (id, name, category, note, steps, confidence, source_url, source_name, source_grade, feature, caution, last_verified, region_variation, official_classification) VALUES ('세탁소 비닐', '세탁소 비닐', 'vinyl', '· 비닐은 재질, 색상과 상관없이 한데 모아 파쇄, 선별, 용융 및 성형과정을 거쳐 플라스틱 배수로, 건축 자재 등으로 재활용하고 있습니다.', '["세탁소 비닐는 비닐류수거함으로 배출합니다."]', 'high', 'https://www.xn--oy2b29bd3a601b.kr/front/dischargeMethod/dictionaryView.do?niIdx=107', '분리배출.kr (한국폐기물협회·환경부)', 'A', '· 비닐은 재질, 색상과 상관없이 한데 모아 파쇄, 선별, 용융 및 성형과정을 거쳐 플라스틱 배수로, 건축 자재 등으로 재활용하고 있습니다.', '· 이물질을 제거한 후 배출', '2026-05-18', 0, '["재활용폐기물", "합성수지 비닐류"]');
INSERT INTO aliases (item_id, alias, alias_lower, source) VALUES ('세탁소 비닐', '가먼트백', '가먼트백', 'rule');
INSERT INTO aliases (item_id, alias, alias_lower, source) VALUES ('세탁소 비닐', '드라이 비닐', '드라이 비닐', 'rule');
INSERT INTO aliases (item_id, alias, alias_lower, source) VALUES ('세탁소 비닐', '드라이클리닝 커버', '드라이클리닝 커버', 'rule');
INSERT INTO aliases (item_id, alias, alias_lower, source) VALUES ('세탁소 비닐', '비닐 옷 덮개', '비닐 옷 덮개', 'rule');
INSERT INTO aliases (item_id, alias, alias_lower, source) VALUES ('세탁소 비닐', '비닐 옷커버', '비닐 옷커버', 'rule');
INSERT INTO aliases (item_id, alias, alias_lower, source) VALUES ('세탁소 비닐', '세탁 봉투', '세탁 봉투', 'rule');
INSERT INTO aliases (item_id, alias, alias_lower, source) VALUES ('세탁소 비닐', '세탁물 비닐', '세탁물 비닐', 'rule');
INSERT INTO aliases (item_id, alias, alias_lower, source) VALUES ('세탁소 비닐', '세탁비닐', '세탁비닐', 'rule');
INSERT INTO aliases (item_id, alias, alias_lower, source) VALUES ('세탁소 비닐', '세탁소 커버', '세탁소 커버', 'rule');
INSERT INTO aliases (item_id, alias, alias_lower, source) VALUES ('세탁소 비닐', '세탁소비닐', '세탁소비닐', 'rule');
INSERT INTO aliases (item_id, alias, alias_lower, source) VALUES ('세탁소 비닐', '옷 비닐', '옷 비닐', 'rule');
INSERT INTO aliases (item_id, alias, alias_lower, source) VALUES ('세탁소 비닐', '옷 포장 비닐', '옷 포장 비닐', 'rule');
INSERT INTO aliases (item_id, alias, alias_lower, source) VALUES ('세탁소 비닐', '의류 비닐', '의류 비닐', 'rule');
INSERT OR REPLACE INTO items (id, name, category, note, steps, confidence, source_url, source_name, source_grade, feature, caution, last_verified, region_variation, official_classification) VALUES ('일회용 비닐장갑', '일회용 비닐장갑', 'vinyl', '· 비닐은 재질, 색상과 상관없이 한데 모아 파쇄, 선별, 용융 및 성형과정을 거쳐 플라스틱 배수로, 건축 자재 등으로 재활용하고 있습니다.', '["일회용 비닐장갑는 비닐류수거함으로 배출합니다."]', 'high', 'https://www.xn--oy2b29bd3a601b.kr/front/dischargeMethod/dictionaryView.do?niIdx=108', '분리배출.kr (한국폐기물협회·환경부)', 'A', '· 비닐은 재질, 색상과 상관없이 한데 모아 파쇄, 선별, 용융 및 성형과정을 거쳐 플라스틱 배수로, 건축 자재 등으로 재활용하고 있습니다.', '· 이물질을 제거한 후 배출', '2026-05-18', 0, '["재활용폐기물", "합성수지 비닐류"]');
INSERT INTO aliases (item_id, alias, alias_lower, source) VALUES ('일회용 비닐장갑', 'PE 장갑', 'pe 장갑', 'rule');
INSERT INTO aliases (item_id, alias, alias_lower, source) VALUES ('일회용 비닐장갑', '간편 비닐장갑', '간편 비닐장갑', 'rule');
INSERT INTO aliases (item_id, alias, alias_lower, source) VALUES ('일회용 비닐장갑', '디스포저블 글러브', '디스포저블 글러브', 'rule');
INSERT INTO aliases (item_id, alias, alias_lower, source) VALUES ('일회용 비닐장갑', '비닐 글러브', '비닐 글러브', 'rule');
INSERT INTO aliases (item_id, alias, alias_lower, source) VALUES ('일회용 비닐장갑', '얇은 비닐장갑', '얇은 비닐장갑', 'rule');
INSERT INTO aliases (item_id, alias, alias_lower, source) VALUES ('일회용 비닐장갑', '위생장갑', '위생장갑', 'rule');
INSERT INTO aliases (item_id, alias, alias_lower, source) VALUES ('일회용 비닐장갑', '일회용 비닐 손장갑', '일회용 비닐 손장갑', 'rule');
INSERT INTO aliases (item_id, alias, alias_lower, source) VALUES ('일회용 비닐장갑', '일회용비닐장갑', '일회용비닐장갑', 'rule');
INSERT INTO aliases (item_id, alias, alias_lower, source) VALUES ('일회용 비닐장갑', '주방 비닐장갑', '주방 비닐장갑', 'rule');
INSERT INTO aliases (item_id, alias, alias_lower, source) VALUES ('일회용 비닐장갑', '투명 비닐장갑', '투명 비닐장갑', 'rule');
INSERT INTO aliases (item_id, alias, alias_lower, source) VALUES ('일회용 비닐장갑', '플라스틱 장갑', '플라스틱 장갑', 'rule');
INSERT OR REPLACE INTO items (id, name, category, note, steps, confidence, source_url, source_name, source_grade, feature, caution, last_verified, region_variation, official_classification) VALUES ('위생팩', '위생팩', 'vinyl', '· 비닐은 재질, 색상과 상관없이 한데 모아 파쇄, 선별, 용융 및 성형과정을 거쳐 플라스틱 배수로, 건축 자재 등으로 재활용하고 있습니다.', '["위생팩는 비닐류 수거함으로 배출합니다."]', 'high', 'https://www.xn--oy2b29bd3a601b.kr/front/dischargeMethod/dictionaryView.do?niIdx=109', '분리배출.kr (한국폐기물협회·환경부)', 'A', '· 비닐은 재질, 색상과 상관없이 한데 모아 파쇄, 선별, 용융 및 성형과정을 거쳐 플라스틱 배수로, 건축 자재 등으로 재활용하고 있습니다.', '· 내용물을 비우고 이물질을 제거한 후 배출', '2026-05-18', 0, '["재활용폐기물", "합성수지 비닐류"]');
INSERT INTO aliases (item_id, alias, alias_lower, source) VALUES ('위생팩', '비닐 봉투', '비닐 봉투', 'rule');
INSERT INTO aliases (item_id, alias, alias_lower, source) VALUES ('위생팩', '비닐 팩', '비닐 팩', 'rule');
INSERT INTO aliases (item_id, alias, alias_lower, source) VALUES ('위생팩', '비닐봉', '비닐봉', 'rule');
INSERT INTO aliases (item_id, alias, alias_lower, source) VALUES ('위생팩', '위생 비닐', '위생 비닐', 'rule');
INSERT INTO aliases (item_id, alias, alias_lower, source) VALUES ('위생팩', '음식물 보관 봉투', '음식물 보관 봉투', 'rule');
INSERT INTO aliases (item_id, alias, alias_lower, source) VALUES ('위생팩', '일회용 비닐', '일회용 비닐', 'rule');
INSERT INTO aliases (item_id, alias, alias_lower, source) VALUES ('위생팩', '크린백', '크린백', 'rule');
INSERT INTO aliases (item_id, alias, alias_lower, source) VALUES ('위생팩', '푸드백', '푸드백', 'rule');
INSERT OR REPLACE INTO items (id, name, category, note, steps, confidence, source_url, source_name, source_grade, feature, caution, last_verified, region_variation, official_classification) VALUES ('다 쓴 립밤', '다 쓴 립밤', 'plastic', '· 립밤을 다 사용하여 내용물이 남아 있지 않은 립밤 용기는 플라스틱으로 배출합니다. · 화장품의 내용물이 남아 있어서 제거하기 곤란한 경우에는 종량제봉투에 배출합니다. ※ 배출방법은 지역별로 차이가 있을 수 있으니, 해당 지방자치단체에서 정하는 방법이 있는 경우에는 해당 방법에 따라 배출하시기 바랍니다. 가까운 분리배출 장소를 확인해보세요. 현재 위치에', '["다 쓴 립밤은 플라스틱 수거함으로 배출합니다."]', 'high', 'https://www.xn--oy2b29bd3a601b.kr/front/dischargeMethod/dictionaryView.do?niIdx=110', '분리배출.kr (한국폐기물협회·환경부)', 'A', '· 립밤을 다 사용하여 내용물이 남아 있지 않은 립밤 용기는 플라스틱으로 배출합니다. · 화장품의 내용물이 남아 있어서 제거하기 곤란한 경우에는 종량제봉투에 배출합니다. ※ 배출방법은 지역별로 차이가 있을 수 있으니, 해당 지방자치단체에서 정하는 방법이 있는 경우에는 해당 방법에 따라 배출하시기 바랍니다. 가까운 분리배출 장소를 확인해보세요. 현재 위치에 가까운 배출장소가 없습니다. 근처의...', '', '2026-05-18', 0, '["재활용폐기물", "합성수지 용기류"]');
INSERT INTO aliases (item_id, alias, alias_lower, source) VALUES ('다 쓴 립밤', 'Chapstick', 'chapstick', 'rule');
INSERT INTO aliases (item_id, alias, alias_lower, source) VALUES ('다 쓴 립밤', 'Lip balm', 'lip balm', 'rule');
INSERT INTO aliases (item_id, alias, alias_lower, source) VALUES ('다 쓴 립밤', '다쓴 입술보호제', '다쓴 입술보호제', 'rule');
INSERT INTO aliases (item_id, alias, alias_lower, source) VALUES ('다 쓴 립밤', '다쓴 튜브형 립밤', '다쓴 튜브형 립밤', 'rule');
INSERT INTO aliases (item_id, alias, alias_lower, source) VALUES ('다 쓴 립밤', '다쓴립밤', '다쓴립밤', 'rule');
INSERT INTO aliases (item_id, alias, alias_lower, source) VALUES ('다 쓴 립밤', '립밤 용기', '립밤 용기', 'rule');
INSERT INTO aliases (item_id, alias, alias_lower, source) VALUES ('다 쓴 립밤', '립밤 케이스', '립밤 케이스', 'rule');
INSERT INTO aliases (item_id, alias, alias_lower, source) VALUES ('다 쓴 립밤', '립스틱', '립스틱', 'rule');
INSERT INTO aliases (item_id, alias, alias_lower, source) VALUES ('다 쓴 립밤', '립케어 스틱', '립케어 스틱', 'rule');
INSERT INTO aliases (item_id, alias, alias_lower, source) VALUES ('다 쓴 립밤', '매니큐어', '매니큐어', 'rule');
INSERT INTO aliases (item_id, alias, alias_lower, source) VALUES ('다 쓴 립밤', '바세린 립밤', '바세린 립밤', 'rule');
INSERT INTO aliases (item_id, alias, alias_lower, source) VALUES ('다 쓴 립밤', '빈 립밤', '빈 립밤', 'rule');
INSERT INTO aliases (item_id, alias, alias_lower, source) VALUES ('다 쓴 립밤', '입술 보습제', '입술 보습제', 'rule');
INSERT INTO aliases (item_id, alias, alias_lower, source) VALUES ('다 쓴 립밤', '입술보호제', '입술보호제', 'rule');
INSERT INTO aliases (item_id, alias, alias_lower, source) VALUES ('다 쓴 립밤', '챕스틱', '챕스틱', 'rule');
INSERT INTO aliases (item_id, alias, alias_lower, source) VALUES ('다 쓴 립밤', '플라스틱', '플라스틱', 'rule');
INSERT OR REPLACE INTO items (id, name, category, note, steps, confidence, source_url, source_name, source_grade, feature, caution, last_verified, region_variation, official_classification) VALUES ('카페 일회용컵', '카페 일회용컵', 'plastic', '· 카페 일회용컵과 같은 일반 페트재질의 플라스틱 용기는 무색페트병과 달리 포장재 제품에 따라 다른 플라스틱이 혼합되는 경우가 있습니다. · 이러한 용기가 무색페트병과 함께 재활용할 시 재생원료의 품질이 떨어질 수 있으므로 반드시 일반페트 용기와 무색페트병은 구분하여 배출하여야 합니다. · 카페 일회용컵이 자원순환보증금 대상인 경우 해당 매장에 반납하여 보', '["카페 일회용컵은 플라스틱 수거함으로 배출합니다."]', 'high', 'https://www.xn--oy2b29bd3a601b.kr/front/dischargeMethod/dictionaryView.do?niIdx=111', '분리배출.kr (한국폐기물협회·환경부)', 'A', '· 카페 일회용컵과 같은 일반 페트재질의 플라스틱 용기는 무색페트병과 달리 포장재 제품에 따라 다른 플라스틱이 혼합되는 경우가 있습니다. · 이러한 용기가 무색페트병과 함께 재활용할 시 재생원료의 품질이 떨어질 수 있으므로 반드시 일반페트 용기와 무색페트병은 구분하여 배출하여야 합니다. · 카페 일회용컵이 자원순환보증금 대상인 경우 해당 매장에 반납하여 보증금을 받으실 수 있습니다.', '· 먹는 샘물, 음료 외 타 무색페트용기는 전용수거함으로 배출 불가 · 내용물을 비우고 물로 헹군 후 배출', '2026-05-18', 0, '["재활용폐기물", "합성수지 용기류"]');
INSERT INTO aliases (item_id, alias, alias_lower, source) VALUES ('카페 일회용컵', '디스포저블 컵', '디스포저블 컵', 'rule');
INSERT INTO aliases (item_id, alias, alias_lower, source) VALUES ('카페 일회용컵', '아이스크림통', '아이스크림통', 'rule');
INSERT INTO aliases (item_id, alias, alias_lower, source) VALUES ('카페 일회용컵', '음료수 컵', '음료수 컵', 'rule');
INSERT INTO aliases (item_id, alias, alias_lower, source) VALUES ('카페 일회용컵', '일회용 플라스틱 컵', '일회용 플라스틱 컵', 'rule');
INSERT INTO aliases (item_id, alias, alias_lower, source) VALUES ('카페 일회용컵', '일회용컵', '일회용컵', 'rule');
INSERT INTO aliases (item_id, alias, alias_lower, source) VALUES ('카페 일회용컵', '카페 테이크아웃 컵', '카페 테이크아웃 컵', 'rule');
INSERT INTO aliases (item_id, alias, alias_lower, source) VALUES ('카페 일회용컵', '카페일회용컵', '카페일회용컵', 'rule');
INSERT INTO aliases (item_id, alias, alias_lower, source) VALUES ('카페 일회용컵', '컵떼기', '컵떼기', 'rule');
INSERT INTO aliases (item_id, alias, alias_lower, source) VALUES ('카페 일회용컵', '투썸 컵', '투썸 컵', 'rule');
INSERT INTO aliases (item_id, alias, alias_lower, source) VALUES ('카페 일회용컵', '플라스틱 잔', '플라스틱 잔', 'rule');
INSERT INTO aliases (item_id, alias, alias_lower, source) VALUES ('카페 일회용컵', '플라스틱 컵', '플라스틱 컵', 'rule');
INSERT OR REPLACE INTO items (id, name, category, note, steps, confidence, source_url, source_name, source_grade, feature, caution, last_verified, region_variation, official_classification) VALUES ('케찹 용기', '케찹 용기', 'plastic', '·케찹용기는 플라스틱(PE) 재질로 내용물을 비우고 물로 헹구는 등 이물질을 제거한 후 플라스틱 수거함으로 배출합니다.', '["케찹 용기는 플라스틱 수거함으로 배출합니다."]', 'high', 'https://www.xn--oy2b29bd3a601b.kr/front/dischargeMethod/dictionaryView.do?niIdx=114', '분리배출.kr (한국폐기물협회·환경부)', 'A', '·케찹용기는 플라스틱(PE) 재질로 내용물을 비우고 물로 헹구는 등 이물질을 제거한 후 플라스틱 수거함으로 배출합니다.', '·내용물을 제거한 후 배출', '2026-05-18', 0, '["재활용폐기물", "합성수지 용기류"]');
INSERT INTO aliases (item_id, alias, alias_lower, source) VALUES ('케찹 용기', '소스 용기', '소스 용기', 'rule');
INSERT INTO aliases (item_id, alias, alias_lower, source) VALUES ('케찹 용기', '오뚜기 케첩 통', '오뚜기 케첩 통', 'rule');
INSERT INTO aliases (item_id, alias, alias_lower, source) VALUES ('케찹 용기', '케찹병', '케찹병', 'rule');
INSERT INTO aliases (item_id, alias, alias_lower, source) VALUES ('케찹 용기', '케찹용기', '케찹용기', 'rule');
INSERT INTO aliases (item_id, alias, alias_lower, source) VALUES ('케찹 용기', '케찹통', '케찹통', 'rule');
INSERT INTO aliases (item_id, alias, alias_lower, source) VALUES ('케찹 용기', '케첩 보틀', '케첩 보틀', 'rule');
INSERT INTO aliases (item_id, alias, alias_lower, source) VALUES ('케찹 용기', '케첩 소스 통', '케첩 소스 통', 'rule');
INSERT INTO aliases (item_id, alias, alias_lower, source) VALUES ('케찹 용기', '케첩 컨테이너', '케첩 컨테이너', 'rule');
INSERT INTO aliases (item_id, alias, alias_lower, source) VALUES ('케찹 용기', '케첩 플라스틱', '케첩 플라스틱', 'rule');
INSERT INTO aliases (item_id, alias, alias_lower, source) VALUES ('케찹 용기', '토마토케첩 용기', '토마토케첩 용기', 'rule');
INSERT INTO aliases (item_id, alias, alias_lower, source) VALUES ('케찹 용기', '플라스틱 케첩 용기', '플라스틱 케첩 용기', 'rule');
INSERT INTO aliases (item_id, alias, alias_lower, source) VALUES ('케찹 용기', '하인즈 케첩 용기', '하인즈 케첩 용기', 'rule');
INSERT OR REPLACE INTO items (id, name, category, note, steps, confidence, source_url, source_name, source_grade, feature, caution, last_verified, region_variation, official_classification) VALUES ('도시락 김 용기', '도시락 김 용기', 'plastic', '· 김을 담은 트레이는 플라스틱 재질로 재활용이 가능합니다. 다만 김, 기름 등 이물질을 제거한 후 플라스틱 수거함으로 배출합니다.', '["도시락 김 용기는 플라스틱 수거함으로 배출합니다."]', 'high', 'https://www.xn--oy2b29bd3a601b.kr/front/dischargeMethod/dictionaryView.do?niIdx=115', '분리배출.kr (한국폐기물협회·환경부)', 'A', '· 김을 담은 트레이는 플라스틱 재질로 재활용이 가능합니다. 다만 김, 기름 등 이물질을 제거한 후 플라스틱 수거함으로 배출합니다.', '· 이물질 제거 후 배출', '2026-05-18', 0, '["재활용폐기물", "합성수지 용기류"]');
INSERT INTO aliases (item_id, alias, alias_lower, source) VALUES ('도시락 김 용기', '광천김 용기', '광천김 용기', 'rule');
INSERT INTO aliases (item_id, alias, alias_lower, source) VALUES ('도시락 김 용기', '김 그릇', '김 그릇', 'rule');
INSERT INTO aliases (item_id, alias, alias_lower, source) VALUES ('도시락 김 용기', '김 박스', '김 박스', 'rule');
INSERT INTO aliases (item_id, alias, alias_lower, source) VALUES ('도시락 김 용기', '김 용기', '김 용기', 'rule');
INSERT INTO aliases (item_id, alias, alias_lower, source) VALUES ('도시락 김 용기', '김 컨테이너', '김 컨테이너', 'rule');
INSERT INTO aliases (item_id, alias, alias_lower, source) VALUES ('도시락 김 용기', '김 케이스', '김 케이스', 'rule');
INSERT INTO aliases (item_id, alias, alias_lower, source) VALUES ('도시락 김 용기', '김 통', '김 통', 'rule');
INSERT INTO aliases (item_id, alias, alias_lower, source) VALUES ('도시락 김 용기', '김 포장 용기', '김 포장 용기', 'rule');
INSERT INTO aliases (item_id, alias, alias_lower, source) VALUES ('도시락 김 용기', '김 플라스틱 용기', '김 플라스틱 용기', 'rule');
INSERT INTO aliases (item_id, alias, alias_lower, source) VALUES ('도시락 김 용기', '김곽', '김곽', 'rule');
INSERT INTO aliases (item_id, alias, alias_lower, source) VALUES ('도시락 김 용기', '도시락김용기', '도시락김용기', 'rule');
INSERT INTO aliases (item_id, alias, alias_lower, source) VALUES ('도시락 김 용기', '동원 김 용기', '동원 김 용기', 'rule');
INSERT INTO aliases (item_id, alias, alias_lower, source) VALUES ('도시락 김 용기', '조미김 용기', '조미김 용기', 'rule');
INSERT OR REPLACE INTO items (id, name, category, note, steps, confidence, source_url, source_name, source_grade, feature, caution, last_verified, region_variation, official_classification) VALUES ('쭈쭈바', '쭈쭈바', 'vinyl', '·일반적으로 쭈쭈바로 불리는 튜브형 아이스크림 용기는 PE 재질로 내용물을 비우고 물로 헹구는 등 이물질을 제거한 후 비닐류수거함으로 배출합니다. ·비닐은 재질, 색상과 상관없이 한데 모아 파쇄, 선별, 용융 및 성형과정을 거쳐 플라스틱 배수로, 건축 자재 등으로 재활용하고 있습니다.', '["쭈쭈바는 비닐류수거함으로 배출합니다."]', 'high', 'https://www.xn--oy2b29bd3a601b.kr/front/dischargeMethod/dictionaryView.do?niIdx=116', '분리배출.kr (한국폐기물협회·환경부)', 'A', '·일반적으로 쭈쭈바로 불리는 튜브형 아이스크림 용기는 PE 재질로 내용물을 비우고 물로 헹구는 등 이물질을 제거한 후 비닐류수거함으로 배출합니다. ·비닐은 재질, 색상과 상관없이 한데 모아 파쇄, 선별, 용융 및 성형과정을 거쳐 플라스틱 배수로, 건축 자재 등으로 재활용하고 있습니다.', '·내용물을 제거한 후 배출', '2026-05-18', 0, '["재활용폐기물", "합성수지 비닐류"]');
INSERT INTO aliases (item_id, alias, alias_lower, source) VALUES ('쭈쭈바', '빠삐코', '빠삐코', 'rule');
INSERT INTO aliases (item_id, alias, alias_lower, source) VALUES ('쭈쭈바', '슬러시', '슬러시', 'rule');
INSERT INTO aliases (item_id, alias, alias_lower, source) VALUES ('쭈쭈바', '아이스께끼', '아이스께끼', 'rule');
INSERT INTO aliases (item_id, alias, alias_lower, source) VALUES ('쭈쭈바', '아이스팝', '아이스팝', 'rule');
INSERT INTO aliases (item_id, alias, alias_lower, source) VALUES ('쭈쭈바', '얼린 음료', '얼린 음료', 'rule');
INSERT INTO aliases (item_id, alias, alias_lower, source) VALUES ('쭈쭈바', '얼음과자', '얼음과자', 'rule');
INSERT INTO aliases (item_id, alias, alias_lower, source) VALUES ('쭈쭈바', '쭈쭈바 아이스크림', '쭈쭈바 아이스크림', 'rule');
INSERT INTO aliases (item_id, alias, alias_lower, source) VALUES ('쭈쭈바', '쮸쮸바', '쮸쮸바', 'rule');
INSERT INTO aliases (item_id, alias, alias_lower, source) VALUES ('쭈쭈바', '커피생두봉투', '커피생두봉투', 'rule');
INSERT INTO aliases (item_id, alias, alias_lower, source) VALUES ('쭈쭈바', '탱크보이', '탱크보이', 'rule');
INSERT INTO aliases (item_id, alias, alias_lower, source) VALUES ('쭈쭈바', '튜브 아이스크림', '튜브 아이스크림', 'rule');
INSERT INTO aliases (item_id, alias, alias_lower, source) VALUES ('쭈쭈바', '파우치 아이스크림', '파우치 아이스크림', 'rule');
INSERT INTO aliases (item_id, alias, alias_lower, source) VALUES ('쭈쭈바', '폴라포', '폴라포', 'rule');
INSERT OR REPLACE INTO items (id, name, category, note, steps, confidence, source_url, source_name, source_grade, feature, caution, last_verified, region_variation, official_classification) VALUES ('삼각커피우유', '삼각커피우유', 'vinyl', '· 삼각커피우유는 삼각형 비닐 포장재에 담긴 제품으로 내용물을 비우고 물로 헹구는 등 이물질을 제거한 후 비닐류수거함으로 배출합니다. · 비닐은 재질, 색상과 상관없이 한데 모아 파쇄, 선별, 용융 및 성형과정을 거쳐 플라스틱 배수로, 건축 자재 등으로 재활용하고 있습니다.', '["삼각커피우유는 비닐류수거함으로 배출합니다."]', 'high', 'https://www.xn--oy2b29bd3a601b.kr/front/dischargeMethod/dictionaryView.do?niIdx=117', '분리배출.kr (한국폐기물협회·환경부)', 'A', '· 삼각커피우유는 삼각형 비닐 포장재에 담긴 제품으로 내용물을 비우고 물로 헹구는 등 이물질을 제거한 후 비닐류수거함으로 배출합니다. · 비닐은 재질, 색상과 상관없이 한데 모아 파쇄, 선별, 용융 및 성형과정을 거쳐 플라스틱 배수로, 건축 자재 등으로 재활용하고 있습니다.', '· 내용물을 비우고 이물질을 제거한 후 배출', '2026-05-18', 0, '["재활용폐기물", "합성수지 비닐류"]');
INSERT OR REPLACE INTO items (id, name, category, note, steps, confidence, source_url, source_name, source_grade, feature, caution, last_verified, region_variation, official_classification) VALUES ('그레인프로백', '그레인프로백', 'vinyl', '· 그레인프로백 (GrainPro Bag)는 커피 생두를 보관하는 포장재로 PE재질의 비닐입니다. · 비닐은 재질, 색상과 상관없이 한데 모아 파쇄, 선별, 용융 및 성형과정을 거쳐 플라스틱 배수로, 건축 자재 등으로 재활용하고 있습니다. ※ 배출방법은 지역별로 차이가 있을 수 있으니, 해당 지방자치단체에서 정하는 방법이 있는 경우에는 해당 방법에 따라 배', '["그레인프로백는 비닐류수거함으로 배출합니다."]', 'high', 'https://www.xn--oy2b29bd3a601b.kr/front/dischargeMethod/dictionaryView.do?niIdx=118', '분리배출.kr (한국폐기물협회·환경부)', 'A', '· 그레인프로백 (GrainPro Bag)는 커피 생두를 보관하는 포장재로 PE재질의 비닐입니다. · 비닐은 재질, 색상과 상관없이 한데 모아 파쇄, 선별, 용융 및 성형과정을 거쳐 플라스틱 배수로, 건축 자재 등으로 재활용하고 있습니다. ※ 배출방법은 지역별로 차이가 있을 수 있으니, 해당 지방자치단체에서 정하는 방법이 있는 경우에는 해당 방법에 따라 배출하시기 바랍니다. 가까운 분리배출...', '', '2026-05-18', 0, '["재활용폐기물", "합성수지 비닐류"]');
INSERT OR REPLACE INTO items (id, name, category, note, steps, confidence, source_url, source_name, source_grade, feature, caution, last_verified, region_variation, official_classification) VALUES ('깨끗한 랩', '깨끗한 랩', 'vinyl', '· 식품포장용 랩은 재활용의무 대상품목으로 재활용이 가능합니다. · 가정용 랩은 PE재질이며, 물로 헹구는 등 이물질을 제거한 깨끗한 랩은 비닐류로 배출합니다. · 다만 음식물 등으로 인하여 오염된 랩은 일반쓰레기로 배출합니다. · 비닐은 재질, 색상과 상관없이 한데 모아 파쇄, 선별, 용융 및 성형과정을 거쳐 플라스틱 배수로, 건축 자재 등으로 재활용하고', '["깨끗한 랩은 비닐류수거함으로 배출합니다."]', 'high', 'https://www.xn--oy2b29bd3a601b.kr/front/dischargeMethod/dictionaryView.do?niIdx=119', '분리배출.kr (한국폐기물협회·환경부)', 'A', '· 식품포장용 랩은 재활용의무 대상품목으로 재활용이 가능합니다. · 가정용 랩은 PE재질이며, 물로 헹구는 등 이물질을 제거한 깨끗한 랩은 비닐류로 배출합니다. · 다만 음식물 등으로 인하여 오염된 랩은 일반쓰레기로 배출합니다. · 비닐은 재질, 색상과 상관없이 한데 모아 파쇄, 선별, 용융 및 성형과정을 거쳐 플라스틱 배수로, 건축 자재 등으로 재활용하고 있습니다.', '· 배달음식 포장랩, 마트에서 사용하는 포장용 랩은 PVC로 재활용 불가', '2026-05-18', 0, '["재활용폐기물", "합성수지 비닐류"]');
INSERT INTO aliases (item_id, alias, alias_lower, source) VALUES ('깨끗한 랩', '깨끗한랩', '깨끗한랩', 'rule');
INSERT INTO aliases (item_id, alias, alias_lower, source) VALUES ('깨끗한 랩', '랩 비닐', '랩 비닐', 'rule');
INSERT INTO aliases (item_id, alias, alias_lower, source) VALUES ('깨끗한 랩', '랩이', '랩이', 'rule');
INSERT INTO aliases (item_id, alias, alias_lower, source) VALUES ('깨끗한 랩', '랩필름', '랩필름', 'rule');
INSERT INTO aliases (item_id, alias, alias_lower, source) VALUES ('깨끗한 랩', '비닐랩', '비닐랩', 'rule');
INSERT INTO aliases (item_id, alias, alias_lower, source) VALUES ('깨끗한 랩', '비닐싸개', '비닐싸개', 'rule');
INSERT INTO aliases (item_id, alias, alias_lower, source) VALUES ('깨끗한 랩', '식품랩', '식품랩', 'rule');
INSERT INTO aliases (item_id, alias, alias_lower, source) VALUES ('깨끗한 랩', '싸는랩', '싸는랩', 'rule');
INSERT INTO aliases (item_id, alias, alias_lower, source) VALUES ('깨끗한 랩', '주방랩', '주방랩', 'rule');
INSERT INTO aliases (item_id, alias, alias_lower, source) VALUES ('깨끗한 랩', '크린랩', '크린랩', 'rule');
INSERT INTO aliases (item_id, alias, alias_lower, source) VALUES ('깨끗한 랩', '클링랩', '클링랩', 'rule');
INSERT INTO aliases (item_id, alias, alias_lower, source) VALUES ('깨끗한 랩', '푸드랩', '푸드랩', 'rule');
INSERT INTO aliases (item_id, alias, alias_lower, source) VALUES ('깨끗한 랩', '플라스틱랩', '플라스틱랩', 'rule');
INSERT OR REPLACE INTO items (id, name, category, note, steps, confidence, source_url, source_name, source_grade, feature, caution, last_verified, region_variation, official_classification) VALUES ('테이프클리너', '테이프클리너', 'plastic', '· 테이프 클리너는 침구, 옷 등 먼지를 제거하는데 사용하는 제품으로 플라스틱 재질의 몸체와 테이프로 구성되어 있습니다. · 제품을 각각 분리하여 플라스틱 재질의 몸체는 플라스틱 수거함에 배출하고, 테이프는 일반쓰레기로 배출합니다.', '["테이프클리너는 테이프를 제거한 후 플라스틱 수거함으로 배출합니다."]', 'high', 'https://www.xn--oy2b29bd3a601b.kr/front/dischargeMethod/dictionaryView.do?niIdx=120', '분리배출.kr (한국폐기물협회·환경부)', 'A', '· 테이프 클리너는 침구, 옷 등 먼지를 제거하는데 사용하는 제품으로 플라스틱 재질의 몸체와 테이프로 구성되어 있습니다. · 제품을 각각 분리하여 플라스틱 재질의 몸체는 플라스틱 수거함에 배출하고, 테이프는 일반쓰레기로 배출합니다.', '· 테이프를 제거하고 배출', '2026-05-18', 0, '["재활용폐기물", "합성수지 용기류"]');
INSERT INTO aliases (item_id, alias, alias_lower, source) VALUES ('테이프클리너', 'lint roller', 'lint roller', 'rule');
INSERT INTO aliases (item_id, alias, alias_lower, source) VALUES ('테이프클리너', 'pet hair remover', 'pet hair remover', 'rule');
INSERT INTO aliases (item_id, alias, alias_lower, source) VALUES ('테이프클리너', 'tape roller', 'tape roller', 'rule');
INSERT INTO aliases (item_id, alias, alias_lower, source) VALUES ('테이프클리너', '끈끈이 롤러', '끈끈이 롤러', 'rule');
INSERT INTO aliases (item_id, alias, alias_lower, source) VALUES ('테이프클리너', '돌돌이', '돌돌이', 'rule');
INSERT INTO aliases (item_id, alias, alias_lower, source) VALUES ('테이프클리너', '돌돌이 클리너', '돌돌이 클리너', 'rule');
INSERT INTO aliases (item_id, alias, alias_lower, source) VALUES ('테이프클리너', '먼지 롤', '먼지 롤', 'rule');
INSERT INTO aliases (item_id, alias, alias_lower, source) VALUES ('테이프클리너', '먼지 제거 롤러', '먼지 제거 롤러', 'rule');
INSERT INTO aliases (item_id, alias, alias_lower, source) VALUES ('테이프클리너', '스카치브라이트 롤러', '스카치브라이트 롤러', 'rule');
INSERT INTO aliases (item_id, alias, alias_lower, source) VALUES ('테이프클리너', '이물질 제거 롤러', '이물질 제거 롤러', 'rule');
INSERT INTO aliases (item_id, alias, alias_lower, source) VALUES ('테이프클리너', '찍찍이', '찍찍이', 'rule');
INSERT INTO aliases (item_id, alias, alias_lower, source) VALUES ('테이프클리너', '청소 롤러', '청소 롤러', 'rule');
INSERT OR REPLACE INTO items (id, name, category, note, steps, confidence, source_url, source_name, source_grade, feature, caution, last_verified, region_variation, official_classification) VALUES ('반찬통의 재질', '반찬통의 재질', 'plastic', '· 금속(스테인리스) 단일 재질의 반찬통은 고철 수거함으로 배출합니다. · 뚜껑 내 실리콘 패킹은 분리하여 종량제봉투로 배출하시고 뚜껑은 플라스틱 수거함으로 배출합니다. · 반찬통 용기 및 뚜껑이 모두 플라스틱 재질인 경우에는 플라스틱 수거함으로 배출합니다.', '["반찬통의 재질이 금속 단일재질인 경우에는 고철 수거함으로 배출합니다.", "반찬통의 재질이 플라스틱 단일재질인 경우에는 플라스틱 수거함으로 배출합니다."]', 'high', 'https://www.xn--oy2b29bd3a601b.kr/front/dischargeMethod/dictionaryView.do?niIdx=121', '분리배출.kr (한국폐기물협회·환경부)', 'A', '· 금속(스테인리스) 단일 재질의 반찬통은 고철 수거함으로 배출합니다. · 뚜껑 내 실리콘 패킹은 분리하여 종량제봉투로 배출하시고 뚜껑은 플라스틱 수거함으로 배출합니다. · 반찬통 용기 및 뚜껑이 모두 플라스틱 재질인 경우에는 플라스틱 수거함으로 배출합니다.', '·고무패킹 제거 후 배출', '2026-05-18', 0, '["재활용폐기물", "금속류", "고철", "합성수지 용기류"]');
INSERT INTO aliases (item_id, alias, alias_lower, source) VALUES ('반찬통의 재질', 'PE 재질', 'pe 재질', 'rule');
INSERT INTO aliases (item_id, alias, alias_lower, source) VALUES ('반찬통의 재질', 'PP 재질', 'pp 재질', 'rule');
INSERT INTO aliases (item_id, alias, alias_lower, source) VALUES ('반찬통의 재질', '멜라민 그릇', '멜라민 그릇', 'rule');
INSERT INTO aliases (item_id, alias, alias_lower, source) VALUES ('반찬통의 재질', '반찬통의재질', '반찬통의재질', 'rule');
INSERT INTO aliases (item_id, alias, alias_lower, source) VALUES ('반찬통의 재질', '채망', '채망', 'rule');
INSERT INTO aliases (item_id, alias, alias_lower, source) VALUES ('반찬통의 재질', '컨테이너', '컨테이너', 'rule');
INSERT INTO aliases (item_id, alias, alias_lower, source) VALUES ('반찬통의 재질', '플라스틱 그릇', '플라스틱 그릇', 'rule');
INSERT INTO aliases (item_id, alias, alias_lower, source) VALUES ('반찬통의 재질', '플라스틱 접시', '플라스틱 접시', 'rule');
INSERT INTO aliases (item_id, alias, alias_lower, source) VALUES ('반찬통의 재질', '후드 필터', '후드 필터', 'rule');
INSERT OR REPLACE INTO items (id, name, category, note, steps, confidence, source_url, source_name, source_grade, feature, caution, last_verified, region_variation, official_classification) VALUES ('먹', '먹', 'plastic', '·유색의 페트병 또는 페트재질의 용기는 플라스틱류로 배출합니다. ※ 배출방법은 지역별로 차이가 있을 수 있으니, 해당 지방자치단체에서 정하는 방법이 있는 경우에는 해당 방법에 따라 배출하시기 바랍니다. 가까운 분리배출 장소를 확인해보세요. 현재 위치에 가까운 배출장소가 없습니다. 근처의 다른 지역을 검색해보세요. 현 위치 배출장소 전체보기 현 지도에서 검색', '["먹는 샘물과 음료를 담은 무색페트병은 무색페트병 수거함으로 배출합니다.", "라벨과 내용물을 제거하고 물로 헹군 후 압착하여 뚜껑을 닫아 배출합니다."]', 'high', 'https://www.xn--oy2b29bd3a601b.kr/front/dischargeMethod/dictionaryView.do?niIdx=122', '분리배출.kr (한국폐기물협회·환경부)', 'A', '· 우리나라는 공동주택은 2020년 12월부터, 단독주택은 2021년 12월부터 무색페트병의 분리배출을 시행하고 있습니다. · 별도 분리배출된 음료, 생수 투명페트병은 품질 좋은 재생원료로 재활용되어, 옷이나 신발, 새로운 페트병(식품용기) 등의 원료가 됩니다. · 유색페트병 또는 여러 재질이 혼합된 플라스틱 제품은 투명 페트병과 혼합 배출될 경우 재활용 품질을 낮출 우려가 있기 때문에, 음...', '· 무색페트병은 내용물을 깨끗이 비우고 부착상표(라벨) 등을 제거한 후 가능한 압착하여 뚜껑을 닫아 배출', '2026-05-18', 0, '["재활용폐기물", "무색페트병"]');
INSERT INTO aliases (item_id, alias, alias_lower, source) VALUES ('먹', '물통', '물통', 'rule');
INSERT INTO aliases (item_id, alias, alias_lower, source) VALUES ('먹', '음료 보틀', '음료 보틀', 'rule');
INSERT INTO aliases (item_id, alias, alias_lower, source) VALUES ('먹', '음료 페트병', '음료 페트병', 'rule');
INSERT INTO aliases (item_id, alias, alias_lower, source) VALUES ('먹', '음료통', '음료통', 'rule');
INSERT INTO aliases (item_id, alias, alias_lower, source) VALUES ('먹', '페트', '페트', 'rule');
INSERT OR REPLACE INTO items (id, name, category, note, steps, confidence, source_url, source_name, source_grade, feature, caution, last_verified, region_variation, official_classification) VALUES ('보조배터리', '보조배터리', 'battery', '· 보조배터리인 리튬이온 전지는 생산자책임재활용제도(EPR) 대상에 해당되지 않는 제품이나 재활용이 가능합니다. · 전지에 내부에는 전해질, 아연 등이 포함되어 있어 외부로 유출될 시 환경 오염에 우려가 될 뿐만 아니라 인체에 들어갈 시 유해할 수 있으므로 주의가 필요합니다. · 전지는 재활용품으로 배출할 시 화재가 발생할 우려가 있으므로 재활용품으로 배출', '["보조배터리는 전지수거함으로 배출합니다."]', 'high', 'https://xn--oy2b29bd3a601b.kr/front/dischargeMethod/index.do', '분리배출.kr (한국폐기물협회·환경부)', 'A', NULL, '', '2026-05-18', 0, NULL);
INSERT INTO aliases (item_id, alias, alias_lower, source) VALUES ('보조배터리', '9V 건전지', '9v 건전지', 'rule');
INSERT INTO aliases (item_id, alias, alias_lower, source) VALUES ('보조배터리', 'AA 건전지', 'aa 건전지', 'rule');
INSERT INTO aliases (item_id, alias, alias_lower, source) VALUES ('보조배터리', 'AAA 건전지', 'aaa 건전지', 'rule');
INSERT INTO aliases (item_id, alias, alias_lower, source) VALUES ('보조배터리', 'AAA건전지', 'aaa건전지', 'rule');
INSERT INTO aliases (item_id, alias, alias_lower, source) VALUES ('보조배터리', 'CR 건전지', 'cr 건전지', 'rule');
INSERT INTO aliases (item_id, alias, alias_lower, source) VALUES ('보조배터리', '전지', '전지', 'rule');
INSERT OR REPLACE INTO items (id, name, category, note, steps, confidence, source_url, source_name, source_grade, feature, caution, last_verified, region_variation, official_classification) VALUES ('깨끗한 과일포장재(스티로폼)', '깨끗한 과일포장재(스티로폼)', 'styrofoam', '· 과일, 축산물 등을 담은 스티로폼 포장재는 생산자책임재활용제도(EPR) 대상 품목에 해당되어 재활용이 가능합니다. · 발포합성수지는 PP, PE, PS 등의 합성수지를 증기로 부풀린 제품을 말하며, 가정에서 발생하는 대부분의 발포합성수지는 EPS(스티로폼) 제품입니다. · 발포합성수지 제품은 수거 후 재활용업체에서 분쇄, 감용과정을 거쳐 잉고트를 생산하', '["깨끗한 과일포장재(스티로폼)은 스티로폼수거함으로 배출합니다."]', 'high', 'https://www.xn--oy2b29bd3a601b.kr/front/dischargeMethod/dictionaryView.do?niIdx=126', '분리배출.kr (한국폐기물협회·환경부)', 'A', '· 과일, 축산물 등을 담은 스티로폼 포장재는 생산자책임재활용제도(EPR) 대상 품목에 해당되어 재활용이 가능합니다. · 발포합성수지는 PP, PE, PS 등의 합성수지를 증기로 부풀린 제품을 말하며, 가정에서 발생하는 대부분의 발포합성수지는 EPS(스티로폼) 제품입니다. · 발포합성수지 제품은 수거 후 재활용업체에서 분쇄, 감용과정을 거쳐 잉고트를 생산하며 이후 제조업체로 이송하여 액자 또...', '· 택배송장, 테이프 등 이물질 제거후 배출', '2026-05-18', 0, '["재활용폐기물", "발포합성수지(스티로폼 등)"]');
INSERT OR REPLACE INTO items (id, name, category, note, steps, confidence, source_url, source_name, source_grade, feature, caution, last_verified, region_variation, official_classification) VALUES ('가정에서 발생하', '가정에서 발생하', 'styrofoam', '· 일반 발포합성수지와 성상이 유사하며 가정에서 소량 발생한 경우에는 스티로품 수거함으로 배출합니다. · 산업현장에서 발생하는 단열스티로폼은 전문 처리업체에 위탁하여 처리합니다. ※ 배출방법은 지역별로 차이가 있을 수 있으니, 해당 지방자치단체에서 정하는 방법이 있는 경우에는 해당 방법에 따라 배출하시기 바랍니다. 가까운 분리배출 장소를 확인해보세요. 현재', '["가정에서 발생하는 단열스티로폼은 스티로폼수거함으로 배출합니다."]', 'high', 'https://www.xn--oy2b29bd3a601b.kr/front/dischargeMethod/dictionaryView.do?niIdx=127', '분리배출.kr (한국폐기물협회·환경부)', 'A', '· 일반 발포합성수지와 성상이 유사하며 가정에서 소량 발생한 경우에는 스티로품 수거함으로 배출합니다. · 산업현장에서 발생하는 단열스티로폼은 전문 처리업체에 위탁하여 처리합니다. ※ 배출방법은 지역별로 차이가 있을 수 있으니, 해당 지방자치단체에서 정하는 방법이 있는 경우에는 해당 방법에 따라 배출하시기 바랍니다. 가까운 분리배출 장소를 확인해보세요. 현재 위치에 가까운 배출장소가 없습니다....', '', '2026-05-18', 0, '["재활용폐기물", "발포합성수지(스티로폼 등)"]');
INSERT INTO aliases (item_id, alias, alias_lower, source) VALUES ('가정에서 발생하', '가정에서발생하', '가정에서발생하', 'rule');
INSERT INTO aliases (item_id, alias, alias_lower, source) VALUES ('가정에서 발생하', '배달 스티로폼', '배달 스티로폼', 'rule');
INSERT INTO aliases (item_id, alias, alias_lower, source) VALUES ('가정에서 발생하', '스티로폴', '스티로폴', 'rule');
INSERT INTO aliases (item_id, alias, alias_lower, source) VALUES ('가정에서 발생하', '스티로폼 재활용', '스티로폼 재활용', 'rule');
INSERT INTO aliases (item_id, alias, alias_lower, source) VALUES ('가정에서 발생하', '집 스티로폼', '집 스티로폼', 'rule');
INSERT OR REPLACE INTO items (id, name, category, note, steps, confidence, source_url, source_name, source_grade, feature, caution, last_verified, region_variation, official_classification) VALUES ('그물 무늬 스티로폼 용기', '그물 무늬 스티로폼 용기', 'styrofoam', '· 수산물, 축산물 등을 담은 스티로폼 포장재는 생산자책임재활용제도(EPR) 대상 품목에 해당되어 재활용이 가능합니다. · 스티로폼 용기는 색상, 무늬와 상관없이 스티로폼 수거함으로 배출합니다. ※ 배출방법은 지역별로 차이가 있을 수 있으니, 해당 지방자치단체에서 정하는 방법이 있는 경우에는 해당 방법에 따라 배출하시기 바랍니다. 가까운 분리배출 장소를 확', '["그물 무늬 스티로폼 용기는 스티로폼수거함으로 배출합니다."]', 'high', 'https://www.xn--oy2b29bd3a601b.kr/front/dischargeMethod/dictionaryView.do?niIdx=128', '분리배출.kr (한국폐기물협회·환경부)', 'A', '· 수산물, 축산물 등을 담은 스티로폼 포장재는 생산자책임재활용제도(EPR) 대상 품목에 해당되어 재활용이 가능합니다. · 스티로폼 용기는 색상, 무늬와 상관없이 스티로폼 수거함으로 배출합니다. ※ 배출방법은 지역별로 차이가 있을 수 있으니, 해당 지방자치단체에서 정하는 방법이 있는 경우에는 해당 방법에 따라 배출하시기 바랍니다. 가까운 분리배출 장소를 확인해보세요. 현재 위치에 가까운 배출...', '', '2026-05-18', 0, '["재활용폐기물", "발포합성수지(스티로폼 등)"]');
INSERT INTO aliases (item_id, alias, alias_lower, source) VALUES ('그물 무늬 스티로폼 용기', '과일포장재(스티로폼)', '과일포장재(스티로폼)', 'rule');
INSERT INTO aliases (item_id, alias, alias_lower, source) VALUES ('그물 무늬 스티로폼 용기', '그물무늬스티로폼용기', '그물무늬스티로폼용기', 'rule');
INSERT INTO aliases (item_id, alias, alias_lower, source) VALUES ('그물 무늬 스티로폼 용기', '난좌', '난좌', 'rule');
INSERT INTO aliases (item_id, alias, alias_lower, source) VALUES ('그물 무늬 스티로폼 용기', '단열스티로폼', '단열스티로폼', 'rule');
INSERT INTO aliases (item_id, alias, alias_lower, source) VALUES ('그물 무늬 스티로폼 용기', '발포합성수지', '발포합성수지', 'rule');
INSERT INTO aliases (item_id, alias, alias_lower, source) VALUES ('그물 무늬 스티로폼 용기', '택배 박스（스티로폼）', '택배 박스（스티로폼）', 'rule');
INSERT OR REPLACE INTO items (id, name, category, note, steps, confidence, source_url, source_name, source_grade, feature, caution, last_verified, region_variation, official_classification) VALUES ('빈용기보증금 대상 음료수병', '빈용기보증금 대상 음료수병', 'glass', '· 우리나라는 지난 1985년부터 빈용기에 재사용을 활성화하기 위하여 소주병, 맥주병, 청량음료병(ex. 콜라, 사이다 등)에 대하여 보증금을 부과하고 있습니다. · 소비자는 제품을 구매할 때 일정 금액의 보증금을 납부하며 이후 사용한 빈용기를 소매점 등 빈용기반환수집소 또는 무인회수기에 반환하여 보증금을 환급하시기 바랍니다. · 이때, 용기가 깨지거나 참', '["빈용기보증금 대상 음료수병은 가까운 빈용기반환수집소 및 무인회수기에 반환하여 보증금을 환급받으시거나 유리병 수거함에 배출합니다."]', 'high', 'https://www.xn--oy2b29bd3a601b.kr/front/dischargeMethod/dictionaryView.do?niIdx=129', '분리배출.kr (한국폐기물협회·환경부)', 'A', '· 우리나라는 지난 1985년부터 빈용기에 재사용을 활성화하기 위하여 소주병, 맥주병, 청량음료병(ex. 콜라, 사이다 등)에 대하여 보증금을 부과하고 있습니다. · 소비자는 제품을 구매할 때 일정 금액의 보증금을 납부하며 이후 사용한 빈용기를 소매점 등 빈용기반환수집소 또는 무인회수기에 반환하여 보증금을 환급하시기 바랍니다. · 이때, 용기가 깨지거나 참기름, 담뱃재, 곰팡이 등으로 인하여...', '', '2026-05-18', 0, '["재활용폐기물", "유리병", "빈용기보증금 대상 유리병"]');
INSERT INTO aliases (item_id, alias, alias_lower, source) VALUES ('빈용기보증금 대상 음료수병', '빈용기보증금대상음료수병', '빈용기보증금대상음료수병', 'rule');
INSERT OR REPLACE INTO items (id, name, category, note, steps, confidence, source_url, source_name, source_grade, feature, caution, last_verified, region_variation, official_classification) VALUES ('빈용기보증금 대상 소주병', '빈용기보증금 대상 소주병', 'glass', '· 우리나라는 지난 1985년부터 빈용기에 재사용을 활성화하기 위하여 소주병, 맥주병, 청량음료병(ex. 콜라, 사이다 등)에 대하여 보증금을 부과하고 있습니다. · 소비자는 제품을 구매할 때 일정 금액의 보증금을 납부하며 이후 사용한 빈용기를 소매점 등 빈용기반환수집소 또는 무인회수기에 반환하여 보증금을 환급하시기 바랍니다. · 이때, 용기가 깨지거나 참', '["빈용기보증금 대상 소주병은 가까운 빈용기반환수집소 및 무인회수기에 반환하여 보증금을 환급받으시거나 유리병 수거함에 배출합니다."]', 'high', 'https://www.xn--oy2b29bd3a601b.kr/front/dischargeMethod/dictionaryView.do?niIdx=130', '분리배출.kr (한국폐기물협회·환경부)', 'A', '· 우리나라는 지난 1985년부터 빈용기에 재사용을 활성화하기 위하여 소주병, 맥주병, 청량음료병(ex. 콜라, 사이다 등)에 대하여 보증금을 부과하고 있습니다. · 소비자는 제품을 구매할 때 일정 금액의 보증금을 납부하며 이후 사용한 빈용기를 소매점 등 빈용기반환수집소 또는 무인회수기에 반환하여 보증금을 환급하시기 바랍니다. · 이때, 용기가 깨지거나 참기름, 담뱃재, 곰팡이 등으로 인하여...', '', '2026-05-18', 0, '["재활용폐기물", "유리병", "빈용기보증금 대상 유리병"]');
INSERT INTO aliases (item_id, alias, alias_lower, source) VALUES ('빈용기보증금 대상 소주병', '빈용기보증금대상소주병', '빈용기보증금대상소주병', 'rule');
INSERT OR REPLACE INTO items (id, name, category, note, steps, confidence, source_url, source_name, source_grade, feature, caution, last_verified, region_variation, official_classification) VALUES ('깨끗한 기름병', '깨끗한 기름병', 'glass', '· 기름병은 깨끗이 씻어서 배출하면 재활용이 가능합니다. · 최대한 헹구어 기름이 제거된 경우에는 깨지지 않도록 주의하여 유리병류로 배출합니다. · 만약 기름이 남아 있는 상태로 배출하면 다른 재활용품까지도 오염되기 때문에 기름이 제거되지 않는다면 일반 종량제봉투 또는 불연성 특수마대에 배출합니다.', '["깨끗한 기름병은 유리병 수거함으로 배출합니다."]', 'high', 'https://www.xn--oy2b29bd3a601b.kr/front/dischargeMethod/dictionaryView.do?niIdx=131', '분리배출.kr (한국폐기물협회·환경부)', 'A', '· 기름병은 깨끗이 씻어서 배출하면 재활용이 가능합니다. · 최대한 헹구어 기름이 제거된 경우에는 깨지지 않도록 주의하여 유리병류로 배출합니다. · 만약 기름이 남아 있는 상태로 배출하면 다른 재활용품까지도 오염되기 때문에 기름이 제거되지 않는다면 일반 종량제봉투 또는 불연성 특수마대에 배출합니다.', '· 남은 기름은 베이킹소다를 넣고 따뜻한 물로 헹구면 깨끗하게 씻겨집니다.', '2026-05-18', 0, '["재활용폐기물", "유리병"]');
INSERT INTO aliases (item_id, alias, alias_lower, source) VALUES ('깨끗한 기름병', '깨끗한기름병', '깨끗한기름병', 'rule');
INSERT OR REPLACE INTO items (id, name, category, note, steps, confidence, source_url, source_name, source_grade, feature, caution, last_verified, region_variation, official_classification) VALUES ('깨끗한 소스병', '깨끗한 소스병', 'glass', '· 소스병의 용기는 내용물을 비우고 물 등으로 헹군 뒤 깨지지 않도록 주의하여 유리병류로 배출합니다. · 유리병의 뚜껑은 재활용 과정에서 분리하여 고철로 모아 재활용하게 되기 때문에 제거하지 않고 배출하셔도 됩니다. ※ 배출방법은 지역별로 차이가 있을 수 있으니, 해당 지방자치단체에서 정하는 방법이 있는 경우에는 해당 방법에 따라 배출하시기 바랍니다. 가까', '["깨끗한 소스병은 유리병 수거함으로 배출합니다."]', 'high', 'https://www.xn--oy2b29bd3a601b.kr/front/dischargeMethod/dictionaryView.do?niIdx=132', '분리배출.kr (한국폐기물협회·환경부)', 'A', '· 소스병의 용기는 내용물을 비우고 물 등으로 헹군 뒤 깨지지 않도록 주의하여 유리병류로 배출합니다. · 유리병의 뚜껑은 재활용 과정에서 분리하여 고철로 모아 재활용하게 되기 때문에 제거하지 않고 배출하셔도 됩니다. ※ 배출방법은 지역별로 차이가 있을 수 있으니, 해당 지방자치단체에서 정하는 방법이 있는 경우에는 해당 방법에 따라 배출하시기 바랍니다. 가까운 분리배출 장소를 확인해보세요. 현...', '', '2026-05-18', 0, '["재활용폐기물", "유리병"]');
INSERT INTO aliases (item_id, alias, alias_lower, source) VALUES ('깨끗한 소스병', '글라스 소스병', '글라스 소스병', 'rule');
INSERT INTO aliases (item_id, alias, alias_lower, source) VALUES ('깨끗한 소스병', '깨끗한소스병', '깨끗한소스병', 'rule');
INSERT INTO aliases (item_id, alias, alias_lower, source) VALUES ('깨끗한 소스병', '빈 소스병', '빈 소스병', 'rule');
INSERT INTO aliases (item_id, alias, alias_lower, source) VALUES ('깨끗한 소스병', '세척 소스병', '세척 소스병', 'rule');
INSERT INTO aliases (item_id, alias, alias_lower, source) VALUES ('깨끗한 소스병', '소스 보틀', '소스 보틀', 'rule');
INSERT INTO aliases (item_id, alias, alias_lower, source) VALUES ('깨끗한 소스병', '소스 유리병', '소스 유리병', 'rule');
INSERT INTO aliases (item_id, alias, alias_lower, source) VALUES ('깨끗한 소스병', '소스통', '소스통', 'rule');
INSERT INTO aliases (item_id, alias, alias_lower, source) VALUES ('깨끗한 소스병', '양념병', '양념병', 'rule');
INSERT INTO aliases (item_id, alias, alias_lower, source) VALUES ('깨끗한 소스병', '조미료병', '조미료병', 'rule');
INSERT INTO aliases (item_id, alias, alias_lower, source) VALUES ('깨끗한 소스병', '케첩병', '케첩병', 'rule');
INSERT OR REPLACE INTO items (id, name, category, note, steps, confidence, source_url, source_name, source_grade, feature, caution, last_verified, region_variation, official_classification) VALUES ('깨끗한 드링크병', '깨끗한 드링크병', 'glass', '· 드링크병은 내용물을 비우고 물 등으로 헹군 뒤 깨지지 않도록 주의하여 유리병류로 배출합니다. · 유리병의 뚜껑은 재활용 과정에서 분리하여 고철로 모아 재활용하게 되기 때문에 제거하지 않고 배출하셔도 됩니다. · 유리병은 3색(무색, 녹색, 갈색) 등으로 분류한 후 파쇄, 분쇄, 용융과정을 거쳐 재활용하고 있으므로 색상구분 없이 배출합니다. ※ 배출방법은', '["깨끗한 드링크병은 유리병 수거함으로 배출합니다."]', 'high', 'https://www.xn--oy2b29bd3a601b.kr/front/dischargeMethod/dictionaryView.do?niIdx=133', '분리배출.kr (한국폐기물협회·환경부)', 'A', '· 드링크병은 내용물을 비우고 물 등으로 헹군 뒤 깨지지 않도록 주의하여 유리병류로 배출합니다. · 유리병의 뚜껑은 재활용 과정에서 분리하여 고철로 모아 재활용하게 되기 때문에 제거하지 않고 배출하셔도 됩니다. · 유리병은 3색(무색, 녹색, 갈색) 등으로 분류한 후 파쇄, 분쇄, 용융과정을 거쳐 재활용하고 있으므로 색상구분 없이 배출합니다. ※ 배출방법은 지역별로 차이가 있을 수 있으니,...', '', '2026-05-18', 0, '["재활용폐기물", "유리병"]');
INSERT INTO aliases (item_id, alias, alias_lower, source) VALUES ('깨끗한 드링크병', '기름병', '기름병', 'rule');
INSERT INTO aliases (item_id, alias, alias_lower, source) VALUES ('깨끗한 드링크병', '깨끗한드링크병', '깨끗한드링크병', 'rule');
INSERT INTO aliases (item_id, alias, alias_lower, source) VALUES ('깨끗한 드링크병', '소스병', '소스병', 'rule');
INSERT INTO aliases (item_id, alias, alias_lower, source) VALUES ('깨끗한 드링크병', '소주병', '소주병', 'rule');
INSERT INTO aliases (item_id, alias, alias_lower, source) VALUES ('깨끗한 드링크병', '오프너', '오프너', 'rule');
INSERT OR REPLACE INTO items (id, name, category, note, steps, confidence, source_url, source_name, source_grade, feature, caution, last_verified, region_variation, official_classification) VALUES ('향수병', '향수병', 'glass', '· 내용물을 모두 사용한 향수병은 물로 헹구는 등 이물질을 제거한 후 유리병수거함으로 배출합니다. · 소량의 내용물이 남아 있는 경우에는 내용물을 휴지 등으로 흡수시킨 후 종량제봉투로 배출합니다. · 향수병의 뚜껑은 고철, 플라스틱 등 다양한 재질로 이루어진 복합재질로 재활용이 어려우므로 제거한 후 배출합니다.', '["향수병은 유리병 수거함으로 배출합니다."]', 'high', 'https://www.xn--oy2b29bd3a601b.kr/front/dischargeMethod/dictionaryView.do?niIdx=134', '분리배출.kr (한국폐기물협회·환경부)', 'A', '· 내용물을 모두 사용한 향수병은 물로 헹구는 등 이물질을 제거한 후 유리병수거함으로 배출합니다. · 소량의 내용물이 남아 있는 경우에는 내용물을 휴지 등으로 흡수시킨 후 종량제봉투로 배출합니다. · 향수병의 뚜껑은 고철, 플라스틱 등 다양한 재질로 이루어진 복합재질로 재활용이 어려우므로 제거한 후 배출합니다.', '· 뚜껑, 내용물을 제거한 후 배출', '2026-05-18', 0, '["재활용폐기물", "유리병"]');
INSERT INTO aliases (item_id, alias, alias_lower, source) VALUES ('향수병', '빈 향수병', '빈 향수병', 'rule');
INSERT INTO aliases (item_id, alias, alias_lower, source) VALUES ('향수병', '샤넬 향수병', '샤넬 향수병', 'rule');
INSERT INTO aliases (item_id, alias, alias_lower, source) VALUES ('향수병', '유리 향수병', '유리 향수병', 'rule');
INSERT INTO aliases (item_id, alias, alias_lower, source) VALUES ('향수병', '조말론 병', '조말론 병', 'rule');
INSERT INTO aliases (item_id, alias, alias_lower, source) VALUES ('향수병', '코롱 병', '코롱 병', 'rule');
INSERT INTO aliases (item_id, alias, alias_lower, source) VALUES ('향수병', '퍼퓸 보틀', '퍼퓸 보틀', 'rule');
INSERT INTO aliases (item_id, alias, alias_lower, source) VALUES ('향수병', '프래그런스 보틀', '프래그런스 보틀', 'rule');
INSERT INTO aliases (item_id, alias, alias_lower, source) VALUES ('향수병', '향수 공병', '향수 공병', 'rule');
INSERT INTO aliases (item_id, alias, alias_lower, source) VALUES ('향수병', '향수 용기', '향수 용기', 'rule');
INSERT INTO aliases (item_id, alias, alias_lower, source) VALUES ('향수병', '향수 유리병', '향수 유리병', 'rule');
INSERT INTO aliases (item_id, alias, alias_lower, source) VALUES ('향수병', '향수병 유리', '향수병 유리', 'rule');
INSERT INTO aliases (item_id, alias, alias_lower, source) VALUES ('향수병', '향수통', '향수통', 'rule');
INSERT OR REPLACE INTO items (id, name, category, note, steps, confidence, source_url, source_name, source_grade, feature, caution, last_verified, region_variation, official_classification) VALUES ('다 쓴 속눈썹영양제 용기', '다 쓴 속눈썹영양제 용기', 'general', '· 속눈썹 영양제, 마스카라 등의 화장품(내용물)은 재활용이 어렵습니다. · 내용물을 모두 사용한 화장품 용기는 EPR 대상에 해당하므로 물로 헹구는 등 이물질을 제거한 후 재질에 따라 플라스틱이나 유리로 배출합니다. · 화장품의 내용물이 남아 있어서 제거하기 곤란한 경우에는 종량제봉투에 배출합니다.', '["다 쓴 속눈썹영양제 용기는 재질에 따라 유리병 수거함 또는 플라스틱 수거함으로 배출합니다.", "용기의 내용물 제거가 어려운 경우 종량제봉투로 배출합니다."]', 'high', 'https://www.xn--oy2b29bd3a601b.kr/front/dischargeMethod/dictionaryView.do?niIdx=135', '분리배출.kr (한국폐기물협회·환경부)', 'A', '· 속눈썹 영양제, 마스카라 등의 화장품(내용물)은 재활용이 어렵습니다. · 내용물을 모두 사용한 화장품 용기는 EPR 대상에 해당하므로 물로 헹구는 등 이물질을 제거한 후 재질에 따라 플라스틱이나 유리로 배출합니다. · 화장품의 내용물이 남아 있어서 제거하기 곤란한 경우에는 종량제봉투에 배출합니다.', '· 내용물을 제거한 후 배출', '2026-05-18', 0, '["재활용폐기물", "합성수지 용기류", "유리병", "일반폐기물"]');
INSERT INTO aliases (item_id, alias, alias_lower, source) VALUES ('다 쓴 속눈썹영양제 용기', '눈썹영양제통', '눈썹영양제통', 'rule');
INSERT INTO aliases (item_id, alias, alias_lower, source) VALUES ('다 쓴 속눈썹영양제 용기', '다쓴 속눈썹통', '다쓴 속눈썹통', 'rule');
INSERT INTO aliases (item_id, alias, alias_lower, source) VALUES ('다 쓴 속눈썹영양제 용기', '다쓴속눈썹세럼병', '다쓴속눈썹세럼병', 'rule');
INSERT INTO aliases (item_id, alias, alias_lower, source) VALUES ('다 쓴 속눈썹영양제 용기', '다쓴속눈썹영양제용기', '다쓴속눈썹영양제용기', 'rule');
INSERT INTO aliases (item_id, alias, alias_lower, source) VALUES ('다 쓴 속눈썹영양제 용기', '마스카라용기', '마스카라용기', 'rule');
INSERT INTO aliases (item_id, alias, alias_lower, source) VALUES ('다 쓴 속눈썹영양제 용기', '세럼용기', '세럼용기', 'rule');
INSERT INTO aliases (item_id, alias, alias_lower, source) VALUES ('다 쓴 속눈썹영양제 용기', '속눈썹세럼용기', '속눈썹세럼용기', 'rule');
INSERT INTO aliases (item_id, alias, alias_lower, source) VALUES ('다 쓴 속눈썹영양제 용기', '속눈썹영양제 다 쓴 거', '속눈썹영양제 다 쓴 거', 'rule');
INSERT INTO aliases (item_id, alias, alias_lower, source) VALUES ('다 쓴 속눈썹영양제 용기', '속눈썹영양제병', '속눈썹영양제병', 'rule');
INSERT INTO aliases (item_id, alias, alias_lower, source) VALUES ('다 쓴 속눈썹영양제 용기', '아이라이너용기', '아이라이너용기', 'rule');
INSERT INTO aliases (item_id, alias, alias_lower, source) VALUES ('다 쓴 속눈썹영양제 용기', '아이래쉬세럼용기', '아이래쉬세럼용기', 'rule');
INSERT INTO aliases (item_id, alias, alias_lower, source) VALUES ('다 쓴 속눈썹영양제 용기', '아이래쉬세럼컨테이너', '아이래쉬세럼컨테이너', 'rule');
INSERT INTO aliases (item_id, alias, alias_lower, source) VALUES ('다 쓴 속눈썹영양제 용기', '영양제병', '영양제병', 'rule');
INSERT INTO aliases (item_id, alias, alias_lower, source) VALUES ('다 쓴 속눈썹영양제 용기', '향수병', '향수병', 'rule');
INSERT OR REPLACE INTO items (id, name, category, note, steps, confidence, source_url, source_name, source_grade, feature, caution, last_verified, region_variation, official_classification) VALUES ('광택제', '광택제', 'hazardous', '· 폐광택제는 제품에 포함된 유해물질로 인하여 폐기물관리법 시행규칙 및 환경부 고시로 정하고 있는 생활계유해폐기물에 해당됩니다. * 생활계유해폐기물이란 폐농약, 폐의약품 등 인간의 건광과 주변환경에 피해를 유발할 수 있는 폐기물을 말합니다. · 광택제는 고철재질의 스프레이 용기와 플라스틱의 스프레이 용기가 있습니다. · 고철재질의 스프레이 용기는 구멍을 뚫', '["광택제는 파손으로 인하여 내용물이 유출되지 않도록 밀봉한 후 전용수거함으로 배출합니다.", "용기가 완전히 밀봉되지 않아 외부로 유출될 우려가 있는 경우에는 더 큰 용기(비닐, 플라스틱 용기 등)에 담아 배출합니다.", "인근에 전용수거함이 없는 경우에는 용기를 밀봉한 후 종량제봉투 등 지자체 조례에 따라 배출합니다."]', 'high', 'https://www.xn--oy2b29bd3a601b.kr/front/dischargeMethod/dictionaryView.do?niIdx=138', '분리배출.kr (한국폐기물협회·환경부)', 'A', '· 폐광택제는 제품에 포함된 유해물질로 인하여 폐기물관리법 시행규칙 및 환경부 고시로 정하고 있는 생활계유해폐기물에 해당됩니다. * 생활계유해폐기물이란 폐농약, 폐의약품 등 인간의 건광과 주변환경에 피해를 유발할 수 있는 폐기물을 말합니다. · 광택제는 고철재질의 스프레이 용기와 플라스틱의 스프레이 용기가 있습니다. · 고철재질의 스프레이 용기는 구멍을 뚫지 않고 배출합니다.', '· 내용물이 남아있는 경우 외부로 유출되지 않도록 완전히 밀봉한 후 배출', '2026-05-18', 0, '["생활계 유해폐기물", "폐페인트, 폐광택제, 폐접착제"]');
INSERT INTO aliases (item_id, alias, alias_lower, source) VALUES ('광택제', 'polish', 'polish', 'rule');
INSERT INTO aliases (item_id, alias, alias_lower, source) VALUES ('광택제', 'wax', 'wax', 'rule');
INSERT INTO aliases (item_id, alias, alias_lower, source) VALUES ('광택제', '광내는 약', '광내는 약', 'rule');
INSERT INTO aliases (item_id, alias, alias_lower, source) VALUES ('광택제', '광택약', '광택약', 'rule');
INSERT INTO aliases (item_id, alias, alias_lower, source) VALUES ('광택제', '맥과이어스', '맥과이어스', 'rule');
INSERT INTO aliases (item_id, alias, alias_lower, source) VALUES ('광택제', '반짝이 약', '반짝이 약', 'rule');
INSERT INTO aliases (item_id, alias, alias_lower, source) VALUES ('광택제', '액체 왁스', '액체 왁스', 'rule');
INSERT INTO aliases (item_id, alias, alias_lower, source) VALUES ('광택제', '왁스', '왁스', 'rule');
INSERT INTO aliases (item_id, alias, alias_lower, source) VALUES ('광택제', '윤기제', '윤기제', 'rule');
INSERT INTO aliases (item_id, alias, alias_lower, source) VALUES ('광택제', '자동차 광택제', '자동차 광택제', 'rule');
INSERT INTO aliases (item_id, alias, alias_lower, source) VALUES ('광택제', '콜리나이트', '콜리나이트', 'rule');
INSERT INTO aliases (item_id, alias, alias_lower, source) VALUES ('광택제', '폴리쉬', '폴리쉬', 'rule');
INSERT OR REPLACE INTO items (id, name, category, note, steps, confidence, source_url, source_name, source_grade, feature, caution, last_verified, region_variation, official_classification) VALUES ('라돈', '라돈', 'hazardous', '· 라돈이 검출된 침대는 생활주변방사선 안전관리법의 안전기준에 부적합한 침대 및 침구류로 천연방사선제품 생활폐기물에 해당됩니다. * 천연방사선제품 생활폐기물이란 생활주변방사선 안전관리법에 따른 가공제품 중 같은법 제15조제1항에 따른 안전기준에 적합하지 않은 제품으로서 방사능 농도가 그램당 10베크렐 미만인 폐기물을 말합니다. · 라돈은 기체 상태의 방사성', '["라돈이 검출된 침대는 전문기관 또는 지자체에 상담하여 배출합니다.", "지자체에서 처리하는 경우 신고 후 방진마스크를 착용하고 유해물질이 비산, 유출되지 않도록 폐기물 전체를 비닐로 완전하게 포장하여 지정된 장소에 배출합니다.", "국내 사업자가 존재할 경우 업체에 수거요청합니다."]', 'high', 'https://www.xn--oy2b29bd3a601b.kr/front/dischargeMethod/dictionaryView.do?niIdx=139', '분리배출.kr (한국폐기물협회·환경부)', 'A', '· 라돈이 검출된 침대는 생활주변방사선 안전관리법의 안전기준에 부적합한 침대 및 침구류로 천연방사선제품 생활폐기물에 해당됩니다. * 천연방사선제품 생활폐기물이란 생활주변방사선 안전관리법에 따른 가공제품 중 같은법 제15조제1항에 따른 안전기준에 적합하지 않은 제품으로서 방사능 농도가 그램당 10베크렐 미만인 폐기물을 말합니다. · 라돈은 기체 상태의 방사성 물질로 세계보건기구(WHO)에서는...', '· 천연방사성 제품 폐기물로 의심되는 제품은 한국 원자력안전기술원 생활주변방사선 정보서비스 및 생활방사선기술지원센터(1811-8336)를 통해 라독측정기 우편대여서비스를 이용하거나 지자체로부터 라돈측정기를 대여하여 확인', '2026-05-18', 0, '["생활계 유해폐기물", "천연방사성제품"]');
INSERT INTO aliases (item_id, alias, alias_lower, source) VALUES ('라돈', '침낭', '침낭', 'rule');
INSERT OR REPLACE INTO items (id, name, category, note, steps, confidence, source_url, source_name, source_grade, feature, caution, last_verified, region_variation, official_classification) VALUES ('페인트', '페인트', 'hazardous', '· 페인트는 제품을 보호하고 외관을 장식하기 위하여 제작된 제품으로 액상 또는 분말형태가 있습니다. · 폐페인트는 제품에 포함된 유해물질로 인하여 폐기물관리법 시행규칙 및 환경부 고시로 정하고 있는 생활계유해폐기물에 해당됩니다. * 생활계유해폐기물이란 폐농약, 폐의약품 등 인간의 건강과 주변환경에 피해를 유발할 수 있는 폐기물을 말합니다. · 가정에서 배출', '["페인트는 파손으로 인하여 내용물이 유출되지 않도록 밀봉한 후 전용수거함으로 배출합니다.", "용기가 완전히 밀봉되지 않아 외부로 유출될 우려가 있는 경우에는 더 큰 용기(비닐, 플라스틱 용기 등)에 담아 배출합니다.", "인근에 전용수거함이 없는 경우에는 용기를 밀봉한 후 종량제봉투 등 지자체 조례에 따라 배출합니다."]', 'high', 'https://www.xn--oy2b29bd3a601b.kr/front/dischargeMethod/dictionaryView.do?niIdx=140', '분리배출.kr (한국폐기물협회·환경부)', 'A', '· 페인트는 제품을 보호하고 외관을 장식하기 위하여 제작된 제품으로 액상 또는 분말형태가 있습니다. · 폐페인트는 제품에 포함된 유해물질로 인하여 폐기물관리법 시행규칙 및 환경부 고시로 정하고 있는 생활계유해폐기물에 해당됩니다. * 생활계유해폐기물이란 폐농약, 폐의약품 등 인간의 건강과 주변환경에 피해를 유발할 수 있는 폐기물을 말합니다. · 가정에서 배출하는 페인트는 생활계 유해폐기물에 해...', '· 내용물이 남아있는 경우 외부로 유출되지 않도록 완전히 밀봉한 후 배출', '2026-05-18', 0, '["생활계 유해폐기물", "폐페인트, 폐광택제, 폐접착제"]');
INSERT INTO aliases (item_id, alias, alias_lower, source) VALUES ('페인트', 'paint', 'paint', 'rule');
INSERT INTO aliases (item_id, alias, alias_lower, source) VALUES ('페인트', '노루페인트', '노루페인트', 'rule');
INSERT INTO aliases (item_id, alias, alias_lower, source) VALUES ('페인트', '도료', '도료', 'rule');
INSERT INTO aliases (item_id, alias, alias_lower, source) VALUES ('페인트', '도색제', '도색제', 'rule');
INSERT INTO aliases (item_id, alias, alias_lower, source) VALUES ('페인트', '락카', '락카', 'rule');
INSERT INTO aliases (item_id, alias, alias_lower, source) VALUES ('페인트', '물감', '물감', 'rule');
INSERT INTO aliases (item_id, alias, alias_lower, source) VALUES ('페인트', '색칠재료', '색칠재료', 'rule');
INSERT INTO aliases (item_id, alias, alias_lower, source) VALUES ('페인트', '수성페인트', '수성페인트', 'rule');
INSERT INTO aliases (item_id, alias, alias_lower, source) VALUES ('페인트', '아크릴페인트', '아크릴페인트', 'rule');
INSERT INTO aliases (item_id, alias, alias_lower, source) VALUES ('페인트', '유성페인트', '유성페인트', 'rule');
INSERT INTO aliases (item_id, alias, alias_lower, source) VALUES ('페인트', '칠감', '칠감', 'rule');
INSERT INTO aliases (item_id, alias, alias_lower, source) VALUES ('페인트', '페인트통', '페인트통', 'rule');
INSERT OR REPLACE INTO items (id, name, category, note, steps, confidence, source_url, source_name, source_grade, feature, caution, last_verified, region_variation, official_classification) VALUES ('감기약', '감기약', 'medicine', '· 가정에서 배출하는 의약품은 약국에서 판매하는 해열제, 감기약 등의 상비약과 의사의 처방이 필요한 전문의약품으로 구분됩니다. · 그 밖에 치약, 가글, 살충제 등 인체에 약하거나 직접적으로 작용하지 않는 의약외품이 있습니다. · 의약품과 의약외품을 구분하는 방법은 처방여부, 포장재 겉면에 표기된 문구를 통해 확인하실 수 있습니다. · 가정에서 배출하는 의', '["감기약은 폐의약품수거함으로 배출합니다."]', 'high', 'https://www.xn--oy2b29bd3a601b.kr/front/dischargeMethod/dictionaryView.do?niIdx=141', '분리배출.kr (한국폐기물협회·환경부)', 'A', '· 가정에서 배출하는 의약품은 약국에서 판매하는 해열제, 감기약 등의 상비약과 의사의 처방이 필요한 전문의약품으로 구분됩니다. · 그 밖에 치약, 가글, 살충제 등 인체에 약하거나 직접적으로 작용하지 않는 의약외품이 있습니다. · 의약품과 의약외품을 구분하는 방법은 처방여부, 포장재 겉면에 표기된 문구를 통해 확인하실 수 있습니다. · 가정에서 배출하는 의약품은 가까운 약국이나 보건소, 주민...', '· 병원에서 조제한 약은 반드시 폐의약품전용수거함으로 배출', '2026-05-18', 0, '["생활계 유해폐기물", "폐의약품"]');
INSERT INTO aliases (item_id, alias, alias_lower, source) VALUES ('감기약', '감기약 맘마', '감기약 맘마', 'rule');
INSERT INTO aliases (item_id, alias, alias_lower, source) VALUES ('감기약', '감기약 쭈쭈', '감기약 쭈쭈', 'rule');
INSERT INTO aliases (item_id, alias, alias_lower, source) VALUES ('감기약', '기침감기약', '기침감기약', 'rule');
INSERT INTO aliases (item_id, alias, alias_lower, source) VALUES ('감기약', '멀미약', '멀미약', 'rule');
INSERT INTO aliases (item_id, alias, alias_lower, source) VALUES ('감기약', '복통약', '복통약', 'rule');
INSERT INTO aliases (item_id, alias, alias_lower, source) VALUES ('감기약', '설사약', '설사약', 'rule');
INSERT INTO aliases (item_id, alias, alias_lower, source) VALUES ('감기약', '어린이감기약', '어린이감기약', 'rule');
INSERT INTO aliases (item_id, alias, alias_lower, source) VALUES ('감기약', '종합감기약', '종합감기약', 'rule');
INSERT INTO aliases (item_id, alias, alias_lower, source) VALUES ('감기약', '코감기약', '코감기약', 'rule');
INSERT INTO aliases (item_id, alias, alias_lower, source) VALUES ('감기약', '코프시럽', '코프시럽', 'rule');
INSERT INTO aliases (item_id, alias, alias_lower, source) VALUES ('감기약', '콜드메디슨', '콜드메디슨', 'rule');
INSERT INTO aliases (item_id, alias, alias_lower, source) VALUES ('감기약', '타이레놀 콜드', '타이레놀 콜드', 'rule');
INSERT INTO aliases (item_id, alias, alias_lower, source) VALUES ('감기약', '판콜', '판콜', 'rule');
INSERT INTO aliases (item_id, alias, alias_lower, source) VALUES ('감기약', '판피린', '판피린', 'rule');
INSERT INTO aliases (item_id, alias, alias_lower, source) VALUES ('감기약', '플루메디슨', '플루메디슨', 'rule');
INSERT OR REPLACE INTO items (id, name, category, note, steps, confidence, source_url, source_name, source_grade, feature, caution, last_verified, region_variation, official_classification) VALUES ('나잘스프레이', '나잘스프레이', 'medicine', '· 가정에서 배출하는 의약품은 약국에서 판매하는 해열제, 감기약 등의 상비약과 의사의 처방이 필요한 전문의약품으로 구분됩니다. · 그 밖에 치약, 가글, 살충제 등 인체에 약하거나 직접적으로 작용하지 않는 의약외품이 있습니다. · 의약품과 의약외품을 구분하는 방법은 처방여부, 포장재 겉면에 표기된 문구를 통해 확인하실 수 있습니다. · 가정에서 배출하는 의', '["나잘스프레이는 폐의약품수거함으로 배출합니다."]', 'high', 'https://www.xn--oy2b29bd3a601b.kr/front/dischargeMethod/dictionaryView.do?niIdx=142', '분리배출.kr (한국폐기물협회·환경부)', 'A', '· 가정에서 배출하는 의약품은 약국에서 판매하는 해열제, 감기약 등의 상비약과 의사의 처방이 필요한 전문의약품으로 구분됩니다. · 그 밖에 치약, 가글, 살충제 등 인체에 약하거나 직접적으로 작용하지 않는 의약외품이 있습니다. · 의약품과 의약외품을 구분하는 방법은 처방여부, 포장재 겉면에 표기된 문구를 통해 확인하실 수 있습니다. · 가정에서 배출하는 의약품은 가까운 약국이나 보건소, 주민...', '· 병원에서 조제한 약은 반드시 폐의약품전용수거함으로 배출', '2026-05-18', 0, '["생활계 유해폐기물", "폐의약품"]');
INSERT INTO aliases (item_id, alias, alias_lower, source) VALUES ('나잘스프레이', 'nasal spray', 'nasal spray', 'rule');
INSERT INTO aliases (item_id, alias, alias_lower, source) VALUES ('나잘스프레이', '나잘액', '나잘액', 'rule');
INSERT INTO aliases (item_id, alias, alias_lower, source) VALUES ('나잘스프레이', '비강스프레이', '비강스프레이', 'rule');
INSERT INTO aliases (item_id, alias, alias_lower, source) VALUES ('나잘스프레이', '오트리빈', '오트리빈', 'rule');
INSERT INTO aliases (item_id, alias, alias_lower, source) VALUES ('나잘스프레이', '코막힘스프레이', '코막힘스프레이', 'rule');
INSERT INTO aliases (item_id, alias, alias_lower, source) VALUES ('나잘스프레이', '코분무액', '코분무액', 'rule');
INSERT INTO aliases (item_id, alias, alias_lower, source) VALUES ('나잘스프레이', '코뿌리개', '코뿌리개', 'rule');
INSERT INTO aliases (item_id, alias, alias_lower, source) VALUES ('나잘스프레이', '코뿌리는약', '코뿌리는약', 'rule');
INSERT INTO aliases (item_id, alias, alias_lower, source) VALUES ('나잘스프레이', '코스프레이', '코스프레이', 'rule');
INSERT INTO aliases (item_id, alias, alias_lower, source) VALUES ('나잘스프레이', '코칙칙이', '코칙칙이', 'rule');
INSERT INTO aliases (item_id, alias, alias_lower, source) VALUES ('나잘스프레이', '콧물스프레이', '콧물스프레이', 'rule');
INSERT INTO aliases (item_id, alias, alias_lower, source) VALUES ('나잘스프레이', '후레쉬웰', '후레쉬웰', 'rule');
INSERT OR REPLACE INTO items (id, name, category, note, steps, confidence, source_url, source_name, source_grade, feature, caution, last_verified, region_variation, official_classification) VALUES ('엔진 오일', '엔진 오일', 'general', '· 엔진오일, 베어링 오일 등의 폐유는 누출 시 신체에 화상을 입힐 수 있으며, 화재 및 환경오염의 위험성이 있어 주의하여 배출하여야 합니다. · 가정에서 배출하는 차량용품은 전용수거함으로 배출하거나 구입처 또는 자동차 정비소를 통해 역회수 처리할 수 있습니다.', '["엔진 오일은 전용수거함으로 배출하거나 자동차 정비소 등역회수 루트를 통하여 배출합니다."]', 'high', 'https://www.xn--oy2b29bd3a601b.kr/front/dischargeMethod/dictionaryView.do?niIdx=144', '분리배출.kr (한국폐기물협회·환경부)', 'A', '· 엔진오일, 베어링 오일 등의 폐유는 누출 시 신체에 화상을 입힐 수 있으며, 화재 및 환경오염의 위험성이 있어 주의하여 배출하여야 합니다. · 가정에서 배출하는 차량용품은 전용수거함으로 배출하거나 구입처 또는 자동차 정비소를 통해 역회수 처리할 수 있습니다.', '· 내용물이 남아있는 경우 외부로 유출되지 않도록 완전히 밀봉한 후 배출', '2026-05-18', 0, '["생활계 유해폐기물", "기타"]');
INSERT INTO aliases (item_id, alias, alias_lower, source) VALUES ('엔진 오일', 'engine oil', 'engine oil', 'rule');
INSERT INTO aliases (item_id, alias, alias_lower, source) VALUES ('엔진 오일', 'motor oil', 'motor oil', 'rule');
INSERT INTO aliases (item_id, alias, alias_lower, source) VALUES ('엔진 오일', '기관유', '기관유', 'rule');
INSERT INTO aliases (item_id, alias, alias_lower, source) VALUES ('엔진 오일', '모터 오일', '모터 오일', 'rule');
INSERT INTO aliases (item_id, alias, alias_lower, source) VALUES ('엔진 오일', '엔진유', '엔진유', 'rule');
INSERT INTO aliases (item_id, alias, alias_lower, source) VALUES ('엔진 오일', '오일', '오일', 'rule');
INSERT INTO aliases (item_id, alias, alias_lower, source) VALUES ('엔진 오일', '윤활유', '윤활유', 'rule');
INSERT INTO aliases (item_id, alias, alias_lower, source) VALUES ('엔진 오일', '자동차 엔진 오일', '자동차 엔진 오일', 'rule');
INSERT INTO aliases (item_id, alias, alias_lower, source) VALUES ('엔진 오일', '차량 엔진 오일', '차량 엔진 오일', 'rule');
INSERT INTO aliases (item_id, alias, alias_lower, source) VALUES ('엔진 오일', '차오일', '차오일', 'rule');
INSERT INTO aliases (item_id, alias, alias_lower, source) VALUES ('엔진 오일', '폐엔진오일', '폐엔진오일', 'rule');
INSERT OR REPLACE INTO items (id, name, category, note, steps, confidence, source_url, source_name, source_grade, feature, caution, last_verified, region_variation, official_classification) VALUES ('폐농약', '폐농약', 'hazardous', '· 폐농약은 농작을 해치는 균, 곤충, 잡초 등을 제거하기 위해 사용하는 약품으로 살균제, 살충제, 제초제 등이 있습니다. · 폐농약은 제품에 포함된 유해물질로 인하여 폐기물관리법 시행규칙 및 환경부 고시로 정하고 있는 생활계유해폐기물에 해당됩니다. * 생활계유해폐기물이란 폐농약, 폐의약품 등 인간의 건광과 주변환경에 피해를 유발할 수 있는 폐기물을 말합니', '["폐농약은 전용수거함으로 배출합니다."]', 'high', 'https://www.xn--oy2b29bd3a601b.kr/front/dischargeMethod/dictionaryView.do?niIdx=145', '분리배출.kr (한국폐기물협회·환경부)', 'A', '· 폐농약은 농작을 해치는 균, 곤충, 잡초 등을 제거하기 위해 사용하는 약품으로 살균제, 살충제, 제초제 등이 있습니다. · 폐농약은 제품에 포함된 유해물질로 인하여 폐기물관리법 시행규칙 및 환경부 고시로 정하고 있는 생활계유해폐기물에 해당됩니다. * 생활계유해폐기물이란 폐농약, 폐의약품 등 인간의 건광과 주변환경에 피해를 유발할 수 있는 폐기물을 말합니다. · 폐농약은 잔류농약이 담긴 용...', '·내용물이 남아있는 경우 외부로 유출되지 않도록 완전히 밀봉한 후 배출', '2026-05-18', 0, '["생활계 유해폐기물", "폐농약"]');
INSERT INTO aliases (item_id, alias, alias_lower, source) VALUES ('폐농약', '광택제', '광택제', 'rule');
INSERT INTO aliases (item_id, alias, alias_lower, source) VALUES ('폐농약', '남은 농약', '남은 농약', 'rule');
INSERT INTO aliases (item_id, alias, alias_lower, source) VALUES ('폐농약', '농약 찌꺼기', '농약 찌꺼기', 'rule');
INSERT INTO aliases (item_id, alias, alias_lower, source) VALUES ('폐농약', '농약 폐기물', '농약 폐기물', 'rule');
INSERT INTO aliases (item_id, alias, alias_lower, source) VALUES ('폐농약', '농약병', '농약병', 'rule');
INSERT INTO aliases (item_id, alias, alias_lower, source) VALUES ('폐농약', '농약통', '농약통', 'rule');
INSERT INTO aliases (item_id, alias, alias_lower, source) VALUES ('폐농약', '농작물 약품', '농작물 약품', 'rule');
INSERT INTO aliases (item_id, alias, alias_lower, source) VALUES ('폐농약', '다 쓴 농약', '다 쓴 농약', 'rule');
INSERT INTO aliases (item_id, alias, alias_lower, source) VALUES ('폐농약', '버릴 농약', '버릴 농약', 'rule');
INSERT INTO aliases (item_id, alias, alias_lower, source) VALUES ('폐농약', '인섹티사이드', '인섹티사이드', 'rule');
INSERT INTO aliases (item_id, alias, alias_lower, source) VALUES ('폐농약', '접착제', '접착제', 'rule');
INSERT INTO aliases (item_id, alias, alias_lower, source) VALUES ('폐농약', '페스티사이드', '페스티사이드', 'rule');
INSERT INTO aliases (item_id, alias, alias_lower, source) VALUES ('폐농약', '페인트', '페인트', 'rule');
INSERT OR REPLACE INTO items (id, name, category, note, steps, confidence, source_url, source_name, source_grade, feature, caution, last_verified, region_variation, official_classification) VALUES ('연고', '연고', 'medicine', '· 포장재 겉면에 의약품으로 표기된 연고는 가까운 약국이나 보건소, 주민센터 등에 비치된 폐의약품전용수거함으로 배출합니다. · 의약품의 경우(물약 제외) 일부 지자체에 한하여 우정산업본부와 사전협의를 통해 우체통으로 배출하는 경우도 있습니다. · 의약외품인 연고 경우 종량제봉투로 배출하여 주시면 됩니다.', '["연고는 폐의약품수거함으로 배출합니다."]', 'high', 'https://www.xn--oy2b29bd3a601b.kr/front/dischargeMethod/dictionaryView.do?niIdx=146', '분리배출.kr (한국폐기물협회·환경부)', 'A', NULL, '· 제품 포장재 의약품/의약외품 확인후 배출', '2026-05-18', 0, NULL);
INSERT INTO aliases (item_id, alias, alias_lower, source) VALUES ('연고', '관절연고', '관절연고', 'rule');
INSERT INTO aliases (item_id, alias, alias_lower, source) VALUES ('연고', '근육연고', '근육연고', 'rule');
INSERT INTO aliases (item_id, alias, alias_lower, source) VALUES ('연고', '두피 연고', '두피 연고', 'rule');
INSERT INTO aliases (item_id, alias, alias_lower, source) VALUES ('연고', '무좀 연고', '무좀 연고', 'rule');
INSERT INTO aliases (item_id, alias, alias_lower, source) VALUES ('연고', '벌레물림 연고', '벌레물림 연고', 'rule');
INSERT INTO aliases (item_id, alias, alias_lower, source) VALUES ('연고', '벌집 연고', '벌집 연고', 'rule');
INSERT INTO aliases (item_id, alias, alias_lower, source) VALUES ('연고', '안연고', '안연고', 'rule');
INSERT INTO aliases (item_id, alias, alias_lower, source) VALUES ('연고', '여드름 연고', '여드름 연고', 'rule');
INSERT INTO aliases (item_id, alias, alias_lower, source) VALUES ('연고', '연고', '연고', 'rule');
INSERT INTO aliases (item_id, alias, alias_lower, source) VALUES ('연고', '찰과상 연고', '찰과상 연고', 'rule');
INSERT INTO aliases (item_id, alias, alias_lower, source) VALUES ('연고', '치질 연고', '치질 연고', 'rule');
INSERT INTO aliases (item_id, alias, alias_lower, source) VALUES ('연고', '튜브 연고', '튜브 연고', 'rule');
INSERT INTO aliases (item_id, alias, alias_lower, source) VALUES ('연고', '흉터 연고', '흉터 연고', 'rule');
INSERT OR REPLACE INTO items (id, name, category, note, steps, confidence, source_url, source_name, source_grade, feature, caution, last_verified, region_variation, official_classification) VALUES ('알약', '알약', 'medicine', '· 포장재 겉면에 의약품으로 표기된 알약은 가까운 약국이나 보건소, 주민센터 등에 비치된 폐의약품전용수거함으로 배출합니다. · 의약품의 경우(물약 제외) 일부 지자체에 한하여 우정산업본부와 사전협의를 통해 우체통으로 배출하는 경우도 있습니다.', '["알약은 폐의약품수거함으로 배출합니다."]', 'high', 'https://www.xn--oy2b29bd3a601b.kr/front/dischargeMethod/dictionaryView.do?niIdx=147', '분리배출.kr (한국폐기물협회·환경부)', 'A', NULL, '· 제품 포장재 의약품/의약외품 확인후 배출', '2026-05-18', 0, NULL);
INSERT INTO aliases (item_id, alias, alias_lower, source) VALUES ('알약', '감기약 알약', '감기약 알약', 'rule');
INSERT INTO aliases (item_id, alias, alias_lower, source) VALUES ('알약', '건강기능식품 알약', '건강기능식품 알약', 'rule');
INSERT INTO aliases (item_id, alias, alias_lower, source) VALUES ('알약', '당의정', '당의정', 'rule');
INSERT INTO aliases (item_id, alias, alias_lower, source) VALUES ('알약', '두통약 알약', '두통약 알약', 'rule');
INSERT INTO aliases (item_id, alias, alias_lower, source) VALUES ('알약', '비타민 알약', '비타민 알약', 'rule');
INSERT INTO aliases (item_id, alias, alias_lower, source) VALUES ('알약', '알약', '알약', 'rule');
INSERT INTO aliases (item_id, alias, alias_lower, source) VALUES ('알약', '유산균 알약', '유산균 알약', 'rule');
INSERT INTO aliases (item_id, alias, alias_lower, source) VALUES ('알약', '정제약', '정제약', 'rule');
INSERT INTO aliases (item_id, alias, alias_lower, source) VALUES ('알약', '캡슐약', '캡슐약', 'rule');
INSERT INTO aliases (item_id, alias, alias_lower, source) VALUES ('알약', '필름코팅정', '필름코팅정', 'rule');
INSERT INTO aliases (item_id, alias, alias_lower, source) VALUES ('알약', '한약 환', '한약 환', 'rule');
INSERT INTO aliases (item_id, alias, alias_lower, source) VALUES ('알약', '환약', '환약', 'rule');
INSERT OR REPLACE INTO items (id, name, category, note, steps, confidence, source_url, source_name, source_grade, feature, caution, last_verified, region_variation, official_classification) VALUES ('한약', '한약', 'medicine', '· 한약은 의약품에 해당하여 가까운 약국이나 보건소, 주민센터 등에 비치된 폐의약품전용수거함으로 배출합니다. ※ 배출방법은 지역별로 차이가 있을 수 있으니, 해당 지방자치단체에서 정하는 방법이 있는 경우에는 해당 방법에 따라 배출하시기 바랍니다. 가까운 분리배출 장소를 확인해보세요. 현재 위치에 가까운 배출장소가 없습니다. 근처의 다른 지역을 검색해보세요.', '["한약은 폐의약품수거함으로 배출합니다."]', 'high', 'https://www.xn--oy2b29bd3a601b.kr/front/dischargeMethod/dictionaryView.do?niIdx=148', '분리배출.kr (한국폐기물협회·환경부)', 'A', '· 한약은 의약품에 해당하여 가까운 약국이나 보건소, 주민센터 등에 비치된 폐의약품전용수거함으로 배출합니다. ※ 배출방법은 지역별로 차이가 있을 수 있으니, 해당 지방자치단체에서 정하는 방법이 있는 경우에는 해당 방법에 따라 배출하시기 바랍니다. 가까운 분리배출 장소를 확인해보세요. 현재 위치에 가까운 배출장소가 없습니다. 근처의 다른 지역을 검색해보세요. 현 위치 배출장소 전체보기 현 지도...', '', '2026-05-18', 0, '["생활계 유해폐기물", "폐의약품"]');
INSERT INTO aliases (item_id, alias, alias_lower, source) VALUES ('한약', '감기약', '감기약', 'rule');
INSERT INTO aliases (item_id, alias, alias_lower, source) VALUES ('한약', '나잘스프레이', '나잘스프레이', 'rule');
INSERT INTO aliases (item_id, alias, alias_lower, source) VALUES ('한약', '생활계 유해폐기물', '생활계 유해폐기물', 'rule');
INSERT INTO aliases (item_id, alias, alias_lower, source) VALUES ('한약', '소화제', '소화제', 'rule');
INSERT INTO aliases (item_id, alias, alias_lower, source) VALUES ('한약', '안약', '안약', 'rule');
INSERT INTO aliases (item_id, alias, alias_lower, source) VALUES ('한약', '해열진통제', '해열진통제', 'rule');
INSERT OR REPLACE INTO items (id, name, category, note, steps, confidence, source_url, source_name, source_grade, feature, caution, last_verified, region_variation, official_classification) VALUES ('물약', '물약', 'medicine', '· 포장재 겉면에 의약품으로 표기된 물약은 가까운 약국이나 보건소, 주민센터 등에 비치된 폐의약품전용수거함으로 배출합니다. · 의약품의 경우(물약 제외) 일부 지자체에 한하여 우정산업본부와 사전협의를 통해 우체통으로 배출하는 경우도 있습니다. 물약은 새서 다른 우편물이 훼손될 우려가 있기 때문에 우체통을 통한 배출이 불가합니다.', '["물약은 폐의약품수거함으로 배출합니다."]', 'high', 'https://www.xn--oy2b29bd3a601b.kr/front/dischargeMethod/dictionaryView.do?niIdx=149', '분리배출.kr (한국폐기물협회·환경부)', 'A', NULL, '· 제품 포장재 의약품/의약외품 확인후 배출', '2026-05-18', 0, NULL);
INSERT INTO aliases (item_id, alias, alias_lower, source) VALUES ('물약', '감기 시럽', '감기 시럽', 'rule');
INSERT INTO aliases (item_id, alias, alias_lower, source) VALUES ('물약', '기침 시럽', '기침 시럽', 'rule');
INSERT INTO aliases (item_id, alias, alias_lower, source) VALUES ('물약', '꿀꺽약', '꿀꺽약', 'rule');
INSERT INTO aliases (item_id, alias, alias_lower, source) VALUES ('물약', '내복약', '내복약', 'rule');
INSERT INTO aliases (item_id, alias, alias_lower, source) VALUES ('물약', '드링크제', '드링크제', 'rule');
INSERT INTO aliases (item_id, alias, alias_lower, source) VALUES ('물약', '리퀴드 메디슨', '리퀴드 메디슨', 'rule');
INSERT INTO aliases (item_id, alias, alias_lower, source) VALUES ('물약', '물약', '물약', 'rule');
INSERT INTO aliases (item_id, alias, alias_lower, source) VALUES ('물약', '물약이', '물약이', 'rule');
INSERT INTO aliases (item_id, alias, alias_lower, source) VALUES ('물약', '변비 시럽', '변비 시럽', 'rule');
INSERT INTO aliases (item_id, alias, alias_lower, source) VALUES ('물약', '복용액', '복용액', 'rule');
INSERT INTO aliases (item_id, alias, alias_lower, source) VALUES ('물약', '부루펜 시럽', '부루펜 시럽', 'rule');
INSERT INTO aliases (item_id, alias, alias_lower, source) VALUES ('물약', '성인 시럽', '성인 시럽', 'rule');
INSERT INTO aliases (item_id, alias, alias_lower, source) VALUES ('물약', '소화 시럽', '소화 시럽', 'rule');
INSERT INTO aliases (item_id, alias, alias_lower, source) VALUES ('물약', '솔루션', '솔루션', 'rule');
INSERT INTO aliases (item_id, alias, alias_lower, source) VALUES ('물약', '시럽약', '시럽약', 'rule');
INSERT INTO aliases (item_id, alias, alias_lower, source) VALUES ('물약', '애기약', '애기약', 'rule');
INSERT INTO aliases (item_id, alias, alias_lower, source) VALUES ('물약', '액상약', '액상약', 'rule');
INSERT INTO aliases (item_id, alias, alias_lower, source) VALUES ('물약', '액체약', '액체약', 'rule');
INSERT INTO aliases (item_id, alias, alias_lower, source) VALUES ('물약', '어린이 시럽', '어린이 시럽', 'rule');
INSERT INTO aliases (item_id, alias, alias_lower, source) VALUES ('물약', '어린이 해열 시럽', '어린이 해열 시럽', 'rule');
INSERT INTO aliases (item_id, alias, alias_lower, source) VALUES ('물약', '유아 해열 시럽', '유아 해열 시럽', 'rule');
INSERT INTO aliases (item_id, alias, alias_lower, source) VALUES ('물약', '현탁액', '현탁액', 'rule');
INSERT OR REPLACE INTO items (id, name, category, note, steps, confidence, source_url, source_name, source_grade, feature, caution, last_verified, region_variation, official_classification) VALUES ('가정에서 배출하', '가정에서 배출하', 'food', '· 고추장, 된장 등 장류는 가정에서 소량으로 발생하므로 음식물류폐기물로 배출합니다. · 내용물(고추장, 된장 등) 제거가 어려운 경우에는 뚜껑을 닫아 제품 그대로 종량제봉투로 배출하여 주시기 바랍니다.', '["가정에서 배출하는 고추장은 음식물류폐기물로 배출합니다.", "음식물 전용 종량제봉투 또는 납부필증(스티커, 칩)을 부착하여 전용용기에 담아 배출하거나 RFID에 배출합니다."]', 'high', 'https://www.xn--oy2b29bd3a601b.kr/front/dischargeMethod/dictionaryView.do?niIdx=156', '분리배출.kr (한국폐기물협회·환경부)', 'A', '· 음식물류폐기물은 재활용과정을 거쳐 동물의 사료, 퇴비(비료), 바이오가스로 재활용하고 있습니다. 이 중 사료화는 동물이 직접 섭취하기 때문에 세밀한 기준이 요구되므로 음식물류폐기물의 배출기준은 사료화에 준하여 안내하고 있습니다. · 염분이 높은 젓갈, 된장, 김치 등은 가정에서 소량으로 배출하고 있어 음식물류폐기물로 배출하셔도 괜찮습니다. · 반면, 제조공장, 식당 등에서 다량으로 배출하...', '· 해당 지자체의 배출방법에 따라 배출', '2026-05-18', 0, '["음식물류폐기물"]');
INSERT INTO aliases (item_id, alias, alias_lower, source) VALUES ('가정에서 배출하', '가정 음식물', '가정 음식물', 'rule');
INSERT INTO aliases (item_id, alias, alias_lower, source) VALUES ('가정에서 배출하', '가정에서배출하', '가정에서배출하', 'rule');
INSERT INTO aliases (item_id, alias, alias_lower, source) VALUES ('가정에서 배출하', '남은 음식', '남은 음식', 'rule');
INSERT INTO aliases (item_id, alias, alias_lower, source) VALUES ('가정에서 배출하', '부엌 쓰레기', '부엌 쓰레기', 'rule');
INSERT INTO aliases (item_id, alias, alias_lower, source) VALUES ('가정에서 배출하', '음식 찌꺼기', '음식 찌꺼기', 'rule');
INSERT INTO aliases (item_id, alias, alias_lower, source) VALUES ('가정에서 배출하', '음식 폐기물', '음식 폐기물', 'rule');
INSERT INTO aliases (item_id, alias, alias_lower, source) VALUES ('가정에서 배출하', '음식물 쓰레기', '음식물 쓰레기', 'rule');
INSERT INTO aliases (item_id, alias, alias_lower, source) VALUES ('가정에서 배출하', '음식물 잔반', '음식물 잔반', 'rule');
INSERT INTO aliases (item_id, alias, alias_lower, source) VALUES ('가정에서 배출하', '음식물 찌개미', '음식물 찌개미', 'rule');
INSERT INTO aliases (item_id, alias, alias_lower, source) VALUES ('가정에서 배출하', '음쓰', '음쓰', 'rule');
INSERT INTO aliases (item_id, alias, alias_lower, source) VALUES ('가정에서 배출하', '잔반', '잔반', 'rule');
INSERT INTO aliases (item_id, alias, alias_lower, source) VALUES ('가정에서 배출하', '키친 웨이스트', '키친 웨이스트', 'rule');
INSERT OR REPLACE INTO items (id, name, category, note, steps, confidence, source_url, source_name, source_grade, feature, caution, last_verified, region_variation, official_classification) VALUES ('매실주 건더기', '매실주 건더기', 'food', '· 음식물류폐기물은 재활용과정을 거쳐 동물의 사료, 퇴비(비료), 바이오가스로 재활용하고 있습니다. 이 중 사료화는 동물이 직접 섭취하기 때문에 세밀한 기준이 요구되므로 음식물류폐기물의 배출기준은 사료화에 준하여 안내하고 있습니다. · 담금주에 사용한 과일, 채소, 약초 등 건더기는 음식물류폐기물로 배출하셔도 괜찮습니다.', '["매실주 건더기는 음식물류폐기물로 배출합니다.", "음식물 전용 종량제봉투 또는 납부필증(스티커, 칩)을 부착하여 전용용기에 담아 배출하거나 RFID에 배출합니다."]', 'high', 'https://www.xn--oy2b29bd3a601b.kr/front/dischargeMethod/dictionaryView.do?niIdx=158', '분리배출.kr (한국폐기물협회·환경부)', 'A', '· 음식물류폐기물은 재활용과정을 거쳐 동물의 사료, 퇴비(비료), 바이오가스로 재활용하고 있습니다. 이 중 사료화는 동물이 직접 섭취하기 때문에 세밀한 기준이 요구되므로 음식물류폐기물의 배출기준은 사료화에 준하여 안내하고 있습니다. · 담금주에 사용한 과일, 채소, 약초 등 건더기는 음식물류폐기물로 배출하셔도 괜찮습니다.', '· 해당 지자체의 배출방법에 따라 배출', '2026-05-18', 0, '["음식물류폐기물"]');
INSERT INTO aliases (item_id, alias, alias_lower, source) VALUES ('매실주 건더기', '담금주 매실', '담금주 매실', 'rule');
INSERT INTO aliases (item_id, alias, alias_lower, source) VALUES ('매실주 건더기', '매실 건더기', '매실 건더기', 'rule');
INSERT INTO aliases (item_id, alias, alias_lower, source) VALUES ('매실주 건더기', '매실 건지', '매실 건지', 'rule');
INSERT INTO aliases (item_id, alias, alias_lower, source) VALUES ('매실주 건더기', '매실 앙금', '매실 앙금', 'rule');
INSERT INTO aliases (item_id, alias, alias_lower, source) VALUES ('매실주 건더기', '매실 찌꺼래기', '매실 찌꺼래기', 'rule');
INSERT INTO aliases (item_id, alias, alias_lower, source) VALUES ('매실주 건더기', '매실술 건더기', '매실술 건더기', 'rule');
INSERT INTO aliases (item_id, alias, alias_lower, source) VALUES ('매실주 건더기', '매실주 버린거', '매실주 버린거', 'rule');
INSERT INTO aliases (item_id, alias, alias_lower, source) VALUES ('매실주 건더기', '매실주 찌꺼기', '매실주 찌꺼기', 'rule');
INSERT INTO aliases (item_id, alias, alias_lower, source) VALUES ('매실주 건더기', '매실주건더기', '매실주건더기', 'rule');
INSERT INTO aliases (item_id, alias, alias_lower, source) VALUES ('매실주 건더기', '술매실', '술매실', 'rule');
INSERT INTO aliases (item_id, alias, alias_lower, source) VALUES ('매실주 건더기', '술에 절인 매실', '술에 절인 매실', 'rule');
INSERT INTO aliases (item_id, alias, alias_lower, source) VALUES ('매실주 건더기', '플럼 레지듀', '플럼 레지듀', 'rule');
INSERT INTO aliases (item_id, alias, alias_lower, source) VALUES ('매실주 건더기', '플럼 펄프', '플럼 펄프', 'rule');
INSERT OR REPLACE INTO items (id, name, category, note, steps, confidence, source_url, source_name, source_grade, feature, caution, last_verified, region_variation, official_classification) VALUES ('라면', '라면', 'food', '· 음식물류폐기물은 재활용과정을 거쳐 동물의 사료, 퇴비(비료), 바이오가스로 재활용하고 있습니다. 이 중 사료화는 동물이 직접 섭취하기 때문에 세밀한 기준이 요구되므로 음식물류폐기물의 배출기준은 사료화에 준하여 안내하고 있습니다. · 라면은 음식물류폐기물로 배출하셔도 괜찮습니다.', '["라면은 음식물류폐기물로 배출합니다.", "음식물 전용 종량제봉투 또는 납부필증(스티커, 칩)을 부착하여 전용용기에 담아 배출하거나 RFID에 배출합니다."]', 'high', 'https://www.xn--oy2b29bd3a601b.kr/front/dischargeMethod/dictionaryView.do?niIdx=159', '분리배출.kr (한국폐기물협회·환경부)', 'A', '· 음식물류폐기물은 재활용과정을 거쳐 동물의 사료, 퇴비(비료), 바이오가스로 재활용하고 있습니다. 이 중 사료화는 동물이 직접 섭취하기 때문에 세밀한 기준이 요구되므로 음식물류폐기물의 배출기준은 사료화에 준하여 안내하고 있습니다. · 라면은 음식물류폐기물로 배출하셔도 괜찮습니다.', '· 해당 지자체의 배출방법에 따라 배출', '2026-05-18', 0, '["음식물류폐기물"]');
INSERT INTO aliases (item_id, alias, alias_lower, source) VALUES ('라면', '감초가루', '감초가루', 'rule');
INSERT INTO aliases (item_id, alias, alias_lower, source) VALUES ('라면', '고등어', '고등어', 'rule');
INSERT INTO aliases (item_id, alias, alias_lower, source) VALUES ('라면', '고추장', '고추장', 'rule');
INSERT INTO aliases (item_id, alias, alias_lower, source) VALUES ('라면', '국수', '국수', 'rule');
INSERT INTO aliases (item_id, alias, alias_lower, source) VALUES ('라면', '김치', '김치', 'rule');
INSERT INTO aliases (item_id, alias, alias_lower, source) VALUES ('라면', '내장류', '내장류', 'rule');
INSERT INTO aliases (item_id, alias, alias_lower, source) VALUES ('라면', '냉면', '냉면', 'rule');
INSERT INTO aliases (item_id, alias, alias_lower, source) VALUES ('라면', '다시마', '다시마', 'rule');
INSERT INTO aliases (item_id, alias, alias_lower, source) VALUES ('라면', '더덕', '더덕', 'rule');
INSERT INTO aliases (item_id, alias, alias_lower, source) VALUES ('라면', '땅콩버터', '땅콩버터', 'rule');
INSERT INTO aliases (item_id, alias, alias_lower, source) VALUES ('라면', '마요네즈', '마요네즈', 'rule');
INSERT INTO aliases (item_id, alias, alias_lower, source) VALUES ('라면', '말린 귤껍질', '말린 귤껍질', 'rule');
INSERT INTO aliases (item_id, alias, alias_lower, source) VALUES ('라면', '매실주 건더기', '매실주 건더기', 'rule');
INSERT INTO aliases (item_id, alias, alias_lower, source) VALUES ('라면', '밀가루', '밀가루', 'rule');
INSERT INTO aliases (item_id, alias, alias_lower, source) VALUES ('라면', '바나나껍질', '바나나껍질', 'rule');
INSERT INTO aliases (item_id, alias, alias_lower, source) VALUES ('라면', '비계', '비계', 'rule');
INSERT INTO aliases (item_id, alias, alias_lower, source) VALUES ('라면', '상한 음식', '상한 음식', 'rule');
INSERT INTO aliases (item_id, alias, alias_lower, source) VALUES ('라면', '생선', '생선', 'rule');
INSERT INTO aliases (item_id, alias, alias_lower, source) VALUES ('라면', '시리얼', '시리얼', 'rule');
INSERT INTO aliases (item_id, alias, alias_lower, source) VALUES ('라면', '야관문', '야관문', 'rule');
INSERT INTO aliases (item_id, alias, alias_lower, source) VALUES ('라면', '어성초가루', '어성초가루', 'rule');
INSERT INTO aliases (item_id, alias, alias_lower, source) VALUES ('라면', '엿기름', '엿기름', 'rule');
INSERT INTO aliases (item_id, alias, alias_lower, source) VALUES ('라면', '오렌지 껍질', '오렌지 껍질', 'rule');
INSERT INTO aliases (item_id, alias, alias_lower, source) VALUES ('라면', '유통기한이 지난 음식', '유통기한이 지난 음식', 'rule');
INSERT INTO aliases (item_id, alias, alias_lower, source) VALUES ('라면', '인삼', '인삼', 'rule');
INSERT OR REPLACE INTO items (id, name, category, note, steps, confidence, source_url, source_name, source_grade, feature, caution, last_verified, region_variation, official_classification) VALUES ('말린 귤껍질', '말린 귤껍질', 'food', '· 음식물류폐기물은 재활용과정을 거쳐 동물의 사료, 퇴비(비료), 바이오가스로 재활용하고 있습니다. 이 중 사료화는 동물이 직접 섭취하기 때문에 세밀한 기준이 요구되므로 음식물류폐기물의 배출기준은 사료화에 준하여 안내하고 있습니다. · 과일껍질은 음식물류폐기물로 배출하면 재활용이 가능합니다. 이때, 껍질을 말리더라도 재활용이 가능합니다.', '["말린 귤껍질은 음식물류폐기물로 배출합니다.", "음식물 전용 종량제봉투 또는 납부필증(스티커, 칩)을 부착하여 전용용기에 담아 배출하거나 RFID에 배출합니다."]', 'high', 'https://www.xn--oy2b29bd3a601b.kr/front/dischargeMethod/dictionaryView.do?niIdx=160', '분리배출.kr (한국폐기물협회·환경부)', 'A', '· 음식물류폐기물은 재활용과정을 거쳐 동물의 사료, 퇴비(비료), 바이오가스로 재활용하고 있습니다. 이 중 사료화는 동물이 직접 섭취하기 때문에 세밀한 기준이 요구되므로 음식물류폐기물의 배출기준은 사료화에 준하여 안내하고 있습니다. · 과일껍질은 음식물류폐기물로 배출하면 재활용이 가능합니다. 이때, 껍질을 말리더라도 재활용이 가능합니다.', '· 말린 과일껍질도 음식물류폐기물로 배출 · 해당 지자체의 배출방법에 따라 배출', '2026-05-18', 0, '["음식물류폐기물"]');
INSERT INTO aliases (item_id, alias, alias_lower, source) VALUES ('말린 귤껍질', 'citrus peel', 'citrus peel', 'rule');
INSERT INTO aliases (item_id, alias, alias_lower, source) VALUES ('말린 귤껍질', 'dried orange peel', 'dried orange peel', 'rule');
INSERT INTO aliases (item_id, alias, alias_lower, source) VALUES ('말린 귤껍질', 'dried tangerine peel', 'dried tangerine peel', 'rule');
INSERT INTO aliases (item_id, alias, alias_lower, source) VALUES ('말린 귤껍질', '건조 귤껍질', '건조 귤껍질', 'rule');
INSERT INTO aliases (item_id, alias, alias_lower, source) VALUES ('말린 귤껍질', '귤 말린 껍질', '귤 말린 껍질', 'rule');
INSERT INTO aliases (item_id, alias, alias_lower, source) VALUES ('말린 귤껍질', '귤껍데기 말린 거', '귤껍데기 말린 거', 'rule');
INSERT INTO aliases (item_id, alias, alias_lower, source) VALUES ('말린 귤껍질', '귤껍질 드라이', '귤껍질 드라이', 'rule');
INSERT INTO aliases (item_id, alias, alias_lower, source) VALUES ('말린 귤껍질', '귤피', '귤피', 'rule');
INSERT INTO aliases (item_id, alias, alias_lower, source) VALUES ('말린 귤껍질', '말린 감귤껍질', '말린 감귤껍질', 'rule');
INSERT INTO aliases (item_id, alias, alias_lower, source) VALUES ('말린 귤껍질', '말린귤껍질', '말린귤껍질', 'rule');
INSERT INTO aliases (item_id, alias, alias_lower, source) VALUES ('말린 귤껍질', '수제 귤껍질', '수제 귤껍질', 'rule');
INSERT INTO aliases (item_id, alias, alias_lower, source) VALUES ('말린 귤껍질', '제주 귤껍질', '제주 귤껍질', 'rule');
INSERT INTO aliases (item_id, alias, alias_lower, source) VALUES ('말린 귤껍질', '진피', '진피', 'rule');
INSERT OR REPLACE INTO items (id, name, category, note, steps, confidence, source_url, source_name, source_grade, feature, caution, last_verified, region_variation, official_classification) VALUES ('다시마', '다시마', 'food', '· 음식물류폐기물은 재활용과정을 거쳐 동물의 사료, 퇴비(비료), 바이오가스로 재활용하고 있습니다. 이 중 사료화는 동물이 직접 섭취하기 때문에 세밀한 기준이 요구되므로 음식물류폐기물의 배출기준은 사료화에 준하여 안내하고 있습니다. · 다시마는 음식물류폐기물로 배출하면 재활용이 가능합니다.', '["다시마는 음식물류폐기물로 배출합니다.", "음식물 전용 종량제봉투 또는 납부필증(스티커, 칩)을 부착하여 전용용기에 담아 배출하거나 RFID에 배출합니다."]', 'high', 'https://www.xn--oy2b29bd3a601b.kr/front/dischargeMethod/dictionaryView.do?niIdx=161', '분리배출.kr (한국폐기물협회·환경부)', 'A', '· 음식물류폐기물은 재활용과정을 거쳐 동물의 사료, 퇴비(비료), 바이오가스로 재활용하고 있습니다. 이 중 사료화는 동물이 직접 섭취하기 때문에 세밀한 기준이 요구되므로 음식물류폐기물의 배출기준은 사료화에 준하여 안내하고 있습니다. · 다시마는 음식물류폐기물로 배출하면 재활용이 가능합니다.', '· 해당 지자체의 배출방법에 따라 배출', '2026-05-18', 0, '["음식물류폐기물"]');
INSERT INTO aliases (item_id, alias, alias_lower, source) VALUES ('다시마', '국물용 다시마', '국물용 다시마', 'rule');
INSERT INTO aliases (item_id, alias, alias_lower, source) VALUES ('다시마', '다시마 육수팩', '다시마 육수팩', 'rule');
INSERT INTO aliases (item_id, alias, alias_lower, source) VALUES ('다시마', '다시마 환', '다시마 환', 'rule');
INSERT INTO aliases (item_id, alias, alias_lower, source) VALUES ('다시마', '다시마가루', '다시마가루', 'rule');
INSERT INTO aliases (item_id, alias, alias_lower, source) VALUES ('다시마', '다시마쌈', '다시마쌈', 'rule');
INSERT INTO aliases (item_id, alias, alias_lower, source) VALUES ('다시마', '다시마채', '다시마채', 'rule');
INSERT INTO aliases (item_id, alias, alias_lower, source) VALUES ('다시마', '말린 다시마', '말린 다시마', 'rule');
INSERT INTO aliases (item_id, alias, alias_lower, source) VALUES ('다시마', '생다시마', '생다시마', 'rule');
INSERT INTO aliases (item_id, alias, alias_lower, source) VALUES ('다시마', '식용 다시마', '식용 다시마', 'rule');
INSERT INTO aliases (item_id, alias, alias_lower, source) VALUES ('다시마', '씨켈프', '씨켈프', 'rule');
INSERT INTO aliases (item_id, alias, alias_lower, source) VALUES ('다시마', '켈프', '켈프', 'rule');
INSERT INTO aliases (item_id, alias, alias_lower, source) VALUES ('다시마', '콤부', '콤부', 'rule');
INSERT OR REPLACE INTO items (id, name, category, note, steps, confidence, source_url, source_name, source_grade, feature, caution, last_verified, region_variation, official_classification) VALUES ('바나나껍질', '바나나껍질', 'food', '· 음식물류폐기물은 재활용과정을 거쳐 동물의 사료, 퇴비(비료), 바이오가스로 재활용하고 있습니다. 이 중 사료화는 동물이 직접 섭취하기 때문에 세밀한 기준이 요구되므로 음식물류폐기물의 배출기준은 사료화에 준하여 안내하고 있습니다. · 과일껍질은 음식물류폐기물로 배출하면 재활용이 가능합니다. 이때, 껍질을 말리더라도 재활용이 가능합니다.', '["바나나껍질은 음식물류폐기물로 배출합니다.", "음식물 전용 종량제봉투 또는 납부필증(스티커, 칩)을 부착하여 전용용기에 담아 배출하거나 RFID에 배출합니다."]', 'high', 'https://www.xn--oy2b29bd3a601b.kr/front/dischargeMethod/dictionaryView.do?niIdx=162', '분리배출.kr (한국폐기물협회·환경부)', 'A', '· 음식물류폐기물은 재활용과정을 거쳐 동물의 사료, 퇴비(비료), 바이오가스로 재활용하고 있습니다. 이 중 사료화는 동물이 직접 섭취하기 때문에 세밀한 기준이 요구되므로 음식물류폐기물의 배출기준은 사료화에 준하여 안내하고 있습니다. · 과일껍질은 음식물류폐기물로 배출하면 재활용이 가능합니다. 이때, 껍질을 말리더라도 재활용이 가능합니다.', '·말린 과일껍질도 음식물류폐기물로 배출 · 해당 지자체의 배출방법에 따라 배출', '2026-05-18', 0, '["음식물류폐기물"]');
INSERT OR REPLACE INTO items (id, name, category, note, steps, confidence, source_url, source_name, source_grade, feature, caution, last_verified, region_variation, official_classification) VALUES ('상한 음식', '상한 음식', 'food', '· 음식물류폐기물은 재활용과정을 거쳐 동물의 사료, 퇴비(비료), 바이오가스로 재활용하고 있습니다. 이 중 사료화는 동물이 직접 섭취하기 때문에 세밀한 기준이 요구되므로 음식물류폐기물의 배출기준은 사료화에 준하여 안내하고 있습니다. · 사료화는 파쇄선별-탈수-건조/살균-분쇄-사료생산 과정을 거쳐 재활용하고 있습니다. · 살균과정은 농림축산식품부의 사료 기준', '["상한 음식은 음식물류폐기물로 배출합니다.", "음식물 전용 종량제봉투 또는 납부필증(스티커, 칩)을 부착하여 전용용기에 담아 배출하거나 RFID에 배출합니다."]', 'high', 'https://www.xn--oy2b29bd3a601b.kr/front/dischargeMethod/dictionaryView.do?niIdx=164', '분리배출.kr (한국폐기물협회·환경부)', 'A', '· 음식물류폐기물은 재활용과정을 거쳐 동물의 사료, 퇴비(비료), 바이오가스로 재활용하고 있습니다. 이 중 사료화는 동물이 직접 섭취하기 때문에 세밀한 기준이 요구되므로 음식물류폐기물의 배출기준은 사료화에 준하여 안내하고 있습니다. · 사료화는 파쇄선별-탈수-건조/살균-분쇄-사료생산 과정을 거쳐 재활용하고 있습니다. · 살균과정은 농림축산식품부의 사료 기준에 따라 100℃에서 30분 이상 가...', '· 해당 지자체의 배출방법에 따라 배출', '2026-05-18', 0, '["음식물류폐기물"]');
INSERT INTO aliases (item_id, alias, alias_lower, source) VALUES ('상한 음식', '못 먹는 음식', '못 먹는 음식', 'rule');
INSERT INTO aliases (item_id, alias, alias_lower, source) VALUES ('상한 음식', '버릴 음식', '버릴 음식', 'rule');
INSERT INTO aliases (item_id, alias, alias_lower, source) VALUES ('상한 음식', '변질된 음식', '변질된 음식', 'rule');
INSERT INTO aliases (item_id, alias, alias_lower, source) VALUES ('상한 음식', '부패한 음식', '부패한 음식', 'rule');
INSERT INTO aliases (item_id, alias, alias_lower, source) VALUES ('상한 음식', '상한음식', '상한음식', 'rule');
INSERT INTO aliases (item_id, alias, alias_lower, source) VALUES ('상한 음식', '쉬어빠진 음식', '쉬어빠진 음식', 'rule');
INSERT INTO aliases (item_id, alias, alias_lower, source) VALUES ('상한 음식', '쉰 음식', '쉰 음식', 'rule');
INSERT INTO aliases (item_id, alias, alias_lower, source) VALUES ('상한 음식', '스포일드 푸드', '스포일드 푸드', 'rule');
INSERT INTO aliases (item_id, alias, alias_lower, source) VALUES ('상한 음식', '썩은 음식', '썩은 음식', 'rule');
INSERT INTO aliases (item_id, alias, alias_lower, source) VALUES ('상한 음식', '유통기한 지난 음식', '유통기한 지난 음식', 'rule');
INSERT INTO aliases (item_id, alias, alias_lower, source) VALUES ('상한 음식', '음식물쓰레기', '음식물쓰레기', 'rule');
INSERT INTO aliases (item_id, alias, alias_lower, source) VALUES ('상한 음식', '지지 음식', '지지 음식', 'rule');
INSERT INTO aliases (item_id, alias, alias_lower, source) VALUES ('상한 음식', '푸드 웨이스트', '푸드 웨이스트', 'rule');
INSERT OR REPLACE INTO items (id, name, category, note, steps, confidence, source_url, source_name, source_grade, feature, caution, last_verified, region_variation, official_classification) VALUES ('고등어', '고등어', 'food', '· 음식물류폐기물은 재활용과정을 거쳐 동물의 사료, 퇴비(비료), 바이오가스로 재활용하고 있습니다. 이 중 사료화는 동물이 직접 섭취하기 때문에 세밀한 기준이 요구되므로 음식물류폐기물의 배출기준은 사료화에 준하여 안내하고 있습니다. · 고등어는 우럭, 갈치 등과 같은 생선의 일종으로 음식물류폐기물로 배출합니다.', '["고등어는 음식물류폐기물로 배출합니다.", "음식물 전용 종량제봉투 또는 납부필증(스티커, 칩)을 부착하여 전용용기에 담아 배출하거나 RFID에 배출합니다."]', 'high', 'https://www.xn--oy2b29bd3a601b.kr/front/dischargeMethod/dictionaryView.do?niIdx=165', '분리배출.kr (한국폐기물협회·환경부)', 'A', '· 음식물류폐기물은 재활용과정을 거쳐 동물의 사료, 퇴비(비료), 바이오가스로 재활용하고 있습니다. 이 중 사료화는 동물이 직접 섭취하기 때문에 세밀한 기준이 요구되므로 음식물류폐기물의 배출기준은 사료화에 준하여 안내하고 있습니다. · 고등어는 우럭, 갈치 등과 같은 생선의 일종으로 음식물류폐기물로 배출합니다.', '· 해당 지자체의 배출방법에 따라 배출', '2026-05-18', 0, '["음식물류폐기물"]');
INSERT INTO aliases (item_id, alias, alias_lower, source) VALUES ('고등어', 'Mackerel', 'mackerel', 'rule');
INSERT INTO aliases (item_id, alias, alias_lower, source) VALUES ('고등어', '고등', '고등', 'rule');
INSERT INTO aliases (item_id, alias, alias_lower, source) VALUES ('고등어', '고등어구이', '고등어구이', 'rule');
INSERT INTO aliases (item_id, alias, alias_lower, source) VALUES ('고등어', '고등어조림', '고등어조림', 'rule');
INSERT INTO aliases (item_id, alias, alias_lower, source) VALUES ('고등어', '고등어필레', '고등어필레', 'rule');
INSERT INTO aliases (item_id, alias, alias_lower, source) VALUES ('고등어', '고등이', '고등이', 'rule');
INSERT INTO aliases (item_id, alias, alias_lower, source) VALUES ('고등어', '국내산고등어', '국내산고등어', 'rule');
INSERT INTO aliases (item_id, alias, alias_lower, source) VALUES ('고등어', '노르웨이고등어', '노르웨이고등어', 'rule');
INSERT INTO aliases (item_id, alias, alias_lower, source) VALUES ('고등어', '사바', '사바', 'rule');
INSERT INTO aliases (item_id, alias, alias_lower, source) VALUES ('고등어', '생고등어', '생고등어', 'rule');
INSERT INTO aliases (item_id, alias, alias_lower, source) VALUES ('고등어', '순살고등어', '순살고등어', 'rule');
INSERT INTO aliases (item_id, alias, alias_lower, source) VALUES ('고등어', '자반고등어', '자반고등어', 'rule');
INSERT OR REPLACE INTO items (id, name, category, note, steps, confidence, source_url, source_name, source_grade, feature, caution, last_verified, region_variation, official_classification) VALUES ('시리얼', '시리얼', 'food', '· 시리얼은 조리되거나 가공된 곡류로 음식물류폐기물이므로 음식물류폐기물로 배출합니다.', '["시리얼은 음식물류폐기물로 배출합니다.", "음식물 전용 종량제봉투 또는 납부필증(스티커, 칩)을 부착하여 전용용기에 담아 배출하거나 RFID에 배출합니다."]', 'high', 'https://www.xn--oy2b29bd3a601b.kr/front/dischargeMethod/dictionaryView.do?niIdx=166', '분리배출.kr (한국폐기물협회·환경부)', 'A', '· 시리얼은 조리되거나 가공된 곡류로 음식물류폐기물이므로 음식물류폐기물로 배출합니다.', '· 해당 지자체의 배출방법에 따라 배출', '2026-05-18', 0, '["음식물류폐기물"]');
INSERT INTO aliases (item_id, alias, alias_lower, source) VALUES ('시리얼', '곡물 시리얼', '곡물 시리얼', 'rule');
INSERT INTO aliases (item_id, alias, alias_lower, source) VALUES ('시리얼', '그래놀라', '그래놀라', 'rule');
INSERT INTO aliases (item_id, alias, alias_lower, source) VALUES ('시리얼', '뮤즐리', '뮤즐리', 'rule');
INSERT INTO aliases (item_id, alias, alias_lower, source) VALUES ('시리얼', '부침가루', '부침가루', 'rule');
INSERT INTO aliases (item_id, alias, alias_lower, source) VALUES ('시리얼', '씨리얼', '씨리얼', 'rule');
INSERT INTO aliases (item_id, alias, alias_lower, source) VALUES ('시리얼', '아침 시리얼', '아침 시리얼', 'rule');
INSERT INTO aliases (item_id, alias, alias_lower, source) VALUES ('시리얼', '오레오 오즈', '오레오 오즈', 'rule');
INSERT INTO aliases (item_id, alias, alias_lower, source) VALUES ('시리얼', '첵스', '첵스', 'rule');
INSERT INTO aliases (item_id, alias, alias_lower, source) VALUES ('시리얼', '켈로그', '켈로그', 'rule');
INSERT INTO aliases (item_id, alias, alias_lower, source) VALUES ('시리얼', '코코볼', '코코볼', 'rule');
INSERT INTO aliases (item_id, alias, alias_lower, source) VALUES ('시리얼', '콘푸로스트', '콘푸로스트', 'rule');
INSERT INTO aliases (item_id, alias, alias_lower, source) VALUES ('시리얼', '콘플레이크', '콘플레이크', 'rule');
INSERT INTO aliases (item_id, alias, alias_lower, source) VALUES ('시리얼', '포스트', '포스트', 'rule');
INSERT OR REPLACE INTO items (id, name, category, note, steps, confidence, source_url, source_name, source_grade, feature, caution, last_verified, region_variation, official_classification) VALUES ('밀가루', '밀가루', 'food', '· 음식물류폐기물은 재활용과정을 거쳐 동물의 사료, 퇴비(비료), 바이오가스로 재활용하고 있습니다. 이 중 사료화는 동물이 직접 섭취하기 때문에 세밀한 기준이 요구되므로 음식물류폐기물의 배출기준은 사료화에 준하여 안내하고 있습니다. · 밀가루, 부침가루 등 곡물 가루는 음식물류폐기물로 배출합니다.', '["밀가루는 음식물류폐기물로 배출합니다.", "음식물 전용 종량제봉투 또는 납부필증(스티커, 칩)을 부착하여 전용용기에 담아 배출하거나 RFID에 배출합니다."]', 'high', 'https://www.xn--oy2b29bd3a601b.kr/front/dischargeMethod/dictionaryView.do?niIdx=167', '분리배출.kr (한국폐기물협회·환경부)', 'A', '· 음식물류폐기물은 재활용과정을 거쳐 동물의 사료, 퇴비(비료), 바이오가스로 재활용하고 있습니다. 이 중 사료화는 동물이 직접 섭취하기 때문에 세밀한 기준이 요구되므로 음식물류폐기물의 배출기준은 사료화에 준하여 안내하고 있습니다. · 밀가루, 부침가루 등 곡물 가루는 음식물류폐기물로 배출합니다.', '· 해당 지자체의 배출방법에 따라 배출', '2026-05-18', 0, '["음식물류폐기물"]');
INSERT INTO aliases (item_id, alias, alias_lower, source) VALUES ('밀가루', 'wheat flour', 'wheat flour', 'rule');
INSERT INTO aliases (item_id, alias, alias_lower, source) VALUES ('밀가루', 'white flour', 'white flour', 'rule');
INSERT INTO aliases (item_id, alias, alias_lower, source) VALUES ('밀가루', '강력분', '강력분', 'rule');
INSERT INTO aliases (item_id, alias, alias_lower, source) VALUES ('밀가루', '곰표', '곰표', 'rule');
INSERT INTO aliases (item_id, alias, alias_lower, source) VALUES ('밀가루', '밀가리', '밀가리', 'rule');
INSERT INTO aliases (item_id, alias, alias_lower, source) VALUES ('밀가루', '밀분', '밀분', 'rule');
INSERT INTO aliases (item_id, alias, alias_lower, source) VALUES ('밀가루', '박력분', '박력분', 'rule');
INSERT INTO aliases (item_id, alias, alias_lower, source) VALUES ('밀가루', '백설', '백설', 'rule');
INSERT INTO aliases (item_id, alias, alias_lower, source) VALUES ('밀가루', '소맥분', '소맥분', 'rule');
INSERT INTO aliases (item_id, alias, alias_lower, source) VALUES ('밀가루', '중력분', '중력분', 'rule');
INSERT INTO aliases (item_id, alias, alias_lower, source) VALUES ('밀가루', '통밀가루', '통밀가루', 'rule');
INSERT INTO aliases (item_id, alias, alias_lower, source) VALUES ('밀가루', '플라워', '플라워', 'rule');
INSERT OR REPLACE INTO items (id, name, category, note, steps, confidence, source_url, source_name, source_grade, feature, caution, last_verified, region_variation, official_classification) VALUES ('어성초 가루', '어성초 가루', 'food', '· 음식물류폐기물은 재활용과정을 거쳐 동물의 사료, 퇴비(비료), 바이오가스로 재활용하고 있습니다. 이 중 사료화는 동물이 직접 섭취하기 때문에 세밀한 기준이 요구되므로 음식물류폐기물의 배출기준은 사료화에 준하여 안내하고 있습니다. · 어성초, 감초 등 약초가루는 기타가공품으로 원료를 제조·가공한 식품으로 음식물류폐기물로 배출합니다.', '["어성초 가루는 음식물류폐기물로 배출합니다.", "음식물 전용 종량제봉투 또는 납부필증(스티커, 칩)을 부착하여 전용용기에 담아 배출하거나 RFID에 배출합니다."]', 'high', 'https://www.xn--oy2b29bd3a601b.kr/front/dischargeMethod/dictionaryView.do?niIdx=168', '분리배출.kr (한국폐기물협회·환경부)', 'A', '· 음식물류폐기물은 재활용과정을 거쳐 동물의 사료, 퇴비(비료), 바이오가스로 재활용하고 있습니다. 이 중 사료화는 동물이 직접 섭취하기 때문에 세밀한 기준이 요구되므로 음식물류폐기물의 배출기준은 사료화에 준하여 안내하고 있습니다. · 어성초, 감초 등 약초가루는 기타가공품으로 원료를 제조·가공한 식품으로 음식물류폐기물로 배출합니다.', '· 해당 지자체의 배출방법에 따라 배출', '2026-05-18', 0, '["음식물류폐기물"]');
INSERT INTO aliases (item_id, alias, alias_lower, source) VALUES ('어성초 가루', '콜라겐 가루', '콜라겐 가루', 'rule');
INSERT OR REPLACE INTO items (id, name, category, note, steps, confidence, source_url, source_name, source_grade, feature, caution, last_verified, region_variation, official_classification) VALUES ('마요네즈', '마요네즈', 'food', '· 마요네즈, 케찹 등 소스(내용물)는 가정에서 소량으로 발생하므로 음식물류폐기물로 배출합니다.', '["마요네즈는 음식물류폐기물로 배출합니다.", "음식물 전용 종량제봉투 또는 납부필증(스티커, 칩)을 부착하여 전용용기에 담아 배출하거나 RFID에 배출합니다."]', 'high', 'https://www.xn--oy2b29bd3a601b.kr/front/dischargeMethod/dictionaryView.do?niIdx=169', '분리배출.kr (한국폐기물협회·환경부)', 'A', '· 마요네즈, 케찹 등 소스(내용물)는 가정에서 소량으로 발생하므로 음식물류폐기물로 배출합니다.', '· 해당 지자체의 배출방법에 따라 배출', '2026-05-18', 0, '["음식물류폐기물"]');
INSERT INTO aliases (item_id, alias, alias_lower, source) VALUES ('마요네즈', '라면스프', '라면스프', 'rule');
INSERT INTO aliases (item_id, alias, alias_lower, source) VALUES ('마요네즈', '버터', '버터', 'rule');
INSERT OR REPLACE INTO items (id, name, category, note, steps, confidence, source_url, source_name, source_grade, feature, caution, last_verified, region_variation, official_classification) VALUES ('라면스프', '라면스프', 'food', '· 음식물류폐기물은 재활용과정을 거쳐 동물의 사료, 퇴비(비료), 바이오가스로 재활용하고 있습니다. 이 중 사료화는 동물이 직접 섭취하기 때문에 세밀한 기준이 요구되므로 음식물류폐기물의 배출기준은 사료화에 준하여 안내하고 있습니다. · 라면 스프(분말스프, 건더기스프)는 가정에서 소량으로 발생하므로 스프의 내용물은 음식물류폐기물로 배출하며, 라면 스프 봉지', '["라면스프는 음식물폐기물로 배출합니다.", "음식물 전용 종량제봉투 또는 납부필증(스티커, 칩)을 부착하여 전용용기에 담아 배출하거나 RFID에 배출합니다."]', 'high', 'https://www.xn--oy2b29bd3a601b.kr/front/dischargeMethod/dictionaryView.do?niIdx=172', '분리배출.kr (한국폐기물협회·환경부)', 'A', '· 음식물류폐기물은 재활용과정을 거쳐 동물의 사료, 퇴비(비료), 바이오가스로 재활용하고 있습니다. 이 중 사료화는 동물이 직접 섭취하기 때문에 세밀한 기준이 요구되므로 음식물류폐기물의 배출기준은 사료화에 준하여 안내하고 있습니다. · 라면 스프(분말스프, 건더기스프)는 가정에서 소량으로 발생하므로 스프의 내용물은 음식물류폐기물로 배출하며, 라면 스프 봉지는 비닐류로 배출합니다.', '· 해당 지자체의 배출방법에 따라 배출', '2026-05-18', 0, '["음식물류폐기물"]');
INSERT INTO aliases (item_id, alias, alias_lower, source) VALUES ('라면스프', 'ramen soup mix', 'ramen soup mix', 'rule');
INSERT INTO aliases (item_id, alias, alias_lower, source) VALUES ('라면스프', 'seasoning packet', 'seasoning packet', 'rule');
INSERT INTO aliases (item_id, alias, alias_lower, source) VALUES ('라면스프', '국물 가루', '국물 가루', 'rule');
INSERT INTO aliases (item_id, alias, alias_lower, source) VALUES ('라면스프', '라면 분말', '라면 분말', 'rule');
INSERT INTO aliases (item_id, alias, alias_lower, source) VALUES ('라면스프', '라면 소스', '라면 소스', 'rule');
INSERT INTO aliases (item_id, alias, alias_lower, source) VALUES ('라면스프', '라면 양념', '라면 양념', 'rule');
INSERT INTO aliases (item_id, alias, alias_lower, source) VALUES ('라면스프', '맛 가루', '맛 가루', 'rule');
INSERT INTO aliases (item_id, alias, alias_lower, source) VALUES ('라면스프', '매운 가루', '매운 가루', 'rule');
INSERT INTO aliases (item_id, alias, alias_lower, source) VALUES ('라면스프', '봉지라면 스프', '봉지라면 스프', 'rule');
INSERT INTO aliases (item_id, alias, alias_lower, source) VALUES ('라면스프', '분말스프', '분말스프', 'rule');
INSERT INTO aliases (item_id, alias, alias_lower, source) VALUES ('라면스프', '스프', '스프', 'rule');
INSERT INTO aliases (item_id, alias, alias_lower, source) VALUES ('라면스프', '신라면 스프', '신라면 스프', 'rule');
INSERT OR REPLACE INTO items (id, name, category, note, steps, confidence, source_url, source_name, source_grade, feature, caution, last_verified, region_variation, official_classification) VALUES ('분유가루', '분유가루', 'food', '· 음식물류폐기물은 재활용과정을 거쳐 동물의 사료, 퇴비(비료), 바이오가스로 재활용하고 있습니다. 이 중 사료화는 동물이 직접 섭취하기 때문에 세밀한 기준이 요구되므로 음식물류폐기물의 배출기준은 사료화에 준하여 안내하고 있습니다. · 분유가루는 우유를 분말로 만든 유가공품으로 음식물류폐기물로 배출합니다.', '["분유가루는 음식물류폐기물로 배출합니다.", "음식물 전용 종량제봉투 또는 납부필증(스티커, 칩)을 부착하여 전용용기에 담아 배출하거나 RFID에 배출합니다."]', 'high', 'https://www.xn--oy2b29bd3a601b.kr/front/dischargeMethod/dictionaryView.do?niIdx=173', '분리배출.kr (한국폐기물협회·환경부)', 'A', '· 음식물류폐기물은 재활용과정을 거쳐 동물의 사료, 퇴비(비료), 바이오가스로 재활용하고 있습니다. 이 중 사료화는 동물이 직접 섭취하기 때문에 세밀한 기준이 요구되므로 음식물류폐기물의 배출기준은 사료화에 준하여 안내하고 있습니다. · 분유가루는 우유를 분말로 만든 유가공품으로 음식물류폐기물로 배출합니다.', '· 해당 지자체의 배출방법에 따라 배출', '2026-05-18', 0, '["음식물류폐기물"]');
INSERT INTO aliases (item_id, alias, alias_lower, source) VALUES ('분유가루', '남양분유', '남양분유', 'rule');
INSERT INTO aliases (item_id, alias, alias_lower, source) VALUES ('분유가루', '맘마', '맘마', 'rule');
INSERT INTO aliases (item_id, alias, alias_lower, source) VALUES ('분유가루', '매일분유', '매일분유', 'rule');
INSERT INTO aliases (item_id, alias, alias_lower, source) VALUES ('분유가루', '베이비 포뮬라', '베이비 포뮬라', 'rule');
INSERT INTO aliases (item_id, alias, alias_lower, source) VALUES ('분유가루', '분유', '분유', 'rule');
INSERT INTO aliases (item_id, alias, alias_lower, source) VALUES ('분유가루', '분유맘마', '분유맘마', 'rule');
INSERT INTO aliases (item_id, alias, alias_lower, source) VALUES ('분유가루', '아기분유', '아기분유', 'rule');
INSERT INTO aliases (item_id, alias, alias_lower, source) VALUES ('분유가루', '앱솔루트', '앱솔루트', 'rule');
INSERT INTO aliases (item_id, alias, alias_lower, source) VALUES ('분유가루', '우유', '우유', 'rule');
INSERT INTO aliases (item_id, alias, alias_lower, source) VALUES ('분유가루', '인펀트 포뮬라', '인펀트 포뮬라', 'rule');
INSERT INTO aliases (item_id, alias, alias_lower, source) VALUES ('분유가루', '조제분유', '조제분유', 'rule');
INSERT INTO aliases (item_id, alias, alias_lower, source) VALUES ('분유가루', '포뮬라', '포뮬라', 'rule');
INSERT OR REPLACE INTO items (id, name, category, note, steps, confidence, source_url, source_name, source_grade, feature, caution, last_verified, region_variation, official_classification) VALUES ('엿기름', '엿기름', 'food', '· 음식물류폐기물은 재활용과정을 거쳐 동물의 사료, 퇴비(비료), 바이오가스로 재활용하고 있습니다. 이 중 사료화는 동물이 직접 섭취하기 때문에 세밀한 기준이 요구되므로 음식물류폐기물의 배출기준은 사료화에 준하여 안내하고 있습니다. · 식혜의 주재료인 엿기름은 보리 씨를 발아시켜 만든 식품으로 음식물류폐기물로 배출합니다.', '["엿기름은 음식물류폐기물로 배출합니다.", "음식물 전용 종량제봉투 또는 납부필증(스티커, 칩)을 부착하여 전용용기에 담아 배출하거나 RFID에 배출합니다."]', 'high', 'https://www.xn--oy2b29bd3a601b.kr/front/dischargeMethod/dictionaryView.do?niIdx=174', '분리배출.kr (한국폐기물협회·환경부)', 'A', '· 음식물류폐기물은 재활용과정을 거쳐 동물의 사료, 퇴비(비료), 바이오가스로 재활용하고 있습니다. 이 중 사료화는 동물이 직접 섭취하기 때문에 세밀한 기준이 요구되므로 음식물류폐기물의 배출기준은 사료화에 준하여 안내하고 있습니다. · 식혜의 주재료인 엿기름은 보리 씨를 발아시켜 만든 식품으로 음식물류폐기물로 배출합니다.', '· 해당 지자체의 배출방법에 따라 배출', '2026-05-18', 0, '["음식물류폐기물"]');
INSERT INTO aliases (item_id, alias, alias_lower, source) VALUES ('엿기름', '기름종이', '기름종이', 'rule');
INSERT INTO aliases (item_id, alias, alias_lower, source) VALUES ('엿기름', '맥아', '맥아', 'rule');
INSERT INTO aliases (item_id, alias, alias_lower, source) VALUES ('엿기름', '맥아가루', '맥아가루', 'rule');
INSERT INTO aliases (item_id, alias, alias_lower, source) VALUES ('엿기름', '몰트', '몰트', 'rule');
INSERT INTO aliases (item_id, alias, alias_lower, source) VALUES ('엿기름', '보리싹', '보리싹', 'rule');
INSERT INTO aliases (item_id, alias, alias_lower, source) VALUES ('엿기름', '보리엿기름', '보리엿기름', 'rule');
INSERT INTO aliases (item_id, alias, alias_lower, source) VALUES ('엿기름', '식혜가루', '식혜가루', 'rule');
INSERT INTO aliases (item_id, alias, alias_lower, source) VALUES ('엿기름', '식혜재료', '식혜재료', 'rule');
INSERT INTO aliases (item_id, alias, alias_lower, source) VALUES ('엿기름', '엿기', '엿기', 'rule');
INSERT INTO aliases (item_id, alias, alias_lower, source) VALUES ('엿기름', '엿기름가루', '엿기름가루', 'rule');
INSERT INTO aliases (item_id, alias, alias_lower, source) VALUES ('엿기름', '엿기름물', '엿기름물', 'rule');
INSERT INTO aliases (item_id, alias, alias_lower, source) VALUES ('엿기름', '엿기름티백', '엿기름티백', 'rule');
INSERT INTO aliases (item_id, alias, alias_lower, source) VALUES ('엿기름', '엿재료', '엿재료', 'rule');
INSERT INTO aliases (item_id, alias, alias_lower, source) VALUES ('엿기름', '유산지', '유산지', 'rule');
INSERT INTO aliases (item_id, alias, alias_lower, source) VALUES ('엿기름', '음식물류폐기물', '음식물류폐기물', 'rule');
INSERT INTO aliases (item_id, alias, alias_lower, source) VALUES ('엿기름', '종이호일', '종이호일', 'rule');
INSERT OR REPLACE INTO items (id, name, category, note, steps, confidence, source_url, source_name, source_grade, feature, caution, last_verified, region_variation, official_classification) VALUES ('빈 농약용기', '빈 농약용기', 'general', '· 영농 후 배출되는 폐비닐과 농약 빈용기는 영농폐기물에 해당됩니다. · 한국환경공단에서는 농촌 환경오염의 주요 요인으로 꼽히는 영농폐비닐과 농약용기를 수거하여 재활용하는 사업을 운영하고 있습니다. · 농가에서는 영농 후 발생하는 빈 농약용기는 마을 내 지정된 장소에 재질별(유리병, 플라스틱, 비닐, 종이)로 구분하여 배출한 후 수거보상금을 받을 수 있습니', '["빈 농약용기는 지정된 장소로 배출합니다."]', 'high', 'https://www.xn--oy2b29bd3a601b.kr/front/dischargeMethod/dictionaryView.do?niIdx=175', '분리배출.kr (한국폐기물협회·환경부)', 'A', '· 영농 후 배출되는 폐비닐과 농약 빈용기는 영농폐기물에 해당됩니다. · 한국환경공단에서는 농촌 환경오염의 주요 요인으로 꼽히는 영농폐비닐과 농약용기를 수거하여 재활용하는 사업을 운영하고 있습니다. · 농가에서는 영농 후 발생하는 빈 농약용기는 마을 내 지정된 장소에 재질별(유리병, 플라스틱, 비닐, 종이)로 구분하여 배출한 후 수거보상금을 받을 수 있습니다. 이후 수거한 폐기물은 자체 재활...', '· 농약을 완전히 사용한 후 배출', '2026-05-18', 0, '["기타"]');
INSERT INTO aliases (item_id, alias, alias_lower, source) VALUES ('빈 농약용기', 'Pesticide bottle', 'pesticide bottle', 'rule');
INSERT INTO aliases (item_id, alias, alias_lower, source) VALUES ('빈 농약용기', 'Pesticide container', 'pesticide container', 'rule');
INSERT INTO aliases (item_id, alias, alias_lower, source) VALUES ('빈 농약용기', '농약 그릇', '농약 그릇', 'rule');
INSERT INTO aliases (item_id, alias, alias_lower, source) VALUES ('빈 농약용기', '농약 빈 통', '농약 빈 통', 'rule');
INSERT INTO aliases (item_id, alias, alias_lower, source) VALUES ('빈 농약용기', '빈농약용기', '빈농약용기', 'rule');
INSERT INTO aliases (item_id, alias, alias_lower, source) VALUES ('빈 농약용기', '살충제 통', '살충제 통', 'rule');
INSERT INTO aliases (item_id, alias, alias_lower, source) VALUES ('빈 농약용기', '약병', '약병', 'rule');
INSERT INTO aliases (item_id, alias, alias_lower, source) VALUES ('빈 농약용기', '영농폐기물', '영농폐기물', 'rule');
INSERT INTO aliases (item_id, alias, alias_lower, source) VALUES ('빈 농약용기', '제초제 통', '제초제 통', 'rule');
INSERT INTO aliases (item_id, alias, alias_lower, source) VALUES ('빈 농약용기', '폐농약병', '폐농약병', 'rule');
INSERT INTO aliases (item_id, alias, alias_lower, source) VALUES ('빈 농약용기', '폐농약용기', '폐농약용기', 'rule');
INSERT INTO aliases (item_id, alias, alias_lower, source) VALUES ('빈 농약용기', '하우스 비닐', '하우스 비닐', 'rule');
INSERT OR REPLACE INTO items (id, name, category, note, steps, confidence, source_url, source_name, source_grade, feature, caution, last_verified, region_variation, official_classification) VALUES ('영농폐비닐', '영농폐비닐', 'general', '· 영농 후 배출되는 폐비닐과 농약 빈용기는 영농폐기물에 해당됩니다. · 한국환경공단에서는 농촌 환경오염의 주요 요인으로 꼽히는 영농폐비닐과 농약용기를 수거하여 재활용하는 사업을 운영하고 있습니다. · 농가에서는 영농 후 발생하는 폐비닐은 마을내 지정된 장소에 재질별(하우스, 멀칭로덴, 하이덴), 색상별(흰색, 검정색)로 구분하여 배출한 후 수거보상금을 받', '["영농폐비닐은 지정된 장소로 배출합니다."]', 'high', 'https://www.xn--oy2b29bd3a601b.kr/front/dischargeMethod/dictionaryView.do?niIdx=176', '분리배출.kr (한국폐기물협회·환경부)', 'A', '· 영농 후 배출되는 폐비닐과 농약 빈용기는 영농폐기물에 해당됩니다. · 한국환경공단에서는 농촌 환경오염의 주요 요인으로 꼽히는 영농폐비닐과 농약용기를 수거하여 재활용하는 사업을 운영하고 있습니다. · 농가에서는 영농 후 발생하는 폐비닐은 마을내 지정된 장소에 재질별(하우스, 멀칭로덴, 하이덴), 색상별(흰색, 검정색)로 구분하여 배출한 후 수거보상금을 받을 수 있습니다. 이후 수거한 폐기물...', '· 이물질(흙, 돌, 잡초 등) 제거 후 배출', '2026-05-18', 0, '["기타"]');
INSERT INTO aliases (item_id, alias, alias_lower, source) VALUES ('영농폐비닐', '농비닐', '농비닐', 'rule');
INSERT INTO aliases (item_id, alias, alias_lower, source) VALUES ('영농폐비닐', '농사 비니루', '농사 비니루', 'rule');
INSERT INTO aliases (item_id, alias, alias_lower, source) VALUES ('영농폐비닐', '농사용 폐비닐', '농사용 폐비닐', 'rule');
INSERT INTO aliases (item_id, alias, alias_lower, source) VALUES ('영농폐비닐', '농업 플라스틱 필름', '농업 플라스틱 필름', 'rule');
INSERT INTO aliases (item_id, alias, alias_lower, source) VALUES ('영농폐비닐', '농업용 폐비닐', '농업용 폐비닐', 'rule');
INSERT INTO aliases (item_id, alias, alias_lower, source) VALUES ('영농폐비닐', '멀칭 비닐', '멀칭 비닐', 'rule');
INSERT INTO aliases (item_id, alias, alias_lower, source) VALUES ('영농폐비닐', '밭 비닐', '밭 비닐', 'rule');
INSERT INTO aliases (item_id, alias, alias_lower, source) VALUES ('영농폐비닐', '비닐 쪼가리', '비닐 쪼가리', 'rule');
INSERT INTO aliases (item_id, alias, alias_lower, source) VALUES ('영농폐비닐', '비닐하우스 비닐', '비닐하우스 비닐', 'rule');
INSERT INTO aliases (item_id, alias, alias_lower, source) VALUES ('영농폐비닐', '빈 농약용기', '빈 농약용기', 'rule');
INSERT INTO aliases (item_id, alias, alias_lower, source) VALUES ('영농폐비닐', '팜 비닐 쓰레기', '팜 비닐 쓰레기', 'rule');
INSERT INTO aliases (item_id, alias, alias_lower, source) VALUES ('영농폐비닐', '폐농비닐', '폐농비닐', 'rule');
INSERT INTO aliases (item_id, alias, alias_lower, source) VALUES ('영농폐비닐', '폐비닐', '폐비닐', 'rule');
INSERT OR REPLACE INTO items (id, name, category, note, steps, confidence, source_url, source_name, source_grade, feature, caution, last_verified, region_variation, official_classification) VALUES ('연탄재', '연탄재', 'general', '· 연탄은 무연탄을 활용하여 만든 연료로 과거 가정에서 많이 사용하였으나 최근 도시가스, 보일러의 발전으로 사용하는 추세가 많이 줄어들고 있습니다. · 가정에서 발생된 연탄재는 지자체에서 지정된 수거일 및 장소에 배출하면 지자체에서 무상으로 수거하고 있습니다. · 화훼 농가 등 사업활동에서 수반되어 다량 발생되는 연탄재는 지자체에 따라 조례로 정하여 수수료', '["연탄재는 지자체 조례에서 정하는 배출방법에 따라 배출합니다."]', 'high', 'https://www.xn--oy2b29bd3a601b.kr/front/dischargeMethod/dictionaryView.do?niIdx=177', '분리배출.kr (한국폐기물협회·환경부)', 'A', '· 연탄은 무연탄을 활용하여 만든 연료로 과거 가정에서 많이 사용하였으나 최근 도시가스, 보일러의 발전으로 사용하는 추세가 많이 줄어들고 있습니다. · 가정에서 발생된 연탄재는 지자체에서 지정된 수거일 및 장소에 배출하면 지자체에서 무상으로 수거하고 있습니다. · 화훼 농가 등 사업활동에서 수반되어 다량 발생되는 연탄재는 지자체에 따라 조례로 정하여 수수료를 부과하거나 사업장폐기물로 처리됩니...', '해당 지자체의 배출방법에 따라 배출', '2026-05-18', 0, '["기타"]');
INSERT OR REPLACE INTO items (id, name, category, note, steps, confidence, source_url, source_name, source_grade, feature, caution, last_verified, region_variation, official_classification) VALUES ('식용유', '식용유', 'general', '· 식물성 기름(참기름, 들기름 등)은 바이오디젤로 재활용이 가능합니다. ※ 배출방법은 지역별로 차이가 있을 수 있으니, 해당 지방자치단체에서 정하는 방법이 있는 경우에는 해당 방법에 따라 배출하시기 바랍니다. 가까운 분리배출 장소를 확인해보세요. 현재 위치에 가까운 배출장소가 없습니다. 근처의 다른 지역을 검색해보세요. 현 위치 배출장소 전체보기 현 지도', '["식용유는 폐식용유 수거함으로 배출합니다."]', 'high', 'https://www.xn--oy2b29bd3a601b.kr/front/dischargeMethod/dictionaryView.do?niIdx=178', '분리배출.kr (한국폐기물협회·환경부)', 'A', '· 식물성 기름(참기름, 들기름 등)은 바이오디젤로 재활용이 가능합니다. ※ 배출방법은 지역별로 차이가 있을 수 있으니, 해당 지방자치단체에서 정하는 방법이 있는 경우에는 해당 방법에 따라 배출하시기 바랍니다. 가까운 분리배출 장소를 확인해보세요. 현재 위치에 가까운 배출장소가 없습니다. 근처의 다른 지역을 검색해보세요. 현 위치 배출장소 전체보기 현 지도에서 검색 장소 더보기 분리배출 장소...', '', '2026-05-18', 0, '["기타"]');
INSERT INTO aliases (item_id, alias, alias_lower, source) VALUES ('식용유', '기름', '기름', 'rule');
INSERT INTO aliases (item_id, alias, alias_lower, source) VALUES ('식용유', '올리브유', '올리브유', 'rule');
INSERT INTO aliases (item_id, alias, alias_lower, source) VALUES ('식용유', '요리 기름', '요리 기름', 'rule');
INSERT INTO aliases (item_id, alias, alias_lower, source) VALUES ('식용유', '조리용 기름', '조리용 기름', 'rule');
INSERT INTO aliases (item_id, alias, alias_lower, source) VALUES ('식용유', '카놀라유', '카놀라유', 'rule');
INSERT INTO aliases (item_id, alias, alias_lower, source) VALUES ('식용유', '콩기름', '콩기름', 'rule');
INSERT INTO aliases (item_id, alias, alias_lower, source) VALUES ('식용유', '쿠킹 오일', '쿠킹 오일', 'rule');
INSERT INTO aliases (item_id, alias, alias_lower, source) VALUES ('식용유', '튀김 기름', '튀김 기름', 'rule');
INSERT INTO aliases (item_id, alias, alias_lower, source) VALUES ('식용유', '튀김용 기름', '튀김용 기름', 'rule');
INSERT INTO aliases (item_id, alias, alias_lower, source) VALUES ('식용유', '포도씨유', '포도씨유', 'rule');
INSERT INTO aliases (item_id, alias, alias_lower, source) VALUES ('식용유', '해표 식용유', '해표 식용유', 'rule');
INSERT OR REPLACE INTO items (id, name, category, note, steps, confidence, source_url, source_name, source_grade, feature, caution, last_verified, region_variation, official_classification) VALUES ('젤아이스팩', '젤아이스팩', 'general', '· 아이스팩은 냉매가 물인 아이스팩과 고흡수성수지(SAP)인 젤아이스팩이 있습니다. · 젤아이스팩은 아이스팩 그대로 전용수거함 또는 종량제봉투로 배출합니다. · 물아이스팩은 내용물은 하수구를 통해 배출하고, 포장용기는 비닐류로 배출합니다. ※ 배출방법은 지역별로 차이가 있을 수 있으니, 해당 지방자치단체에서 정하는 방법이 있는 경우에는 해당 방법에 따라 배', '["젤아이스팩은 아이스팩수거함으로 배출합니다.", "물아이스팩은 내용물 제거후 포장용기는 비닐류로 배출합니다."]', 'high', 'https://www.xn--oy2b29bd3a601b.kr/front/dischargeMethod/dictionaryView.do?niIdx=179', '분리배출.kr (한국폐기물협회·환경부)', 'A', '· 아이스팩은 냉매가 물인 아이스팩과 고흡수성수지(SAP)인 젤아이스팩이 있습니다. · 젤아이스팩은 아이스팩 그대로 전용수거함 또는 종량제봉투로 배출합니다. · 물아이스팩은 내용물은 하수구를 통해 배출하고, 포장용기는 비닐류로 배출합니다. ※ 배출방법은 지역별로 차이가 있을 수 있으니, 해당 지방자치단체에서 정하는 방법이 있는 경우에는 해당 방법에 따라 배출하시기 바랍니다. 가까운 분리배출...', '', '2026-05-18', 0, '["기타"]');
INSERT INTO aliases (item_id, alias, alias_lower, source) VALUES ('젤아이스팩', '냉매팩', '냉매팩', 'rule');
INSERT INTO aliases (item_id, alias, alias_lower, source) VALUES ('젤아이스팩', '냉장팩', '냉장팩', 'rule');
INSERT INTO aliases (item_id, alias, alias_lower, source) VALUES ('젤아이스팩', '보냉제', '보냉제', 'rule');
INSERT INTO aliases (item_id, alias, alias_lower, source) VALUES ('젤아이스팩', '보냉팩', '보냉팩', 'rule');
INSERT INTO aliases (item_id, alias, alias_lower, source) VALUES ('젤아이스팩', '시원팩', '시원팩', 'rule');
INSERT INTO aliases (item_id, alias, alias_lower, source) VALUES ('젤아이스팩', '아이스젤팩', '아이스젤팩', 'rule');
INSERT INTO aliases (item_id, alias, alias_lower, source) VALUES ('젤아이스팩', '아팩', '아팩', 'rule');
INSERT INTO aliases (item_id, alias, alias_lower, source) VALUES ('젤아이스팩', '얼음팩', '얼음팩', 'rule');
INSERT INTO aliases (item_id, alias, alias_lower, source) VALUES ('젤아이스팩', '젤팩', '젤팩', 'rule');
INSERT INTO aliases (item_id, alias, alias_lower, source) VALUES ('젤아이스팩', '쿨링팩', '쿨링팩', 'rule');
INSERT INTO aliases (item_id, alias, alias_lower, source) VALUES ('젤아이스팩', '쿨팩', '쿨팩', 'rule');
INSERT OR REPLACE INTO items (id, name, category, note, steps, confidence, source_url, source_name, source_grade, feature, caution, last_verified, region_variation, official_classification) VALUES ('타이어', '타이어', 'general', '· 가정에서 배출하는 타이어는 자동차 정비소나 타이어 판매소 등에 배출합니다. · 역회수 처리가 어려운 경우에는 대형폐기물로 배출합니다. ※ 배출방법은 지역별로 차이가 있을 수 있으니, 해당 지방자치단체에서 정하는 방법이 있는 경우에는 해당 방법에 따라 배출하시기 바랍니다. 가까운 분리배출 장소를 확인해보세요. 현재 위치에 가까운 배출장소가 없습니다. 근처', '["타이어는 자동차 정비소, 타이어 판매소를 통해 역회수 처리하거나 대형폐기물로 배출합니다."]', 'high', 'https://www.xn--oy2b29bd3a601b.kr/front/dischargeMethod/dictionaryView.do?niIdx=180', '분리배출.kr (한국폐기물협회·환경부)', 'A', '· 가정에서 배출하는 타이어는 자동차 정비소나 타이어 판매소 등에 배출합니다. · 역회수 처리가 어려운 경우에는 대형폐기물로 배출합니다. ※ 배출방법은 지역별로 차이가 있을 수 있으니, 해당 지방자치단체에서 정하는 방법이 있는 경우에는 해당 방법에 따라 배출하시기 바랍니다. 가까운 분리배출 장소를 확인해보세요. 현재 위치에 가까운 배출장소가 없습니다. 근처의 다른 지역을 검색해보세요. 현 위...', '', '2026-05-18', 0, '["기타"]');
INSERT INTO aliases (item_id, alias, alias_lower, source) VALUES ('타이어', 'tire', 'tire', 'rule');
INSERT INTO aliases (item_id, alias, alias_lower, source) VALUES ('타이어', '고무바퀴', '고무바퀴', 'rule');
INSERT INTO aliases (item_id, alias, alias_lower, source) VALUES ('타이어', '금호타이어', '금호타이어', 'rule');
INSERT INTO aliases (item_id, alias, alias_lower, source) VALUES ('타이어', '낡은 타이어', '낡은 타이어', 'rule');
INSERT INTO aliases (item_id, alias, alias_lower, source) VALUES ('타이어', '붕붕이 바퀴', '붕붕이 바퀴', 'rule');
INSERT INTO aliases (item_id, alias, alias_lower, source) VALUES ('타이어', '빵꾸난 타이어', '빵꾸난 타이어', 'rule');
INSERT INTO aliases (item_id, alias, alias_lower, source) VALUES ('타이어', '자동차 타이어', '자동차 타이어', 'rule');
INSERT INTO aliases (item_id, alias, alias_lower, source) VALUES ('타이어', '차 바퀴', '차 바퀴', 'rule');
INSERT INTO aliases (item_id, alias, alias_lower, source) VALUES ('타이어', '카 타이어', '카 타이어', 'rule');
INSERT INTO aliases (item_id, alias, alias_lower, source) VALUES ('타이어', '타야', '타야', 'rule');
INSERT INTO aliases (item_id, alias, alias_lower, source) VALUES ('타이어', '폐타이어', '폐타이어', 'rule');
INSERT INTO aliases (item_id, alias, alias_lower, source) VALUES ('타이어', '한국타이어', '한국타이어', 'rule');
INSERT OR REPLACE INTO items (id, name, category, note, steps, confidence, source_url, source_name, source_grade, feature, caution, last_verified, region_variation, official_classification) VALUES ('수납장(목재재질)', '수납장(목재재질)', 'furniture', '· 가정에서 배출하는 목재제품은 표면에 방부제, 페인트, 오일 등을 처리되어 있어 물질 재활용이 어려워 주로 소각하거나 고형연료제품으로 에너지 재활용하고 있습니다. · 상태가 좋아 다른 사람이 사용할 수 있는 폐가구는 재활용센터에 판매할 수 있으며, 업체에 따라 무상으로 수거하는 경우도 있습니다. 폐가구를 배출하시기 전 가까운 재활용센터에 문의하여 주시기', '["수납장(목재재질)은 대형폐기물로 배출합니다."]', 'high', 'https://www.xn--oy2b29bd3a601b.kr/front/dischargeMethod/dictionaryView.do?niIdx=181', '분리배출.kr (한국폐기물협회·환경부)', 'A', '· 가정에서 배출하는 목재제품은 표면에 방부제, 페인트, 오일 등을 처리되어 있어 물질 재활용이 어려워 주로 소각하거나 고형연료제품으로 에너지 재활용하고 있습니다. · 상태가 좋아 다른 사람이 사용할 수 있는 폐가구는 재활용센터에 판매할 수 있으며, 업체에 따라 무상으로 수거하는 경우도 있습니다. 폐가구를 배출하시기 전 가까운 재활용센터에 문의하여 주시기 바랍니다.', '· 재사용 가능여부에 따라 재활용센터로 배출', '2026-05-18', 0, '["대형폐기물"]');
INSERT OR REPLACE INTO items (id, name, category, note, steps, confidence, source_url, source_name, source_grade, feature, caution, last_verified, region_variation, official_classification) VALUES ('리빙박스(플라스틱 재질)', '리빙박스(플라스틱 재질)', 'furniture', '· 리빙박스가 플라스틱 단일재질인 경우에는 플라스틱으로 배출하면 재활용이 가능합니다. · 크기가 큰 제품은 대형폐기물로 배출해야 하며, 일부 대형폐기물 품목에 기재되지 않은 물품은 종류 및 규격을 감안하여 유사한 품목 수수료에 준하여 책정하고 있습니다. · 대형폐기물은 크기, 부피 등이 커 종량제봉투로 배출하기 어려운 폐기물을 말합니다. 대형폐기물로 배출된', '["리빙박스(플라스틱 재질)은 플라스틱 수거함으로 배출합니다.", "크기가 커 수거함으로 배출하기 어려운 경우에는 대형폐기물로 배출합니다."]', 'high', 'https://www.xn--oy2b29bd3a601b.kr/front/dischargeMethod/dictionaryView.do?niIdx=182', '분리배출.kr (한국폐기물협회·환경부)', 'A', '· 리빙박스가 플라스틱 단일재질인 경우에는 플라스틱으로 배출하면 재활용이 가능합니다. · 크기가 큰 제품은 대형폐기물로 배출해야 하며, 일부 대형폐기물 품목에 기재되지 않은 물품은 종류 및 규격을 감안하여 유사한 품목 수수료에 준하여 책정하고 있습니다. · 대형폐기물은 크기, 부피 등이 커 종량제봉투로 배출하기 어려운 폐기물을 말합니다. 대형폐기물로 배출된 폐기물은 가연성, 목재제품, 플라스...', '· 크기가 큰 플라스틱 제품은 합성수지 재질이어도 대형폐기물로 배출', '2026-05-18', 0, '["재활용폐기물", "합성수지 용기류", "대형폐기물"]');
INSERT INTO aliases (item_id, alias, alias_lower, source) VALUES ('리빙박스(플라스틱 재질)', '다용도 박스', '다용도 박스', 'rule');
INSERT INTO aliases (item_id, alias, alias_lower, source) VALUES ('리빙박스(플라스틱 재질)', '다이소 수납박스', '다이소 수납박스', 'rule');
INSERT INTO aliases (item_id, alias, alias_lower, source) VALUES ('리빙박스(플라스틱 재질)', '리빙 수납함', '리빙 수납함', 'rule');
INSERT INTO aliases (item_id, alias, alias_lower, source) VALUES ('리빙박스(플라스틱 재질)', '수납통', '수납통', 'rule');
INSERT INTO aliases (item_id, alias, alias_lower, source) VALUES ('리빙박스(플라스틱 재질)', '정리 수납함', '정리 수납함', 'rule');
INSERT INTO aliases (item_id, alias, alias_lower, source) VALUES ('리빙박스(플라스틱 재질)', '폴딩카트', '폴딩카트', 'rule');
INSERT INTO aliases (item_id, alias, alias_lower, source) VALUES ('리빙박스(플라스틱 재질)', '플라스틱 상자', '플라스틱 상자', 'rule');
INSERT INTO aliases (item_id, alias, alias_lower, source) VALUES ('리빙박스(플라스틱 재질)', '플라스틱 수납함', '플라스틱 수납함', 'rule');
INSERT INTO aliases (item_id, alias, alias_lower, source) VALUES ('리빙박스(플라스틱 재질)', '플라스틱 컨테이너', '플라스틱 컨테이너', 'rule');
INSERT OR REPLACE INTO items (id, name, category, note, steps, confidence, source_url, source_name, source_grade, feature, caution, last_verified, region_variation, official_classification) VALUES ('매트리스', '매트리스', 'furniture', '· 매트리스와 같은 침구류는 재활용이 어려워 대형폐기물로 수거한 후 소각됩니다.', '["매트리스는 대형폐기물로 배출합니다."]', 'high', 'https://www.xn--oy2b29bd3a601b.kr/front/dischargeMethod/dictionaryView.do?niIdx=183', '분리배출.kr (한국폐기물협회·환경부)', 'A', NULL, '· 매트리스는 부피, 크기가 커 배출하실 때에는 보행자에게 불편을 주지 않도록 주의하여 배출', '2026-05-18', 0, NULL);
INSERT INTO aliases (item_id, alias, alias_lower, source) VALUES ('매트리스', 'bed mattress', 'bed mattress', 'rule');
INSERT INTO aliases (item_id, alias, alias_lower, source) VALUES ('매트리스', 'mattress', 'mattress', 'rule');
INSERT INTO aliases (item_id, alias, alias_lower, source) VALUES ('매트리스', '라텍스 매트리스', '라텍스 매트리스', 'rule');
INSERT INTO aliases (item_id, alias, alias_lower, source) VALUES ('매트리스', '매트', '매트', 'rule');
INSERT INTO aliases (item_id, alias, alias_lower, source) VALUES ('매트리스', '메모리폼 매트리스', '메모리폼 매트리스', 'rule');
INSERT INTO aliases (item_id, alias, alias_lower, source) VALUES ('매트리스', '스프링 매트리스', '스프링 매트리스', 'rule');
INSERT INTO aliases (item_id, alias, alias_lower, source) VALUES ('매트리스', '시몬스 매트리스', '시몬스 매트리스', 'rule');
INSERT INTO aliases (item_id, alias, alias_lower, source) VALUES ('매트리스', '에이스 매트리스', '에이스 매트리스', 'rule');
INSERT INTO aliases (item_id, alias, alias_lower, source) VALUES ('매트리스', '침대 매트', '침대 매트', 'rule');
INSERT INTO aliases (item_id, alias, alias_lower, source) VALUES ('매트리스', '침대 매트리스', '침대 매트리스', 'rule');
INSERT INTO aliases (item_id, alias, alias_lower, source) VALUES ('매트리스', '템퍼 매트리스', '템퍼 매트리스', 'rule');
INSERT INTO aliases (item_id, alias, alias_lower, source) VALUES ('매트리스', '폼 매트리스', '폼 매트리스', 'rule');
INSERT OR REPLACE INTO items (id, name, category, note, steps, confidence, source_url, source_name, source_grade, feature, caution, last_verified, region_variation, official_classification) VALUES ('비닐 장판', '비닐 장판', 'general', '· 주로 가정에서 배출하는 비닐장판은 PVC(폴리염화비닐) 재질입니다. · 폴리염화비닐은 다른 플라스틱 제품과 혼합되어 재활용될 경우 재활용제품의 강도가 떨어지고 재활용과정에서 염화수소와 같은 유해화학물질이 발생하는 등 다양한 문제를 일으키고 있습니다. · 따라서 일반 비닐과 함께 배출하면 안됩니다. ※ 배출방법은 지역별로 차이가 있을 수 있으니, 해당 지', '["비닐 장판은 대형폐기물로 배출합니다.", "조각형태로 배출하는 경우에는 종량제봉투로 배출합니다."]', 'high', 'https://www.xn--oy2b29bd3a601b.kr/front/dischargeMethod/dictionaryView.do?niIdx=184', '분리배출.kr (한국폐기물협회·환경부)', 'A', '· 주로 가정에서 배출하는 비닐장판은 PVC(폴리염화비닐) 재질입니다. · 폴리염화비닐은 다른 플라스틱 제품과 혼합되어 재활용될 경우 재활용제품의 강도가 떨어지고 재활용과정에서 염화수소와 같은 유해화학물질이 발생하는 등 다양한 문제를 일으키고 있습니다. · 따라서 일반 비닐과 함께 배출하면 안됩니다. ※ 배출방법은 지역별로 차이가 있을 수 있으니, 해당 지방자치단체에서 정하는 방법이 있는 경...', '', '2026-05-18', 0, '["대형폐기물", "공사장 생활폐기물", "일반종량제폐기물"]');
INSERT INTO aliases (item_id, alias, alias_lower, source) VALUES ('비닐 장판', 'KCC장판', 'kcc장판', 'rule');
INSERT INTO aliases (item_id, alias, alias_lower, source) VALUES ('비닐 장판', 'LG장판', 'lg장판', 'rule');
INSERT INTO aliases (item_id, alias, alias_lower, source) VALUES ('비닐 장판', 'PVC장판', 'pvc장판', 'rule');
INSERT INTO aliases (item_id, alias, alias_lower, source) VALUES ('비닐 장판', '바닥장판', '바닥장판', 'rule');
INSERT INTO aliases (item_id, alias, alias_lower, source) VALUES ('비닐 장판', '바닥재', '바닥재', 'rule');
INSERT INTO aliases (item_id, alias, alias_lower, source) VALUES ('비닐 장판', '바이닐 플로어', '바이닐 플로어', 'rule');
INSERT INTO aliases (item_id, alias, alias_lower, source) VALUES ('비닐 장판', '비닐바닥', '비닐바닥', 'rule');
INSERT INTO aliases (item_id, alias, alias_lower, source) VALUES ('비닐 장판', '비닐바닥재', '비닐바닥재', 'rule');
INSERT INTO aliases (item_id, alias, alias_lower, source) VALUES ('비닐 장판', '시트 비닐', '시트 비닐', 'rule');
INSERT INTO aliases (item_id, alias, alias_lower, source) VALUES ('비닐 장판', '장판', '장판', 'rule');
INSERT INTO aliases (item_id, alias, alias_lower, source) VALUES ('비닐 장판', '장판지', '장판지', 'rule');
INSERT INTO aliases (item_id, alias, alias_lower, source) VALUES ('비닐 장판', '한화장판', '한화장판', 'rule');
INSERT OR REPLACE INTO items (id, name, category, note, steps, confidence, source_url, source_name, source_grade, feature, caution, last_verified, region_variation, official_classification) VALUES ('마루', '마루', 'general', '· 가정에서 사용하는 마루는 합판 또는 HDF 목재을 가공하여 만든 제품입니다. · 목재제품은 재활용이 어려워 종량제봉투 또는 대형폐기물로 배출해야 합니다. · 대형폐기물은 크기, 부피 등이 커 종량제봉투로 배출하기 어려운 폐기물을 말합니다. · 대형폐기물로 배출된 폐기물은 가연성, 목재제품, 플라스틱, 전자제품 등으로 선별한 후 처리업체로 이송되어 처리하', '["마루는 종량제봉투로 배출합니다.", "크기, 부피가 큰 마루는 대형폐기물로 배출합니다."]', 'high', 'https://www.xn--oy2b29bd3a601b.kr/front/dischargeMethod/dictionaryView.do?niIdx=185', '분리배출.kr (한국폐기물협회·환경부)', 'A', '· 가정에서 사용하는 마루는 합판 또는 HDF 목재을 가공하여 만든 제품입니다. · 목재제품은 재활용이 어려워 종량제봉투 또는 대형폐기물로 배출해야 합니다. · 대형폐기물은 크기, 부피 등이 커 종량제봉투로 배출하기 어려운 폐기물을 말합니다. · 대형폐기물로 배출된 폐기물은 가연성, 목재제품, 플라스틱, 전자제품 등으로 선별한 후 처리업체로 이송되어 처리하고 있습니다.', '· 끈으로 묶어서 부피를 최대한 줄여서 배출', '2026-05-18', 0, '["대형폐기물", "공사장 생활폐기물", "일반종량제폐기물"]');
INSERT INTO aliases (item_id, alias, alias_lower, source) VALUES ('마루', '강마루', '강마루', 'rule');
INSERT INTO aliases (item_id, alias, alias_lower, source) VALUES ('마루', '강화마루', '강화마루', 'rule');
INSERT INTO aliases (item_id, alias, alias_lower, source) VALUES ('마루', '나무바닥', '나무바닥', 'rule');
INSERT INTO aliases (item_id, alias, alias_lower, source) VALUES ('마루', '나무판', '나무판', 'rule');
INSERT INTO aliases (item_id, alias, alias_lower, source) VALUES ('마루', '동화마루', '동화마루', 'rule');
INSERT INTO aliases (item_id, alias, alias_lower, source) VALUES ('마루', '라미네이트', '라미네이트', 'rule');
INSERT INTO aliases (item_id, alias, alias_lower, source) VALUES ('마루', '마루바닥', '마루바닥', 'rule');
INSERT INTO aliases (item_id, alias, alias_lower, source) VALUES ('마루', '바닥', '바닥', 'rule');
INSERT INTO aliases (item_id, alias, alias_lower, source) VALUES ('마루', '벽지', '벽지', 'rule');
INSERT INTO aliases (item_id, alias, alias_lower, source) VALUES ('마루', '파켓', '파켓', 'rule');
INSERT INTO aliases (item_id, alias, alias_lower, source) VALUES ('마루', '플로어', '플로어', 'rule');
INSERT INTO aliases (item_id, alias, alias_lower, source) VALUES ('마루', '헤링본마루', '헤링본마루', 'rule');
INSERT OR REPLACE INTO items (id, name, category, note, steps, confidence, source_url, source_name, source_grade, feature, caution, last_verified, region_variation, official_classification) VALUES ('수납장(플라스틱 재질)', '수납장(플라스틱 재질)', 'furniture', '·단일재질의 플라스틱 용기 또는 제품은 플라스틱수거함으로 배출하면 선별장으로 이송되어 재질별(PE, PP, PET, PS)로 선별하고 있습니다. 이후 선별된 제품은 재질별로 전문 재활용업체로 운반되어 재활용하고 있습니다. · 크기가 큰 플라스틱 제품은 수거한 후 재활용 선별장에서 선별하기가 곤란하여 소각하거나 전문 재활용업체로 위탁하여 처리하고 있습니다.', '["수납장(플라스틱 재질)은 대형폐기물로 배출합니다."]', 'high', 'https://www.xn--oy2b29bd3a601b.kr/front/dischargeMethod/dictionaryView.do?niIdx=186', '분리배출.kr (한국폐기물협회·환경부)', 'A', '·단일재질의 플라스틱 용기 또는 제품은 플라스틱수거함으로 배출하면 선별장으로 이송되어 재질별(PE, PP, PET, PS)로 선별하고 있습니다. 이후 선별된 제품은 재질별로 전문 재활용업체로 운반되어 재활용하고 있습니다. · 크기가 큰 플라스틱 제품은 수거한 후 재활용 선별장에서 선별하기가 곤란하여 소각하거나 전문 재활용업체로 위탁하여 처리하고 있습니다.', '· 크기가 큰 플라스틱 제품은 합성수지 재질이어도 대형폐기물로 배출', '2026-05-18', 0, '["대형폐기물"]');
INSERT INTO aliases (item_id, alias, alias_lower, source) VALUES ('수납장(플라스틱 재질)', '소품 정리함', '소품 정리함', 'rule');
INSERT INTO aliases (item_id, alias, alias_lower, source) VALUES ('수납장(플라스틱 재질)', '정리함', '정리함', 'rule');
INSERT INTO aliases (item_id, alias, alias_lower, source) VALUES ('수납장(플라스틱 재질)', '파렛트', '파렛트', 'rule');
INSERT INTO aliases (item_id, alias, alias_lower, source) VALUES ('수납장(플라스틱 재질)', '화장품 정리함', '화장품 정리함', 'rule');
INSERT OR REPLACE INTO items (id, name, category, note, steps, confidence, source_url, source_name, source_grade, feature, caution, last_verified, region_variation, official_classification) VALUES ('쌀통', '쌀통', 'furniture', '· 단일재질의 플라스틱 용기 또는 제품은 플라스틱수거함으로 배출하면 선별장으로 이송되어 재질별(PE, PP, PET, PS)로 선별하고 있습니다. 이후 선별된 제품은 재질별로 전문 재활용업체로 운반되어 재활용하고 있습니다. · 크기가 큰 플라스틱 제품은 수거한 후 재활용 선별장에서 선별하기가 곤란하여 소각하거나 전문 재활용업체로 위탁하여 처리하고 있습니다.', '["쌀통은 플라스틱수거함으로 배출합니다.", "크기, 부피가 큰 플라스틱 제품은 대형폐기물로 배출합니다."]', 'high', 'https://www.xn--oy2b29bd3a601b.kr/front/dischargeMethod/dictionaryView.do?niIdx=187', '분리배출.kr (한국폐기물협회·환경부)', 'A', '· 단일재질의 플라스틱 용기 또는 제품은 플라스틱수거함으로 배출하면 선별장으로 이송되어 재질별(PE, PP, PET, PS)로 선별하고 있습니다. 이후 선별된 제품은 재질별로 전문 재활용업체로 운반되어 재활용하고 있습니다. · 크기가 큰 플라스틱 제품은 수거한 후 재활용 선별장에서 선별하기가 곤란하여 소각하거나 전문 재활용업체로 위탁하여 처리하고 있습니다.', '· 내용물을 비운 후 전용수거함으로 배출 · 크기가 큰 플라스틱 제품은 합성수지 재질이어도 대형폐기물로 배출', '2026-05-18', 0, '["재활용폐기물", "합성수지 용기류", "PET, PP, PS, PE, OTHER", "대형폐기물"]');
INSERT INTO aliases (item_id, alias, alias_lower, source) VALUES ('쌀통', '라이스빈', '라이스빈', 'rule');
INSERT INTO aliases (item_id, alias, alias_lower, source) VALUES ('쌀통', '라이스컨테이너', '라이스컨테이너', 'rule');
INSERT INTO aliases (item_id, alias, alias_lower, source) VALUES ('쌀통', '락앤락 쌀통', '락앤락 쌀통', 'rule');
INSERT INTO aliases (item_id, alias, alias_lower, source) VALUES ('쌀통', '미통', '미통', 'rule');
INSERT INTO aliases (item_id, alias, alias_lower, source) VALUES ('쌀통', '쌀 디스펜서', '쌀 디스펜서', 'rule');
INSERT INTO aliases (item_id, alias, alias_lower, source) VALUES ('쌀통', '쌀 보관통', '쌀 보관통', 'rule');
INSERT INTO aliases (item_id, alias, alias_lower, source) VALUES ('쌀통', '쌀 보관함', '쌀 보관함', 'rule');
INSERT INTO aliases (item_id, alias, alias_lower, source) VALUES ('쌀통', '쌀단지', '쌀단지', 'rule');
INSERT INTO aliases (item_id, alias, alias_lower, source) VALUES ('쌀통', '쌀독', '쌀독', 'rule');
INSERT INTO aliases (item_id, alias, alias_lower, source) VALUES ('쌀통', '쌀통이', '쌀통이', 'rule');
INSERT INTO aliases (item_id, alias, alias_lower, source) VALUES ('쌀통', '쌀통함', '쌀통함', 'rule');
INSERT INTO aliases (item_id, alias, alias_lower, source) VALUES ('쌀통', '코멕스 쌀통', '코멕스 쌀통', 'rule');
INSERT OR REPLACE INTO items (id, name, category, note, steps, confidence, source_url, source_name, source_grade, feature, caution, last_verified, region_variation, official_classification) VALUES ('소파', '소파', 'furniture', '· 소파는 목재, 가죽, 섬유, 합성수지 등이 혼합된 복합재질 제품으로 재활용이 어렵습니다. · 복합재질 제품은 재활용이 어려우며, 해당 제품은 크기가 커 대형폐기물로 배출합니다. · 대형폐기물로 배출한 가구는 지자체에서 수거한 후 소각 또는 에너지재활용업체에 위탁하여 처리합니다.', '["소파는 대형폐기물로 배출합니다."]', 'high', 'https://www.xn--oy2b29bd3a601b.kr/front/dischargeMethod/dictionaryView.do?niIdx=188', '분리배출.kr (한국폐기물협회·환경부)', 'A', '· 소파는 목재, 가죽, 섬유, 합성수지 등이 혼합된 복합재질 제품으로 재활용이 어렵습니다. · 복합재질 제품은 재활용이 어려우며, 해당 제품은 크기가 커 대형폐기물로 배출합니다. · 대형폐기물로 배출한 가구는 지자체에서 수거한 후 소각 또는 에너지재활용업체에 위탁하여 처리합니다.', '· 대형폐기물 배출 시 보행자에게 불편을 주지 않도록 주의하여 배출', '2026-05-18', 0, '["대형폐기물"]');
INSERT INTO aliases (item_id, alias, alias_lower, source) VALUES ('소파', 'couch', 'couch', 'rule');
INSERT INTO aliases (item_id, alias, alias_lower, source) VALUES ('소파', 'sofa', 'sofa', 'rule');
INSERT OR REPLACE INTO items (id, name, category, note, steps, confidence, source_url, source_name, source_grade, feature, caution, last_verified, region_variation, official_classification) VALUES ('식탁', '식탁', 'furniture', '· 식탁은 주로 목재, 대리석 등으로 제작하고 있으며 재활용이 어렵습니다. · 복합재질 제품은 재활용이 어려우며, 해당 제품은 크기가 커 대형폐기물로 배출합니다. · 대형폐기물로 배출한 가구는 지자체에서 수거한 후 소각 또는 에너지재활용업체에 위탁하여 처리합니다.', '["식탁은 대형폐기물로 배출합니다."]', 'high', 'https://www.xn--oy2b29bd3a601b.kr/front/dischargeMethod/dictionaryView.do?niIdx=189', '분리배출.kr (한국폐기물협회·환경부)', 'A', '· 식탁은 주로 목재, 대리석 등으로 제작하고 있으며 재활용이 어렵습니다. · 복합재질 제품은 재활용이 어려우며, 해당 제품은 크기가 커 대형폐기물로 배출합니다. · 대형폐기물로 배출한 가구는 지자체에서 수거한 후 소각 또는 에너지재활용업체에 위탁하여 처리합니다.', '· 대형폐기물 배출 시 보행자에게 불편을 주지 않도록 주의하여 배출', '2026-05-18', 0, '["대형폐기물"]');
INSERT INTO aliases (item_id, alias, alias_lower, source) VALUES ('식탁', '4인용 식탁', '4인용 식탁', 'rule');
INSERT INTO aliases (item_id, alias, alias_lower, source) VALUES ('식탁', 'dining table', 'dining table', 'rule');
INSERT INTO aliases (item_id, alias, alias_lower, source) VALUES ('식탁', '다이닝 룸 테이블', '다이닝 룸 테이블', 'rule');
INSERT INTO aliases (item_id, alias, alias_lower, source) VALUES ('식탁', '밥 먹는 테이블', '밥 먹는 테이블', 'rule');
INSERT INTO aliases (item_id, alias, alias_lower, source) VALUES ('식탁', '식사용 테이블', '식사용 테이블', 'rule');
INSERT INTO aliases (item_id, alias, alias_lower, source) VALUES ('식탁', '원목 식탁', '원목 식탁', 'rule');
INSERT INTO aliases (item_id, alias, alias_lower, source) VALUES ('식탁', '유리 식탁', '유리 식탁', 'rule');
INSERT INTO aliases (item_id, alias, alias_lower, source) VALUES ('식탁', '주방 테이블', '주방 테이블', 'rule');
INSERT INTO aliases (item_id, alias, alias_lower, source) VALUES ('식탁', '키친 테이블', '키친 테이블', 'rule');
INSERT OR REPLACE INTO items (id, name, category, note, steps, confidence, source_url, source_name, source_grade, feature, caution, last_verified, region_variation, official_classification) VALUES ('에어매트', '에어매트', 'furniture', '· 에어매트는 PVC(폴리염화비닐) 또는 TPU(열가소성폴리우레탄)재질로 구성하고 있습니다. · 가정에서 배출하는 PVC, TPU 재질은 주로 소량으로 배출되어 재활용하기에 어려움이 있습니다. · 폴리염화비닐(PVC)은 다른 합성수지와 혼합되어 재활용될 경우 재활용제품의 강도가 떨어지고 재활용과정에서 염화수소와 같은 유해화학물질이 발생하는 등 다양한 문제를', '["에어매트는 내용물(공기)를 제거한 후 종량제봉투로 배출합니다.", "크기가 큰 에어매트는 대형폐기물로 배출합니다."]', 'high', 'https://www.xn--oy2b29bd3a601b.kr/front/dischargeMethod/dictionaryView.do?niIdx=190', '분리배출.kr (한국폐기물협회·환경부)', 'A', '· 에어매트는 PVC(폴리염화비닐) 또는 TPU(열가소성폴리우레탄)재질로 구성하고 있습니다. · 가정에서 배출하는 PVC, TPU 재질은 주로 소량으로 배출되어 재활용하기에 어려움이 있습니다. · 폴리염화비닐(PVC)은 다른 합성수지와 혼합되어 재활용될 경우 재활용제품의 강도가 떨어지고 재활용과정에서 염화수소와 같은 유해화학물질이 발생하는 등 다양한 문제를 일으키고 있어 재활용이 어렵습니다.', '· 공기를 제거하여 최대한 부피를 줄인 후 끈으로 묶은 후 배출', '2026-05-18', 0, '["일반폐기물", "일반종량제폐기물", "대형폐기물"]');
INSERT INTO aliases (item_id, alias, alias_lower, source) VALUES ('에어매트', 'air bed', 'air bed', 'rule');
INSERT INTO aliases (item_id, alias, alias_lower, source) VALUES ('에어매트', 'air mattress', 'air mattress', 'rule');
INSERT INTO aliases (item_id, alias, alias_lower, source) VALUES ('에어매트', '공기 매트', '공기 매트', 'rule');
INSERT INTO aliases (item_id, alias, alias_lower, source) VALUES ('에어매트', '공기 침대', '공기 침대', 'rule');
INSERT INTO aliases (item_id, alias, alias_lower, source) VALUES ('에어매트', '바람 넣는 매트', '바람 넣는 매트', 'rule');
INSERT INTO aliases (item_id, alias, alias_lower, source) VALUES ('에어매트', '손님용 매트리스', '손님용 매트리스', 'rule');
INSERT INTO aliases (item_id, alias, alias_lower, source) VALUES ('에어매트', '에어 매트리스', '에어 매트리스', 'rule');
INSERT INTO aliases (item_id, alias, alias_lower, source) VALUES ('에어매트', '에어베드', '에어베드', 'rule');
INSERT INTO aliases (item_id, alias, alias_lower, source) VALUES ('에어매트', '인텍스 매트', '인텍스 매트', 'rule');
INSERT INTO aliases (item_id, alias, alias_lower, source) VALUES ('에어매트', '캠핑 매트리스', '캠핑 매트리스', 'rule');
INSERT INTO aliases (item_id, alias, alias_lower, source) VALUES ('에어매트', '팽창식 매트', '팽창식 매트', 'rule');
INSERT INTO aliases (item_id, alias, alias_lower, source) VALUES ('에어매트', '휴대용 침대', '휴대용 침대', 'rule');
INSERT OR REPLACE INTO items (id, name, category, note, steps, confidence, source_url, source_name, source_grade, feature, caution, last_verified, region_variation, official_classification) VALUES ('욕조', '욕조', 'general', '· 욕실에 고정된 욕조는 세라믹, 대리석, 플라스틱 재질 등으로 제작되며, 플라스틱 제품이더라도 아크릴 등의 열경화성 합성수지로 제작하고 있어 재활용이 어렵습니다. · 열경화성 합성수지란 한 번 열에 의해 모양이 만들어지면 이후 녹지않는 플라스틱을 말하며, 페놀수지, 실리콘수지, 에폭시 수지 등이 해당됩니다. · 인테리어 공사 등에서 발생한 폐기물은 불연성', '["욕조는 대형폐기물로 배출합니다."]', 'high', 'https://www.xn--oy2b29bd3a601b.kr/front/dischargeMethod/dictionaryView.do?niIdx=191', '분리배출.kr (한국폐기물협회·환경부)', 'A', '· 욕실에 고정된 욕조는 세라믹, 대리석, 플라스틱 재질 등으로 제작되며, 플라스틱 제품이더라도 아크릴 등의 열경화성 합성수지로 제작하고 있어 재활용이 어렵습니다. · 열경화성 합성수지란 한 번 열에 의해 모양이 만들어지면 이후 녹지않는 플라스틱을 말하며, 페놀수지, 실리콘수지, 에폭시 수지 등이 해당됩니다. · 인테리어 공사 등에서 발생한 폐기물은 불연성 마대 또는 대형폐기물로 배출할 수...', '· 리모델링, 인테리어 공사 등 일련의 공사 또는 작업 등으로 전체 기간 동안 발생하는 5톤 미만의 폐기물은 공사장생활폐기물에 해당되며, 올바른 배출방법은 해당 지자체에 문의', '2026-05-18', 0, '["대형폐기물", "공사장 생활폐기물"]');
INSERT INTO aliases (item_id, alias, alias_lower, source) VALUES ('욕조', '목욕조', '목욕조', 'rule');
INSERT INTO aliases (item_id, alias, alias_lower, source) VALUES ('욕조', '목욕통', '목욕통', 'rule');
INSERT INTO aliases (item_id, alias, alias_lower, source) VALUES ('욕조', '물놀이통', '물놀이통', 'rule');
INSERT INTO aliases (item_id, alias, alias_lower, source) VALUES ('욕조', '바스텁', '바스텁', 'rule');
INSERT INTO aliases (item_id, alias, alias_lower, source) VALUES ('욕조', '반신욕조', '반신욕조', 'rule');
INSERT INTO aliases (item_id, alias, alias_lower, source) VALUES ('욕조', '배스', '배스', 'rule');
INSERT INTO aliases (item_id, alias, alias_lower, source) VALUES ('욕조', '스파 욕조', '스파 욕조', 'rule');
INSERT INTO aliases (item_id, alias, alias_lower, source) VALUES ('욕조', '욕실통', '욕실통', 'rule');
INSERT INTO aliases (item_id, alias, alias_lower, source) VALUES ('욕조', '월풀 욕조', '월풀 욕조', 'rule');
INSERT INTO aliases (item_id, alias, alias_lower, source) VALUES ('욕조', '이동식 욕조', '이동식 욕조', 'rule');
INSERT INTO aliases (item_id, alias, alias_lower, source) VALUES ('욕조', '자쿠지', '자쿠지', 'rule');
INSERT INTO aliases (item_id, alias, alias_lower, source) VALUES ('욕조', '터브', '터브', 'rule');
INSERT OR REPLACE INTO items (id, name, category, note, steps, confidence, source_url, source_name, source_grade, feature, caution, last_verified, region_variation, official_classification) VALUES ('이동식 욕조(플라스틱 재질)', '이동식 욕조(플라스틱 재질)', 'furniture', '· 이동식 욕조는 주로 플라스틱 단일재질로 제작하고 있으며, 플라스틱 수거함으로 배출하면 재활용이 가능합니다. · 다만, 크기가 큰 제품은 재활용폐기물로 배출하기 보다는 대형폐기물로 배출하고 있습니다. · 크기가 큰 플라스틱 제품은 수거한 후 재활용 선별장에서 선별하기가 곤란하여 소각하거나 전문 재활용업체로 위탁하여 처리하고 있습니다.', '["이동식 욕조(플라스틱 재질)은 대형폐기물로 배출합니다."]', 'high', 'https://www.xn--oy2b29bd3a601b.kr/front/dischargeMethod/dictionaryView.do?niIdx=192', '분리배출.kr (한국폐기물협회·환경부)', 'A', '· 이동식 욕조는 주로 플라스틱 단일재질로 제작하고 있으며, 플라스틱 수거함으로 배출하면 재활용이 가능합니다. · 다만, 크기가 큰 제품은 재활용폐기물로 배출하기 보다는 대형폐기물로 배출하고 있습니다. · 크기가 큰 플라스틱 제품은 수거한 후 재활용 선별장에서 선별하기가 곤란하여 소각하거나 전문 재활용업체로 위탁하여 처리하고 있습니다.', '· 크기가 큰 플라스틱 제품은 단일재질이더라도 대형폐기물로 배출', '2026-05-18', 0, '["대형폐기물"]');
INSERT OR REPLACE INTO items (id, name, category, note, steps, confidence, source_url, source_name, source_grade, feature, caution, last_verified, region_variation, official_classification) VALUES ('건식 반신욕기', '건식 반신욕기', 'furniture', '· 건식용 반신욕기는 전기를 사용하는 전기전자제품에 해당하나 부피가 크고 목재 등 재활용이 어려운 재질이 다량 포함하고 있어 환경성보장제도에 해당되지 않습니다.', '["건식 반신욕기는 대형폐기물로 배출합니다."]', 'high', 'https://www.xn--oy2b29bd3a601b.kr/front/dischargeMethod/dictionaryView.do?niIdx=193', '분리배출.kr (한국폐기물협회·환경부)', 'A', '· 건식용 반신욕기는 전기를 사용하는 전기전자제품에 해당하나 부피가 크고 목재 등 재활용이 어려운 재질이 다량 포함하고 있어 환경성보장제도에 해당되지 않습니다.', '· 대형폐기물 수수료 기준표에 작성되지 않은 폐기물은 종류 및 규격 등을 감안하여 유사한 품목의 수수료를 적용하고 있으므로 정확한 배출 수수료는 해당 지자체에 문의', '2026-05-18', 0, '["대형폐기물"]');
INSERT INTO aliases (item_id, alias, alias_lower, source) VALUES ('건식 반신욕기', '개인사우나', '개인사우나', 'rule');
INSERT INTO aliases (item_id, alias, alias_lower, source) VALUES ('건식 반신욕기', '건식반신욕기', '건식반신욕기', 'rule');
INSERT INTO aliases (item_id, alias, alias_lower, source) VALUES ('건식 반신욕기', '건식사우나', '건식사우나', 'rule');
INSERT INTO aliases (item_id, alias, alias_lower, source) VALUES ('건식 반신욕기', '건식족욕기', '건식족욕기', 'rule');
INSERT INTO aliases (item_id, alias, alias_lower, source) VALUES ('건식 반신욕기', '다리찜질기', '다리찜질기', 'rule');
INSERT INTO aliases (item_id, alias, alias_lower, source) VALUES ('건식 반신욕기', '드라이스파', '드라이스파', 'rule');
INSERT INTO aliases (item_id, alias, alias_lower, source) VALUES ('건식 반신욕기', '반신욕기', '반신욕기', 'rule');
INSERT INTO aliases (item_id, alias, alias_lower, source) VALUES ('건식 반신욕기', '발찜질기', '발찜질기', 'rule');
INSERT INTO aliases (item_id, alias, alias_lower, source) VALUES ('건식 반신욕기', '온열족욕기', '온열족욕기', 'rule');
INSERT INTO aliases (item_id, alias, alias_lower, source) VALUES ('건식 반신욕기', '좌훈기', '좌훈기', 'rule');
INSERT INTO aliases (item_id, alias, alias_lower, source) VALUES ('건식 반신욕기', '풋스파', '풋스파', 'rule');
INSERT INTO aliases (item_id, alias, alias_lower, source) VALUES ('건식 반신욕기', '하체찜질기', '하체찜질기', 'rule');
INSERT OR REPLACE INTO items (id, name, category, note, steps, confidence, source_url, source_name, source_grade, feature, caution, last_verified, region_variation, official_classification) VALUES ('건조대', '건조대', 'can', '· 건조대는 주로 금속재질(스테인리스 재질)로 구성하고 있으며, 그 밖에 플라스틱, 목재재질이 있습니다. · 스테인리스 재질은 고철에 해당되어 재활용이 가능하나 빨래 건조대의 경우 주로 크기가 커 대형폐기물로 배출해야 합니다. · 건조대의 구성별로 분리가 가능한 경우에는 분리한 후 고철수거함으로 배출할 수 있습니다.', '["건조대는 대형폐기물로 배출합니다."]', 'high', 'https://www.xn--oy2b29bd3a601b.kr/front/dischargeMethod/dictionaryView.do?niIdx=194', '분리배출.kr (한국폐기물협회·환경부)', 'A', '· 건조대는 주로 금속재질(스테인리스 재질)로 구성하고 있으며, 그 밖에 플라스틱, 목재재질이 있습니다. · 스테인리스 재질은 고철에 해당되어 재활용이 가능하나 빨래 건조대의 경우 주로 크기가 커 대형폐기물로 배출해야 합니다. · 건조대의 구성별로 분리가 가능한 경우에는 분리한 후 고철수거함으로 배출할 수 있습니다.', '· 건조대 재질을 확인한 후 배출', '2026-05-18', 0, '["대형폐기물", "재활용폐기물", "금속류", "고철"]');
INSERT INTO aliases (item_id, alias, alias_lower, source) VALUES ('건조대', '드라잉랙', '드라잉랙', 'rule');
INSERT INTO aliases (item_id, alias, alias_lower, source) VALUES ('건조대', '런드리랙', '런드리랙', 'rule');
INSERT INTO aliases (item_id, alias, alias_lower, source) VALUES ('건조대', '봉건조대', '봉건조대', 'rule');
INSERT INTO aliases (item_id, alias, alias_lower, source) VALUES ('건조대', '빨래건조대', '빨래건조대', 'rule');
INSERT INTO aliases (item_id, alias, alias_lower, source) VALUES ('건조대', '빨래걸이', '빨래걸이', 'rule');
INSERT INTO aliases (item_id, alias, alias_lower, source) VALUES ('건조대', '빨래말림대', '빨래말림대', 'rule');
INSERT INTO aliases (item_id, alias, alias_lower, source) VALUES ('건조대', '빨랫대', '빨랫대', 'rule');
INSERT INTO aliases (item_id, alias, alias_lower, source) VALUES ('건조대', '옷말림대', '옷말림대', 'rule');
INSERT INTO aliases (item_id, alias, alias_lower, source) VALUES ('건조대', '의류건조대', '의류건조대', 'rule');
INSERT INTO aliases (item_id, alias, alias_lower, source) VALUES ('건조대', '이동식건조대', '이동식건조대', 'rule');
INSERT INTO aliases (item_id, alias, alias_lower, source) VALUES ('건조대', '접이식건조대', '접이식건조대', 'rule');
INSERT INTO aliases (item_id, alias, alias_lower, source) VALUES ('건조대', '철봉 운동기구', '철봉 운동기구', 'rule');
INSERT INTO aliases (item_id, alias, alias_lower, source) VALUES ('건조대', '행거건조대', '행거건조대', 'rule');
INSERT OR REPLACE INTO items (id, name, category, note, steps, confidence, source_url, source_name, source_grade, feature, caution, last_verified, region_variation, official_classification) VALUES ('파티션', '파티션', 'general', '· 사무실, 가정에서 사용하는 파티션, 칸막이는 목재, 금속, 합성수지, 유리 등이 혼합된 복합재질 제품으로 재활용이 어렵습니다. · 고철재질의 파티션은 재활용이 가능하나 중량과 부피가 커 고철로 배출하기보다는 대형폐기물로 배출하여야 합니다. · 다량으로 배출할 때에는 지자체에 문의하여 공사장생활폐기물 배출방법에 준수하여 배출합니다. · 인테리어 공사 등에', '["파티션은 대형폐기물로 배출합니다.", "공사장생활폐기물로 배출하는 경우에는 지자체에 문의한 후 전문 처리업체에 연락하여 수거 및 처리합니다."]', 'high', 'https://www.xn--oy2b29bd3a601b.kr/front/dischargeMethod/dictionaryView.do?niIdx=196', '분리배출.kr (한국폐기물협회·환경부)', 'A', '· 사무실, 가정에서 사용하는 파티션, 칸막이는 목재, 금속, 합성수지, 유리 등이 혼합된 복합재질 제품으로 재활용이 어렵습니다. · 고철재질의 파티션은 재활용이 가능하나 중량과 부피가 커 고철로 배출하기보다는 대형폐기물로 배출하여야 합니다. · 다량으로 배출할 때에는 지자체에 문의하여 공사장생활폐기물 배출방법에 준수하여 배출합니다. · 인테리어 공사 등에서 발생한 파티션은 대형폐기물로 배출...', '', '2026-05-18', 0, '["대형폐기물", "공사장 생활폐기물"]');
INSERT INTO aliases (item_id, alias, alias_lower, source) VALUES ('파티션', '가리개', '가리개', 'rule');
INSERT INTO aliases (item_id, alias, alias_lower, source) VALUES ('파티션', '가림막', '가림막', 'rule');
INSERT INTO aliases (item_id, alias, alias_lower, source) VALUES ('파티션', '건조대', '건조대', 'rule');
INSERT INTO aliases (item_id, alias, alias_lower, source) VALUES ('파티션', '공간막이', '공간막이', 'rule');
INSERT INTO aliases (item_id, alias, alias_lower, source) VALUES ('파티션', '공간분할대', '공간분할대', 'rule');
INSERT INTO aliases (item_id, alias, alias_lower, source) VALUES ('파티션', '구분벽', '구분벽', 'rule');
INSERT INTO aliases (item_id, alias, alias_lower, source) VALUES ('파티션', '디바이더', '디바이더', 'rule');
INSERT INTO aliases (item_id, alias, alias_lower, source) VALUES ('파티션', '룸디바이더', '룸디바이더', 'rule');
INSERT INTO aliases (item_id, alias, alias_lower, source) VALUES ('파티션', '병풍', '병풍', 'rule');
INSERT INTO aliases (item_id, alias, alias_lower, source) VALUES ('파티션', '스크린', '스크린', 'rule');
INSERT INTO aliases (item_id, alias, alias_lower, source) VALUES ('파티션', '액자', '액자', 'rule');
INSERT INTO aliases (item_id, alias, alias_lower, source) VALUES ('파티션', '자바라', '자바라', 'rule');
INSERT INTO aliases (item_id, alias, alias_lower, source) VALUES ('파티션', '전신거울', '전신거울', 'rule');
INSERT INTO aliases (item_id, alias, alias_lower, source) VALUES ('파티션', '칸막이', '칸막이', 'rule');
INSERT INTO aliases (item_id, alias, alias_lower, source) VALUES ('파티션', '큐비클', '큐비클', 'rule');
INSERT INTO aliases (item_id, alias, alias_lower, source) VALUES ('파티션', '행거', '행거', 'rule');
INSERT OR REPLACE INTO items (id, name, category, note, steps, confidence, source_url, source_name, source_grade, feature, caution, last_verified, region_variation, official_classification) VALUES ('침대 프레임', '침대 프레임', 'furniture', '·침대나 의자, 책상 등의 받침부분인 프레임이 철제로 되어 있어 분리가 가능한 경우에는 고철수거함에 배출하고, 중량과 부피가 큰 제품인 경우 대형폐기물로 배출하여야 합니다.', '["침대 프레임은 대형폐기물로 배출합니다."]', 'high', 'https://www.xn--oy2b29bd3a601b.kr/front/dischargeMethod/dictionaryView.do?niIdx=197', '분리배출.kr (한국폐기물협회·환경부)', 'A', '·침대나 의자, 책상 등의 받침부분인 프레임이 철제로 되어 있어 분리가 가능한 경우에는 고철수거함에 배출하고, 중량과 부피가 큰 제품인 경우 대형폐기물로 배출하여야 합니다.', '·크키가 큰 제품은 재질에 상관없이 대형폐기물로 배출', '2026-05-18', 0, '["대형폐기물"]');
INSERT INTO aliases (item_id, alias, alias_lower, source) VALUES ('침대 프레임', 'bed', 'bed', 'rule');
INSERT INTO aliases (item_id, alias, alias_lower, source) VALUES ('침대 프레임', 'bed frame', 'bed frame', 'rule');
INSERT INTO aliases (item_id, alias, alias_lower, source) VALUES ('침대 프레임', '매트리스 받침', '매트리스 받침', 'rule');
INSERT INTO aliases (item_id, alias, alias_lower, source) VALUES ('침대 프레임', '베드프레임', '베드프레임', 'rule');
INSERT INTO aliases (item_id, alias, alias_lower, source) VALUES ('침대 프레임', '원목 침대 프레임', '원목 침대 프레임', 'rule');
INSERT INTO aliases (item_id, alias, alias_lower, source) VALUES ('침대 프레임', '철제 침대 프레임', '철제 침대 프레임', 'rule');
INSERT INTO aliases (item_id, alias, alias_lower, source) VALUES ('침대 프레임', '침대 뼈대', '침대 뼈대', 'rule');
INSERT INTO aliases (item_id, alias, alias_lower, source) VALUES ('침대 프레임', '침대 지지대', '침대 지지대', 'rule');
INSERT INTO aliases (item_id, alias, alias_lower, source) VALUES ('침대 프레임', '침대골조', '침대골조', 'rule');
INSERT INTO aliases (item_id, alias, alias_lower, source) VALUES ('침대 프레임', '침대받침', '침대받침', 'rule');
INSERT INTO aliases (item_id, alias, alias_lower, source) VALUES ('침대 프레임', '침대받침대', '침대받침대', 'rule');
INSERT INTO aliases (item_id, alias, alias_lower, source) VALUES ('침대 프레임', '침대틀', '침대틀', 'rule');
INSERT INTO aliases (item_id, alias, alias_lower, source) VALUES ('침대 프레임', '침대프레임', '침대프레임', 'rule');
INSERT OR REPLACE INTO items (id, name, category, note, steps, confidence, source_url, source_name, source_grade, feature, caution, last_verified, region_variation, official_classification) VALUES ('변기커버', '변기커버', 'furniture', '· 변기커버(변좌)는 주로 PP와 같은 플라스틱으로 되어 있으며, 일부 제품은 섬유, 고무 등 다른재질이 혼합된 경우가 있습니다. · 변기커버가 플라스틱 단일재질인 경우에는 재활용이 가능합니다. 다만, 변기커버는 크기가 크며 위생상태가 좋지 못하므로 되도록 대형폐기물로 배출합니다. · 변기커버에 추가로 설치하는 섬유 또는 고무 재질의 커버는 종량제봉투로 배', '["변기커버는 대형폐기물로 배출합니다."]', 'high', 'https://www.xn--oy2b29bd3a601b.kr/front/dischargeMethod/dictionaryView.do?niIdx=198', '분리배출.kr (한국폐기물협회·환경부)', 'A', '· 변기커버(변좌)는 주로 PP와 같은 플라스틱으로 되어 있으며, 일부 제품은 섬유, 고무 등 다른재질이 혼합된 경우가 있습니다. · 변기커버가 플라스틱 단일재질인 경우에는 재활용이 가능합니다. 다만, 변기커버는 크기가 크며 위생상태가 좋지 못하므로 되도록 대형폐기물로 배출합니다. · 변기커버에 추가로 설치하는 섬유 또는 고무 재질의 커버는 종량제봉투로 배출하여야 합니다. ※ 배출방법은 지역...', '', '2026-05-18', 0, '["대형폐기물"]');
INSERT INTO aliases (item_id, alias, alias_lower, source) VALUES ('변기커버', '변기 시트', '변기 시트', 'rule');
INSERT INTO aliases (item_id, alias, alias_lower, source) VALUES ('변기커버', '변기덮개', '변기덮개', 'rule');
INSERT INTO aliases (item_id, alias, alias_lower, source) VALUES ('변기커버', '변기뚜껑', '변기뚜껑', 'rule');
INSERT INTO aliases (item_id, alias, alias_lower, source) VALUES ('변기커버', '변좌', '변좌', 'rule');
INSERT INTO aliases (item_id, alias, alias_lower, source) VALUES ('변기커버', '변좌커버', '변좌커버', 'rule');
INSERT INTO aliases (item_id, alias, alias_lower, source) VALUES ('변기커버', '양변기커버', '양변기커버', 'rule');
INSERT INTO aliases (item_id, alias, alias_lower, source) VALUES ('변기커버', '위생커버', '위생커버', 'rule');
INSERT INTO aliases (item_id, alias, alias_lower, source) VALUES ('변기커버', '응가 커버', '응가 커버', 'rule');
INSERT INTO aliases (item_id, alias, alias_lower, source) VALUES ('변기커버', '좌변기커버', '좌변기커버', 'rule');
INSERT INTO aliases (item_id, alias, alias_lower, source) VALUES ('변기커버', '토일렛 시트', '토일렛 시트', 'rule');
INSERT INTO aliases (item_id, alias, alias_lower, source) VALUES ('변기커버', '토일렛 커버', '토일렛 커버', 'rule');
INSERT INTO aliases (item_id, alias, alias_lower, source) VALUES ('변기커버', '화장실 커버', '화장실 커버', 'rule');
INSERT OR REPLACE INTO items (id, name, category, note, steps, confidence, source_url, source_name, source_grade, feature, caution, last_verified, region_variation, official_classification) VALUES ('골프가방', '골프가방', 'furniture', '· 가방은 가죽, 천, 금속 등이 혼합된 복합재질 제품으로 재활용이 어렵습니다. · 상태가 좋은 의류 및 섬유제품은 의류수거함으로 배출할 수 있으며, 의류수거함으로 배출한 품목은 전문 업체에서 품목별로 선별한 후 국내 또는 국외로 판매하여 재사용하고 있습니다. ·다만, 골프가방과 같이 크기가 크거나 훼손이 심하여 다른 사람이 재사용하기 어려운 제품은 종량제', '["골프가방은 대형폐기물로 배출합니다."]', 'high', 'https://www.xn--oy2b29bd3a601b.kr/front/dischargeMethod/dictionaryView.do?niIdx=199', '분리배출.kr (한국폐기물협회·환경부)', 'A', '· 가방은 가죽, 천, 금속 등이 혼합된 복합재질 제품으로 재활용이 어렵습니다. · 상태가 좋은 의류 및 섬유제품은 의류수거함으로 배출할 수 있으며, 의류수거함으로 배출한 품목은 전문 업체에서 품목별로 선별한 후 국내 또는 국외로 판매하여 재사용하고 있습니다. ·다만, 골프가방과 같이 크기가 크거나 훼손이 심하여 다른 사람이 재사용하기 어려운 제품은 종량제봉투 또는 대형폐기물로 배출하여야 합...', '· 의류수거함에 배출 불가', '2026-05-18', 0, '["대형폐기물"]');
INSERT INTO aliases (item_id, alias, alias_lower, source) VALUES ('골프가방', 'golf bag', 'golf bag', 'rule');
INSERT INTO aliases (item_id, alias, alias_lower, source) VALUES ('골프가방', '골백', '골백', 'rule');
INSERT INTO aliases (item_id, alias, alias_lower, source) VALUES ('골프가방', '골프백', '골프백', 'rule');
INSERT INTO aliases (item_id, alias, alias_lower, source) VALUES ('골프가방', '골프용가방', '골프용가방', 'rule');
INSERT INTO aliases (item_id, alias, alias_lower, source) VALUES ('골프가방', '골프장비가방', '골프장비가방', 'rule');
INSERT INTO aliases (item_id, alias, alias_lower, source) VALUES ('골프가방', '골프채가방', '골프채가방', 'rule');
INSERT INTO aliases (item_id, alias, alias_lower, source) VALUES ('골프가방', '스탠드백', '스탠드백', 'rule');
INSERT INTO aliases (item_id, alias, alias_lower, source) VALUES ('골프가방', '채가방', '채가방', 'rule');
INSERT INTO aliases (item_id, alias, alias_lower, source) VALUES ('골프가방', '카트백', '카트백', 'rule');
INSERT INTO aliases (item_id, alias, alias_lower, source) VALUES ('골프가방', '캐디백', '캐디백', 'rule');
INSERT INTO aliases (item_id, alias, alias_lower, source) VALUES ('골프가방', '캘러웨이 백', '캘러웨이 백', 'rule');
INSERT INTO aliases (item_id, alias, alias_lower, source) VALUES ('골프가방', '타이틀리스트 가방', '타이틀리스트 가방', 'rule');
INSERT OR REPLACE INTO items (id, name, category, note, steps, confidence, source_url, source_name, source_grade, feature, caution, last_verified, region_variation, official_classification) VALUES ('고양', '고양', 'furniture', '· 고양이 스크래쳐는 종이(골판지), 섬유, 나무 등 다양한 재질로 제작됩니다. · 크기가 큰 제품은 대형폐기물로 배출해야 하며, 일부 대형폐기물 품목에 기재되지 않은 물품은 종류 및 규격을 감안하여 유사한 품목 수수료에 준하여 책정하고 있습니다.', '["고양이 스크래쳐는 종량제봉투로 배출합니다.", "크기가 커 종량제봉투로 배출하기 어려운 경우에는 대형폐기물로 배출합니다."]', 'high', 'https://www.xn--oy2b29bd3a601b.kr/front/dischargeMethod/dictionaryView.do?niIdx=200', '분리배출.kr (한국폐기물협회·환경부)', 'A', '· 고양이 스크래쳐는 종이(골판지), 섬유, 나무 등 다양한 재질로 제작됩니다. · 크기가 큰 제품은 대형폐기물로 배출해야 하며, 일부 대형폐기물 품목에 기재되지 않은 물품은 종류 및 규격을 감안하여 유사한 품목 수수료에 준하여 책정하고 있습니다.', '· 크기가 큰 제품은 재질에 상관없이 대형폐기물로 배출', '2026-05-18', 0, '["일반폐기물", "일반종량제폐기물", "대형폐기물"]');
INSERT INTO aliases (item_id, alias, alias_lower, source) VALUES ('고양', '감자 모래', '감자 모래', 'rule');
INSERT INTO aliases (item_id, alias, alias_lower, source) VALUES ('고양', '냥모래', '냥모래', 'rule');
INSERT INTO aliases (item_id, alias, alias_lower, source) VALUES ('고양', '두부 모래', '두부 모래', 'rule');
INSERT INTO aliases (item_id, alias, alias_lower, source) VALUES ('고양', '리터', '리터', 'rule');
INSERT INTO aliases (item_id, alias, alias_lower, source) VALUES ('고양', '벤토 모래', '벤토 모래', 'rule');
INSERT INTO aliases (item_id, alias, alias_lower, source) VALUES ('고양', '벤토나이트 모래', '벤토나이트 모래', 'rule');
INSERT INTO aliases (item_id, alias, alias_lower, source) VALUES ('고양', '쉬야 모래', '쉬야 모래', 'rule');
INSERT INTO aliases (item_id, alias, alias_lower, source) VALUES ('고양', '응가 모래', '응가 모래', 'rule');
INSERT INTO aliases (item_id, alias, alias_lower, source) VALUES ('고양', '캣 모래', '캣 모래', 'rule');
INSERT INTO aliases (item_id, alias, alias_lower, source) VALUES ('고양', '캣리터', '캣리터', 'rule');
INSERT INTO aliases (item_id, alias, alias_lower, source) VALUES ('고양', '펠렛 모래', '펠렛 모래', 'rule');
INSERT INTO aliases (item_id, alias, alias_lower, source) VALUES ('고양', '화장실 모래', '화장실 모래', 'rule');
INSERT OR REPLACE INTO items (id, name, category, note, steps, confidence, source_url, source_name, source_grade, feature, caution, last_verified, region_variation, official_classification) VALUES ('그늘 천막', '그늘 천막', 'furniture', '· 가정에서 배출하는 그늘천막은 주로 PE 재질로 제작되어 재활용이 가능하나 크기가 커 재활용품으로 배출하기보단 대형폐기물로 배출하는 것이 좋습니다.', '["그늘 천막은 대형폐기물로 배출합니다."]', 'high', 'https://www.xn--oy2b29bd3a601b.kr/front/dischargeMethod/dictionaryView.do?niIdx=201', '분리배출.kr (한국폐기물협회·환경부)', 'A', '· 가정에서 배출하는 그늘천막은 주로 PE 재질로 제작되어 재활용이 가능하나 크기가 커 재활용품으로 배출하기보단 대형폐기물로 배출하는 것이 좋습니다.', '· 크기가 큰 천막을 배출할 때에는 보행자에게 불편을 주지 않도록 끈으로 묶어서 배출', '2026-05-18', 0, '["대형폐기물"]');
INSERT INTO aliases (item_id, alias, alias_lower, source) VALUES ('그늘 천막', '가제보', '가제보', 'rule');
INSERT INTO aliases (item_id, alias, alias_lower, source) VALUES ('그늘 천막', '간이 천막', '간이 천막', 'rule');
INSERT INTO aliases (item_id, alias, alias_lower, source) VALUES ('그늘 천막', '그늘막', '그늘막', 'rule');
INSERT INTO aliases (item_id, alias, alias_lower, source) VALUES ('그늘 천막', '그늘이', '그늘이', 'rule');
INSERT INTO aliases (item_id, alias, alias_lower, source) VALUES ('그늘 천막', '썬쉐이드', '썬쉐이드', 'rule');
INSERT INTO aliases (item_id, alias, alias_lower, source) VALUES ('그늘 천막', '야외 천막', '야외 천막', 'rule');
INSERT INTO aliases (item_id, alias, alias_lower, source) VALUES ('그늘 천막', '에어풀장', '에어풀장', 'rule');
INSERT INTO aliases (item_id, alias, alias_lower, source) VALUES ('그늘 천막', '정원 천막', '정원 천막', 'rule');
INSERT INTO aliases (item_id, alias, alias_lower, source) VALUES ('그늘 천막', '차양막', '차양막', 'rule');
INSERT INTO aliases (item_id, alias, alias_lower, source) VALUES ('그늘 천막', '캐노피', '캐노피', 'rule');
INSERT INTO aliases (item_id, alias, alias_lower, source) VALUES ('그늘 천막', '캠핑 천막', '캠핑 천막', 'rule');
INSERT INTO aliases (item_id, alias, alias_lower, source) VALUES ('그늘 천막', '타프', '타프', 'rule');
INSERT INTO aliases (item_id, alias, alias_lower, source) VALUES ('그늘 천막', '햇빛 가리개', '햇빛 가리개', 'rule');
INSERT OR REPLACE INTO items (id, name, category, note, steps, confidence, source_url, source_name, source_grade, feature, caution, last_verified, region_variation, official_classification) VALUES ('목검', '목검', 'furniture', '· 가정에서 배출하는 목재류 제품은 재활용이 어려우므로 종량제봉투로 배출해야 합니다. · 대형폐기물은 크기, 부피 등이 커 종량제봉투로 배출하기 어려운 폐기물을 말합니다. 대형폐기물로 배출된 폐기물은 가연성, 목재제품, 플라스틱, 전자제품 등으로 선별한 후 처리업체로 이송됩니다. 이 중 전기전자제품은 전자제품 재활용업체로 이송되어 재활용하고 있습니다. ·', '["목검은 종량제봉투로 배출합니다.", "크기가 커 종량제봉투로 배출하기 어려운 경우에는 대형폐기물로 배출합니다."]', 'high', 'https://www.xn--oy2b29bd3a601b.kr/front/dischargeMethod/dictionaryView.do?niIdx=202', '분리배출.kr (한국폐기물협회·환경부)', 'A', '· 가정에서 배출하는 목재류 제품은 재활용이 어려우므로 종량제봉투로 배출해야 합니다. · 대형폐기물은 크기, 부피 등이 커 종량제봉투로 배출하기 어려운 폐기물을 말합니다. 대형폐기물로 배출된 폐기물은 가연성, 목재제품, 플라스틱, 전자제품 등으로 선별한 후 처리업체로 이송됩니다. 이 중 전기전자제품은 전자제품 재활용업체로 이송되어 재활용하고 있습니다. · 크기가 큰 제품은 대형폐기물로 배출해...', '· 가정에서 배출하는 목재제품은 재활용이 어려우므로 종량제봉투로 배출', '2026-05-18', 0, '["일반폐기물", "일반종량제폐기물", "대형폐기물"]');
INSERT INTO aliases (item_id, alias, alias_lower, source) VALUES ('목검', '검도목검', '검도목검', 'rule');
INSERT INTO aliases (item_id, alias, alias_lower, source) VALUES ('목검', '검도수련검', '검도수련검', 'rule');
INSERT INTO aliases (item_id, alias, alias_lower, source) VALUES ('목검', '나무막대칼', '나무막대칼', 'rule');
INSERT INTO aliases (item_id, alias, alias_lower, source) VALUES ('목검', '나무칼', '나무칼', 'rule');
INSERT INTO aliases (item_id, alias, alias_lower, source) VALUES ('목검', '낚시대', '낚시대', 'rule');
INSERT INTO aliases (item_id, alias, alias_lower, source) VALUES ('목검', '모형검', '모형검', 'rule');
INSERT INTO aliases (item_id, alias, alias_lower, source) VALUES ('목검', '목칼', '목칼', 'rule');
INSERT INTO aliases (item_id, alias, alias_lower, source) VALUES ('목검', '수련용검', '수련용검', 'rule');
INSERT INTO aliases (item_id, alias, alias_lower, source) VALUES ('목검', '우든소드', '우든소드', 'rule');
INSERT INTO aliases (item_id, alias, alias_lower, source) VALUES ('목검', '장난감칼', '장난감칼', 'rule');
INSERT INTO aliases (item_id, alias, alias_lower, source) VALUES ('목검', '칼칼', '칼칼', 'rule');
INSERT INTO aliases (item_id, alias, alias_lower, source) VALUES ('목검', '태권도목검', '태권도목검', 'rule');
INSERT INTO aliases (item_id, alias, alias_lower, source) VALUES ('목검', '트레이닝소드', '트레이닝소드', 'rule');
INSERT OR REPLACE INTO items (id, name, category, note, steps, confidence, source_url, source_name, source_grade, feature, caution, last_verified, region_variation, official_classification) VALUES ('목발', '목발', 'furniture', '· 목발은 고철, 섬유, 고무 등이 혼합된 복합재질 제품으로 재활용이 어렵습니다.', '["목발은 대형폐기물로 배출합니다."]', 'high', 'https://www.xn--oy2b29bd3a601b.kr/front/dischargeMethod/dictionaryView.do?niIdx=203', '분리배출.kr (한국폐기물협회·환경부)', 'A', '· 목발은 고철, 섬유, 고무 등이 혼합된 복합재질 제품으로 재활용이 어렵습니다.', '· 크기가 크거나 길이가 긴 제품은 끈으로 묶은 후 배출', '2026-05-18', 0, '["대형폐기물"]');
INSERT INTO aliases (item_id, alias, alias_lower, source) VALUES ('목발', '겨드랑이 목발', '겨드랑이 목발', 'rule');
INSERT INTO aliases (item_id, alias, alias_lower, source) VALUES ('목발', '다리 지지대', '다리 지지대', 'rule');
INSERT INTO aliases (item_id, alias, alias_lower, source) VALUES ('목발', '다리발', '다리발', 'rule');
INSERT INTO aliases (item_id, alias, alias_lower, source) VALUES ('목발', '목발이', '목발이', 'rule');
INSERT INTO aliases (item_id, alias, alias_lower, source) VALUES ('목발', '병원 목발', '병원 목발', 'rule');
INSERT INTO aliases (item_id, alias, alias_lower, source) VALUES ('목발', '보조발', '보조발', 'rule');
INSERT INTO aliases (item_id, alias, alias_lower, source) VALUES ('목발', '보행보조기', '보행보조기', 'rule');
INSERT INTO aliases (item_id, alias, alias_lower, source) VALUES ('목발', '알루미늄 목발', '알루미늄 목발', 'rule');
INSERT INTO aliases (item_id, alias, alias_lower, source) VALUES ('목발', '워킹 에이드', '워킹 에이드', 'rule');
INSERT INTO aliases (item_id, alias, alias_lower, source) VALUES ('목발', '접이식 목발', '접이식 목발', 'rule');
INSERT INTO aliases (item_id, alias, alias_lower, source) VALUES ('목발', '크러치', '크러치', 'rule');
INSERT INTO aliases (item_id, alias, alias_lower, source) VALUES ('목발', '팔꿈치 목발', '팔꿈치 목발', 'rule');
INSERT OR REPLACE INTO items (id, name, category, note, steps, confidence, source_url, source_name, source_grade, feature, caution, last_verified, region_variation, official_classification) VALUES ('문발', '문발', 'furniture', '· 문발은 제품의 종류에 따라 플라스틱, 목재, 섬유 등 다양한 재질로 제작됩니다. · 단일재질의 합성수지 제품은 재활용이 가능합니다. · 다만, 문발과 같이 크기가 큰 플라스틱의 제품은 수거한 후 재활용 선별장에서 선별하기 곤란하여 소각하거나 전문 재활용업체로 위탁하여 처리하고 있습니다.', '["문발은 대형폐기물로 배출합니다."]', 'high', 'https://www.xn--oy2b29bd3a601b.kr/front/dischargeMethod/dictionaryView.do?niIdx=204', '분리배출.kr (한국폐기물협회·환경부)', 'A', '· 문발은 제품의 종류에 따라 플라스틱, 목재, 섬유 등 다양한 재질로 제작됩니다. · 단일재질의 합성수지 제품은 재활용이 가능합니다. · 다만, 문발과 같이 크기가 큰 플라스틱의 제품은 수거한 후 재활용 선별장에서 선별하기 곤란하여 소각하거나 전문 재활용업체로 위탁하여 처리하고 있습니다.', '· 크기가 크거나 길이가 긴 제품은 끈으로 묶은 후 배출', '2026-05-18', 0, '["대형폐기물"]');
INSERT OR REPLACE INTO items (id, name, category, note, steps, confidence, source_url, source_name, source_grade, feature, caution, last_verified, region_variation, official_classification) VALUES ('밀대 걸레', '밀대 걸레', 'furniture', '· 밀대 걸레는 고철, 플라스틱 등이 혼합된 복합재질 제품으로 재활용이 어렵습니다. · 크기가 큰 제품은 대형폐기물로 배출해야 하며, 일부 대형폐기물 품목에 기재되지 않은 물품은 종류 및 규격을 감안하여 유사한 품목 수수료에 준하여 책정하고 있습니다. ※ 배출방법은 지역별로 차이가 있을 수 있으니, 해당 지방자치단체에서 정하는 방법이 있는 경우에는 해당 방', '["밀대 걸레는 대형폐기물로 배출합니다."]', 'high', 'https://www.xn--oy2b29bd3a601b.kr/front/dischargeMethod/dictionaryView.do?niIdx=205', '분리배출.kr (한국폐기물협회·환경부)', 'A', '· 밀대 걸레는 고철, 플라스틱 등이 혼합된 복합재질 제품으로 재활용이 어렵습니다. · 크기가 큰 제품은 대형폐기물로 배출해야 하며, 일부 대형폐기물 품목에 기재되지 않은 물품은 종류 및 규격을 감안하여 유사한 품목 수수료에 준하여 책정하고 있습니다. ※ 배출방법은 지역별로 차이가 있을 수 있으니, 해당 지방자치단체에서 정하는 방법이 있는 경우에는 해당 방법에 따라 배출하시기 바랍니다. 가까...', '', '2026-05-18', 0, '["대형폐기물"]');
INSERT INTO aliases (item_id, alias, alias_lower, source) VALUES ('밀대 걸레', '걸레대', '걸레대', 'rule');
INSERT INTO aliases (item_id, alias, alias_lower, source) VALUES ('밀대 걸레', '막대걸레', '막대걸레', 'rule');
INSERT INTO aliases (item_id, alias, alias_lower, source) VALUES ('밀대 걸레', '물걸레', '물걸레', 'rule');
INSERT INTO aliases (item_id, alias, alias_lower, source) VALUES ('밀대 걸레', '밀대', '밀대', 'rule');
INSERT INTO aliases (item_id, alias, alias_lower, source) VALUES ('밀대 걸레', '밀대걸레', '밀대걸레', 'rule');
INSERT INTO aliases (item_id, alias, alias_lower, source) VALUES ('밀대 걸레', '바닥걸레', '바닥걸레', 'rule');
INSERT INTO aliases (item_id, alias, alias_lower, source) VALUES ('밀대 걸레', '바닥닦이', '바닥닦이', 'rule');
INSERT INTO aliases (item_id, alias, alias_lower, source) VALUES ('밀대 걸레', '스팀맙', '스팀맙', 'rule');
INSERT INTO aliases (item_id, alias, alias_lower, source) VALUES ('밀대 걸레', '스프레이맙', '스프레이맙', 'rule');
INSERT INTO aliases (item_id, alias, alias_lower, source) VALUES ('밀대 걸레', '자루걸레', '자루걸레', 'rule');
INSERT INTO aliases (item_id, alias, alias_lower, source) VALUES ('밀대 걸레', '청소밀대', '청소밀대', 'rule');
INSERT INTO aliases (item_id, alias, alias_lower, source) VALUES ('밀대 걸레', '회전걸레', '회전걸레', 'rule');
INSERT OR REPLACE INTO items (id, name, category, note, steps, confidence, source_url, source_name, source_grade, feature, caution, last_verified, region_variation, official_classification) VALUES ('반려동물 캐리어', '반려동물 캐리어', 'furniture', '· 반려동물 캐리어는 플라스틱, 금속, 섬유 등이 혼합된 복합재질 제품으로 재활용이 어렵습니다. · 크기가 큰 제품은 대형폐기물로 배출해야 하며, 일부 대형폐기물 품목에 기재되지 않은 물품은 종류 및 규격을 감안하여 유사한 품목 수수료에 준하여 책정하고 있습니다.', '["반려동물 캐리어는 대형폐기물로 배출합니다."]', 'high', 'https://www.xn--oy2b29bd3a601b.kr/front/dischargeMethod/dictionaryView.do?niIdx=206', '분리배출.kr (한국폐기물협회·환경부)', 'A', '· 반려동물 캐리어는 플라스틱, 금속, 섬유 등이 혼합된 복합재질 제품으로 재활용이 어렵습니다. · 크기가 큰 제품은 대형폐기물로 배출해야 하며, 일부 대형폐기물 품목에 기재되지 않은 물품은 종류 및 규격을 감안하여 유사한 품목 수수료에 준하여 책정하고 있습니다.', '· 의류수거함에 배출 불가', '2026-05-18', 0, '["대형폐기물"]');
INSERT INTO aliases (item_id, alias, alias_lower, source) VALUES ('반려동물 캐리어', 'pet carrier', 'pet carrier', 'rule');
INSERT INTO aliases (item_id, alias, alias_lower, source) VALUES ('반려동물 캐리어', '강아지 캐리어', '강아지 캐리어', 'rule');
INSERT INTO aliases (item_id, alias, alias_lower, source) VALUES ('반려동물 캐리어', '냥냥이 가방', '냥냥이 가방', 'rule');
INSERT INTO aliases (item_id, alias, alias_lower, source) VALUES ('반려동물 캐리어', '멍멍이 이동장', '멍멍이 이동장', 'rule');
INSERT INTO aliases (item_id, alias, alias_lower, source) VALUES ('반려동물 캐리어', '반려동물 이동 가방', '반려동물 이동 가방', 'rule');
INSERT INTO aliases (item_id, alias, alias_lower, source) VALUES ('반려동물 캐리어', '반려동물캐리어', '반려동물캐리어', 'rule');
INSERT INTO aliases (item_id, alias, alias_lower, source) VALUES ('반려동물 캐리어', '애견 이동장', '애견 이동장', 'rule');
INSERT INTO aliases (item_id, alias, alias_lower, source) VALUES ('반려동물 캐리어', '켄넬', '켄넬', 'rule');
INSERT INTO aliases (item_id, alias, alias_lower, source) VALUES ('반려동물 캐리어', '펫 이동장', '펫 이동장', 'rule');
INSERT INTO aliases (item_id, alias, alias_lower, source) VALUES ('반려동물 캐리어', '펫 캐리어', '펫 캐리어', 'rule');
INSERT OR REPLACE INTO items (id, name, category, note, steps, confidence, source_url, source_name, source_grade, feature, caution, last_verified, region_variation, official_classification) VALUES ('밥상', '밥상', 'furniture', '· 밥상은 목재, 고철, 플라스틱 등 다양한 재질로 제작됩니다. · 가정에서 배출하는 목재제품은 표면에 방부제, 페인트, 오일 등을 처리하고 있어 물질 재활용이 어려워 주로 소각하거나 고형연료제품으로 에너지 재활용하고 있습니다. · 크기가 큰 제품은 대형폐기물로 배출해야 하며, 일부 대형폐기물 품목에 기재되지 않은 물품은 종류 및 규격을 감안하여 유사한 품', '["밥상은 대형폐기물로 배출합니다."]', 'high', 'https://www.xn--oy2b29bd3a601b.kr/front/dischargeMethod/dictionaryView.do?niIdx=207', '분리배출.kr (한국폐기물협회·환경부)', 'A', '· 밥상은 목재, 고철, 플라스틱 등 다양한 재질로 제작됩니다. · 가정에서 배출하는 목재제품은 표면에 방부제, 페인트, 오일 등을 처리하고 있어 물질 재활용이 어려워 주로 소각하거나 고형연료제품으로 에너지 재활용하고 있습니다. · 크기가 큰 제품은 대형폐기물로 배출해야 하며, 일부 대형폐기물 품목에 기재되지 않은 물품은 종류 및 규격을 감안하여 유사한 품목 수수료에 준하여 책정하고 있습니다...', '', '2026-05-18', 0, '["대형폐기물"]');
INSERT INTO aliases (item_id, alias, alias_lower, source) VALUES ('밥상', '교자상', '교자상', 'rule');
INSERT INTO aliases (item_id, alias, alias_lower, source) VALUES ('밥상', '다이닝 테이블', '다이닝 테이블', 'rule');
INSERT INTO aliases (item_id, alias, alias_lower, source) VALUES ('밥상', '목검', '목검', 'rule');
INSERT INTO aliases (item_id, alias, alias_lower, source) VALUES ('밥상', '밥 먹는 상', '밥 먹는 상', 'rule');
INSERT INTO aliases (item_id, alias, alias_lower, source) VALUES ('밥상', '밥상용 테이블', '밥상용 테이블', 'rule');
INSERT INTO aliases (item_id, alias, alias_lower, source) VALUES ('밥상', '소반', '소반', 'rule');
INSERT INTO aliases (item_id, alias, alias_lower, source) VALUES ('밥상', '어린이 밥상', '어린이 밥상', 'rule');
INSERT INTO aliases (item_id, alias, alias_lower, source) VALUES ('밥상', '작은 밥상', '작은 밥상', 'rule');
INSERT INTO aliases (item_id, alias, alias_lower, source) VALUES ('밥상', '접이식 밥상', '접이식 밥상', 'rule');
INSERT INTO aliases (item_id, alias, alias_lower, source) VALUES ('밥상', '좌식 식탁', '좌식 식탁', 'rule');
INSERT INTO aliases (item_id, alias, alias_lower, source) VALUES ('밥상', '좌탁', '좌탁', 'rule');
INSERT OR REPLACE INTO items (id, name, category, note, steps, confidence, source_url, source_name, source_grade, feature, caution, last_verified, region_variation, official_classification) VALUES ('사다리', '사다리', 'furniture', '· 사다리는 목재, 스테인리스, 알루미늄 등 재질이 다양하며, 용도에 따라 크기도 다양합니다. · 단일재질의 고철 제품은 재활용이 가능하나 크기가 커 대형폐기물로 배출하여야 합니다. · 대형폐기물은 크기, 부피 등이 커 종량제봉투로 배출하기 어려운 폐기물을 말합니다. 대형폐기물로 배출된 폐기물은 가연성, 목재제품, 플라스틱, 전자제품 등으로 선별한 후 처리', '["사다리는 대형폐기물로 배출합니다."]', 'high', 'https://www.xn--oy2b29bd3a601b.kr/front/dischargeMethod/dictionaryView.do?niIdx=208', '분리배출.kr (한국폐기물협회·환경부)', 'A', '· 사다리는 목재, 스테인리스, 알루미늄 등 재질이 다양하며, 용도에 따라 크기도 다양합니다. · 단일재질의 고철 제품은 재활용이 가능하나 크기가 커 대형폐기물로 배출하여야 합니다. · 대형폐기물은 크기, 부피 등이 커 종량제봉투로 배출하기 어려운 폐기물을 말합니다. 대형폐기물로 배출된 폐기물은 가연성, 목재제품, 플라스틱, 전자제품 등으로 선별한 후 처리업체로 이송됩니다. 이 중 전기전자제...', '', '2026-05-18', 0, '["대형폐기물"]');
INSERT INTO aliases (item_id, alias, alias_lower, source) VALUES ('사다리', 'A형 사다리', 'a형 사다리', 'rule');
INSERT INTO aliases (item_id, alias, alias_lower, source) VALUES ('사다리', '계단 사다리', '계단 사다리', 'rule');
INSERT INTO aliases (item_id, alias, alias_lower, source) VALUES ('사다리', '공구 사다리', '공구 사다리', 'rule');
INSERT INTO aliases (item_id, alias, alias_lower, source) VALUES ('사다리', '다용도 사다리', '다용도 사다리', 'rule');
INSERT INTO aliases (item_id, alias, alias_lower, source) VALUES ('사다리', '래더', '래더', 'rule');
INSERT INTO aliases (item_id, alias, alias_lower, source) VALUES ('사다리', '발판 사다리', '발판 사다리', 'rule');
INSERT INTO aliases (item_id, alias, alias_lower, source) VALUES ('사다리', '스텝 래더', '스텝 래더', 'rule');
INSERT INTO aliases (item_id, alias, alias_lower, source) VALUES ('사다리', '안전 사다리', '안전 사다리', 'rule');
INSERT INTO aliases (item_id, alias, alias_lower, source) VALUES ('사다리', '알루미늄 사다리', '알루미늄 사다리', 'rule');
INSERT INTO aliases (item_id, alias, alias_lower, source) VALUES ('사다리', '오름대', '오름대', 'rule');
INSERT INTO aliases (item_id, alias, alias_lower, source) VALUES ('사다리', '작업대 사다리', '작업대 사다리', 'rule');
INSERT INTO aliases (item_id, alias, alias_lower, source) VALUES ('사다리', '접이식 사다리', '접이식 사다리', 'rule');
INSERT OR REPLACE INTO items (id, name, category, note, steps, confidence, source_url, source_name, source_grade, feature, caution, last_verified, region_variation, official_classification) VALUES ('실내자전거', '실내자전거', 'furniture', '· 가정에서 사용하는 실내 운동기구는 고철, 고무, 플라스틱이 혼합된 복합재질 제품이며, 크기가 커 대형폐기물로 배출하여야 합니다. ·대형폐기물은 크기, 부피 등이 커 종량제봉투로 배출하기 어려운 폐기물을 말합니다. 대형폐기물로 배출된 폐기물은 가연성, 목재제품, 플라스틱, 전자제품 등으로 선별한 후 처리업체로 이송됩니다. 이 중 전기전자제품은 전자제품 재', '["실내자전거는 대형폐기물로 배출합니다."]', 'high', 'https://www.xn--oy2b29bd3a601b.kr/front/dischargeMethod/dictionaryView.do?niIdx=209', '분리배출.kr (한국폐기물협회·환경부)', 'A', '· 가정에서 사용하는 실내 운동기구는 고철, 고무, 플라스틱이 혼합된 복합재질 제품이며, 크기가 커 대형폐기물로 배출하여야 합니다. ·대형폐기물은 크기, 부피 등이 커 종량제봉투로 배출하기 어려운 폐기물을 말합니다. 대형폐기물로 배출된 폐기물은 가연성, 목재제품, 플라스틱, 전자제품 등으로 선별한 후 처리업체로 이송됩니다. 이 중 전기전자제품은 전자제품 재활용업체로 이송되어 재활용하고 있습니...', '', '2026-05-18', 0, '["대형폐기물"]');
INSERT INTO aliases (item_id, alias, alias_lower, source) VALUES ('실내자전거', '고정자전거', '고정자전거', 'rule');
INSERT INTO aliases (item_id, alias, alias_lower, source) VALUES ('실내자전거', '스테이셔너리 바이크', '스테이셔너리 바이크', 'rule');
INSERT INTO aliases (item_id, alias, alias_lower, source) VALUES ('실내자전거', '스피닝 자전거', '스피닝 자전거', 'rule');
INSERT INTO aliases (item_id, alias, alias_lower, source) VALUES ('실내자전거', '실내 싸이클', '실내 싸이클', 'rule');
INSERT INTO aliases (item_id, alias, alias_lower, source) VALUES ('실내자전거', '엑서사이즈 바이크', '엑서사이즈 바이크', 'rule');
INSERT INTO aliases (item_id, alias, alias_lower, source) VALUES ('실내자전거', '운동자전거', '운동자전거', 'rule');
INSERT INTO aliases (item_id, alias, alias_lower, source) VALUES ('실내자전거', '인도어 사이클', '인도어 사이클', 'rule');
INSERT INTO aliases (item_id, alias, alias_lower, source) VALUES ('실내자전거', '입식 사이클', '입식 사이클', 'rule');
INSERT INTO aliases (item_id, alias, alias_lower, source) VALUES ('실내자전거', '좌식 사이클', '좌식 사이클', 'rule');
INSERT INTO aliases (item_id, alias, alias_lower, source) VALUES ('실내자전거', '집 자전거', '집 자전거', 'rule');
INSERT INTO aliases (item_id, alias, alias_lower, source) VALUES ('실내자전거', '헬스자전거', '헬스자전거', 'rule');
INSERT INTO aliases (item_id, alias, alias_lower, source) VALUES ('실내자전거', '홈트 자전거', '홈트 자전거', 'rule');
INSERT OR REPLACE INTO items (id, name, category, note, steps, confidence, source_url, source_name, source_grade, feature, caution, last_verified, region_variation, official_classification) VALUES ('삽', '삽', 'furniture', '· 삽은 땅을 파고 흙을 뜨는데 사용하는 연장으로 금속, 플라스틱, 목재 등 다양한 재질이 혼합된 복합재질 제품입니다. · 금속 함량이 많은 삽은 고철류로 재활용이 가능하나 대부분의 삽은 목재 가 다량함유되거나 합성수지 제품인 경우가 많아 재활용이 어렵습니다. · 대형폐기물은 크기, 부피 등이 커 종량제봉투로 배출하기 어려운 폐기물을 말합니다. 대형폐기물로', '["삽은 대형폐기물로 배출합니다."]', 'high', 'https://www.xn--oy2b29bd3a601b.kr/front/dischargeMethod/dictionaryView.do?niIdx=210', '분리배출.kr (한국폐기물협회·환경부)', 'A', '· 삽은 땅을 파고 흙을 뜨는데 사용하는 연장으로 금속, 플라스틱, 목재 등 다양한 재질이 혼합된 복합재질 제품입니다. · 금속 함량이 많은 삽은 고철류로 재활용이 가능하나 대부분의 삽은 목재 가 다량함유되거나 합성수지 제품인 경우가 많아 재활용이 어렵습니다. · 대형폐기물은 크기, 부피 등이 커 종량제봉투로 배출하기 어려운 폐기물을 말합니다. 대형폐기물로 배출된 폐기물은 가연성, 목재제품,...', '', '2026-05-18', 0, '["대형폐기물"]');
INSERT OR REPLACE INTO items (id, name, category, note, steps, confidence, source_url, source_name, source_grade, feature, caution, last_verified, region_variation, official_classification) VALUES ('소화기', '소화기', 'furniture', '· 소화기는 화재의 초기 단계에 진압할 수 있는 기구로 화재, 약제에 따라 종류가 다양합니다. · 소화기는 소화기 폭발사고 예방 등을 위하여 전문 처리업체에 위탁하여 처리하여야 합니다. · 가정에서 배출하는 소화기는 대형폐기물로 배출하여야 하며, 대형폐기물로 배출한 소화기는 한데 모아 전문 처리업체로 운반되어 재활용됩니다. ※ 배출방법은 지역별로 차이가 있', '["소화기는 대형폐기물로 배출합니다."]', 'high', 'https://www.xn--oy2b29bd3a601b.kr/front/dischargeMethod/dictionaryView.do?niIdx=211', '분리배출.kr (한국폐기물협회·환경부)', 'A', '· 소화기는 화재의 초기 단계에 진압할 수 있는 기구로 화재, 약제에 따라 종류가 다양합니다. · 소화기는 소화기 폭발사고 예방 등을 위하여 전문 처리업체에 위탁하여 처리하여야 합니다. · 가정에서 배출하는 소화기는 대형폐기물로 배출하여야 하며, 대형폐기물로 배출한 소화기는 한데 모아 전문 처리업체로 운반되어 재활용됩니다. ※ 배출방법은 지역별로 차이가 있을 수 있으니, 해당 지방자치단체에서...', '', '2026-05-18', 0, '["대형폐기물"]');
INSERT INTO aliases (item_id, alias, alias_lower, source) VALUES ('소화기', 'ABC소화기', 'abc소화기', 'rule');
INSERT INTO aliases (item_id, alias, alias_lower, source) VALUES ('소화기', '디스펜서', '디스펜서', 'rule');
INSERT INTO aliases (item_id, alias, alias_lower, source) VALUES ('소화기', '분말소화기', '분말소화기', 'rule');
INSERT INTO aliases (item_id, alias, alias_lower, source) VALUES ('소화기', '불끄는거', '불끄는거', 'rule');
INSERT INTO aliases (item_id, alias, alias_lower, source) VALUES ('소화기', '불끄는도구', '불끄는도구', 'rule');
INSERT INTO aliases (item_id, alias, alias_lower, source) VALUES ('소화기', '불끄는통', '불끄는통', 'rule');
INSERT INTO aliases (item_id, alias, alias_lower, source) VALUES ('소화기', '불끌이', '불끌이', 'rule');
INSERT INTO aliases (item_id, alias, alias_lower, source) VALUES ('소화기', '불소화기', '불소화기', 'rule');
INSERT INTO aliases (item_id, alias, alias_lower, source) VALUES ('소화기', '빨간소화기', '빨간소화기', 'rule');
INSERT INTO aliases (item_id, alias, alias_lower, source) VALUES ('소화기', '압축봉', '압축봉', 'rule');
INSERT INTO aliases (item_id, alias, alias_lower, source) VALUES ('소화기', '익스팅귀셔', '익스팅귀셔', 'rule');
INSERT INTO aliases (item_id, alias, alias_lower, source) VALUES ('소화기', '초기소화장치', '초기소화장치', 'rule');
INSERT INTO aliases (item_id, alias, alias_lower, source) VALUES ('소화기', '파이어익스팅귀셔', '파이어익스팅귀셔', 'rule');
INSERT INTO aliases (item_id, alias, alias_lower, source) VALUES ('소화기', '화재진압기', '화재진압기', 'rule');
INSERT OR REPLACE INTO items (id, name, category, note, steps, confidence, source_url, source_name, source_grade, feature, caution, last_verified, region_variation, official_classification) VALUES ('스노보드', '스노보드', 'furniture', '· 스노보드는 눈이 쌓인 비탈을 미끄러지듯 내려갈 수 있도록 제작된 널빤지형 운동기구로 목재, 유리섬유, 고철 등이 혼합된 복합재질 제품입니다. · 복합재질 제품은 재활용이 어려우며, 해당 제품은 크기가 커 대형폐기물로 배출합니다. · 대형폐기물은 크기, 부피 등이 커 종량제봉투로 배출하기 어려운 폐기물을 말합니다. 대형폐기물로 배출된 폐기물은 가연성, 목', '["스노보드는 대형폐기물로 배출합니다."]', 'high', 'https://www.xn--oy2b29bd3a601b.kr/front/dischargeMethod/dictionaryView.do?niIdx=212', '분리배출.kr (한국폐기물협회·환경부)', 'A', '· 스노보드는 눈이 쌓인 비탈을 미끄러지듯 내려갈 수 있도록 제작된 널빤지형 운동기구로 목재, 유리섬유, 고철 등이 혼합된 복합재질 제품입니다. · 복합재질 제품은 재활용이 어려우며, 해당 제품은 크기가 커 대형폐기물로 배출합니다. · 대형폐기물은 크기, 부피 등이 커 종량제봉투로 배출하기 어려운 폐기물을 말합니다. 대형폐기물로 배출된 폐기물은 가연성, 목재제품, 플라스틱, 전자제품 등으로...', '· 대형폐기물 배출 시 보행자에게 불편을 주지 않도록 주의하여 배출', '2026-05-18', 0, '["대형폐기물"]');
INSERT INTO aliases (item_id, alias, alias_lower, source) VALUES ('스노보드', 'board', 'board', 'rule');
INSERT INTO aliases (item_id, alias, alias_lower, source) VALUES ('스노보드', 'snowboard', 'snowboard', 'rule');
INSERT INTO aliases (item_id, alias, alias_lower, source) VALUES ('스노보드', '눈판', '눈판', 'rule');
INSERT INTO aliases (item_id, alias, alias_lower, source) VALUES ('스노보드', '눈판때기', '눈판때기', 'rule');
INSERT INTO aliases (item_id, alias, alias_lower, source) VALUES ('스노보드', '데크', '데크', 'rule');
INSERT INTO aliases (item_id, alias, alias_lower, source) VALUES ('스노보드', '버튼', '버튼', 'rule');
INSERT INTO aliases (item_id, alias, alias_lower, source) VALUES ('스노보드', '보드', '보드', 'rule');
INSERT INTO aliases (item_id, alias, alias_lower, source) VALUES ('스노보드', '살로몬', '살로몬', 'rule');
INSERT INTO aliases (item_id, alias, alias_lower, source) VALUES ('스노보드', '설상보드', '설상보드', 'rule');
INSERT INTO aliases (item_id, alias, alias_lower, source) VALUES ('스노보드', '스노우보드', '스노우보드', 'rule');
INSERT INTO aliases (item_id, alias, alias_lower, source) VALUES ('스노보드', '스노우판', '스노우판', 'rule');
INSERT INTO aliases (item_id, alias, alias_lower, source) VALUES ('스노보드', '스보드', '스보드', 'rule');
INSERT INTO aliases (item_id, alias, alias_lower, source) VALUES ('스노보드', '스키신발', '스키신발', 'rule');
INSERT OR REPLACE INTO items (id, name, category, note, steps, confidence, source_url, source_name, source_grade, feature, caution, last_verified, region_variation, official_classification) VALUES ('전기장판', '전기장판', 'furniture', '· 전기장판 등 일부 소형가전제품은 환경성보장제도 대상품목에 해당되지 않습니다. · 환경성보장제도에 포함되지 않은 전기전자제품이어도 무상방문수거서비스를 이용할 때 함께 배출할 수 있으며, 가까운 소형전기전자제품 전용수거함으로 배출할 수도 있습니다. · 또한, 지자체에 따라 소형가전제품을 수거하는 경우도 있으니 확인하신 후 배출하시는 것이 좋습니다.', '["전기장판은 소형전기전자제품 전용수거함으로 배출합니다.", "인근에 전용수거함이 없는 경우에는 지자체에 문의한 후 배출하여 주시기 바랍니다.", "크기가 커 수거함 배출이 어렵거나 무상수거 서비스를 이용하기 어려운 경우에는 대형폐기물로 배출합니다."]', 'high', 'https://www.xn--oy2b29bd3a601b.kr/front/dischargeMethod/dictionaryView.do?niIdx=213', '분리배출.kr (한국폐기물협회·환경부)', 'A', '· 전기장판 등 일부 소형가전제품은 환경성보장제도 대상품목에 해당되지 않습니다. · 환경성보장제도에 포함되지 않은 전기전자제품이어도 무상방문수거서비스를 이용할 때 함께 배출할 수 있으며, 가까운 소형전기전자제품 전용수거함으로 배출할 수도 있습니다. · 또한, 지자체에 따라 소형가전제품을 수거하는 경우도 있으니 확인하신 후 배출하시는 것이 좋습니다.', '· 크기가 커 배출하실 때에는 보행자에게 불편을 주지 않도록 끈으로 묶어서 부피를 최대한 줄여서 배출 · 옥장판은 무상수거서비스 수거 불가 품목', '2026-05-18', 0, '["재활용폐기물", "전기전자 제품류", "대형폐기물"]');
INSERT INTO aliases (item_id, alias, alias_lower, source) VALUES ('전기장판', 'electric mat', 'electric mat', 'rule');
INSERT INTO aliases (item_id, alias, alias_lower, source) VALUES ('전기장판', 'heating mat', 'heating mat', 'rule');
INSERT INTO aliases (item_id, alias, alias_lower, source) VALUES ('전기장판', '난방매트', '난방매트', 'rule');
INSERT INTO aliases (item_id, alias, alias_lower, source) VALUES ('전기장판', '따뜻매트', '따뜻매트', 'rule');
INSERT INTO aliases (item_id, alias, alias_lower, source) VALUES ('전기장판', '라돈 침대(라돈 매트리스)', '라돈 침대(라돈 매트리스)', 'rule');
INSERT INTO aliases (item_id, alias, alias_lower, source) VALUES ('전기장판', '보국', '보국', 'rule');
INSERT INTO aliases (item_id, alias, alias_lower, source) VALUES ('전기장판', '온열매트', '온열매트', 'rule');
INSERT INTO aliases (item_id, alias, alias_lower, source) VALUES ('전기장판', '일월', '일월', 'rule');
INSERT INTO aliases (item_id, alias, alias_lower, source) VALUES ('전기장판', '전기매', '전기매', 'rule');
INSERT INTO aliases (item_id, alias, alias_lower, source) VALUES ('전기장판', '전기매트', '전기매트', 'rule');
INSERT INTO aliases (item_id, alias, alias_lower, source) VALUES ('전기장판', '전기요', '전기요', 'rule');
INSERT INTO aliases (item_id, alias, alias_lower, source) VALUES ('전기장판', '전열매트', '전열매트', 'rule');
INSERT INTO aliases (item_id, alias, alias_lower, source) VALUES ('전기장판', '토퍼', '토퍼', 'rule');
INSERT OR REPLACE INTO items (id, name, category, note, steps, confidence, source_url, source_name, source_grade, feature, caution, last_verified, region_variation, official_classification) VALUES ('가스레인지', '가스레인지', 'furniture', '· 가스레인지는 가스를 이용한 취사도구로 대형폐기물로 배출합니다.', '["가스레인지는 대형폐기물로 배출합니다."]', 'high', 'https://www.xn--oy2b29bd3a601b.kr/front/dischargeMethod/dictionaryView.do?niIdx=214', '분리배출.kr (한국폐기물협회·환경부)', 'A', '· 가스레인지는 가스를 이용한 취사도구로 대형폐기물로 배출합니다.', '· 무상방문수거서비스를 통한 배출 불가', '2026-05-18', 0, '["대형폐기물"]');
INSERT OR REPLACE INTO items (id, name, category, note, steps, confidence, source_url, source_name, source_grade, feature, caution, last_verified, region_variation, official_classification) VALUES ('안마의자', '안마의자', 'furniture', '· 안마의자는 크기가 커 대형폐기물로 배출합니다.', '["안마의자는 대형폐기물로 배출합니다."]', 'high', 'https://www.xn--oy2b29bd3a601b.kr/front/dischargeMethod/dictionaryView.do?niIdx=215', '분리배출.kr (한국폐기물협회·환경부)', 'A', '· 안마의자는 크기가 커 대형폐기물로 배출합니다.', '· 무상방문수거서비스를 통한 배출 불가', '2026-05-18', 0, '["대형폐기물"]');
INSERT INTO aliases (item_id, alias, alias_lower, source) VALUES ('안마의자', 'chair', 'chair', 'rule');
INSERT INTO aliases (item_id, alias, alias_lower, source) VALUES ('안마의자', 'massage chair', 'massage chair', 'rule');
INSERT INTO aliases (item_id, alias, alias_lower, source) VALUES ('안마의자', '릴렉스체어', '릴렉스체어', 'rule');
INSERT INTO aliases (item_id, alias, alias_lower, source) VALUES ('안마의자', '마사지 의자', '마사지 의자', 'rule');
INSERT INTO aliases (item_id, alias, alias_lower, source) VALUES ('안마의자', '마사지체어', '마사지체어', 'rule');
INSERT INTO aliases (item_id, alias, alias_lower, source) VALUES ('안마의자', '바디프랜드', '바디프랜드', 'rule');
INSERT INTO aliases (item_id, alias, alias_lower, source) VALUES ('안마의자', '안마기계', '안마기계', 'rule');
INSERT INTO aliases (item_id, alias, alias_lower, source) VALUES ('안마의자', '안마의', '안마의', 'rule');
INSERT INTO aliases (item_id, alias, alias_lower, source) VALUES ('안마의자', '자동안마의자', '자동안마의자', 'rule');
INSERT INTO aliases (item_id, alias, alias_lower, source) VALUES ('안마의자', '전동안마의자', '전동안마의자', 'rule');
INSERT INTO aliases (item_id, alias, alias_lower, source) VALUES ('안마의자', '코지마', '코지마', 'rule');
INSERT INTO aliases (item_id, alias, alias_lower, source) VALUES ('안마의자', '휴테크', '휴테크', 'rule');
INSERT INTO aliases (item_id, alias, alias_lower, source) VALUES ('안마의자', '힐링체어', '힐링체어', 'rule');
INSERT OR REPLACE INTO items (id, name, category, note, steps, confidence, source_url, source_name, source_grade, feature, caution, last_verified, region_variation, official_classification) VALUES ('피아노', '피아노', 'furniture', '· 피아노는 크기가 커 대형폐기물로 배출합니다.', '["피아노는 대형폐기물로 배출합니다."]', 'high', 'https://www.xn--oy2b29bd3a601b.kr/front/dischargeMethod/dictionaryView.do?niIdx=216', '분리배출.kr (한국폐기물협회·환경부)', 'A', '· 피아노는 크기가 커 대형폐기물로 배출합니다.', '· 무상방문수거서비스를 통한 배출 불가', '2026-05-18', 0, '["대형폐기물"]');
INSERT INTO aliases (item_id, alias, alias_lower, source) VALUES ('피아노', 'piano', 'piano', 'rule');
INSERT INTO aliases (item_id, alias, alias_lower, source) VALUES ('피아노', '건반악기', '건반악기', 'rule');
INSERT INTO aliases (item_id, alias, alias_lower, source) VALUES ('피아노', '그랜드 피아노', '그랜드 피아노', 'rule');
INSERT INTO aliases (item_id, alias, alias_lower, source) VALUES ('피아노', '띠아노', '띠아노', 'rule');
INSERT INTO aliases (item_id, alias, alias_lower, source) VALUES ('피아노', '삼익 피아노', '삼익 피아노', 'rule');
INSERT INTO aliases (item_id, alias, alias_lower, source) VALUES ('피아노', '스타인웨이', '스타인웨이', 'rule');
INSERT INTO aliases (item_id, alias, alias_lower, source) VALUES ('피아노', '야마하 피아노', '야마하 피아노', 'rule');
INSERT INTO aliases (item_id, alias, alias_lower, source) VALUES ('피아노', '어쿠스틱 피아노', '어쿠스틱 피아노', 'rule');
INSERT INTO aliases (item_id, alias, alias_lower, source) VALUES ('피아노', '업라이트 피아노', '업라이트 피아노', 'rule');
INSERT INTO aliases (item_id, alias, alias_lower, source) VALUES ('피아노', '영창 피아노', '영창 피아노', 'rule');
INSERT INTO aliases (item_id, alias, alias_lower, source) VALUES ('피아노', '전자 피아노', '전자 피아노', 'rule');
INSERT INTO aliases (item_id, alias, alias_lower, source) VALUES ('피아노', '피아노 건반', '피아노 건반', 'rule');
INSERT OR REPLACE INTO items (id, name, category, note, steps, confidence, source_url, source_name, source_grade, feature, caution, last_verified, region_variation, official_classification) VALUES ('미끄럼틀', '미끄럼틀', 'furniture', '· 실내용 장난감인 미끄럼틀은 대부분 플라스틱 재질이나 크기가 커 대형폐기물로 배출합니다.', '["미끄럼틀은 대형폐기물로 배출합니다."]', 'high', 'https://www.xn--oy2b29bd3a601b.kr/front/dischargeMethod/dictionaryView.do?niIdx=217', '분리배출.kr (한국폐기물협회·환경부)', 'A', '· 실내용 장난감인 미끄럼틀은 대부분 플라스틱 재질이나 크기가 커 대형폐기물로 배출합니다.', '· 크기가 큰 플라스틱 제품은 합성수지 재질이어도 대형폐기물로 배출', '2026-05-18', 0, '["대형폐기물"]');
INSERT INTO aliases (item_id, alias, alias_lower, source) VALUES ('미끄럼틀', '미끄럼', '미끄럼', 'rule');
INSERT INTO aliases (item_id, alias, alias_lower, source) VALUES ('미끄럼틀', '미끄럼대', '미끄럼대', 'rule');
INSERT INTO aliases (item_id, alias, alias_lower, source) VALUES ('미끄럼틀', '미끄럼통', '미끄럼통', 'rule');
INSERT INTO aliases (item_id, alias, alias_lower, source) VALUES ('미끄럼틀', '미끄럼틀이', '미끄럼틀이', 'rule');
INSERT INTO aliases (item_id, alias, alias_lower, source) VALUES ('미끄럼틀', '미끄럼판', '미끄럼판', 'rule');
INSERT INTO aliases (item_id, alias, alias_lower, source) VALUES ('미끄럼틀', '소화기', '소화기', 'rule');
INSERT INTO aliases (item_id, alias, alias_lower, source) VALUES ('미끄럼틀', '스노보드', '스노보드', 'rule');
INSERT INTO aliases (item_id, alias, alias_lower, source) VALUES ('미끄럼틀', '슬라이드', '슬라이드', 'rule');
INSERT INTO aliases (item_id, alias, alias_lower, source) VALUES ('미끄럼틀', '실내 미끄럼틀', '실내 미끄럼틀', 'rule');
INSERT INTO aliases (item_id, alias, alias_lower, source) VALUES ('미끄럼틀', '아쿠아덤벨', '아쿠아덤벨', 'rule');
INSERT INTO aliases (item_id, alias, alias_lower, source) VALUES ('미끄럼틀', '어린이 미끄럼틀', '어린이 미끄럼틀', 'rule');
INSERT INTO aliases (item_id, alias, alias_lower, source) VALUES ('미끄럼틀', '유아 미끄럼틀', '유아 미끄럼틀', 'rule');
INSERT INTO aliases (item_id, alias, alias_lower, source) VALUES ('미끄럼틀', '접이식 미끄럼틀', '접이식 미끄럼틀', 'rule');
INSERT INTO aliases (item_id, alias, alias_lower, source) VALUES ('미끄럼틀', '정글짐 미끄럼틀', '정글짐 미끄럼틀', 'rule');
INSERT INTO aliases (item_id, alias, alias_lower, source) VALUES ('미끄럼틀', '키즈 슬라이드', '키즈 슬라이드', 'rule');
INSERT OR REPLACE INTO items (id, name, category, note, steps, confidence, source_url, source_name, source_grade, feature, caution, last_verified, region_variation, official_classification) VALUES ('카시트', '카시트', 'furniture', '· 카시트는 플라스틱, 섬유, 폼 등이 혼합된 복합재질 제품으로 재활용이 어려우며, 해당 제품은 크기가 커 대형폐기물로 배출합니다. ※ 배출방법은 지역별로 차이가 있을 수 있으니, 해당 지방자치단체에서 정하는 방법이 있는 경우에는 해당 방법에 따라 배출하시기 바랍니다. 가까운 분리배출 장소를 확인해보세요. 현재 위치에 가까운 배출장소가 없습니다. 근처의 다', '["카시트는 대형폐기물로 배출합니다."]', 'high', 'https://www.xn--oy2b29bd3a601b.kr/front/dischargeMethod/dictionaryView.do?niIdx=218', '분리배출.kr (한국폐기물협회·환경부)', 'A', '· 카시트는 플라스틱, 섬유, 폼 등이 혼합된 복합재질 제품으로 재활용이 어려우며, 해당 제품은 크기가 커 대형폐기물로 배출합니다. ※ 배출방법은 지역별로 차이가 있을 수 있으니, 해당 지방자치단체에서 정하는 방법이 있는 경우에는 해당 방법에 따라 배출하시기 바랍니다. 가까운 분리배출 장소를 확인해보세요. 현재 위치에 가까운 배출장소가 없습니다. 근처의 다른 지역을 검색해보세요. 현 위치 배...', '', '2026-05-18', 0, '["대형폐기물"]');
INSERT INTO aliases (item_id, alias, alias_lower, source) VALUES ('카시트', '다이치', '다이치', 'rule');
INSERT INTO aliases (item_id, alias, alias_lower, source) VALUES ('카시트', '베이비 시트', '베이비 시트', 'rule');
INSERT INTO aliases (item_id, alias, alias_lower, source) VALUES ('카시트', '부스터 시트', '부스터 시트', 'rule');
INSERT INTO aliases (item_id, alias, alias_lower, source) VALUES ('카시트', '브라이텍스', '브라이텍스', 'rule');
INSERT INTO aliases (item_id, alias, alias_lower, source) VALUES ('카시트', '순성', '순성', 'rule');
INSERT INTO aliases (item_id, alias, alias_lower, source) VALUES ('카시트', '아가 안전 의자', '아가 안전 의자', 'rule');
INSERT INTO aliases (item_id, alias, alias_lower, source) VALUES ('카시트', '아동용 안전 의자', '아동용 안전 의자', 'rule');
INSERT INTO aliases (item_id, alias, alias_lower, source) VALUES ('카시트', '어린이용 좌석', '어린이용 좌석', 'rule');
INSERT INTO aliases (item_id, alias, alias_lower, source) VALUES ('카시트', '유모차', '유모차', 'rule');
INSERT INTO aliases (item_id, alias, alias_lower, source) VALUES ('카시트', '자동차 안전 좌석', '자동차 안전 좌석', 'rule');
INSERT INTO aliases (item_id, alias, alias_lower, source) VALUES ('카시트', '차량용 아기 의자', '차량용 아기 의자', 'rule');
INSERT INTO aliases (item_id, alias, alias_lower, source) VALUES ('카시트', '차량용 어린이 의자', '차량용 어린이 의자', 'rule');
INSERT INTO aliases (item_id, alias, alias_lower, source) VALUES ('카시트', '차일드 시트', '차일드 시트', 'rule');
INSERT INTO aliases (item_id, alias, alias_lower, source) VALUES ('카시트', '타이어', '타이어', 'rule');
INSERT OR REPLACE INTO items (id, name, category, note, steps, confidence, source_url, source_name, source_grade, feature, caution, last_verified, region_variation, official_classification) VALUES ('체중계(전자식)', '체중계(전자식)', 'electronics', '· 체중계는 플라스틱, 금속, 유리 등이 혼합된 복합재질 제품으로 재활용이 어려우며, 해당 제품은 대형폐기물로 배출합니다. · 전자식 체중계(디지털, 스마트)는 환경성보장제도 대상품목에 해당되지 않습니다. · 환경성보장제도에 포함되지 않은 전기전자제품은 가까운 소형가전제품 수거함으로 배출하여 주시거나 별도 수거함이 마련되지 않은 경우에는 대형폐기물로 배출하', '["체중계(전자식)은 소형전기전제품 전용수거함으로 배출합니다.", "체중계는 대형폐기물로 배출합니다."]', 'high', 'https://www.xn--oy2b29bd3a601b.kr/front/dischargeMethod/dictionaryView.do?niIdx=219', '분리배출.kr (한국폐기물협회·환경부)', 'A', '· 체중계는 플라스틱, 금속, 유리 등이 혼합된 복합재질 제품으로 재활용이 어려우며, 해당 제품은 대형폐기물로 배출합니다. · 전자식 체중계(디지털, 스마트)는 환경성보장제도 대상품목에 해당되지 않습니다. · 환경성보장제도에 포함되지 않은 전기전자제품은 가까운 소형가전제품 수거함으로 배출하여 주시거나 별도 수거함이 마련되지 않은 경우에는 대형폐기물로 배출하여 주시기 바랍니다. · 또한, 지자...', '', '2026-05-18', 0, '["대형폐기물", "재활용폐기물", "전기전자 제품류"]');
INSERT INTO aliases (item_id, alias, alias_lower, source) VALUES ('체중계(전자식)', '몸무게 기계', '몸무게 기계', 'rule');
INSERT INTO aliases (item_id, alias, alias_lower, source) VALUES ('체중계(전자식)', '몸무게 재개', '몸무게 재개', 'rule');
INSERT INTO aliases (item_id, alias, alias_lower, source) VALUES ('체중계(전자식)', '몸무게 재는 거', '몸무게 재는 거', 'rule');
INSERT INTO aliases (item_id, alias, alias_lower, source) VALUES ('체중계(전자식)', '몸무게 측정기', '몸무게 측정기', 'rule');
INSERT INTO aliases (item_id, alias, alias_lower, source) VALUES ('체중계(전자식)', '무게 재는 띠띠', '무게 재는 띠띠', 'rule');
INSERT INTO aliases (item_id, alias, alias_lower, source) VALUES ('체중계(전자식)', '샤오미 체중계', '샤오미 체중계', 'rule');
INSERT INTO aliases (item_id, alias, alias_lower, source) VALUES ('체중계(전자식)', '스마트 체중계', '스마트 체중계', 'rule');
INSERT INTO aliases (item_id, alias, alias_lower, source) VALUES ('체중계(전자식)', '인바디', '인바디', 'rule');
INSERT INTO aliases (item_id, alias, alias_lower, source) VALUES ('체중계(전자식)', '자기 나침반', '자기 나침반', 'rule');
INSERT INTO aliases (item_id, alias, alias_lower, source) VALUES ('체중계(전자식)', '전자 체중계', '전자 체중계', 'rule');
INSERT INTO aliases (item_id, alias, alias_lower, source) VALUES ('체중계(전자식)', '체중 스케일', '체중 스케일', 'rule');
INSERT INTO aliases (item_id, alias, alias_lower, source) VALUES ('체중계(전자식)', '카스 체중계', '카스 체중계', 'rule');
INSERT OR REPLACE INTO items (id, name, category, note, steps, confidence, source_url, source_name, source_grade, feature, caution, last_verified, region_variation, official_classification) VALUES ('실링팬', '실링팬', 'furniture', '· 실링팬은 금속, 플라스틱, 목재 등이 혼합된 복합재질 제품으로 재활용이 어렵습니다. · 대부분의 실링팬은 크기가 커 대형폐기물로 배출합니다. · 실링팬에 조명이 포함된 경우 형광등, LED 조명은 제거한 후 형광등수거함으로 배출합니다.', '["실링팬은 대형폐기물로 배출합니다."]', 'high', 'https://www.xn--oy2b29bd3a601b.kr/front/dischargeMethod/dictionaryView.do?niIdx=220', '분리배출.kr (한국폐기물협회·환경부)', 'A', '· 실링팬은 금속, 플라스틱, 목재 등이 혼합된 복합재질 제품으로 재활용이 어렵습니다. · 대부분의 실링팬은 크기가 커 대형폐기물로 배출합니다. · 실링팬에 조명이 포함된 경우 형광등, LED 조명은 제거한 후 형광등수거함으로 배출합니다.', '· 내장된 조명제품(LED, 형광등)을 제거한 후 배출', '2026-05-18', 0, '["대형폐기물"]');
INSERT INTO aliases (item_id, alias, alias_lower, source) VALUES ('실링팬', 'LED', 'led', 'rule');
INSERT INTO aliases (item_id, alias, alias_lower, source) VALUES ('실링팬', 'ceiling fan', 'ceiling fan', 'rule');
INSERT INTO aliases (item_id, alias, alias_lower, source) VALUES ('실링팬', '공기순환기', '공기순환기', 'rule');
INSERT INTO aliases (item_id, alias, alias_lower, source) VALUES ('실링팬', '루씨에어', '루씨에어', 'rule');
INSERT INTO aliases (item_id, alias, alias_lower, source) VALUES ('실링팬', '뱅뱅이', '뱅뱅이', 'rule');
INSERT INTO aliases (item_id, alias, alias_lower, source) VALUES ('실링팬', '시링팬', '시링팬', 'rule');
INSERT INTO aliases (item_id, alias, alias_lower, source) VALUES ('실링팬', '실팬', '실팬', 'rule');
INSERT INTO aliases (item_id, alias, alias_lower, source) VALUES ('실링팬', '에어라트론', '에어라트론', 'rule');
INSERT INTO aliases (item_id, alias, alias_lower, source) VALUES ('실링팬', '조명제품', '조명제품', 'rule');
INSERT INTO aliases (item_id, alias, alias_lower, source) VALUES ('실링팬', '천선', '천선', 'rule');
INSERT INTO aliases (item_id, alias, alias_lower, source) VALUES ('실링팬', '천장 바람개비', '천장 바람개비', 'rule');
INSERT INTO aliases (item_id, alias, alias_lower, source) VALUES ('실링팬', '천장 뱅뱅이', '천장 뱅뱅이', 'rule');
INSERT INTO aliases (item_id, alias, alias_lower, source) VALUES ('실링팬', '천장 선풍기', '천장 선풍기', 'rule');
INSERT INTO aliases (item_id, alias, alias_lower, source) VALUES ('실링팬', '하제', '하제', 'rule');
INSERT OR REPLACE INTO items (id, name, category, note, steps, confidence, source_url, source_name, source_grade, feature, caution, last_verified, region_variation, official_classification) VALUES ('장난감피아노', '장난감피아노', 'furniture', '· 장난감은 일반 PP, PS, PE 등과 같은 단일재질로 되어 있지 않고 복합재질로 구성되어 있어서 재활용이 되지 않습니다. · 장난감피아노는 대부분 크기가 커 대형폐기물로 배출합니다. · 장난감에 내장된 전지를 제거한 후 전지는 가까운 폐건전지 수거함으로 배출합니다.', '["장난감피아노는 대형폐기물로 배출합니다."]', 'high', 'https://www.xn--oy2b29bd3a601b.kr/front/dischargeMethod/dictionaryView.do?niIdx=221', '분리배출.kr (한국폐기물협회·환경부)', 'A', '· 장난감은 일반 PP, PS, PE 등과 같은 단일재질로 되어 있지 않고 복합재질로 구성되어 있어서 재활용이 되지 않습니다. · 장난감피아노는 대부분 크기가 커 대형폐기물로 배출합니다. · 장난감에 내장된 전지를 제거한 후 전지는 가까운 폐건전지 수거함으로 배출합니다.', '· 내장된 전지 제거 후 배출', '2026-05-18', 0, '["대형폐기물"]');
INSERT INTO aliases (item_id, alias, alias_lower, source) VALUES ('장난감피아노', '건반 장난감', '건반 장난감', 'rule');
INSERT INTO aliases (item_id, alias, alias_lower, source) VALUES ('장난감피아노', '꼬마 피아노', '꼬마 피아노', 'rule');
INSERT INTO aliases (item_id, alias, alias_lower, source) VALUES ('장난감피아노', '멜로디 피아노', '멜로디 피아노', 'rule');
INSERT INTO aliases (item_id, alias, alias_lower, source) VALUES ('장난감피아노', '미니 피아노', '미니 피아노', 'rule');
INSERT INTO aliases (item_id, alias, alias_lower, source) VALUES ('장난감피아노', '삐아노', '삐아노', 'rule');
INSERT INTO aliases (item_id, alias, alias_lower, source) VALUES ('장난감피아노', '아기 피아노', '아기 피아노', 'rule');
INSERT INTO aliases (item_id, alias, alias_lower, source) VALUES ('장난감피아노', '어린이 피아노', '어린이 피아노', 'rule');
INSERT INTO aliases (item_id, alias, alias_lower, source) VALUES ('장난감피아노', '유아 피아노', '유아 피아노', 'rule');
INSERT INTO aliases (item_id, alias, alias_lower, source) VALUES ('장난감피아노', '전자 피아노 장난감', '전자 피아노 장난감', 'rule');
INSERT INTO aliases (item_id, alias, alias_lower, source) VALUES ('장난감피아노', '키즈 피아노', '키즈 피아노', 'rule');
INSERT INTO aliases (item_id, alias, alias_lower, source) VALUES ('장난감피아노', '토이 피아노', '토이 피아노', 'rule');
INSERT INTO aliases (item_id, alias, alias_lower, source) VALUES ('장난감피아노', '피아노 딩동', '피아노 딩동', 'rule');
INSERT OR REPLACE INTO items (id, name, category, note, steps, confidence, source_url, source_name, source_grade, feature, caution, last_verified, region_variation, official_classification) VALUES ('유모차', '유모차', 'furniture', '· 유모차는 플라스틱, 금속, 섬유 등이 혼합된 복합재질 제품으로 재활용이 어려우며, 해당 제품은 크기가 커 대형폐기물로 배출합니다. ※ 배출방법은 지역별로 차이가 있을 수 있으니, 해당 지방자치단체에서 정하는 방법이 있는 경우에는 해당 방법에 따라 배출하시기 바랍니다. 가까운 분리배출 장소를 확인해보세요. 현재 위치에 가까운 배출장소가 없습니다. 근처의', '["유모차는 대형폐기물로 배출합니다."]', 'high', 'https://www.xn--oy2b29bd3a601b.kr/front/dischargeMethod/dictionaryView.do?niIdx=222', '분리배출.kr (한국폐기물협회·환경부)', 'A', '· 유모차는 플라스틱, 금속, 섬유 등이 혼합된 복합재질 제품으로 재활용이 어려우며, 해당 제품은 크기가 커 대형폐기물로 배출합니다. ※ 배출방법은 지역별로 차이가 있을 수 있으니, 해당 지방자치단체에서 정하는 방법이 있는 경우에는 해당 방법에 따라 배출하시기 바랍니다. 가까운 분리배출 장소를 확인해보세요. 현재 위치에 가까운 배출장소가 없습니다. 근처의 다른 지역을 검색해보세요. 현 위치...', '', '2026-05-18', 0, '["대형폐기물"]');
INSERT INTO aliases (item_id, alias, alias_lower, source) VALUES ('유모차', '리안유모차', '리안유모차', 'rule');
INSERT INTO aliases (item_id, alias, alias_lower, source) VALUES ('유모차', '베이비스트롤러', '베이비스트롤러', 'rule');
INSERT INTO aliases (item_id, alias, alias_lower, source) VALUES ('유모차', '부가부', '부가부', 'rule');
INSERT INTO aliases (item_id, alias, alias_lower, source) VALUES ('유모차', '붕붕차', '붕붕차', 'rule');
INSERT INTO aliases (item_id, alias, alias_lower, source) VALUES ('유모차', '스트롤러', '스트롤러', 'rule');
INSERT INTO aliases (item_id, alias, alias_lower, source) VALUES ('유모차', '아가차', '아가차', 'rule');
INSERT INTO aliases (item_id, alias, alias_lower, source) VALUES ('유모차', '아기수레', '아기수레', 'rule');
INSERT INTO aliases (item_id, alias, alias_lower, source) VALUES ('유모차', '아기차', '아기차', 'rule');
INSERT INTO aliases (item_id, alias, alias_lower, source) VALUES ('유모차', '엔진오일', '엔진오일', 'rule');
INSERT INTO aliases (item_id, alias, alias_lower, source) VALUES ('유모차', '유아차', '유아차', 'rule');
INSERT INTO aliases (item_id, alias, alias_lower, source) VALUES ('유모차', '절충형유모차', '절충형유모차', 'rule');
INSERT INTO aliases (item_id, alias, alias_lower, source) VALUES ('유모차', '카시트', '카시트', 'rule');
INSERT INTO aliases (item_id, alias, alias_lower, source) VALUES ('유모차', '푸쉬체어', '푸쉬체어', 'rule');
INSERT INTO aliases (item_id, alias, alias_lower, source) VALUES ('유모차', '휴대용유모차', '휴대용유모차', 'rule');
INSERT OR REPLACE INTO items (id, name, category, note, steps, confidence, source_url, source_name, source_grade, feature, caution, last_verified, region_variation, official_classification) VALUES ('킥보드', '킥보드', 'furniture', '· 킥보드는 플라스틱, 금속 등이 혼합된 복합재질 제품으로 재활용이 어려우며, 해당 제품은 크기가 커 대형폐기물로 배출합니다. ※ 배출방법은 지역별로 차이가 있을 수 있으니, 해당 지방자치단체에서 정하는 방법이 있는 경우에는 해당 방법에 따라 배출하시기 바랍니다. 가까운 분리배출 장소를 확인해보세요. 현재 위치에 가까운 배출장소가 없습니다. 근처의 다른 지', '["킥보드는 대형폐기물로 배출합니다."]', 'high', 'https://www.xn--oy2b29bd3a601b.kr/front/dischargeMethod/dictionaryView.do?niIdx=223', '분리배출.kr (한국폐기물협회·환경부)', 'A', '· 킥보드는 플라스틱, 금속 등이 혼합된 복합재질 제품으로 재활용이 어려우며, 해당 제품은 크기가 커 대형폐기물로 배출합니다. ※ 배출방법은 지역별로 차이가 있을 수 있으니, 해당 지방자치단체에서 정하는 방법이 있는 경우에는 해당 방법에 따라 배출하시기 바랍니다. 가까운 분리배출 장소를 확인해보세요. 현재 위치에 가까운 배출장소가 없습니다. 근처의 다른 지역을 검색해보세요. 현 위치 배출장소...', '', '2026-05-18', 0, '["대형폐기물"]');
INSERT INTO aliases (item_id, alias, alias_lower, source) VALUES ('킥보드', 'e-스쿠터', 'e-스쿠터', 'rule');
INSERT INTO aliases (item_id, alias, alias_lower, source) VALUES ('킥보드', '개인형 이동장치', '개인형 이동장치', 'rule');
INSERT INTO aliases (item_id, alias, alias_lower, source) VALUES ('킥보드', '공유 킥보드', '공유 킥보드', 'rule');
INSERT INTO aliases (item_id, alias, alias_lower, source) VALUES ('킥보드', '대여 킥보드', '대여 킥보드', 'rule');
INSERT INTO aliases (item_id, alias, alias_lower, source) VALUES ('킥보드', '발판 스쿠터', '발판 스쿠터', 'rule');
INSERT INTO aliases (item_id, alias, alias_lower, source) VALUES ('킥보드', '스쿠터', '스쿠터', 'rule');
INSERT INTO aliases (item_id, alias, alias_lower, source) VALUES ('킥보드', '씽씽카', '씽씽카', 'rule');
INSERT INTO aliases (item_id, alias, alias_lower, source) VALUES ('킥보드', '전동 킥보드', '전동 킥보드', 'rule');
INSERT INTO aliases (item_id, alias, alias_lower, source) VALUES ('킥보드', '전동스쿠터', '전동스쿠터', 'rule');
INSERT INTO aliases (item_id, alias, alias_lower, source) VALUES ('킥보드', '전킥', '전킥', 'rule');
INSERT INTO aliases (item_id, alias, alias_lower, source) VALUES ('킥보드', '킥보', '킥보', 'rule');
INSERT OR REPLACE INTO items (id, name, category, note, steps, confidence, source_url, source_name, source_grade, feature, caution, last_verified, region_variation, official_classification) VALUES ('스파인코렉터', '스파인코렉터', 'furniture', '· 운동기구인 스파인코렉터는 EVA, EPP, 나무, 섬유 등이 혼합된 복합재질 제품으로 재활용이 어려우며, 해당 제품은 크기가 커 대형폐기물로 배출합니다. ※ 배출방법은 지역별로 차이가 있을 수 있으니, 해당 지방자치단체에서 정하는 방법이 있는 경우에는 해당 방법에 따라 배출하시기 바랍니다. 가까운 분리배출 장소를 확인해보세요. 현재 위치에 가까운 배출장', '["스파인코렉터는 대형폐기물로 배출합니다."]', 'high', 'https://www.xn--oy2b29bd3a601b.kr/front/dischargeMethod/dictionaryView.do?niIdx=224', '분리배출.kr (한국폐기물협회·환경부)', 'A', '· 운동기구인 스파인코렉터는 EVA, EPP, 나무, 섬유 등이 혼합된 복합재질 제품으로 재활용이 어려우며, 해당 제품은 크기가 커 대형폐기물로 배출합니다. ※ 배출방법은 지역별로 차이가 있을 수 있으니, 해당 지방자치단체에서 정하는 방법이 있는 경우에는 해당 방법에 따라 배출하시기 바랍니다. 가까운 분리배출 장소를 확인해보세요. 현재 위치에 가까운 배출장소가 없습니다. 근처의 다른 지역을...', '', '2026-05-18', 0, '["대형폐기물"]');
INSERT INTO aliases (item_id, alias, alias_lower, source) VALUES ('스파인코렉터', 'pilates spine corrector', 'pilates spine corrector', 'rule');
INSERT INTO aliases (item_id, alias, alias_lower, source) VALUES ('스파인코렉터', 'spine corrector', 'spine corrector', 'rule');
INSERT INTO aliases (item_id, alias, alias_lower, source) VALUES ('스파인코렉터', '등 교정 기구', '등 교정 기구', 'rule');
INSERT INTO aliases (item_id, alias, alias_lower, source) VALUES ('스파인코렉터', '스파인코', '스파인코', 'rule');
INSERT INTO aliases (item_id, alias, alias_lower, source) VALUES ('스파인코렉터', '자세 교정 기구', '자세 교정 기구', 'rule');
INSERT INTO aliases (item_id, alias, alias_lower, source) VALUES ('스파인코렉터', '척추 교정기', '척추 교정기', 'rule');
INSERT INTO aliases (item_id, alias, alias_lower, source) VALUES ('스파인코렉터', '척추교정기', '척추교정기', 'rule');
INSERT INTO aliases (item_id, alias, alias_lower, source) VALUES ('스파인코렉터', '코렉터', '코렉터', 'rule');
INSERT INTO aliases (item_id, alias, alias_lower, source) VALUES ('스파인코렉터', '필라테스 등 교정기', '필라테스 등 교정기', 'rule');
INSERT INTO aliases (item_id, alias, alias_lower, source) VALUES ('스파인코렉터', '필라테스 척추 교정기', '필라테스 척추 교정기', 'rule');
INSERT INTO aliases (item_id, alias, alias_lower, source) VALUES ('스파인코렉터', '필라테스 코렉터', '필라테스 코렉터', 'rule');
INSERT INTO aliases (item_id, alias, alias_lower, source) VALUES ('스파인코렉터', '허리 교정 기구', '허리 교정 기구', 'rule');
INSERT OR REPLACE INTO items (id, name, category, note, steps, confidence, source_url, source_name, source_grade, feature, caution, last_verified, region_variation, official_classification) VALUES ('변기', '변기', 'general', '· 변기, 세면대 등은 대부분 세라믹 재질로 불연성폐기물이나 대부분 크기가 커 대형폐기물로 배출합니다. · 인테리어 공사 등에서 발생한 폐기물은 불연성 마대 또는 대형폐기물로 배출할 수 있으며, 다량으로 배출될 시 지자체에 문의하여 공사장생활폐기물 전문 수거업체에 연락하여 처리할 수 있습니다 ※ 배출방법은 지역별로 차이가 있을 수 있으니, 해당 지방자치단체', '["변기는 대형폐기물로 배출합니다."]', 'high', 'https://www.xn--oy2b29bd3a601b.kr/front/dischargeMethod/dictionaryView.do?niIdx=225', '분리배출.kr (한국폐기물협회·환경부)', 'A', '· 변기, 세면대 등은 대부분 세라믹 재질로 불연성폐기물이나 대부분 크기가 커 대형폐기물로 배출합니다. · 인테리어 공사 등에서 발생한 폐기물은 불연성 마대 또는 대형폐기물로 배출할 수 있으며, 다량으로 배출될 시 지자체에 문의하여 공사장생활폐기물 전문 수거업체에 연락하여 처리할 수 있습니다 ※ 배출방법은 지역별로 차이가 있을 수 있으니, 해당 지방자치단체에서 정하는 방법이 있는 경우에는 해...', '', '2026-05-18', 0, '["대형폐기물", "공사장 생활폐기물"]');
INSERT INTO aliases (item_id, alias, alias_lower, source) VALUES ('변기', 'WC', 'wc', 'rule');
INSERT INTO aliases (item_id, alias, alias_lower, source) VALUES ('변기', 'toilet', 'toilet', 'rule');
INSERT INTO aliases (item_id, alias, alias_lower, source) VALUES ('변기', '대림', '대림', 'rule');
INSERT INTO aliases (item_id, alias, alias_lower, source) VALUES ('변기', '변기통', '변기통', 'rule');
INSERT INTO aliases (item_id, alias, alias_lower, source) VALUES ('변기', '수세식 변기', '수세식 변기', 'rule');
INSERT INTO aliases (item_id, alias, alias_lower, source) VALUES ('변기', '쉬통', '쉬통', 'rule');
INSERT INTO aliases (item_id, alias, alias_lower, source) VALUES ('변기', '아메리칸 스탠다드', '아메리칸 스탠다드', 'rule');
INSERT INTO aliases (item_id, alias, alias_lower, source) VALUES ('변기', '양변기', '양변기', 'rule');
INSERT INTO aliases (item_id, alias, alias_lower, source) VALUES ('변기', '응가통', '응가통', 'rule');
INSERT INTO aliases (item_id, alias, alias_lower, source) VALUES ('변기', '좌변기', '좌변기', 'rule');
INSERT INTO aliases (item_id, alias, alias_lower, source) VALUES ('변기', '토일렛', '토일렛', 'rule');
INSERT INTO aliases (item_id, alias, alias_lower, source) VALUES ('변기', '화장실 변기', '화장실 변기', 'rule');
INSERT OR REPLACE INTO items (id, name, category, note, steps, confidence, source_url, source_name, source_grade, feature, caution, last_verified, region_variation, official_classification) VALUES ('금고', '금고', 'furniture', '· 금고는 내부는 콘크리트, 외부는 플라스틱, 금속재질로 이루어진 제품입니다. 금고 대부분이 크고 무거우므로 대형폐기물로 배출합니다.', '["금고는 대형폐기물로 배출합니다."]', 'high', 'https://www.xn--oy2b29bd3a601b.kr/front/dischargeMethod/dictionaryView.do?niIdx=226', '분리배출.kr (한국폐기물협회·환경부)', 'A', '· 금고는 내부는 콘크리트, 외부는 플라스틱, 금속재질로 이루어진 제품입니다. 금고 대부분이 크고 무거우므로 대형폐기물로 배출합니다.', '· 고철로 배출 불가', '2026-05-18', 0, '["대형폐기물"]');
INSERT INTO aliases (item_id, alias, alias_lower, source) VALUES ('금고', '가정용금고', '가정용금고', 'rule');
INSERT INTO aliases (item_id, alias, alias_lower, source) VALUES ('금고', '귀중품보관함', '귀중품보관함', 'rule');
INSERT INTO aliases (item_id, alias, alias_lower, source) VALUES ('금고', '금고통', '금고통', 'rule');
INSERT INTO aliases (item_id, alias, alias_lower, source) VALUES ('금고', '돈통', '돈통', 'rule');
INSERT INTO aliases (item_id, alias, alias_lower, source) VALUES ('금고', '디플로마트금고', '디플로마트금고', 'rule');
INSERT INTO aliases (item_id, alias, alias_lower, source) VALUES ('금고', '비밀금고', '비밀금고', 'rule');
INSERT INTO aliases (item_id, alias, alias_lower, source) VALUES ('금고', '사무용금고', '사무용금고', 'rule');
INSERT INTO aliases (item_id, alias, alias_lower, source) VALUES ('금고', '선일금고', '선일금고', 'rule');
INSERT INTO aliases (item_id, alias, alias_lower, source) VALUES ('금고', '세이프', '세이프', 'rule');
INSERT INTO aliases (item_id, alias, alias_lower, source) VALUES ('금고', '시큐리티박스', '시큐리티박스', 'rule');
INSERT INTO aliases (item_id, alias, alias_lower, source) VALUES ('금고', '안전금고', '안전금고', 'rule');
INSERT INTO aliases (item_id, alias, alias_lower, source) VALUES ('금고', '철제금고', '철제금고', 'rule');
INSERT OR REPLACE INTO items (id, name, category, note, steps, confidence, source_url, source_name, source_grade, feature, caution, last_verified, region_variation, official_classification) VALUES ('항아리', '항아리', 'furniture', '· 항아리는 물건이나 음식을 담아 저장하는 오지그릇으로 재활용이 어렵고 불에 타지않는 폐기물로 불연성폐기물에 해당됩니다. · 항아리는 대부분 크기가 크거나 무거우므로 대형폐기물로 배출합니다. ※ 배출방법은 지역별로 차이가 있을 수 있으니, 해당 지방자치단체에서 정하는 방법이 있는 경우에는 해당 방법에 따라 배출하시기 바랍니다. 가까운 분리배출 장소를 확인해', '["항아리는 대형폐기물로 배출합니다."]', 'high', 'https://www.xn--oy2b29bd3a601b.kr/front/dischargeMethod/dictionaryView.do?niIdx=227', '분리배출.kr (한국폐기물협회·환경부)', 'A', '· 항아리는 물건이나 음식을 담아 저장하는 오지그릇으로 재활용이 어렵고 불에 타지않는 폐기물로 불연성폐기물에 해당됩니다. · 항아리는 대부분 크기가 크거나 무거우므로 대형폐기물로 배출합니다. ※ 배출방법은 지역별로 차이가 있을 수 있으니, 해당 지방자치단체에서 정하는 방법이 있는 경우에는 해당 방법에 따라 배출하시기 바랍니다. 가까운 분리배출 장소를 확인해보세요. 현재 위치에 가까운 배출장소...', '', '2026-05-18', 0, '["대형폐기물"]');
INSERT INTO aliases (item_id, alias, alias_lower, source) VALUES ('항아리', '뚝배기', '뚝배기', 'rule');
INSERT INTO aliases (item_id, alias, alias_lower, source) VALUES ('항아리', '머그컵', '머그컵', 'rule');
INSERT INTO aliases (item_id, alias, alias_lower, source) VALUES ('항아리', '수석', '수석', 'rule');
INSERT INTO aliases (item_id, alias, alias_lower, source) VALUES ('항아리', '타일', '타일', 'rule');
INSERT INTO aliases (item_id, alias, alias_lower, source) VALUES ('항아리', '화분', '화분', 'rule');
INSERT OR REPLACE INTO items (id, name, category, note, steps, confidence, source_url, source_name, source_grade, feature, caution, last_verified, region_variation, official_classification) VALUES ('오디오세트', '오디오세트', 'electronics', '· 오디오세트는 전기전자제품 환경성보장제도 품목에 해당됩니다. * 환경성보장제도는 전기전자제품의 재활용을 촉진하기 위하여 유해물질의 사용을 억제하고 재활용이 쉽도록 제조하며 그 폐기물을 적정하게 재활용하도록 하여 자원을 효율적으로 이용하는 자원순환체계를 구축하여 환경보전과 국민 경제의 건전한 발전에 이바지함을 목적으로 하는 제도를 말합니다. ** 환경성보장', '["오디오세트는 폐가전제품 무상방문수거서비스(1599-0903)을 이용하여 배출합니다.", "무상수거 서비스를 이용하기 어려운 경우에는 대형폐기물로 배출합니다.", "신제품 구매시 생산, 판매업체의 역회수 서비스를 이용하여 배출합니다."]', 'high', 'https://www.xn--oy2b29bd3a601b.kr/front/dischargeMethod/dictionaryView.do?niIdx=228', '분리배출.kr (한국폐기물협회·환경부)', 'A', '· 오디오세트는 전기전자제품 환경성보장제도 품목에 해당됩니다. * 환경성보장제도는 전기전자제품의 재활용을 촉진하기 위하여 유해물질의 사용을 억제하고 재활용이 쉽도록 제조하며 그 폐기물을 적정하게 재활용하도록 하여 자원을 효율적으로 이용하는 자원순환체계를 구축하여 환경보전과 국민 경제의 건전한 발전에 이바지함을 목적으로 하는 제도를 말합니다. ** 환경성보장제도 대상품목으로는 냉장고, 세탁기,...', '· 폐가전제품 무상방문서비스 문의 후 배출', '2026-05-18', 0, '["재활용폐기물", "전기전자 제품류"]');
INSERT INTO aliases (item_id, alias, alias_lower, source) VALUES ('오디오세트', 'CD플레이어', 'cd플레이어', 'rule');
INSERT INTO aliases (item_id, alias, alias_lower, source) VALUES ('오디오세트', '가스레인지', '가스레인지', 'rule');
INSERT INTO aliases (item_id, alias, alias_lower, source) VALUES ('오디오세트', '미니 콤포넌트', '미니 콤포넌트', 'rule');
INSERT INTO aliases (item_id, alias, alias_lower, source) VALUES ('오디오세트', '사운드시스템', '사운드시스템', 'rule');
INSERT INTO aliases (item_id, alias, alias_lower, source) VALUES ('오디오세트', '스테레오', '스테레오', 'rule');
INSERT INTO aliases (item_id, alias, alias_lower, source) VALUES ('오디오세트', '앰프', '앰프', 'rule');
INSERT INTO aliases (item_id, alias, alias_lower, source) VALUES ('오디오세트', '오디오', '오디오', 'rule');
INSERT INTO aliases (item_id, alias, alias_lower, source) VALUES ('오디오세트', '음악감상기기', '음악감상기기', 'rule');
INSERT INTO aliases (item_id, alias, alias_lower, source) VALUES ('오디오세트', '음향기기', '음향기기', 'rule');
INSERT INTO aliases (item_id, alias, alias_lower, source) VALUES ('오디오세트', '전축', '전축', 'rule');
INSERT INTO aliases (item_id, alias, alias_lower, source) VALUES ('오디오세트', '콤포넌트 오디오', '콤포넌트 오디오', 'rule');
INSERT INTO aliases (item_id, alias, alias_lower, source) VALUES ('오디오세트', '턴테이블', '턴테이블', 'rule');
INSERT OR REPLACE INTO items (id, name, category, note, steps, confidence, source_url, source_name, source_grade, feature, caution, last_verified, region_variation, official_classification) VALUES ('와인셀러', '와인셀러', 'electronics', '· 와인셀러는 전기전자제품 환경성보장제도 품목에 해당됩니다. * 환경성보장제도는 전기전자제품의 재활용을 촉진하기 위하여 유해물질의 사용을 억제하고 재활용이 쉽도록 제조하며 그 폐기물을 적정하게 재활용하도록 하여 자원을 효율적으로 이용하는 자원순환체계를 구축하여 환경보전과 국민 경제의 건전한 발전에 이바지함을 목적으로 하는 제도를 말합니다. ** 환경성보장제', '["와인셀러는 폐가전제품 무상방문수거서비스(1599-0903)을 이용하여 배출합니다.", "무상수거 서비스를 이용하기 어려운 경우에는 대형폐기물로 배출합니다.", "신제품 구매시 생산, 판매업체의 역회수 서비스를 이용하여 배출합니다."]', 'high', 'https://www.xn--oy2b29bd3a601b.kr/front/dischargeMethod/dictionaryView.do?niIdx=229', '분리배출.kr (한국폐기물협회·환경부)', 'A', '· 와인셀러는 전기전자제품 환경성보장제도 품목에 해당됩니다. * 환경성보장제도는 전기전자제품의 재활용을 촉진하기 위하여 유해물질의 사용을 억제하고 재활용이 쉽도록 제조하며 그 폐기물을 적정하게 재활용하도록 하여 자원을 효율적으로 이용하는 자원순환체계를 구축하여 환경보전과 국민 경제의 건전한 발전에 이바지함을 목적으로 하는 제도를 말합니다. ** 환경성보장제도 대상품목으로는 냉장고, 세탁기,...', '· 폐가전제품 무상방문서비스 문의 후 배출', '2026-05-18', 0, '["재활용폐기물", "전기전자 제품류"]');
INSERT INTO aliases (item_id, alias, alias_lower, source) VALUES ('와인셀러', 'wine cellar', 'wine cellar', 'rule');
INSERT INTO aliases (item_id, alias, alias_lower, source) VALUES ('와인셀러', 'wine fridge', 'wine fridge', 'rule');
INSERT INTO aliases (item_id, alias, alias_lower, source) VALUES ('와인셀러', '셀러', '셀러', 'rule');
INSERT INTO aliases (item_id, alias, alias_lower, source) VALUES ('와인셀러', '술냉장고', '술냉장고', 'rule');
INSERT INTO aliases (item_id, alias, alias_lower, source) VALUES ('와인셀러', '와인 냉장고', '와인 냉장고', 'rule');
INSERT INTO aliases (item_id, alias, alias_lower, source) VALUES ('와인셀러', '와인 보관함', '와인 보관함', 'rule');
INSERT INTO aliases (item_id, alias, alias_lower, source) VALUES ('와인셀러', '와인 저장고', '와인 저장고', 'rule');
INSERT INTO aliases (item_id, alias, alias_lower, source) VALUES ('와인셀러', '와인 전문 냉장고', '와인 전문 냉장고', 'rule');
INSERT INTO aliases (item_id, alias, alias_lower, source) VALUES ('와인셀러', '와인 쿨러', '와인 쿨러', 'rule');
INSERT INTO aliases (item_id, alias, alias_lower, source) VALUES ('와인셀러', '와인냉장', '와인냉장', 'rule');
INSERT INTO aliases (item_id, alias, alias_lower, source) VALUES ('와인셀러', '주류 냉장고', '주류 냉장고', 'rule');
INSERT INTO aliases (item_id, alias, alias_lower, source) VALUES ('와인셀러', '포도주 냉장고', '포도주 냉장고', 'rule');
INSERT OR REPLACE INTO items (id, name, category, note, steps, confidence, source_url, source_name, source_grade, feature, caution, last_verified, region_variation, official_classification) VALUES ('텔레비전(TV)', '텔레비전(TV)', 'electronics', '· 텔레비전(TV)는 전기전자제품 환경성보장제도 품목에 해당됩니다. * 환경성보장제도는 전기전자제품의 재활용을 촉진하기 위하여 유해물질의 사용을 억제하고 재활용이 쉽도록 제조하며 그 폐기물을 적정하게 재활용하도록 하여 자원을 효율적으로 이용하는 자원순환체계를 구축하여 환경보전과 국민 경제의 건전한 발전에 이바지함을 목적으로 하는 제도를 말합니다. ** 환경', '["텔레비전(TV)는 폐가전제품 무상방문수거서비스(1599-0903)을 이용하여 배출합니다.", "무상수거 서비스를 이용하기 어려운 경우에는 대형폐기물로 배출합니다.", "신제품 구매시 생산, 판매업체의 역회수 서비스를 이용하여 배출합니다."]', 'high', 'https://www.xn--oy2b29bd3a601b.kr/front/dischargeMethod/dictionaryView.do?niIdx=230', '분리배출.kr (한국폐기물협회·환경부)', 'A', '· 텔레비전(TV)는 전기전자제품 환경성보장제도 품목에 해당됩니다. * 환경성보장제도는 전기전자제품의 재활용을 촉진하기 위하여 유해물질의 사용을 억제하고 재활용이 쉽도록 제조하며 그 폐기물을 적정하게 재활용하도록 하여 자원을 효율적으로 이용하는 자원순환체계를 구축하여 환경보전과 국민 경제의 건전한 발전에 이바지함을 목적으로 하는 제도를 말합니다. ** 환경성보장제도 대상품목으로는 냉장고, 세...', '· 폐가전제품 무상방문서비스 문의 후 배출', '2026-05-18', 0, '["재활용폐기물", "전기전자 제품류"]');
INSERT OR REPLACE INTO items (id, name, category, note, steps, confidence, source_url, source_name, source_grade, feature, caution, last_verified, region_variation, official_classification) VALUES ('공기청정기', '공기청정기', 'electronics', '· 공기청정기는 전기전자제품 환경성보장제도 품목에 해당됩니다. * 환경성보장제도는 전기전자제품의 재활용을 촉진하기 위하여 유해물질의 사용을 억제하고 재활용이 쉽도록 제조하며 그 폐기물을 적정하게 재활용하도록 하여 자원을 효율적으로 이용하는 자원순환체계를 구축하여 환경보전과 국민 경제의 건전한 발전에 이바지함을 목적으로 하는 제도를 말합니다. ** 환경성보장', '["공기청정기는 폐가전제품 무상방문수거서비스(1599-0903)을 이용하여 배출합니다.", "무상수거 서비스를 이용하기 어려운 경우에는 대형폐기물로 배출합니다."]', 'high', 'https://www.xn--oy2b29bd3a601b.kr/front/dischargeMethod/dictionaryView.do?niIdx=231', '분리배출.kr (한국폐기물협회·환경부)', 'A', NULL, '· 폐가전제품 무상방문서비스 문의 후 배출', '2026-05-18', 0, NULL);
INSERT INTO aliases (item_id, alias, alias_lower, source) VALUES ('공기청정기', 'air purifier', 'air purifier', 'rule');
INSERT INTO aliases (item_id, alias, alias_lower, source) VALUES ('공기청정기', 'purifier', 'purifier', 'rule');
INSERT OR REPLACE INTO items (id, name, category, note, steps, confidence, source_url, source_name, source_grade, feature, caution, last_verified, region_variation, official_classification) VALUES ('선풍기', '선풍기', 'electronics', '· 선풍기는 전기전자제품 환경성보장제도 품목에 해당됩니다. * 환경성보장제도는 전기전자제품의 재활용을 촉진하기 위하여 유해물질의 사용을 억제하고 재활용이 쉽도록 제조하며 그 폐기물을 적정하게 재활용하도록 하여 자원을 효율적으로 이용하는 자원순환체계를 구축하여 환경보전과 국민 경제의 건전한 발전에 이바지함을 목적으로 하는 제도를 말합니다. ** 환경성보장제도', '["선풍기는 소형전기전제품 전용수거함으로 배출합니다.", "선풍기와 함께 4가지 이상의 전기전자제품을 배출하기 원하는 경우에는 폐가전제품 무상방문수거서비스(1599-0903)을 이용하여 배출합니다.", "인근에 전용수거함이 없는 경우에는 지자체에 문의한 후 배출하여 주시기 바랍니다."]', 'high', 'https://www.xn--oy2b29bd3a601b.kr/front/dischargeMethod/dictionaryView.do?niIdx=232', '분리배출.kr (한국폐기물협회·환경부)', 'A', NULL, '· 소형전기전자제품은 전용수거함으로 배출하거나 5개 이상 모아 폐가전제품 무상방문수거서비스를 이용하여 배출', '2026-05-18', 0, NULL);
INSERT INTO aliases (item_id, alias, alias_lower, source) VALUES ('선풍기', 'fan', 'fan', 'rule');
INSERT INTO aliases (item_id, alias, alias_lower, source) VALUES ('선풍기', '날개없는선풍기', '날개없는선풍기', 'rule');
INSERT INTO aliases (item_id, alias, alias_lower, source) VALUES ('선풍기', '다이슨', '다이슨', 'rule');
INSERT INTO aliases (item_id, alias, alias_lower, source) VALUES ('선풍기', '바람돌이', '바람돌이', 'rule');
INSERT INTO aliases (item_id, alias, alias_lower, source) VALUES ('선풍기', '서큘레이터', '서큘레이터', 'rule');
INSERT INTO aliases (item_id, alias, alias_lower, source) VALUES ('선풍기', '선풍', '선풍', 'rule');
INSERT INTO aliases (item_id, alias, alias_lower, source) VALUES ('선풍기', '스탠드선풍기', '스탠드선풍기', 'rule');
INSERT INTO aliases (item_id, alias, alias_lower, source) VALUES ('선풍기', '신일', '신일', 'rule');
INSERT INTO aliases (item_id, alias, alias_lower, source) VALUES ('선풍기', '에어큘레이터', '에어큘레이터', 'rule');
INSERT INTO aliases (item_id, alias, alias_lower, source) VALUES ('선풍기', '쿨러', '쿨러', 'rule');
INSERT INTO aliases (item_id, alias, alias_lower, source) VALUES ('선풍기', '탁상선풍기', '탁상선풍기', 'rule');
INSERT INTO aliases (item_id, alias, alias_lower, source) VALUES ('선풍기', '한일', '한일', 'rule');
INSERT INTO aliases (item_id, alias, alias_lower, source) VALUES ('선풍기', '회전선풍기', '회전선풍기', 'rule');
INSERT OR REPLACE INTO items (id, name, category, note, steps, confidence, source_url, source_name, source_grade, feature, caution, last_verified, region_variation, official_classification) VALUES ('족욕기', '족욕기', 'electronics', '· 족욕기는 전기전자제품 환경성보장제도 품목에 해당됩니다. * 환경성보장제도는 전기전자제품의 재활용을 촉진하기 위하여 유해물질의 사용을 억제하고 재활용이 쉽도록 제조하며 그 폐기물을 적정하게 재활용하도록 하여 자원을 효율적으로 이용하는 자원순환체계를 구축하여 환경보전과 국민 경제의 건전한 발전에 이바지함을 목적으로 하는 제도를 말합니다. ** 환경성보장제도', '["족욕기는 소형전기전제품 전용수거함으로 배출합니다.", "족욕기와 함께 4가지 이상의 전기전자제품을 배출하기 원하는 경우에는 폐가전제품 무상방문수거서비스(1599-0903)을 이용하여 배출합니다.", "인근에 전용수거함이 없는 경우에는 지자체에 문의한 후 배출하여 주시기 바랍니다."]', 'high', 'https://www.xn--oy2b29bd3a601b.kr/front/dischargeMethod/dictionaryView.do?niIdx=233', '분리배출.kr (한국폐기물협회·환경부)', 'A', '· 족욕기는 전기전자제품 환경성보장제도 품목에 해당됩니다. * 환경성보장제도는 전기전자제품의 재활용을 촉진하기 위하여 유해물질의 사용을 억제하고 재활용이 쉽도록 제조하며 그 폐기물을 적정하게 재활용하도록 하여 자원을 효율적으로 이용하는 자원순환체계를 구축하여 환경보전과 국민 경제의 건전한 발전에 이바지함을 목적으로 하는 제도를 말합니다. ** 환경성보장제도 대상품목으로는 냉장고, 세탁기, 다...', '· 소형전기전자제품은 전용수거함으로 배출하거나 5개 이상 모아 폐가전제품 무상방문수거서비스를 이용하여 배출', '2026-05-18', 0, '["재활용폐기물", "전기전자 제품류"]');
INSERT OR REPLACE INTO items (id, name, category, note, steps, confidence, source_url, source_name, source_grade, feature, caution, last_verified, region_variation, official_classification) VALUES ('VR게임기', 'VR게임기', 'electronics', '· VR 게임기는 전기전자제품 환경성보장제도 품목에 해당됩니다. * 환경성보장제도는 전기전자제품의 재활용을 촉진하기 위하여 유해물질의 사용을 억제하고 재활용이 쉽도록 제조하며 그 폐기물을 적정하게 재활용하도록 하여 자원을 효율적으로 이용하는 자원순환체계를 구축하여 환경보전과 국민 경제의 건전한 발전에 이바지함을 목적으로 하는 제도를 말합니다. ** 환경성보', '["VR게임기는 소형전기전제품 전용수거함으로 배출합니다.", "게임기와 함께 4가지 이상의 전기전자제품을 배출하기 원하는 경우에는 폐가전제품 무상방문수거서비스(1599-0903)을 이용하여 배출합니다.", "인근에 전용수거함이 없는 경우에는 지자체에 문의한 후 배출하여 주시기 바랍니다."]', 'high', 'https://www.xn--oy2b29bd3a601b.kr/front/dischargeMethod/dictionaryView.do?niIdx=234', '분리배출.kr (한국폐기물협회·환경부)', 'A', '· VR 게임기는 전기전자제품 환경성보장제도 품목에 해당됩니다. * 환경성보장제도는 전기전자제품의 재활용을 촉진하기 위하여 유해물질의 사용을 억제하고 재활용이 쉽도록 제조하며 그 폐기물을 적정하게 재활용하도록 하여 자원을 효율적으로 이용하는 자원순환체계를 구축하여 환경보전과 국민 경제의 건전한 발전에 이바지함을 목적으로 하는 제도를 말합니다. ** 환경성보장제도 대상품목으로는 냉장고, 세탁기...', '', '2026-05-18', 0, '["재활용폐기물", "전기전자 제품류"]');
INSERT INTO aliases (item_id, alias, alias_lower, source) VALUES ('VR게임기', 'VR device', 'vr device', 'rule');
INSERT INTO aliases (item_id, alias, alias_lower, source) VALUES ('VR게임기', 'VR 고글', 'vr 고글', 'rule');
INSERT INTO aliases (item_id, alias, alias_lower, source) VALUES ('VR게임기', 'VR 헤드셋', 'vr 헤드셋', 'rule');
INSERT INTO aliases (item_id, alias, alias_lower, source) VALUES ('VR게임기', 'VR게임', 'vr게임', 'rule');
INSERT INTO aliases (item_id, alias, alias_lower, source) VALUES ('VR게임기', 'VR기기', 'vr기기', 'rule');
INSERT INTO aliases (item_id, alias, alias_lower, source) VALUES ('VR게임기', 'VR체험기', 'vr체험기', 'rule');
INSERT INTO aliases (item_id, alias, alias_lower, source) VALUES ('VR게임기', 'Virtual Reality Headset', 'virtual reality headset', 'rule');
INSERT INTO aliases (item_id, alias, alias_lower, source) VALUES ('VR게임기', '가상현실 게임기', '가상현실 게임기', 'rule');
INSERT INTO aliases (item_id, alias, alias_lower, source) VALUES ('VR게임기', '가상현실 기기', '가상현실 기기', 'rule');
INSERT INTO aliases (item_id, alias, alias_lower, source) VALUES ('VR게임기', '가상현실 놀이기', '가상현실 놀이기', 'rule');
INSERT INTO aliases (item_id, alias, alias_lower, source) VALUES ('VR게임기', '브이알', '브이알', 'rule');
INSERT INTO aliases (item_id, alias, alias_lower, source) VALUES ('VR게임기', '퀘스트', '퀘스트', 'rule');
INSERT OR REPLACE INTO items (id, name, category, note, steps, confidence, source_url, source_name, source_grade, feature, caution, last_verified, region_variation, official_classification) VALUES ('전자사전', '전자사전', 'electronics', '· 전자사전 등 일부 소형가전제품은 환경성보장제도 대상품목에 해당되지 않습니다. 환경성보장제도에 포함되지 않은 전기전자제품이어도 무상방문수거서비스를 이용할 때 함께 배출할 수 있으며, 가까운 소형전기전자제품 전용수거함으로 배출할 수도 있습니다. · 또한, 지자체에 따라 소형가전제품을 수거하는 경우도 있으니 확인하신 후 배출하시는 것이 좋습니다. ※ 배출방법', '["전자사전은 소형전기전제품 전용수거함으로 배출합니다.", "인근에 전용수거함이 없는 경우에는 지자체에 문의한 후 배출하여 주시기 바랍니다."]', 'high', 'https://www.xn--oy2b29bd3a601b.kr/front/dischargeMethod/dictionaryView.do?niIdx=235', '분리배출.kr (한국폐기물협회·환경부)', 'A', '· 전자사전 등 일부 소형가전제품은 환경성보장제도 대상품목에 해당되지 않습니다. 환경성보장제도에 포함되지 않은 전기전자제품이어도 무상방문수거서비스를 이용할 때 함께 배출할 수 있으며, 가까운 소형전기전자제품 전용수거함으로 배출할 수도 있습니다. · 또한, 지자체에 따라 소형가전제품을 수거하는 경우도 있으니 확인하신 후 배출하시는 것이 좋습니다. ※ 배출방법은 지역별로 차이가 있을 수 있으니,...', '', '2026-05-18', 0, '["재활용폐기물", "전기전자 제품류"]');
INSERT INTO aliases (item_id, alias, alias_lower, source) VALUES ('전자사전', 'e-dictionary', 'e-dictionary', 'rule');
INSERT INTO aliases (item_id, alias, alias_lower, source) VALUES ('전자사전', 'electronic dictionary', 'electronic dictionary', 'rule');
INSERT INTO aliases (item_id, alias, alias_lower, source) VALUES ('전자사전', '단어 학습기', '단어 학습기', 'rule');
INSERT INTO aliases (item_id, alias, alias_lower, source) VALUES ('전자사전', '디지털 사전', '디지털 사전', 'rule');
INSERT INTO aliases (item_id, alias, alias_lower, source) VALUES ('전자사전', '딕셔너리', '딕셔너리', 'rule');
INSERT INTO aliases (item_id, alias, alias_lower, source) VALUES ('전자사전', '샤프 전자사전', '샤프 전자사전', 'rule');
INSERT INTO aliases (item_id, alias, alias_lower, source) VALUES ('전자사전', '아이리버 딕플', '아이리버 딕플', 'rule');
INSERT INTO aliases (item_id, alias, alias_lower, source) VALUES ('전자사전', '어학기', '어학기', 'rule');
INSERT INTO aliases (item_id, alias, alias_lower, source) VALUES ('전자사전', '전사기', '전사기', 'rule');
INSERT INTO aliases (item_id, alias, alias_lower, source) VALUES ('전자사전', '전자딕', '전자딕', 'rule');
INSERT INTO aliases (item_id, alias, alias_lower, source) VALUES ('전자사전', '전자사전 기기', '전자사전 기기', 'rule');
INSERT INTO aliases (item_id, alias, alias_lower, source) VALUES ('전자사전', '카시오 전자사전', '카시오 전자사전', 'rule');
INSERT OR REPLACE INTO items (id, name, category, note, steps, confidence, source_url, source_name, source_grade, feature, caution, last_verified, region_variation, official_classification) VALUES ('전기면도기', '전기면도기', 'electronics', '· 전기면도기 등 일부 소형가전제품은 환경성보장제도 대상품목에 해당되지 않습니다. 환경성보장제도에 포함되지 않은 전기전자제품이어도 무상방문수거서비스를 이용할 때 함께 배출할 수 있으며, 가까운 소형전기전자제품 전용수거함으로 배출할 수도 있습니다. · 또한, 지자체에 따라 소형가전제품을 수거하는 경우도 있으니 확인하신 후 배출하시는 것이 좋습니다.', '["전기면도기는 소형전기전자제품 전용수거함으로 배출합니다.", "인근에 전용수거함이 없는 경우에는 지자체에 문의한 후 배출하여 주시기 바랍니다."]', 'high', 'https://www.xn--oy2b29bd3a601b.kr/front/dischargeMethod/dictionaryView.do?niIdx=236', '분리배출.kr (한국폐기물협회·환경부)', 'A', '· 전기면도기 등 일부 소형가전제품은 환경성보장제도 대상품목에 해당되지 않습니다. 환경성보장제도에 포함되지 않은 전기전자제품이어도 무상방문수거서비스를 이용할 때 함께 배출할 수 있으며, 가까운 소형전기전자제품 전용수거함으로 배출할 수도 있습니다. · 또한, 지자체에 따라 소형가전제품을 수거하는 경우도 있으니 확인하신 후 배출하시는 것이 좋습니다.', '· 면도기의 칼날과 같이 날카롭고 위험한 폐기물을 배출할 때에는 날카로운 부분이 외부로 노출되어 사람이 찔리거나 베이지 않도록 용기에 담거나 신문지, 테이프 등을 활용하여 충분히 감싼 후 배출', '2026-05-18', 0, '["재활용폐기물", "전기전자 제품류"]');
INSERT INTO aliases (item_id, alias, alias_lower, source) VALUES ('전기면도기', '무선면도기', '무선면도기', 'rule');
INSERT INTO aliases (item_id, alias, alias_lower, source) VALUES ('전기면도기', '브라운 면도기', '브라운 면도기', 'rule');
INSERT INTO aliases (item_id, alias, alias_lower, source) VALUES ('전기면도기', '수염 깎는 기계', '수염 깎는 기계', 'rule');
INSERT INTO aliases (item_id, alias, alias_lower, source) VALUES ('전기면도기', '수염깎는거', '수염깎는거', 'rule');
INSERT INTO aliases (item_id, alias, alias_lower, source) VALUES ('전기면도기', '수염정리기', '수염정리기', 'rule');
INSERT INTO aliases (item_id, alias, alias_lower, source) VALUES ('전기면도기', '쉐이버', '쉐이버', 'rule');
INSERT INTO aliases (item_id, alias, alias_lower, source) VALUES ('전기면도기', '아빠 면도기', '아빠 면도기', 'rule');
INSERT INTO aliases (item_id, alias, alias_lower, source) VALUES ('전기면도기', '일렉트릭 쉐이버', '일렉트릭 쉐이버', 'rule');
INSERT INTO aliases (item_id, alias, alias_lower, source) VALUES ('전기면도기', '전동면도기', '전동면도기', 'rule');
INSERT INTO aliases (item_id, alias, alias_lower, source) VALUES ('전기면도기', '충전면도기', '충전면도기', 'rule');
INSERT INTO aliases (item_id, alias, alias_lower, source) VALUES ('전기면도기', '파나소닉 면도기', '파나소닉 면도기', 'rule');
INSERT INTO aliases (item_id, alias, alias_lower, source) VALUES ('전기면도기', '필립스 면도기', '필립스 면도기', 'rule');
INSERT OR REPLACE INTO items (id, name, category, note, steps, confidence, source_url, source_name, source_grade, feature, caution, last_verified, region_variation, official_classification) VALUES ('전선', '전선', 'electronics', '· 전선은 금속, 고무, 플라스틱이 혼합된 복합재질제품입니다. · 전선 속에 있는 구리는 재활용이 가능하나 전선의 고무 또는 플라스틱 재질의 피복이 재활용이 되지 않기 때문에 분리작업이 필요합니다. 소형전기전자제품 재활용 사업장에서 분리작업을 하고 있기 때문에 소형전기전자제품 수거함에 배출하면 됩니다.', '["전선은 소형전기전자제품 전용수거함으로 배출합니다.", "인근에 전용수거함이 없는 경우에는 지자체에 문의한 후 배출하여 주시기 바랍니다."]', 'high', 'https://www.xn--oy2b29bd3a601b.kr/front/dischargeMethod/dictionaryView.do?niIdx=237', '분리배출.kr (한국폐기물협회·환경부)', 'A', '· 전선은 금속, 고무, 플라스틱이 혼합된 복합재질제품입니다. · 전선 속에 있는 구리는 재활용이 가능하나 전선의 고무 또는 플라스틱 재질의 피복이 재활용이 되지 않기 때문에 분리작업이 필요합니다. 소형전기전자제품 재활용 사업장에서 분리작업을 하고 있기 때문에 소형전기전자제품 수거함에 배출하면 됩니다.', '· 고철로 배출 불가능', '2026-05-18', 0, '["재활용폐기물", "전기전자 제품류"]');
INSERT INTO aliases (item_id, alias, alias_lower, source) VALUES ('전선', 'cable', 'cable', 'rule');
INSERT OR REPLACE INTO items (id, name, category, note, steps, confidence, source_url, source_name, source_grade, feature, caution, last_verified, region_variation, official_classification) VALUES ('고데기', '고데기', 'electronics', '· 고데기 등 일부 소형가전제품은 환경성보장제도 대상품목에 해당되지 않습니다. 환경성보장제도에 포함되지 않은 전기전자제품이어도 무상방문수거서비스를 이용할 때 함께 배출할 수 있으며, 가까운 소형전기전자제품 전용수거함으로 배출할 수도 있습니다. · 또한, 지자체에 따라 소형가전제품을 수거하는 경우도 있으니 확인하신 후 배출하시는 것이 좋습니다. ※ 배출방법은', '["고데기는 소형전기전자제품 전용수거함으로 배출합니다.", "인근에 전용수거함이 없는 경우에는 지자체에 문의한 후 배출하여 주시기 바랍니다."]', 'high', 'https://www.xn--oy2b29bd3a601b.kr/front/dischargeMethod/dictionaryView.do?niIdx=238', '분리배출.kr (한국폐기물협회·환경부)', 'A', '· 고데기 등 일부 소형가전제품은 환경성보장제도 대상품목에 해당되지 않습니다. 환경성보장제도에 포함되지 않은 전기전자제품이어도 무상방문수거서비스를 이용할 때 함께 배출할 수 있으며, 가까운 소형전기전자제품 전용수거함으로 배출할 수도 있습니다. · 또한, 지자체에 따라 소형가전제품을 수거하는 경우도 있으니 확인하신 후 배출하시는 것이 좋습니다. ※ 배출방법은 지역별로 차이가 있을 수 있으니,...', '', '2026-05-18', 0, '["재활용폐기물", "전기전자 제품류"]');
INSERT INTO aliases (item_id, alias, alias_lower, source) VALUES ('고데기', '고데', '고데', 'rule');
INSERT INTO aliases (item_id, alias, alias_lower, source) VALUES ('고데기', '매직기', '매직기', 'rule');
INSERT INTO aliases (item_id, alias, alias_lower, source) VALUES ('고데기', '머리 인두', '머리 인두', 'rule');
INSERT INTO aliases (item_id, alias, alias_lower, source) VALUES ('고데기', '봉고데기', '봉고데기', 'rule');
INSERT INTO aliases (item_id, alias, alias_lower, source) VALUES ('고데기', '스트레이트너', '스트레이트너', 'rule');
INSERT INTO aliases (item_id, alias, alias_lower, source) VALUES ('고데기', '유닉스 고데기', '유닉스 고데기', 'rule');
INSERT INTO aliases (item_id, alias, alias_lower, source) VALUES ('고데기', '전기 고데기', '전기 고데기', 'rule');
INSERT INTO aliases (item_id, alias, alias_lower, source) VALUES ('고데기', '컬링 아이롱', '컬링 아이롱', 'rule');
INSERT INTO aliases (item_id, alias, alias_lower, source) VALUES ('고데기', '판고데기', '판고데기', 'rule');
INSERT INTO aliases (item_id, alias, alias_lower, source) VALUES ('고데기', '헤어 고데기', '헤어 고데기', 'rule');
INSERT INTO aliases (item_id, alias, alias_lower, source) VALUES ('고데기', '헤어 스타일러', '헤어 스타일러', 'rule');
INSERT INTO aliases (item_id, alias, alias_lower, source) VALUES ('고데기', '헤어 아이롱', '헤어 아이롱', 'rule');
INSERT OR REPLACE INTO items (id, name, category, note, steps, confidence, source_url, source_name, source_grade, feature, caution, last_verified, region_variation, official_classification) VALUES ('내비게이션', '내비게이션', 'electronics', '· 내비게이션은 전기전자제품 환경성보장제도 품목에 해당됩니다. * 환경성보장제도는 전기전자제품의 재활용을 촉진하기 위하여 유해물질의 사용을 억제하고 재활용이 쉽도록 제조하며 그 폐기물을 적정하게 재활용하도록 하여 자원을 효율적으로 이용하는 자원순환체계를 구축하여 환경보전과 국민 경제의 건전한 발전에 이바지함을 목적으로 하는 제도를 말합니다. ** 환경성보장', '["내비게이션은 소형전기전자제품 전용수거함으로 배출합니다.", "내비게이션과 함께 4가지 이상의 전기전자제품을 배출하기 원하는 경우에는 폐가전제품 무상방문수거서비스(1599-0903)을 이용하여 배출합니다.", "인근에 전용수거함이 없는 경우에는 지자체에 문의한 후 배출하여 주시기 바랍니다."]', 'high', 'https://www.xn--oy2b29bd3a601b.kr/front/dischargeMethod/dictionaryView.do?niIdx=239', '분리배출.kr (한국폐기물협회·환경부)', 'A', '· 내비게이션은 전기전자제품 환경성보장제도 품목에 해당됩니다. * 환경성보장제도는 전기전자제품의 재활용을 촉진하기 위하여 유해물질의 사용을 억제하고 재활용이 쉽도록 제조하며 그 폐기물을 적정하게 재활용하도록 하여 자원을 효율적으로 이용하는 자원순환체계를 구축하여 환경보전과 국민 경제의 건전한 발전에 이바지함을 목적으로 하는 제도를 말합니다. ** 환경성보장제도 대상품목으로는 냉장고, 세탁기,...', '· 소형전기전자제품은 전용수거함으로 배출하거나 5개 이상 모아 폐가전제품 무상방문수거서비스를 이용하여 배출', '2026-05-18', 0, '["재활용폐기물", "전기전자 제품류"]');
INSERT INTO aliases (item_id, alias, alias_lower, source) VALUES ('내비게이션', 'GPS', 'gps', 'rule');
INSERT INTO aliases (item_id, alias, alias_lower, source) VALUES ('내비게이션', 'navigation', 'navigation', 'rule');
INSERT INTO aliases (item_id, alias, alias_lower, source) VALUES ('내비게이션', '길 안내기', '길 안내기', 'rule');
INSERT INTO aliases (item_id, alias, alias_lower, source) VALUES ('내비게이션', '길찾기', '길찾기', 'rule');
INSERT INTO aliases (item_id, alias, alias_lower, source) VALUES ('내비게이션', '네비', '네비', 'rule');
INSERT INTO aliases (item_id, alias, alias_lower, source) VALUES ('내비게이션', '네비게이터', '네비게이터', 'rule');
INSERT INTO aliases (item_id, alias, alias_lower, source) VALUES ('내비게이션', '아이나비', '아이나비', 'rule');
INSERT INTO aliases (item_id, alias, alias_lower, source) VALUES ('내비게이션', '자동차 내비', '자동차 내비', 'rule');
INSERT INTO aliases (item_id, alias, alias_lower, source) VALUES ('내비게이션', '지도 안내기', '지도 안내기', 'rule');
INSERT INTO aliases (item_id, alias, alias_lower, source) VALUES ('내비게이션', '차 길잡이', '차 길잡이', 'rule');
INSERT INTO aliases (item_id, alias, alias_lower, source) VALUES ('내비게이션', '차량 내비게이션', '차량 내비게이션', 'rule');
INSERT INTO aliases (item_id, alias, alias_lower, source) VALUES ('내비게이션', '파인드라이브', '파인드라이브', 'rule');
INSERT OR REPLACE INTO items (id, name, category, note, steps, confidence, source_url, source_name, source_grade, feature, caution, last_verified, region_variation, official_classification) VALUES ('냉장고', '냉장고', 'electronics', '· 냉장고는 전기전자제품 환경성보장제도 품목에 해당됩니다. * 환경성보장제도는 전기전자제품의 재활용을 촉진하기 위하여 유해물질의 사용을 억제하고 재활용이 쉽도록 제조하며 그 폐기물을 적정하게 재활용하도록 하여 자원을 효율적으로 이용하는 자원순환체계를 구축하여 환경보전과 국민 경제의 건전한 발전에 이바지함을 목적으로 하는 제도를 말합니다. ** 환경성보장제도', '["냉장고는 폐가전제품 무상방문수거서비스(1599-0903)을 이용하여 배출합니다.", "무상수거 서비스를 이용하기 어려운 경우에는 대형폐기물로 배출합니다.", "신제품 구매시 생산, 판매업체의 역회수 서비스를 이용하여 배출합니다."]', 'high', 'https://www.xn--oy2b29bd3a601b.kr/front/dischargeMethod/dictionaryView.do?niIdx=240', '분리배출.kr (한국폐기물협회·환경부)', 'A', '· 냉장고는 전기전자제품 환경성보장제도 품목에 해당됩니다. * 환경성보장제도는 전기전자제품의 재활용을 촉진하기 위하여 유해물질의 사용을 억제하고 재활용이 쉽도록 제조하며 그 폐기물을 적정하게 재활용하도록 하여 자원을 효율적으로 이용하는 자원순환체계를 구축하여 환경보전과 국민 경제의 건전한 발전에 이바지함을 목적으로 하는 제도를 말합니다. ** 환경성보장제도 대상품목으로는 냉장고, 세탁기, 다...', '· 폐가전제품 무상방문서비스 문의 후 배출', '2026-05-18', 0, '["재활용폐기물", "전기전자 제품류"]');
INSERT INTO aliases (item_id, alias, alias_lower, source) VALUES ('냉장고', 'fridge', 'fridge', 'rule');
INSERT INTO aliases (item_id, alias, alias_lower, source) VALUES ('냉장고', 'refrigerator', 'refrigerator', 'rule');
INSERT INTO aliases (item_id, alias, alias_lower, source) VALUES ('냉장고', '냉장', '냉장', 'rule');
INSERT OR REPLACE INTO items (id, name, category, note, steps, confidence, source_url, source_name, source_grade, feature, caution, last_verified, region_variation, official_classification) VALUES ('노트북', '노트북', 'electronics', '· 노트북은 전기전자제품 환경성보장제도 품목에 해당됩니다. * 환경성보장제도는 전기전자제품의 재활용을 촉진하기 위하여 유해물질의 사용을 억제하고 재활용이 쉽도록 제조하며 그 폐기물을 적정하게 재활용하도록 하여 자원을 효율적으로 이용하는 자원순환체계를 구축하여 환경보전과 국민 경제의 건전한 발전에 이바지함을 목적으로 하는 제도를 말합니다. ** 환경성보장제도', '["노트북은 소형전기전자제품 전용수거함으로 배출합니다.", "노트북과 함께 4가지 이상의 전기전자제품을 배출하기 원하는 경우에는 폐가전제품 무상방문수거서비스(1599-0903)을 이용하여 배출합니다.", "인근에 전용수거함이 없는 경우에는 지자체에 문의한 후 배출하여 주시기 바랍니다."]', 'high', 'https://www.xn--oy2b29bd3a601b.kr/front/dischargeMethod/dictionaryView.do?niIdx=241', '분리배출.kr (한국폐기물협회·환경부)', 'A', NULL, '· 소형전기전자제품은 전용수거함으로 배출하거나 5개 이상 모아 폐가전제품 무상방문수거서비스를 이용하여 배출', '2026-05-18', 0, NULL);
INSERT INTO aliases (item_id, alias, alias_lower, source) VALUES ('노트북', 'laptop', 'laptop', 'rule');
INSERT INTO aliases (item_id, alias, alias_lower, source) VALUES ('노트북', '게이밍 노트북', '게이밍 노트북', 'rule');
INSERT INTO aliases (item_id, alias, alias_lower, source) VALUES ('노트북', '넷북', '넷북', 'rule');
INSERT INTO aliases (item_id, alias, alias_lower, source) VALUES ('노트북', '노트북pc', '노트북pc', 'rule');
INSERT INTO aliases (item_id, alias, alias_lower, source) VALUES ('노트북', '노트북컴퓨터', '노트북컴퓨터', 'rule');
INSERT INTO aliases (item_id, alias, alias_lower, source) VALUES ('노트북', '놋북', '놋북', 'rule');
INSERT INTO aliases (item_id, alias, alias_lower, source) VALUES ('노트북', '랩톱', '랩톱', 'rule');
INSERT INTO aliases (item_id, alias, alias_lower, source) VALUES ('노트북', '슬림 노트북', '슬림 노트북', 'rule');
INSERT INTO aliases (item_id, alias, alias_lower, source) VALUES ('노트북', '씽크패드', '씽크패드', 'rule');
INSERT INTO aliases (item_id, alias, alias_lower, source) VALUES ('노트북', '울트라북', '울트라북', 'rule');
INSERT INTO aliases (item_id, alias, alias_lower, source) VALUES ('노트북', '이동식 컴퓨터', '이동식 컴퓨터', 'rule');
INSERT INTO aliases (item_id, alias, alias_lower, source) VALUES ('노트북', '크롬북', '크롬북', 'rule');
INSERT INTO aliases (item_id, alias, alias_lower, source) VALUES ('노트북', '휴대용 컴퓨터', '휴대용 컴퓨터', 'rule');
INSERT OR REPLACE INTO items (id, name, category, note, steps, confidence, source_url, source_name, source_grade, feature, caution, last_verified, region_variation, official_classification) VALUES ('휴대용 콘솔게임기', '휴대용 콘솔게임기', 'electronics', '· 휴대용 콘솔게임기는 전기전자제품 환경성보장제도 품목에 해당됩니다. * 환경성보장제도는 전기전자제품의 재활용을 촉진하기 위하여 유해물질의 사용을 억제하고 재활용이 쉽도록 제조하며 그 폐기물을 적정하게 재활용하도록 하여 자원을 효율적으로 이용하는 자원순환체계를 구축하여 환경보전과 국민 경제의 건전한 발전에 이바지함을 목적으로 하는 제도를 말합니다. ** 환', '["휴대용 콘솔게임기는 소형전기전자제품 전용수거함으로 배출합니다.", "게임기와 함께 4가지 이상의 전기전자제품을 배출하기 원하는 경우에는 폐가전제품 무상방문수거서비스(1599-0903)을 이용하여 배출합니다.", "인근에 전용수거함이 없는 경우에는 지자체에 문의한 후 배출하여 주시기 바랍니다."]', 'high', 'https://www.xn--oy2b29bd3a601b.kr/front/dischargeMethod/dictionaryView.do?niIdx=242', '분리배출.kr (한국폐기물협회·환경부)', 'A', '· 휴대용 콘솔게임기는 전기전자제품 환경성보장제도 품목에 해당됩니다. * 환경성보장제도는 전기전자제품의 재활용을 촉진하기 위하여 유해물질의 사용을 억제하고 재활용이 쉽도록 제조하며 그 폐기물을 적정하게 재활용하도록 하여 자원을 효율적으로 이용하는 자원순환체계를 구축하여 환경보전과 국민 경제의 건전한 발전에 이바지함을 목적으로 하는 제도를 말합니다. ** 환경성보장제도 대상품목으로는 냉장고,...', '', '2026-05-18', 0, '["재활용폐기물", "전기전자 제품류"]');
INSERT INTO aliases (item_id, alias, alias_lower, source) VALUES ('휴대용 콘솔게임기', 'PSP', 'psp', 'rule');
INSERT INTO aliases (item_id, alias, alias_lower, source) VALUES ('휴대용 콘솔게임기', 'handheld console', 'handheld console', 'rule');
INSERT INTO aliases (item_id, alias, alias_lower, source) VALUES ('휴대용 콘솔게임기', 'portable console', 'portable console', 'rule');
INSERT INTO aliases (item_id, alias, alias_lower, source) VALUES ('휴대용 콘솔게임기', '게임기', '게임기', 'rule');
INSERT INTO aliases (item_id, alias, alias_lower, source) VALUES ('휴대용 콘솔게임기', '닌텐도 스위치', '닌텐도 스위치', 'rule');
INSERT INTO aliases (item_id, alias, alias_lower, source) VALUES ('휴대용 콘솔게임기', '닌텐도DS', '닌텐도ds', 'rule');
INSERT INTO aliases (item_id, alias, alias_lower, source) VALUES ('휴대용 콘솔게임기', '손안의 게임기', '손안의 게임기', 'rule');
INSERT INTO aliases (item_id, alias, alias_lower, source) VALUES ('휴대용 콘솔게임기', '스팀덱', '스팀덱', 'rule');
INSERT INTO aliases (item_id, alias, alias_lower, source) VALUES ('휴대용 콘솔게임기', '포터블 게임기', '포터블 게임기', 'rule');
INSERT INTO aliases (item_id, alias, alias_lower, source) VALUES ('휴대용 콘솔게임기', '핸드헬드 게임기', '핸드헬드 게임기', 'rule');
INSERT INTO aliases (item_id, alias, alias_lower, source) VALUES ('휴대용 콘솔게임기', '휴대게임기', '휴대게임기', 'rule');
INSERT INTO aliases (item_id, alias, alias_lower, source) VALUES ('휴대용 콘솔게임기', '휴대용 게임기', '휴대용 게임기', 'rule');
INSERT INTO aliases (item_id, alias, alias_lower, source) VALUES ('휴대용 콘솔게임기', '휴대용콘솔게임기', '휴대용콘솔게임기', 'rule');
INSERT OR REPLACE INTO items (id, name, category, note, steps, confidence, source_url, source_name, source_grade, feature, caution, last_verified, region_variation, official_classification) VALUES ('디지털 카메라', '디지털 카메라', 'electronics', '· 디지털 카메라는 전기전자제품 환경성보장제도 품목에 해당됩니다. * 환경성보장제도는 전기전자제품의 재활용을 촉진하기 위하여 유해물질의 사용을 억제하고 재활용이 쉽도록 제조하며 그 폐기물을 적정하게 재활용하도록 하여 자원을 효율적으로 이용하는 자원순환체계를 구축하여 환경보전과 국민 경제의 건전한 발전에 이바지함을 목적으로 하는 제도를 말합니다. ** 환경성', '["디지털 카메라는 소형전기전자제품 전용수거함으로 배출합니다.", "디지털 카메라와 함께 4가지 이상의 전기전자제품을 배출하기 원하는 경우에는 폐가전제품 무상방문수거서비스(1599-0903)을 이용하여 배출합니다.", "인근에 전용수거함이 없는 경우에는 지자체에 문의한 후 배출하여 주시기 바랍니다."]', 'high', 'https://www.xn--oy2b29bd3a601b.kr/front/dischargeMethod/dictionaryView.do?niIdx=243', '분리배출.kr (한국폐기물협회·환경부)', 'A', '· 디지털 카메라는 전기전자제품 환경성보장제도 품목에 해당됩니다. * 환경성보장제도는 전기전자제품의 재활용을 촉진하기 위하여 유해물질의 사용을 억제하고 재활용이 쉽도록 제조하며 그 폐기물을 적정하게 재활용하도록 하여 자원을 효율적으로 이용하는 자원순환체계를 구축하여 환경보전과 국민 경제의 건전한 발전에 이바지함을 목적으로 하는 제도를 말합니다. ** 환경성보장제도 대상품목으로는 냉장고, 세탁...', '', '2026-05-18', 0, '["재활용폐기물", "전기전자 제품류"]');
INSERT INTO aliases (item_id, alias, alias_lower, source) VALUES ('디지털 카메라', 'DSLR', 'dslr', 'rule');
INSERT INTO aliases (item_id, alias, alias_lower, source) VALUES ('디지털 카메라', 'MP3', 'mp3', 'rule');
INSERT INTO aliases (item_id, alias, alias_lower, source) VALUES ('디지털 카메라', 'VR 게임기', 'vr 게임기', 'rule');
INSERT INTO aliases (item_id, alias, alias_lower, source) VALUES ('디지털 카메라', '고프로', '고프로', 'rule');
INSERT INTO aliases (item_id, alias, alias_lower, source) VALUES ('디지털 카메라', '공기청정기', '공기청정기', 'rule');
INSERT INTO aliases (item_id, alias, alias_lower, source) VALUES ('디지털 카메라', '니콘', '니콘', 'rule');
INSERT INTO aliases (item_id, alias, alias_lower, source) VALUES ('디지털 카메라', '디지털카메라', '디지털카메라', 'rule');
INSERT INTO aliases (item_id, alias, alias_lower, source) VALUES ('디지털 카메라', '디카', '디카', 'rule');
INSERT INTO aliases (item_id, alias, alias_lower, source) VALUES ('디지털 카메라', '라디오', '라디오', 'rule');
INSERT INTO aliases (item_id, alias, alias_lower, source) VALUES ('디지털 카메라', '레이저 포인터', '레이저 포인터', 'rule');
INSERT INTO aliases (item_id, alias, alias_lower, source) VALUES ('디지털 카메라', '마우스', '마우스', 'rule');
INSERT INTO aliases (item_id, alias, alias_lower, source) VALUES ('디지털 카메라', '멀티탭', '멀티탭', 'rule');
INSERT INTO aliases (item_id, alias, alias_lower, source) VALUES ('디지털 카메라', '미러리스', '미러리스', 'rule');
INSERT INTO aliases (item_id, alias, alias_lower, source) VALUES ('디지털 카메라', '복사기', '복사기', 'rule');
INSERT INTO aliases (item_id, alias, alias_lower, source) VALUES ('디지털 카메라', '블루투스 이어폰', '블루투스 이어폰', 'rule');
INSERT INTO aliases (item_id, alias, alias_lower, source) VALUES ('디지털 카메라', '사진기', '사진기', 'rule');
INSERT INTO aliases (item_id, alias, alias_lower, source) VALUES ('디지털 카메라', '선풍기', '선풍기', 'rule');
INSERT INTO aliases (item_id, alias, alias_lower, source) VALUES ('디지털 카메라', '세탁기', '세탁기', 'rule');
INSERT INTO aliases (item_id, alias, alias_lower, source) VALUES ('디지털 카메라', '식기건조기', '식기건조기', 'rule');
INSERT INTO aliases (item_id, alias, alias_lower, source) VALUES ('디지털 카메라', '액션캠', '액션캠', 'rule');
INSERT INTO aliases (item_id, alias, alias_lower, source) VALUES ('디지털 카메라', '에그쿠커', '에그쿠커', 'rule');
INSERT INTO aliases (item_id, alias, alias_lower, source) VALUES ('디지털 카메라', '에어컨', '에어컨', 'rule');
INSERT INTO aliases (item_id, alias, alias_lower, source) VALUES ('디지털 카메라', '온풍기', '온풍기', 'rule');
INSERT INTO aliases (item_id, alias, alias_lower, source) VALUES ('디지털 카메라', '와인셀러', '와인셀러', 'rule');
INSERT INTO aliases (item_id, alias, alias_lower, source) VALUES ('디지털 카메라', '전동칫솔', '전동칫솔', 'rule');
INSERT INTO aliases (item_id, alias, alias_lower, source) VALUES ('디지털 카메라', '전자담배', '전자담배', 'rule');
INSERT INTO aliases (item_id, alias, alias_lower, source) VALUES ('디지털 카메라', '전자드릴', '전자드릴', 'rule');
INSERT INTO aliases (item_id, alias, alias_lower, source) VALUES ('디지털 카메라', '전자레인지', '전자레인지', 'rule');
INSERT INTO aliases (item_id, alias, alias_lower, source) VALUES ('디지털 카메라', '전자카메라', '전자카메라', 'rule');
INSERT INTO aliases (item_id, alias, alias_lower, source) VALUES ('디지털 카메라', '정수기', '정수기', 'rule');
INSERT INTO aliases (item_id, alias, alias_lower, source) VALUES ('디지털 카메라', '제습기', '제습기', 'rule');
INSERT INTO aliases (item_id, alias, alias_lower, source) VALUES ('디지털 카메라', '촬영기', '촬영기', 'rule');
INSERT INTO aliases (item_id, alias, alias_lower, source) VALUES ('디지털 카메라', '칫솔살균기', '칫솔살균기', 'rule');
INSERT INTO aliases (item_id, alias, alias_lower, source) VALUES ('디지털 카메라', '카메라', '카메라', 'rule');
INSERT INTO aliases (item_id, alias, alias_lower, source) VALUES ('디지털 카메라', '캐논', '캐논', 'rule');
INSERT INTO aliases (item_id, alias, alias_lower, source) VALUES ('디지털 카메라', '탈수기', '탈수기', 'rule');
INSERT INTO aliases (item_id, alias, alias_lower, source) VALUES ('디지털 카메라', '텔레비전', '텔레비전', 'rule');
INSERT INTO aliases (item_id, alias, alias_lower, source) VALUES ('디지털 카메라', '토스트기', '토스트기', 'rule');
INSERT INTO aliases (item_id, alias, alias_lower, source) VALUES ('디지털 카메라', '포충기', '포충기', 'rule');
INSERT INTO aliases (item_id, alias, alias_lower, source) VALUES ('디지털 카메라', '플러그', '플러그', 'rule');
INSERT INTO aliases (item_id, alias, alias_lower, source) VALUES ('디지털 카메라', '필링기', '필링기', 'rule');
INSERT INTO aliases (item_id, alias, alias_lower, source) VALUES ('디지털 카메라', '핸드폰', '핸드폰', 'rule');
INSERT INTO aliases (item_id, alias, alias_lower, source) VALUES ('디지털 카메라', '헤드폰', '헤드폰', 'rule');
INSERT OR REPLACE INTO items (id, name, category, note, steps, confidence, source_url, source_name, source_grade, feature, caution, last_verified, region_variation, official_classification) VALUES ('라디오', '라디오', 'electronics', '· 라디오는 전기전자제품 환경성보장제도 품목에 해당됩니다. * 환경성보장제도는 전기전자제품의 재활용을 촉진하기 위하여 유해물질의 사용을 억제하고 재활용이 쉽도록 제조하며 그 폐기물을 적정하게 재활용하도록 하여 자원을 효율적으로 이용하는 자원순환체계를 구축하여 환경보전과 국민 경제의 건전한 발전에 이바지함을 목적으로 하는 제도를 말합니다. ** 환경성보장제도', '["라디오는 소형전기전자제품 전용수거함으로 배출합니다.", "라디오와 함께 4가지 이상의 전기전자제품을 배출하기 원하는 경우에는 폐가전제품 무상방문수거서비스(1599-0903)을 이용하여 배출합니다.", "인근에 전용수거함이 없는 경우에는 지자체에 문의한 후 배출하여 주시기 바랍니다."]', 'high', 'https://www.xn--oy2b29bd3a601b.kr/front/dischargeMethod/dictionaryView.do?niIdx=244', '분리배출.kr (한국폐기물협회·환경부)', 'A', '· 라디오는 전기전자제품 환경성보장제도 품목에 해당됩니다. * 환경성보장제도는 전기전자제품의 재활용을 촉진하기 위하여 유해물질의 사용을 억제하고 재활용이 쉽도록 제조하며 그 폐기물을 적정하게 재활용하도록 하여 자원을 효율적으로 이용하는 자원순환체계를 구축하여 환경보전과 국민 경제의 건전한 발전에 이바지함을 목적으로 하는 제도를 말합니다. ** 환경성보장제도 대상품목으로는 냉장고, 세탁기, 다...', '· 소형전기전자제품은 전용수거함으로 배출하거나 5개 이상 모아 폐가전제품 무상방문수거서비스를 이용하여 배출', '2026-05-18', 0, '["재활용폐기물", "전기전자 제품류"]');
INSERT OR REPLACE INTO items (id, name, category, note, steps, confidence, source_url, source_name, source_grade, feature, caution, last_verified, region_variation, official_classification) VALUES ('런닝머신', '런닝머신', 'electronics', '· 런닝머신은 전기전자제품 환경성보장제도 품목에 해당됩니다. * 환경성보장제도는 전기전자제품의 재활용을 촉진하기 위하여 유해물질의 사용을 억제하고 재활용이 쉽도록 제조하며 그 폐기물을 적정하게 재활용하도록 하여 자원을 효율적으로 이용하는 자원순환체계를 구축하여 환경보전과 국민 경제의 건전한 발전에 이바지함을 목적으로 하는 제도를 말합니다. ** 환경성보장제', '["런닝머신은 폐가전제품 무상방문수거서비스(1599-0903)을 이용하여 배출합니다.", "무상수거 서비스를 이용하기 어려운 경우에는 대형폐기물로 배출합니다."]', 'high', 'https://www.xn--oy2b29bd3a601b.kr/front/dischargeMethod/dictionaryView.do?niIdx=245', '분리배출.kr (한국폐기물협회·환경부)', 'A', '· 런닝머신은 전기전자제품 환경성보장제도 품목에 해당됩니다. * 환경성보장제도는 전기전자제품의 재활용을 촉진하기 위하여 유해물질의 사용을 억제하고 재활용이 쉽도록 제조하며 그 폐기물을 적정하게 재활용하도록 하여 자원을 효율적으로 이용하는 자원순환체계를 구축하여 환경보전과 국민 경제의 건전한 발전에 이바지함을 목적으로 하는 제도를 말합니다. ** 환경성보장제도 대상품목으로는 냉장고, 세탁기,...', '·폐가전제품 무상방문서비스 문의 후 배출', '2026-05-18', 0, '["재활용폐기물", "전기전자 제품류"]');
INSERT INTO aliases (item_id, alias, alias_lower, source) VALUES ('런닝머신', 'running machine', 'running machine', 'rule');
INSERT INTO aliases (item_id, alias, alias_lower, source) VALUES ('런닝머신', '가정용 런닝머신', '가정용 런닝머신', 'rule');
INSERT INTO aliases (item_id, alias, alias_lower, source) VALUES ('런닝머신', '걷기 기구', '걷기 기구', 'rule');
INSERT INTO aliases (item_id, alias, alias_lower, source) VALUES ('런닝머신', '달리기 기구', '달리기 기구', 'rule');
INSERT INTO aliases (item_id, alias, alias_lower, source) VALUES ('런닝머신', '러닝머신', '러닝머신', 'rule');
INSERT INTO aliases (item_id, alias, alias_lower, source) VALUES ('런닝머신', '런닝머신 기계', '런닝머신 기계', 'rule');
INSERT INTO aliases (item_id, alias, alias_lower, source) VALUES ('런닝머신', '유산소 운동기구', '유산소 운동기구', 'rule');
INSERT INTO aliases (item_id, alias, alias_lower, source) VALUES ('런닝머신', '전동 런닝머신', '전동 런닝머신', 'rule');
INSERT INTO aliases (item_id, alias, alias_lower, source) VALUES ('런닝머신', '집에서 달리는 기구', '집에서 달리는 기구', 'rule');
INSERT INTO aliases (item_id, alias, alias_lower, source) VALUES ('런닝머신', '헬스용 런닝머신', '헬스용 런닝머신', 'rule');
INSERT OR REPLACE INTO items (id, name, category, note, steps, confidence, source_url, source_name, source_grade, feature, caution, last_verified, region_variation, official_classification) VALUES ('세탁기', '세탁기', 'electronics', '· 세탁기는 전기전자제품 환경성보장제도 품목에 해당됩니다. * 환경성보장제도는 전기전자제품의 재활용을 촉진하기 위하여 유해물질의 사용을 억제하고 재활용이 쉽도록 제조하며 그 폐기물을 적정하게 재활용하도록 하여 자원을 효율적으로 이용하는 자원순환체계를 구축하여 환경보전과 국민 경제의 건전한 발전에 이바지함을 목적으로 하는 제도를 말합니다. ** 환경성보장제도', '["세탁기는 폐가전제품 무상방문수거서비스(1599-0903)을 이용하여 배출합니다.", "무상수거 서비스를 이용하기 어려운 경우에는 대형폐기물로 배출합니다.", "신제품 구매시 생산, 판매업체의 역회수 서비스를 이용하여 배출합니다."]', 'high', 'https://www.xn--oy2b29bd3a601b.kr/front/dischargeMethod/dictionaryView.do?niIdx=246', '분리배출.kr (한국폐기물협회·환경부)', 'A', '· 세탁기는 전기전자제품 환경성보장제도 품목에 해당됩니다. * 환경성보장제도는 전기전자제품의 재활용을 촉진하기 위하여 유해물질의 사용을 억제하고 재활용이 쉽도록 제조하며 그 폐기물을 적정하게 재활용하도록 하여 자원을 효율적으로 이용하는 자원순환체계를 구축하여 환경보전과 국민 경제의 건전한 발전에 이바지함을 목적으로 하는 제도를 말합니다. ** 환경성보장제도 대상품목으로는 냉장고, 세탁기, 다...', '· 폐가전제품 무상방문서비스 문의 후 배출', '2026-05-18', 0, '["재활용폐기물", "전기전자 제품류"]');
INSERT INTO aliases (item_id, alias, alias_lower, source) VALUES ('세탁기', 'washer', 'washer', 'rule');
INSERT INTO aliases (item_id, alias, alias_lower, source) VALUES ('세탁기', 'washing machine', 'washing machine', 'rule');
INSERT INTO aliases (item_id, alias, alias_lower, source) VALUES ('세탁기', '그랑데', '그랑데', 'rule');
INSERT INTO aliases (item_id, alias, alias_lower, source) VALUES ('세탁기', '드럼세탁기', '드럼세탁기', 'rule');
INSERT INTO aliases (item_id, alias, alias_lower, source) VALUES ('세탁기', '론드리머신', '론드리머신', 'rule');
INSERT INTO aliases (item_id, alias, alias_lower, source) VALUES ('세탁기', '빨래기', '빨래기', 'rule');
INSERT INTO aliases (item_id, alias, alias_lower, source) VALUES ('세탁기', '빨래기계', '빨래기계', 'rule');
INSERT INTO aliases (item_id, alias, alias_lower, source) VALUES ('세탁기', '빨래통', '빨래통', 'rule');
INSERT INTO aliases (item_id, alias, alias_lower, source) VALUES ('세탁기', '세탁', '세탁', 'rule');
INSERT INTO aliases (item_id, alias, alias_lower, source) VALUES ('세탁기', '세탁머신', '세탁머신', 'rule');
INSERT INTO aliases (item_id, alias, alias_lower, source) VALUES ('세탁기', '세탁이', '세탁이', 'rule');
INSERT INTO aliases (item_id, alias, alias_lower, source) VALUES ('세탁기', '세탁장치', '세탁장치', 'rule');
INSERT INTO aliases (item_id, alias, alias_lower, source) VALUES ('세탁기', '의류세척기', '의류세척기', 'rule');
INSERT INTO aliases (item_id, alias, alias_lower, source) VALUES ('세탁기', '통돌이세탁기', '통돌이세탁기', 'rule');
INSERT INTO aliases (item_id, alias, alias_lower, source) VALUES ('세탁기', '트롬', '트롬', 'rule');
INSERT OR REPLACE INTO items (id, name, category, note, steps, confidence, source_url, source_name, source_grade, feature, caution, last_verified, region_variation, official_classification) VALUES ('전자레인지', '전자레인지', 'furniture', '· 전자레인지는 전기전자제품 환경성보장제도 품목에 해당됩니다. * 환경성보장제도는 전기전자제품의 재활용을 촉진하기 위하여 유해물질의 사용을 억제하고 재활용이 쉽도록 제조하며 그 폐기물을 적정하게 재활용하도록 하여 자원을 효율적으로 이용하는 자원순환체계를 구축하여 환경보전과 국민 경제의 건전한 발전에 이바지함을 목적으로 하는 제도를 말합니다. ** 환경성보장', '["전자레인지는 폐가전제품 무상방문수거서비스(1599-0903)을 이용하여 배출합니다.", "무상수거 서비스를 이용하기 어려운 경우에는 대형폐기물로 배출합니다."]', 'high', 'https://www.xn--oy2b29bd3a601b.kr/front/dischargeMethod/dictionaryView.do?niIdx=247', '분리배출.kr (한국폐기물협회·환경부)', 'A', '· 전자레인지는 전기전자제품 환경성보장제도 품목에 해당됩니다. * 환경성보장제도는 전기전자제품의 재활용을 촉진하기 위하여 유해물질의 사용을 억제하고 재활용이 쉽도록 제조하며 그 폐기물을 적정하게 재활용하도록 하여 자원을 효율적으로 이용하는 자원순환체계를 구축하여 환경보전과 국민 경제의 건전한 발전에 이바지함을 목적으로 하는 제도를 말합니다. ** 환경성보장제도 대상품목으로는 냉장고, 세탁기,...', '· 폐가전제품 무상방문서비스 문의 후 배출', '2026-05-18', 0, '["재활용폐기물", "전기전자 제품류", "대형폐기물"]');
INSERT INTO aliases (item_id, alias, alias_lower, source) VALUES ('전자레인지', 'microwave', 'microwave', 'rule');
INSERT INTO aliases (item_id, alias, alias_lower, source) VALUES ('전자레인지', '마이크로웨이브', '마이크로웨이브', 'rule');
INSERT INTO aliases (item_id, alias, alias_lower, source) VALUES ('전자레인지', '전자렌지', '전자렌지', 'rule');
INSERT OR REPLACE INTO items (id, name, category, note, steps, confidence, source_url, source_name, source_grade, feature, caution, last_verified, region_variation, official_classification) VALUES ('정수기', '정수기', 'electronics', '· 정수기는 전기전자제품 환경성보장제도 품목에 해당됩니다. * 환경성보장제도는 전기전자제품의 재활용을 촉진하기 위하여 유해물질의 사용을 억제하고 재활용이 쉽도록 제조하며 그 폐기물을 적정하게 재활용하도록 하여 자원을 효율적으로 이용하는 자원순환체계를 구축하여 환경보전과 국민 경제의 건전한 발전에 이바지함을 목적으로 하는 제도를 말합니다. ** 환경성보장제도', '["정수기는 폐가전제품 무상방문수거서비스(1599-0903)을 이용하여 배출합니다.", "무상수거 서비스를 이용하기 어려운 경우에는 대형폐기물로 배출합니다."]', 'high', 'https://www.xn--oy2b29bd3a601b.kr/front/dischargeMethod/dictionaryView.do?niIdx=248', '분리배출.kr (한국폐기물협회·환경부)', 'A', '· 정수기는 전기전자제품 환경성보장제도 품목에 해당됩니다. * 환경성보장제도는 전기전자제품의 재활용을 촉진하기 위하여 유해물질의 사용을 억제하고 재활용이 쉽도록 제조하며 그 폐기물을 적정하게 재활용하도록 하여 자원을 효율적으로 이용하는 자원순환체계를 구축하여 환경보전과 국민 경제의 건전한 발전에 이바지함을 목적으로 하는 제도를 말합니다. ** 환경성보장제도 대상품목으로는 냉장고, 세탁기, 다...', '· 폐가전제품 무상방문서비스 문의 후 배출', '2026-05-18', 0, '["재활용폐기물", "전기전자 제품류"]');
INSERT INTO aliases (item_id, alias, alias_lower, source) VALUES ('정수기', 'LG 정수기', 'lg 정수기', 'rule');
INSERT INTO aliases (item_id, alias, alias_lower, source) VALUES ('정수기', 'SK매직', 'sk매직', 'rule');
INSERT INTO aliases (item_id, alias, alias_lower, source) VALUES ('정수기', '냉온정수기', '냉온정수기', 'rule');
INSERT INTO aliases (item_id, alias, alias_lower, source) VALUES ('정수기', '물 나오는 기계', '물 나오는 기계', 'rule');
INSERT INTO aliases (item_id, alias, alias_lower, source) VALUES ('정수기', '워터 퓨리파이어', '워터 퓨리파이어', 'rule');
INSERT INTO aliases (item_id, alias, alias_lower, source) VALUES ('정수기', '워터 필터', '워터 필터', 'rule');
INSERT INTO aliases (item_id, alias, alias_lower, source) VALUES ('정수기', '음수기', '음수기', 'rule');
INSERT INTO aliases (item_id, alias, alias_lower, source) VALUES ('정수기', '정수 장치', '정수 장치', 'rule');
INSERT INTO aliases (item_id, alias, alias_lower, source) VALUES ('정수기', '정수기계', '정수기계', 'rule');
INSERT INTO aliases (item_id, alias, alias_lower, source) VALUES ('정수기', '직수기', '직수기', 'rule');
INSERT INTO aliases (item_id, alias, alias_lower, source) VALUES ('정수기', '청호나이스', '청호나이스', 'rule');
INSERT INTO aliases (item_id, alias, alias_lower, source) VALUES ('정수기', '코웨이', '코웨이', 'rule');
INSERT OR REPLACE INTO items (id, name, category, note, steps, confidence, source_url, source_name, source_grade, feature, caution, last_verified, region_variation, official_classification) VALUES ('복사기', '복사기', 'electronics', '· 복사기는 전기전자제품 환경성보장제도 품목에 해당됩니다. * 환경성보장제도는 전기전자제품의 재활용을 촉진하기 위하여 유해물질의 사용을 억제하고 재활용이 쉽도록 제조하며 그 폐기물을 적정하게 재활용하도록 하여 자원을 효율적으로 이용하는 자원순환체계를 구축하여 환경보전과 국민 경제의 건전한 발전에 이바지함을 목적으로 하는 제도를 말합니다. ** 환경성보장제도', '["복사기는 폐가전제품 무상방문수거서비스(1599-0903)을 이용하여 배출합니다.", "무상수거 서비스를 이용하기 어려운 경우에는 대형폐기물로 배출합니다."]', 'high', 'https://www.xn--oy2b29bd3a601b.kr/front/dischargeMethod/dictionaryView.do?niIdx=249', '분리배출.kr (한국폐기물협회·환경부)', 'A', '· 복사기는 전기전자제품 환경성보장제도 품목에 해당됩니다. * 환경성보장제도는 전기전자제품의 재활용을 촉진하기 위하여 유해물질의 사용을 억제하고 재활용이 쉽도록 제조하며 그 폐기물을 적정하게 재활용하도록 하여 자원을 효율적으로 이용하는 자원순환체계를 구축하여 환경보전과 국민 경제의 건전한 발전에 이바지함을 목적으로 하는 제도를 말합니다. ** 환경성보장제도 대상품목으로는 냉장고, 세탁기, 다...', '· 폐가전제품 무상방문서비스 문의 후 배출', '2026-05-18', 0, '["재활용폐기물", "전기전자 제품류"]');
INSERT INTO aliases (item_id, alias, alias_lower, source) VALUES ('복사기', '모기장', '모기장', 'rule');
INSERT INTO aliases (item_id, alias, alias_lower, source) VALUES ('복사기', '모니터', '모니터', 'rule');
INSERT INTO aliases (item_id, alias, alias_lower, source) VALUES ('복사기', '문서 복사기', '문서 복사기', 'rule');
INSERT INTO aliases (item_id, alias, alias_lower, source) VALUES ('복사기', '믹서기', '믹서기', 'rule');
INSERT INTO aliases (item_id, alias, alias_lower, source) VALUES ('복사기', '복사 기계', '복사 기계', 'rule');
INSERT INTO aliases (item_id, alias, alias_lower, source) VALUES ('복사기', '복사 머신', '복사 머신', 'rule');
INSERT INTO aliases (item_id, alias, alias_lower, source) VALUES ('복사기', '복사 장비', '복사 장비', 'rule');
INSERT INTO aliases (item_id, alias, alias_lower, source) VALUES ('복사기', '복사 프린터', '복사 프린터', 'rule');
INSERT INTO aliases (item_id, alias, alias_lower, source) VALUES ('복사기', '비디오 카메라', '비디오 카메라', 'rule');
INSERT INTO aliases (item_id, alias, alias_lower, source) VALUES ('복사기', '사무용 복사기', '사무용 복사기', 'rule');
INSERT INTO aliases (item_id, alias, alias_lower, source) VALUES ('복사기', '식기세척기', '식기세척기', 'rule');
INSERT INTO aliases (item_id, alias, alias_lower, source) VALUES ('복사기', '식품건조기', '식품건조기', 'rule');
INSERT INTO aliases (item_id, alias, alias_lower, source) VALUES ('복사기', '에어프라이어', '에어프라이어', 'rule');
INSERT INTO aliases (item_id, alias, alias_lower, source) VALUES ('복사기', '연수기', '연수기', 'rule');
INSERT INTO aliases (item_id, alias, alias_lower, source) VALUES ('복사기', '오디오 스피커', '오디오 스피커', 'rule');
INSERT INTO aliases (item_id, alias, alias_lower, source) VALUES ('복사기', '음식물처리기', '음식물처리기', 'rule');
INSERT INTO aliases (item_id, alias, alias_lower, source) VALUES ('복사기', '젖병살균소독기', '젖병살균소독기', 'rule');
INSERT INTO aliases (item_id, alias, alias_lower, source) VALUES ('복사기', '제록스', '제록스', 'rule');
INSERT INTO aliases (item_id, alias, alias_lower, source) VALUES ('복사기', '청소기', '청소기', 'rule');
INSERT INTO aliases (item_id, alias, alias_lower, source) VALUES ('복사기', '카피기', '카피기', 'rule');
INSERT INTO aliases (item_id, alias, alias_lower, source) VALUES ('복사기', '커피메이커', '커피메이커', 'rule');
INSERT INTO aliases (item_id, alias, alias_lower, source) VALUES ('복사기', '컬러 복사기', '컬러 복사기', 'rule');
INSERT INTO aliases (item_id, alias, alias_lower, source) VALUES ('복사기', '코피어', '코피어', 'rule');
INSERT INTO aliases (item_id, alias, alias_lower, source) VALUES ('복사기', '태양광패널', '태양광패널', 'rule');
INSERT INTO aliases (item_id, alias, alias_lower, source) VALUES ('복사기', '포토코피어', '포토코피어', 'rule');
INSERT INTO aliases (item_id, alias, alias_lower, source) VALUES ('복사기', '프린터기', '프린터기', 'rule');
INSERT OR REPLACE INTO items (id, name, category, note, steps, confidence, source_url, source_name, source_grade, feature, caution, last_verified, region_variation, official_classification) VALUES ('태양광패널', '태양광패널', 'electronics', '· 태양광패널는 전기전자제품 환경성보장제도 품목에 해당됩니다. * 환경성보장제도는 전기전자제품의 재활용을 촉진하기 위하여 유해물질의 사용을 억제하고 재활용이 쉽도록 제조하며 그 폐기물을 적정하게 재활용하도록 하여 자원을 효율적으로 이용하는 자원순환체계를 구축하여 환경보전과 국민 경제의 건전한 발전에 이바지함을 목적으로 하는 제도를 말합니다. ** 환경성보장', '["태양광패널은 폐가전제품 무상방문수거서비스(1599-0903)을 이용하여 배출합니다.", "무상수거 서비스를 이용하기 어려운 경우에는 대형폐기물로 배출합니다."]', 'high', 'https://www.xn--oy2b29bd3a601b.kr/front/dischargeMethod/dictionaryView.do?niIdx=250', '분리배출.kr (한국폐기물협회·환경부)', 'A', '· 태양광패널는 전기전자제품 환경성보장제도 품목에 해당됩니다. * 환경성보장제도는 전기전자제품의 재활용을 촉진하기 위하여 유해물질의 사용을 억제하고 재활용이 쉽도록 제조하며 그 폐기물을 적정하게 재활용하도록 하여 자원을 효율적으로 이용하는 자원순환체계를 구축하여 환경보전과 국민 경제의 건전한 발전에 이바지함을 목적으로 하는 제도를 말합니다. ** 환경성보장제도 대상품목으로는 냉장고, 세탁기,...', '· 철거, 해체 후 무상수거서비스 콜센터를 통해 접수 가능', '2026-05-18', 0, '["재활용폐기물", "전기전자 제품류"]');
INSERT INTO aliases (item_id, alias, alias_lower, source) VALUES ('태양광패널', 'PV 패널', 'pv 패널', 'rule');
INSERT INTO aliases (item_id, alias, alias_lower, source) VALUES ('태양광패널', '광전지판', '광전지판', 'rule');
INSERT INTO aliases (item_id, alias, alias_lower, source) VALUES ('태양광패널', '발전판', '발전판', 'rule');
INSERT INTO aliases (item_id, alias, alias_lower, source) VALUES ('태양광패널', '솔라모듈', '솔라모듈', 'rule');
INSERT INTO aliases (item_id, alias, alias_lower, source) VALUES ('태양광패널', '솔라패널', '솔라패널', 'rule');
INSERT INTO aliases (item_id, alias, alias_lower, source) VALUES ('태양광패널', '친환경패널', '친환경패널', 'rule');
INSERT INTO aliases (item_id, alias, alias_lower, source) VALUES ('태양광패널', '태양광모듈', '태양광모듈', 'rule');
INSERT INTO aliases (item_id, alias, alias_lower, source) VALUES ('태양광패널', '태양에너지판', '태양에너지판', 'rule');
INSERT INTO aliases (item_id, alias, alias_lower, source) VALUES ('태양광패널', '태양전지판', '태양전지판', 'rule');
INSERT INTO aliases (item_id, alias, alias_lower, source) VALUES ('태양광패널', '태양판', '태양판', 'rule');
INSERT INTO aliases (item_id, alias, alias_lower, source) VALUES ('태양광패널', '햇님판', '햇님판', 'rule');
INSERT INTO aliases (item_id, alias, alias_lower, source) VALUES ('태양광패널', '햇빛전지판', '햇빛전지판', 'rule');
INSERT OR REPLACE INTO items (id, name, category, note, steps, confidence, source_url, source_name, source_grade, feature, caution, last_verified, region_variation, official_classification) VALUES ('식기세척기', '식기세척기', 'electronics', '· 식기세척기는 전기전자제품 환경성보장제도 품목에 해당됩니다. * 환경성보장제도는 전기전자제품의 재활용을 촉진하기 위하여 유해물질의 사용을 억제하고 재활용이 쉽도록 제조하며 그 폐기물을 적정하게 재활용하도록 하여 자원을 효율적으로 이용하는 자원순환체계를 구축하여 환경보전과 국민 경제의 건전한 발전에 이바지함을 목적으로 하는 제도를 말합니다. ** 환경성보장', '["식기세척기는 폐가전제품 무상방문수거서비스(1599-0903)을 이용하여 배출합니다.", "무상수거 서비스를 이용하기 어려운 경우에는 대형폐기물로 배출합니다."]', 'high', 'https://www.xn--oy2b29bd3a601b.kr/front/dischargeMethod/dictionaryView.do?niIdx=251', '분리배출.kr (한국폐기물협회·환경부)', 'A', '· 식기세척기는 전기전자제품 환경성보장제도 품목에 해당됩니다. * 환경성보장제도는 전기전자제품의 재활용을 촉진하기 위하여 유해물질의 사용을 억제하고 재활용이 쉽도록 제조하며 그 폐기물을 적정하게 재활용하도록 하여 자원을 효율적으로 이용하는 자원순환체계를 구축하여 환경보전과 국민 경제의 건전한 발전에 이바지함을 목적으로 하는 제도를 말합니다. ** 환경성보장제도 대상품목으로는 냉장고, 세탁기,...', '· 폐가전제품 무상방문서비스 문의 후 배출', '2026-05-18', 0, '["재활용폐기물", "전기전자 제품류"]');
INSERT INTO aliases (item_id, alias, alias_lower, source) VALUES ('식기세척기', '그릇닦는기계', '그릇닦는기계', 'rule');
INSERT INTO aliases (item_id, alias, alias_lower, source) VALUES ('식기세척기', '그릇세척기', '그릇세척기', 'rule');
INSERT INTO aliases (item_id, alias, alias_lower, source) VALUES ('식기세척기', '디시워셔', '디시워셔', 'rule');
INSERT INTO aliases (item_id, alias, alias_lower, source) VALUES ('식기세척기', '설거지 로봇', '설거지 로봇', 'rule');
INSERT INTO aliases (item_id, alias, alias_lower, source) VALUES ('식기세척기', '설거지기계', '설거지기계', 'rule');
INSERT INTO aliases (item_id, alias, alias_lower, source) VALUES ('식기세척기', '식기 자동 세척기', '식기 자동 세척기', 'rule');
INSERT INTO aliases (item_id, alias, alias_lower, source) VALUES ('식기세척기', '식기세척 머신', '식기세척 머신', 'rule');
INSERT INTO aliases (item_id, alias, alias_lower, source) VALUES ('식기세척기', '식세기', '식세기', 'rule');
INSERT INTO aliases (item_id, alias, alias_lower, source) VALUES ('식기세척기', '자동식기세척기', '자동식기세척기', 'rule');
INSERT INTO aliases (item_id, alias, alias_lower, source) VALUES ('식기세척기', '접시세척기', '접시세척기', 'rule');
INSERT INTO aliases (item_id, alias, alias_lower, source) VALUES ('식기세척기', '주방 식기세척기', '주방 식기세척기', 'rule');
INSERT OR REPLACE INTO items (id, name, category, note, steps, confidence, source_url, source_name, source_grade, feature, caution, last_verified, region_variation, official_classification) VALUES ('에어컨', '에어컨', 'electronics', '· 에어컨는 전기전자제품 환경성보장제도 품목에 해당됩니다. * 환경성보장제도는 전기전자제품의 재활용을 촉진하기 위하여 유해물질의 사용을 억제하고 재활용이 쉽도록 제조하며 그 폐기물을 적정하게 재활용하도록 하여 자원을 효율적으로 이용하는 자원순환체계를 구축하여 환경보전과 국민 경제의 건전한 발전에 이바지함을 목적으로 하는 제도를 말합니다. · 환경성보장제도에', '["에어컨은 폐가전제품 무상방문수거서비스(1599-0903)을 이용하여 배출합니다.", "무상수거 서비스를 이용하기 어려운 경우에는 대형폐기물로 배출합니다.", "신제품 구매시 생산, 판매업체의 역회수 서비스를 이용하여 배출합니다."]', 'high', 'https://www.xn--oy2b29bd3a601b.kr/front/dischargeMethod/dictionaryView.do?niIdx=252', '분리배출.kr (한국폐기물협회·환경부)', 'A', '· 에어컨는 전기전자제품 환경성보장제도 품목에 해당됩니다. * 환경성보장제도는 전기전자제품의 재활용을 촉진하기 위하여 유해물질의 사용을 억제하고 재활용이 쉽도록 제조하며 그 폐기물을 적정하게 재활용하도록 하여 자원을 효율적으로 이용하는 자원순환체계를 구축하여 환경보전과 국민 경제의 건전한 발전에 이바지함을 목적으로 하는 제도를 말합니다. · 환경성보장제도에 포함되는 전기전자제품은 E-순환거버...', '·폐가전제품 무상방문서비스 문의 후 배출', '2026-05-18', 0, '["재활용폐기물", "전기전자 제품류"]');
INSERT INTO aliases (item_id, alias, alias_lower, source) VALUES ('에어컨', 'ac', 'ac', 'rule');
INSERT INTO aliases (item_id, alias, alias_lower, source) VALUES ('에어컨', 'aircon', 'aircon', 'rule');
INSERT INTO aliases (item_id, alias, alias_lower, source) VALUES ('에어컨', '냉방기', '냉방기', 'rule');
INSERT INTO aliases (item_id, alias, alias_lower, source) VALUES ('에어컨', '에어컨디셔너', '에어컨디셔너', 'rule');
INSERT OR REPLACE INTO items (id, name, category, note, steps, confidence, source_url, source_name, source_grade, feature, caution, last_verified, region_variation, official_classification) VALUES ('모니터', '모니터', 'electronics', '· 모니터는 전기전자제품 환경성보장제도 품목에 해당됩니다. * 환경성보장제도는 전기전자제품의 재활용을 촉진하기 위하여 유해물질의 사용을 억제하고 재활용이 쉽도록 제조하며 그 폐기물을 적정하게 재활용하도록 하여 자원을 효율적으로 이용하는 자원순환체계를 구축하여 환경보전과 국민 경제의 건전한 발전에 이바지함을 목적으로 하는 제도를 말합니다. ** 환경성보장제도', '["모니터는 소형전기전자제품 전용수거함으로 배출합니다.", "모니터와 함께 4가지 이상의 전기전자제품을 배출하기 원하는 경우에는 폐가전제품 무상방문수거서비스(1599-0903)을 이용하여 배출합니다.", "인근에 전용수거함이 없는 경우에는 지자체에 문의한 후 배출하여 주시기 바랍니다."]', 'high', 'https://www.xn--oy2b29bd3a601b.kr/front/dischargeMethod/dictionaryView.do?niIdx=253', '분리배출.kr (한국폐기물협회·환경부)', 'A', NULL, '· 모니터는 전용수거함으로 배출하거나 5개 이상 모아 폐가전제품 무상방문수거서비스를 이용하여 배출', '2026-05-18', 0, NULL);
INSERT INTO aliases (item_id, alias, alias_lower, source) VALUES ('모니터', 'display', 'display', 'rule');
INSERT INTO aliases (item_id, alias, alias_lower, source) VALUES ('모니터', 'monitor', 'monitor', 'rule');
INSERT INTO aliases (item_id, alias, alias_lower, source) VALUES ('모니터', '디스플레이', '디스플레이', 'rule');
INSERT INTO aliases (item_id, alias, alias_lower, source) VALUES ('모니터', '화면', '화면', 'rule');
INSERT OR REPLACE INTO items (id, name, category, note, steps, confidence, source_url, source_name, source_grade, feature, caution, last_verified, region_variation, official_classification) VALUES ('무전기', '무전기', 'electronics', '· 무선기는 플라스틱, 고철, 각종 회로 등이 포함된 복합재질 제품으로 재활용이 어렵습니다. · 무전기 등 일부 소형가전제품은 환경성보장제도 대상품목에 해당되지 않습니다. · 환경성보장제도에 포함되지 않은 전기전자제품이어도 무상방문수거서비스를 이용할 때 함께 배출할 수 있으며, 가까운 소형전기전자제품 전용수거함으로 배출할 수도 있습니다. · 또한, 지자체에', '["무전기는 소형전기전자제품 전용수거함으로 배출합니다.", "인근에 전용수거함이 없는 경우에는 지자체에 문의한 후 배출하여 주시기 바랍니다."]', 'high', 'https://www.xn--oy2b29bd3a601b.kr/front/dischargeMethod/dictionaryView.do?niIdx=254', '분리배출.kr (한국폐기물협회·환경부)', 'A', '· 무선기는 플라스틱, 고철, 각종 회로 등이 포함된 복합재질 제품으로 재활용이 어렵습니다. · 무전기 등 일부 소형가전제품은 환경성보장제도 대상품목에 해당되지 않습니다. · 환경성보장제도에 포함되지 않은 전기전자제품이어도 무상방문수거서비스를 이용할 때 함께 배출할 수 있으며, 가까운 소형전기전자제품 전용수거함으로 배출할 수도 있습니다. · 또한, 지자체에 따라 소형가전제품을 수거하는 경우도...', '', '2026-05-18', 0, '["재활용폐기물", "전기전자 제품류"]');
INSERT INTO aliases (item_id, alias, alias_lower, source) VALUES ('무전기', 'CB 무전기', 'cb 무전기', 'rule');
INSERT INTO aliases (item_id, alias, alias_lower, source) VALUES ('무전기', '모토로라 무전기', '모토로라 무전기', 'rule');
INSERT INTO aliases (item_id, alias, alias_lower, source) VALUES ('무전기', '무선 통신기', '무선 통신기', 'rule');
INSERT INTO aliases (item_id, alias, alias_lower, source) VALUES ('무전기', '무전', '무전', 'rule');
INSERT INTO aliases (item_id, alias, alias_lower, source) VALUES ('무전기', '무전 장치', '무전 장치', 'rule');
INSERT INTO aliases (item_id, alias, alias_lower, source) VALUES ('무전기', '생활 무전기', '생활 무전기', 'rule');
INSERT INTO aliases (item_id, alias, alias_lower, source) VALUES ('무전기', '송수신기', '송수신기', 'rule');
INSERT INTO aliases (item_id, alias, alias_lower, source) VALUES ('무전기', '업무용 무전기', '업무용 무전기', 'rule');
INSERT INTO aliases (item_id, alias, alias_lower, source) VALUES ('무전기', '워키토키', '워키토키', 'rule');
INSERT INTO aliases (item_id, alias, alias_lower, source) VALUES ('무전기', '투웨이 라디오', '투웨이 라디오', 'rule');
INSERT INTO aliases (item_id, alias, alias_lower, source) VALUES ('무전기', '트랜시버', '트랜시버', 'rule');
INSERT INTO aliases (item_id, alias, alias_lower, source) VALUES ('무전기', '휴대용 무전기', '휴대용 무전기', 'rule');
INSERT OR REPLACE INTO items (id, name, category, note, steps, confidence, source_url, source_name, source_grade, feature, caution, last_verified, region_variation, official_classification) VALUES ('프린터기', '프린터기', 'electronics', '· 프린터기는 전기전자제품 환경성보장제도 품목에 해당됩니다. * 환경성보장제도는 전기전자제품의 재활용을 촉진하기 위하여 유해물질의 사용을 억제하고 재활용이 쉽도록 제조하며 그 폐기물을 적정하게 재활용하도록 하여 자원을 효율적으로 이용하는 자원순환체계를 구축하여 환경보전과 국민 경제의 건전한 발전에 이바지함을 목적으로 하는 제도를 말합니다. ** 환경성보장제', '["프린터기는 소형전기전자제품 전용수거함으로 배출합니다.", "프린터기와 함께 4가지 이상의 전기전자제품을 배출하기 원하는 경우에는 폐가전제품 무상방문수거서비스(1599-0903)을 이용하여 배출합니다.", "인근에 전용수거함이 없는 경우에는 지자체에 문의한 후 배출하여 주시기 바랍니다."]', 'high', 'https://www.xn--oy2b29bd3a601b.kr/front/dischargeMethod/dictionaryView.do?niIdx=255', '분리배출.kr (한국폐기물협회·환경부)', 'A', '· 프린터기는 전기전자제품 환경성보장제도 품목에 해당됩니다. * 환경성보장제도는 전기전자제품의 재활용을 촉진하기 위하여 유해물질의 사용을 억제하고 재활용이 쉽도록 제조하며 그 폐기물을 적정하게 재활용하도록 하여 자원을 효율적으로 이용하는 자원순환체계를 구축하여 환경보전과 국민 경제의 건전한 발전에 이바지함을 목적으로 하는 제도를 말합니다. ** 환경성보장제도 대상품목으로는 냉장고, 세탁기,...', '· 소형전기전자제품은 전용수거함으로 배출하거나 5개 이상 모아 폐가전제품 무상방문수거서비스를 이용하여 배출', '2026-05-18', 0, '["재활용폐기물", "전기전자 제품류"]');
INSERT INTO aliases (item_id, alias, alias_lower, source) VALUES ('프린터기', '3D프린터', '3d프린터', 'rule');
INSERT INTO aliases (item_id, alias, alias_lower, source) VALUES ('프린터기', 'HP 프린터', 'hp 프린터', 'rule');
INSERT INTO aliases (item_id, alias, alias_lower, source) VALUES ('프린터기', 'printer', 'printer', 'rule');
INSERT INTO aliases (item_id, alias, alias_lower, source) VALUES ('프린터기', '레이저젯', '레이저젯', 'rule');
INSERT INTO aliases (item_id, alias, alias_lower, source) VALUES ('프린터기', '사무용 프린터', '사무용 프린터', 'rule');
INSERT INTO aliases (item_id, alias, alias_lower, source) VALUES ('프린터기', '사진인쇄기', '사진인쇄기', 'rule');
INSERT INTO aliases (item_id, alias, alias_lower, source) VALUES ('프린터기', '삼성 프린터', '삼성 프린터', 'rule');
INSERT INTO aliases (item_id, alias, alias_lower, source) VALUES ('프린터기', '인쇄기', '인쇄기', 'rule');
INSERT INTO aliases (item_id, alias, alias_lower, source) VALUES ('프린터기', '잉크젯', '잉크젯', 'rule');
INSERT INTO aliases (item_id, alias, alias_lower, source) VALUES ('프린터기', '출력기', '출력기', 'rule');
INSERT INTO aliases (item_id, alias, alias_lower, source) VALUES ('프린터기', '캐논 프린터', '캐논 프린터', 'rule');
INSERT OR REPLACE INTO items (id, name, category, note, steps, confidence, source_url, source_name, source_grade, feature, caution, last_verified, region_variation, official_classification) VALUES ('비디오 카메라', '비디오 카메라', 'electronics', '· 비디오 카메라는 전기전자제품 환경성보장제도 품목에 해당됩니다. * 환경성보장제도는 전기전자제품의 재활용을 촉진하기 위하여 유해물질의 사용을 억제하고 재활용이 쉽도록 제조하며 그 폐기물을 적정하게 재활용하도록 하여 자원을 효율적으로 이용하는 자원순환체계를 구축하여 환경보전과 국민 경제의 건전한 발전에 이바지함을 목적으로 하는 제도를 말합니다. ** 환경성', '["비디오 카메라는 소형전기전자제품 전용수거함으로 배출합니다.", "비디오 카메라와 함께 4가지 이상의 전기전자제품을 배출하기 원하는 경우에는 폐가전제품 무상방문수거서비스(1599-0903)을 이용하여 배출합니다.", "인근에 전용수거함이 없는 경우에는 지자체에 문의한 후 배출하여 주시기 바랍니다."]', 'high', 'https://www.xn--oy2b29bd3a601b.kr/front/dischargeMethod/dictionaryView.do?niIdx=256', '분리배출.kr (한국폐기물협회·환경부)', 'A', '· 비디오 카메라는 전기전자제품 환경성보장제도 품목에 해당됩니다. * 환경성보장제도는 전기전자제품의 재활용을 촉진하기 위하여 유해물질의 사용을 억제하고 재활용이 쉽도록 제조하며 그 폐기물을 적정하게 재활용하도록 하여 자원을 효율적으로 이용하는 자원순환체계를 구축하여 환경보전과 국민 경제의 건전한 발전에 이바지함을 목적으로 하는 제도를 말합니다. ** 환경성보장제도 대상품목으로는 냉장고, 세탁...', '', '2026-05-18', 0, '["재활용폐기물", "전기전자 제품류"]');
INSERT INTO aliases (item_id, alias, alias_lower, source) VALUES ('비디오 카메라', '녹화용 카메라', '녹화용 카메라', 'rule');
INSERT INTO aliases (item_id, alias, alias_lower, source) VALUES ('비디오 카메라', '동영상 촬영기', '동영상 촬영기', 'rule');
INSERT INTO aliases (item_id, alias, alias_lower, source) VALUES ('비디오 카메라', '비디오 녹화기', '비디오 녹화기', 'rule');
INSERT INTO aliases (item_id, alias, alias_lower, source) VALUES ('비디오 카메라', '비디오카메라', '비디오카메라', 'rule');
INSERT INTO aliases (item_id, alias, alias_lower, source) VALUES ('비디오 카메라', '영상기', '영상기', 'rule');
INSERT INTO aliases (item_id, alias, alias_lower, source) VALUES ('비디오 카메라', '영상카메라', '영상카메라', 'rule');
INSERT INTO aliases (item_id, alias, alias_lower, source) VALUES ('비디오 카메라', '촬영캠', '촬영캠', 'rule');
INSERT INTO aliases (item_id, alias, alias_lower, source) VALUES ('비디오 카메라', '캠코더', '캠코더', 'rule');
INSERT INTO aliases (item_id, alias, alias_lower, source) VALUES ('비디오 카메라', '핸디캠', '핸디캠', 'rule');
INSERT INTO aliases (item_id, alias, alias_lower, source) VALUES ('비디오 카메라', '휴대용 캠코더', '휴대용 캠코더', 'rule');
INSERT OR REPLACE INTO items (id, name, category, note, steps, confidence, source_url, source_name, source_grade, feature, caution, last_verified, region_variation, official_classification) VALUES ('믹서기', '믹서기', 'electronics', '· 믹서기는 전기전자제품 환경성보장제도 품목에 해당됩니다. * 환경성보장제도는 전기전자제품의 재활용을 촉진하기 위하여 유해물질의 사용을 억제하고 재활용이 쉽도록 제조하며 그 폐기물을 적정하게 재활용하도록 하여 자원을 효율적으로 이용하는 자원순환체계를 구축하여 환경보전과 국민 경제의 건전한 발전에 이바지함을 목적으로 하는 제도를 말합니다. ** 환경성보장제도', '["믹서기는 소형전기전자제품 전용수거함으로 배출합니다.", "믹서기와 함께 4가지 이상의 전기전자제품을 배출하기 원하는 경우에는 폐가전제품 무상방문수거서비스(1599-0903)을 이용하여 배출합니다.", "인근에 전용수거함이 없는 경우에는 지자체에 문의한 후 배출하여 주시기 바랍니다."]', 'high', 'https://www.xn--oy2b29bd3a601b.kr/front/dischargeMethod/dictionaryView.do?niIdx=257', '분리배출.kr (한국폐기물협회·환경부)', 'A', '· 믹서기는 전기전자제품 환경성보장제도 품목에 해당됩니다. * 환경성보장제도는 전기전자제품의 재활용을 촉진하기 위하여 유해물질의 사용을 억제하고 재활용이 쉽도록 제조하며 그 폐기물을 적정하게 재활용하도록 하여 자원을 효율적으로 이용하는 자원순환체계를 구축하여 환경보전과 국민 경제의 건전한 발전에 이바지함을 목적으로 하는 제도를 말합니다. ** 환경성보장제도 대상품목으로는 냉장고, 세탁기, 다...', '· 소형전기전자제품은 전용수거함으로 배출하거나 5개 이상 모아 폐가전제품 무상방문수거서비스를 이용하여 배출', '2026-05-18', 0, '["재활용폐기물", "전기전자 제품류"]');
INSERT INTO aliases (item_id, alias, alias_lower, source) VALUES ('믹서기', 'blender', 'blender', 'rule');
INSERT INTO aliases (item_id, alias, alias_lower, source) VALUES ('믹서기', 'mixer', 'mixer', 'rule');
INSERT INTO aliases (item_id, alias, alias_lower, source) VALUES ('믹서기', '갈갈이', '갈갈이', 'rule');
INSERT INTO aliases (item_id, alias, alias_lower, source) VALUES ('믹서기', '갈개', '갈개', 'rule');
INSERT INTO aliases (item_id, alias, alias_lower, source) VALUES ('믹서기', '갈음기', '갈음기', 'rule');
INSERT INTO aliases (item_id, alias, alias_lower, source) VALUES ('믹서기', '도깨비방망이', '도깨비방망이', 'rule');
INSERT INTO aliases (item_id, alias, alias_lower, source) VALUES ('믹서기', '믹서', '믹서', 'rule');
INSERT INTO aliases (item_id, alias, alias_lower, source) VALUES ('믹서기', '믹싱기', '믹싱기', 'rule');
INSERT INTO aliases (item_id, alias, alias_lower, source) VALUES ('믹서기', '바이타믹스', '바이타믹스', 'rule');
INSERT INTO aliases (item_id, alias, alias_lower, source) VALUES ('믹서기', '분쇄기', '분쇄기', 'rule');
INSERT INTO aliases (item_id, alias, alias_lower, source) VALUES ('믹서기', '스무디메이커', '스무디메이커', 'rule');
INSERT INTO aliases (item_id, alias, alias_lower, source) VALUES ('믹서기', '윙윙이', '윙윙이', 'rule');
INSERT INTO aliases (item_id, alias, alias_lower, source) VALUES ('믹서기', '음식분쇄기', '음식분쇄기', 'rule');
INSERT INTO aliases (item_id, alias, alias_lower, source) VALUES ('믹서기', '푸드블렌더', '푸드블렌더', 'rule');
INSERT INTO aliases (item_id, alias, alias_lower, source) VALUES ('믹서기', '핸드블렌더', '핸드블렌더', 'rule');
INSERT OR REPLACE INTO items (id, name, category, note, steps, confidence, source_url, source_name, source_grade, feature, caution, last_verified, region_variation, official_classification) VALUES ('전기밥솥', '전기밥솥', 'electronics', '· 전기밥솥은 전기전자제품 환경성보장제도 품목에 해당됩니다. * 환경성보장제도는 전기전자제품의 재활용을 촉진하기 위하여 유해물질의 사용을 억제하고 재활용이 쉽도록 제조하며 그 폐기물을 적정하게 재활용하도록 하여 자원을 효율적으로 이용하는 자원순환체계를 구축하여 환경보전과 국민 경제의 건전한 발전에 이바지함을 목적으로 하는 제도를 말합니다. ** 환경성보장제', '["전기밥솥은 소형전기전자제품 전용수거함으로 배출합니다.", "전기밥솥과 함께 4가지 이상의 전기전자제품을 배출하기 원하는 경우에는 폐가전제품 무상방문수거서비스(1599-0903)을 이용하여 배출합니다.", "인근에 전용수거함이 없는 경우에는 지자체에 문의한 후 배출하여 주시기 바랍니다."]', 'high', 'https://www.xn--oy2b29bd3a601b.kr/front/dischargeMethod/dictionaryView.do?niIdx=258', '분리배출.kr (한국폐기물협회·환경부)', 'A', '· 전기밥솥은 전기전자제품 환경성보장제도 품목에 해당됩니다. * 환경성보장제도는 전기전자제품의 재활용을 촉진하기 위하여 유해물질의 사용을 억제하고 재활용이 쉽도록 제조하며 그 폐기물을 적정하게 재활용하도록 하여 자원을 효율적으로 이용하는 자원순환체계를 구축하여 환경보전과 국민 경제의 건전한 발전에 이바지함을 목적으로 하는 제도를 말합니다. ** 환경성보장제도 대상품목으로는 냉장고, 세탁기,...', '· 소형전기전자제품은 전용수거함으로 배출하거나 5개 이상 모아 폐가전제품 무상방문수거서비스를 이용하여 배출', '2026-05-18', 0, '["재활용폐기물", "전기전자 제품류"]');
INSERT INTO aliases (item_id, alias, alias_lower, source) VALUES ('전기밥솥', 'rice cooker', 'rice cooker', 'rule');
INSERT INTO aliases (item_id, alias, alias_lower, source) VALUES ('전기밥솥', '라이스쿠커', '라이스쿠커', 'rule');
INSERT INTO aliases (item_id, alias, alias_lower, source) VALUES ('전기밥솥', '맘마솥', '맘마솥', 'rule');
INSERT INTO aliases (item_id, alias, alias_lower, source) VALUES ('전기밥솥', '밥메이커', '밥메이커', 'rule');
INSERT INTO aliases (item_id, alias, alias_lower, source) VALUES ('전기밥솥', '밥솥', '밥솥', 'rule');
INSERT INTO aliases (item_id, alias, alias_lower, source) VALUES ('전기밥솥', '밥솥기', '밥솥기', 'rule');
INSERT INTO aliases (item_id, alias, alias_lower, source) VALUES ('전기밥솥', '밥통', '밥통', 'rule');
INSERT INTO aliases (item_id, alias, alias_lower, source) VALUES ('전기밥솥', '스마트밥솥', '스마트밥솥', 'rule');
INSERT INTO aliases (item_id, alias, alias_lower, source) VALUES ('전기밥솥', '전기밥통', '전기밥통', 'rule');
INSERT INTO aliases (item_id, alias, alias_lower, source) VALUES ('전기밥솥', '쿠첸', '쿠첸', 'rule');
INSERT INTO aliases (item_id, alias, alias_lower, source) VALUES ('전기밥솥', '쿠커', '쿠커', 'rule');
INSERT INTO aliases (item_id, alias, alias_lower, source) VALUES ('전기밥솥', '쿠쿠', '쿠쿠', 'rule');
INSERT OR REPLACE INTO items (id, name, category, note, steps, confidence, source_url, source_name, source_grade, feature, caution, last_verified, region_variation, official_classification) VALUES ('다리미', '다리미', 'electronics', '· 다리미는 전기전자제품 환경성보장제도 품목에 해당됩니다. * 환경성보장제도는 전기전자제품의 재활용을 촉진하기 위하여 유해물질의 사용을 억제하고 재활용이 쉽도록 제조하며 그 폐기물을 적정하게 재활용하도록 하여 자원을 효율적으로 이용하는 자원순환체계를 구축하여 환경보전과 국민 경제의 건전한 발전에 이바지함을 목적으로 하는 제도를 말합니다. ** 환경성보장제도', '["다리미는 소형전기전자제품 전용수거함으로 배출합니다.", "다리미와 함께 4가지 이상의 전기전자제품을 배출하기 원하는 경우에는 폐가전제품 무상방문수거서비스(1599-0903)을 이용하여 배출합니다.", "인근에 전용수거함이 없는 경우에는 지자체에 문의한 후 배출하여 주시기 바랍니다."]', 'high', 'https://www.xn--oy2b29bd3a601b.kr/front/dischargeMethod/dictionaryView.do?niIdx=260', '분리배출.kr (한국폐기물협회·환경부)', 'A', '· 다리미는 전기전자제품 환경성보장제도 품목에 해당됩니다. * 환경성보장제도는 전기전자제품의 재활용을 촉진하기 위하여 유해물질의 사용을 억제하고 재활용이 쉽도록 제조하며 그 폐기물을 적정하게 재활용하도록 하여 자원을 효율적으로 이용하는 자원순환체계를 구축하여 환경보전과 국민 경제의 건전한 발전에 이바지함을 목적으로 하는 제도를 말합니다. ** 환경성보장제도 대상품목으로는 냉장고, 세탁기, 다...', '· 소형전기전자제품은 전용수거함으로 배출하거나 5개 이상 모아 폐가전제품 무상방문수거서비스를 이용하여 배출', '2026-05-18', 0, '["재활용폐기물", "전기전자 제품류"]');
INSERT INTO aliases (item_id, alias, alias_lower, source) VALUES ('다리미', 'iron', 'iron', 'rule');
INSERT INTO aliases (item_id, alias, alias_lower, source) VALUES ('다리미', '다림이', '다림이', 'rule');
INSERT INTO aliases (item_id, alias, alias_lower, source) VALUES ('다리미', '빔프로젝터', '빔프로젝터', 'rule');
INSERT INTO aliases (item_id, alias, alias_lower, source) VALUES ('다리미', '스팀아이론', '스팀아이론', 'rule');
INSERT INTO aliases (item_id, alias, alias_lower, source) VALUES ('다리미', '여행용다리미', '여행용다리미', 'rule');
INSERT INTO aliases (item_id, alias, alias_lower, source) VALUES ('다리미', '옷펴개', '옷펴개', 'rule');
INSERT INTO aliases (item_id, alias, alias_lower, source) VALUES ('다리미', '주름펴는기계', '주름펴는기계', 'rule');
INSERT INTO aliases (item_id, alias, alias_lower, source) VALUES ('다리미', '코드리스다리미', '코드리스다리미', 'rule');
INSERT INTO aliases (item_id, alias, alias_lower, source) VALUES ('다리미', '테팔다리미', '테팔다리미', 'rule');
INSERT INTO aliases (item_id, alias, alias_lower, source) VALUES ('다리미', '팩스', '팩스', 'rule');
INSERT INTO aliases (item_id, alias, alias_lower, source) VALUES ('다리미', '필립스다리미', '필립스다리미', 'rule');
INSERT INTO aliases (item_id, alias, alias_lower, source) VALUES ('다리미', '핸디다리미', '핸디다리미', 'rule');
INSERT OR REPLACE INTO items (id, name, category, note, steps, confidence, source_url, source_name, source_grade, feature, caution, last_verified, region_variation, official_classification) VALUES ('전기주전자', '전기주전자', 'electronics', '· 전기주전자는 전기전자제품 환경성보장제도 품목에 해당됩니다. * 환경성보장제도는 전기전자제품의 재활용을 촉진하기 위하여 유해물질의 사용을 억제하고 재활용이 쉽도록 제조하며 그 폐기물을 적정하게 재활용하도록 하여 자원을 효율적으로 이용하는 자원순환체계를 구축하여 환경보전과 국민 경제의 건전한 발전에 이바지함을 목적으로 하는 제도를 말합니다. ** 환경성보장', '["전기주전자는 소형전기전자제품 전용수거함으로 배출합니다.", "전기주전자와 함께 4가지 이상의 전기전자제품을 배출하기 원하는 경우에는 폐가전제품 무상방문수거서비스(1599-0903)을 이용하여 배출합니다.", "인근에 전용수거함이 없는 경우에는 지자체에 문의한 후 배출하여 주시기 바랍니다."]', 'high', 'https://www.xn--oy2b29bd3a601b.kr/front/dischargeMethod/dictionaryView.do?niIdx=261', '분리배출.kr (한국폐기물협회·환경부)', 'A', '· 전기주전자는 전기전자제품 환경성보장제도 품목에 해당됩니다. * 환경성보장제도는 전기전자제품의 재활용을 촉진하기 위하여 유해물질의 사용을 억제하고 재활용이 쉽도록 제조하며 그 폐기물을 적정하게 재활용하도록 하여 자원을 효율적으로 이용하는 자원순환체계를 구축하여 환경보전과 국민 경제의 건전한 발전에 이바지함을 목적으로 하는 제도를 말합니다. ** 환경성보장제도 대상품목으로는 냉장고, 세탁기,...', '· 소형전기전자제품은 전용수거함으로 배출하거나 5개 이상 모아 폐가전제품 무상방문수거서비스를 이용하여 배출', '2026-05-18', 0, '["재활용폐기물", "전기전자 제품류"]');
INSERT INTO aliases (item_id, alias, alias_lower, source) VALUES ('전기주전자', '무선 전기포트', '무선 전기포트', 'rule');
INSERT INTO aliases (item_id, alias, alias_lower, source) VALUES ('전기주전자', '무선주전자', '무선주전자', 'rule');
INSERT INTO aliases (item_id, alias, alias_lower, source) VALUES ('전기주전자', '물 끓이는 기계', '물 끓이는 기계', 'rule');
INSERT INTO aliases (item_id, alias, alias_lower, source) VALUES ('전기주전자', '물끓이기', '물끓이기', 'rule');
INSERT INTO aliases (item_id, alias, alias_lower, source) VALUES ('전기주전자', '온수포트', '온수포트', 'rule');
INSERT INTO aliases (item_id, alias, alias_lower, source) VALUES ('전기주전자', '일렉트릭 케틀', '일렉트릭 케틀', 'rule');
INSERT INTO aliases (item_id, alias, alias_lower, source) VALUES ('전기주전자', '전포', '전포', 'rule');
INSERT INTO aliases (item_id, alias, alias_lower, source) VALUES ('전기주전자', '케틀', '케틀', 'rule');
INSERT INTO aliases (item_id, alias, alias_lower, source) VALUES ('전기주전자', '테팔 전기포트', '테팔 전기포트', 'rule');
INSERT OR REPLACE INTO items (id, name, category, note, steps, confidence, source_url, source_name, source_grade, feature, caution, last_verified, region_variation, official_classification) VALUES ('음식물처리기', '음식물처리기', 'electronics', '· 음식물처리기는 전기전자제품 환경성보장제도 품목에 해당됩니다. * 환경성보장제도는 전기전자제품의 재활용을 촉진하기 위하여 유해물질의 사용을 억제하고 재활용이 쉽도록 제조하며 그 폐기물을 적정하게 재활용하도록 하여 자원을 효율적으로 이용하는 자원순환체계를 구축하여 환경보전과 국민 경제의 건전한 발전에 이바지함을 목적으로 하는 제도를 말합니다. ** 환경성보', '["음식물처리기는 소형전기전자제품 전용수거함으로 배출합니다.", "음식물처리기와 함께 4가지 이상의 전기전자제품을 배출하기 원하는 경우에는 폐가전제품 무상방문수거서비스(1599-0903)을 이용하여 배출합니다.", "인근에 전용수거함이 없는 경우에는 지자체에 문의한 후 배출하여 주시기 바랍니다."]', 'high', 'https://www.xn--oy2b29bd3a601b.kr/front/dischargeMethod/dictionaryView.do?niIdx=262', '분리배출.kr (한국폐기물협회·환경부)', 'A', '· 음식물처리기는 전기전자제품 환경성보장제도 품목에 해당됩니다. * 환경성보장제도는 전기전자제품의 재활용을 촉진하기 위하여 유해물질의 사용을 억제하고 재활용이 쉽도록 제조하며 그 폐기물을 적정하게 재활용하도록 하여 자원을 효율적으로 이용하는 자원순환체계를 구축하여 환경보전과 국민 경제의 건전한 발전에 이바지함을 목적으로 하는 제도를 말합니다. ** 환경성보장제도 대상품목으로는 냉장고, 세탁기...', '· 소형전기전자제품은 전용수거함으로 배출하거나 5개 이상 모아 폐가전제품 무상방문수거서비스를 이용하여 배출', '2026-05-18', 0, '["재활용폐기물", "전기전자 제품류"]');
INSERT INTO aliases (item_id, alias, alias_lower, source) VALUES ('음식물처리기', '디스포저', '디스포저', 'rule');
INSERT INTO aliases (item_id, alias, alias_lower, source) VALUES ('음식물처리기', '싱크대 음식물처리기', '싱크대 음식물처리기', 'rule');
INSERT INTO aliases (item_id, alias, alias_lower, source) VALUES ('음식물처리기', '음식물 감량기', '음식물 감량기', 'rule');
INSERT INTO aliases (item_id, alias, alias_lower, source) VALUES ('음식물처리기', '음식물 냠냠이', '음식물 냠냠이', 'rule');
INSERT INTO aliases (item_id, alias, alias_lower, source) VALUES ('음식물처리기', '음식물 분쇄기', '음식물 분쇄기', 'rule');
INSERT INTO aliases (item_id, alias, alias_lower, source) VALUES ('음식물처리기', '음식물 소멸기', '음식물 소멸기', 'rule');
INSERT INTO aliases (item_id, alias, alias_lower, source) VALUES ('음식물처리기', '음식물 쓰레기 처리기', '음식물 쓰레기 처리기', 'rule');
INSERT INTO aliases (item_id, alias, alias_lower, source) VALUES ('음식물처리기', '음쓰처리기', '음쓰처리기', 'rule');
INSERT INTO aliases (item_id, alias, alias_lower, source) VALUES ('음식물처리기', '음처기', '음처기', 'rule');
INSERT INTO aliases (item_id, alias, alias_lower, source) VALUES ('음식물처리기', '주방 음식물처리기', '주방 음식물처리기', 'rule');
INSERT INTO aliases (item_id, alias, alias_lower, source) VALUES ('음식물처리기', '푸드 디스포저', '푸드 디스포저', 'rule');
INSERT INTO aliases (item_id, alias, alias_lower, source) VALUES ('음식물처리기', '푸드 웨이스트 디스포저', '푸드 웨이스트 디스포저', 'rule');
INSERT OR REPLACE INTO items (id, name, category, note, steps, confidence, source_url, source_name, source_grade, feature, caution, last_verified, region_variation, official_classification) VALUES ('커피메이커', '커피메이커', 'electronics', '· 커피메이커는 전기전자제품 환경성보장제도 품목에 해당됩니다. * 환경성보장제도는 전기전자제품의 재활용을 촉진하기 위하여 유해물질의 사용을 억제하고 재활용이 쉽도록 제조하며 그 폐기물을 적정하게 재활용하도록 하여 자원을 효율적으로 이용하는 자원순환체계를 구축하여 환경보전과 국민 경제의 건전한 발전에 이바지함을 목적으로 하는 제도를 말합니다. ** 환경성보장', '["커피메이커는 소형전기전자제품 전용수거함으로 배출합니다.", "커피메이커와 함께 4가지 이상의 전기전자제품을 배출하기 원하는 경우에는 폐가전제품 무상방문수거서비스(1599-0903)을 이용하여 배출합니다.", "인근에 전용수거함이 없는 경우에는 지자체에 문의한 후 배출하여 주시기 바랍니다."]', 'high', 'https://www.xn--oy2b29bd3a601b.kr/front/dischargeMethod/dictionaryView.do?niIdx=263', '분리배출.kr (한국폐기물협회·환경부)', 'A', '· 커피메이커는 전기전자제품 환경성보장제도 품목에 해당됩니다. * 환경성보장제도는 전기전자제품의 재활용을 촉진하기 위하여 유해물질의 사용을 억제하고 재활용이 쉽도록 제조하며 그 폐기물을 적정하게 재활용하도록 하여 자원을 효율적으로 이용하는 자원순환체계를 구축하여 환경보전과 국민 경제의 건전한 발전에 이바지함을 목적으로 하는 제도를 말합니다. ** 환경성보장제도 대상품목으로는 냉장고, 세탁기,...', '· 소형전기전자제품은 전용수거함으로 배출하거나 5개 이상 모아 폐가전제품 무상방문수거서비스를 이용하여 배출', '2026-05-18', 0, '["재활용폐기물", "전기전자 제품류"]');
INSERT INTO aliases (item_id, alias, alias_lower, source) VALUES ('커피메이커', 'coffee machine', 'coffee machine', 'rule');
INSERT INTO aliases (item_id, alias, alias_lower, source) VALUES ('커피메이커', 'espresso machine', 'espresso machine', 'rule');
INSERT INTO aliases (item_id, alias, alias_lower, source) VALUES ('커피메이커', '에스프레소머신', '에스프레소머신', 'rule');
INSERT OR REPLACE INTO items (id, name, category, note, steps, confidence, source_url, source_name, source_grade, feature, caution, last_verified, region_variation, official_classification) VALUES ('에어프라이어', '에어프라이어', 'electronics', '· 에어프라이어는 전기전자제품 환경성보장제도 품목에 해당됩니다. * 환경성보장제도는 전기전자제품의 재활용을 촉진하기 위하여 유해물질의 사용을 억제하고 재활용이 쉽도록 제조하며 그 폐기물을 적정하게 재활용하도록 하여 자원을 효율적으로 이용하는 자원순환체계를 구축하여 환경보전과 국민 경제의 건전한 발전에 이바지함을 목적으로 하는 제도를 말합니다. ** 환경성보', '["에어프라이어는 소형전기전자제품 전용수거함으로 배출합니다.", "에어프라이어와 함께 4가지 이상의 전기전자제품을 배출하기 원하는 경우에는 폐가전제품 무상방문수거서비스(1599-0903)을 이용하여 배출합니다.", "인근에 전용수거함이 없는 경우에는 지자체에 문의한 후 배출하여 주시기 바랍니다."]', 'high', 'https://www.xn--oy2b29bd3a601b.kr/front/dischargeMethod/dictionaryView.do?niIdx=264', '분리배출.kr (한국폐기물협회·환경부)', 'A', '· 에어프라이어는 전기전자제품 환경성보장제도 품목에 해당됩니다. * 환경성보장제도는 전기전자제품의 재활용을 촉진하기 위하여 유해물질의 사용을 억제하고 재활용이 쉽도록 제조하며 그 폐기물을 적정하게 재활용하도록 하여 자원을 효율적으로 이용하는 자원순환체계를 구축하여 환경보전과 국민 경제의 건전한 발전에 이바지함을 목적으로 하는 제도를 말합니다. ** 환경성보장제도 대상품목으로는 냉장고, 세탁기...', '· 소형전기전자제품은 전용수거함으로 배출하거나 5개 이상 모아 폐가전제품 무상방문수거서비스를 이용하여 배출', '2026-05-18', 0, '["재활용폐기물", "전기전자 제품류"]');
INSERT INTO aliases (item_id, alias, alias_lower, source) VALUES ('에어프라이어', 'Airfryer', 'airfryer', 'rule');
INSERT INTO aliases (item_id, alias, alias_lower, source) VALUES ('에어프라이어', '가정용 에어프라이어', '가정용 에어프라이어', 'rule');
INSERT INTO aliases (item_id, alias, alias_lower, source) VALUES ('에어프라이어', '공기튀김기', '공기튀김기', 'rule');
INSERT INTO aliases (item_id, alias, alias_lower, source) VALUES ('에어프라이어', '대용량 에어프라이어', '대용량 에어프라이어', 'rule');
INSERT INTO aliases (item_id, alias, alias_lower, source) VALUES ('에어프라이어', '리빙웰 에어프라이어', '리빙웰 에어프라이어', 'rule');
INSERT INTO aliases (item_id, alias, alias_lower, source) VALUES ('에어프라이어', '에어프', '에어프', 'rule');
INSERT INTO aliases (item_id, alias, alias_lower, source) VALUES ('에어프라이어', '에어프라이', '에어프라이', 'rule');
INSERT INTO aliases (item_id, alias, alias_lower, source) VALUES ('에어프라이어', '에어프라이기', '에어프라이기', 'rule');
INSERT INTO aliases (item_id, alias, alias_lower, source) VALUES ('에어프라이어', '에프', '에프', 'rule');
INSERT INTO aliases (item_id, alias, alias_lower, source) VALUES ('에어프라이어', '에프라이어', '에프라이어', 'rule');
INSERT INTO aliases (item_id, alias, alias_lower, source) VALUES ('에어프라이어', '튀김통', '튀김통', 'rule');
INSERT INTO aliases (item_id, alias, alias_lower, source) VALUES ('에어프라이어', '필립스 에어프라이어', '필립스 에어프라이어', 'rule');
INSERT OR REPLACE INTO items (id, name, category, note, steps, confidence, source_url, source_name, source_grade, feature, caution, last_verified, region_variation, official_classification) VALUES ('오디오 스피커', '오디오 스피커', 'electronics', '· 오디오 스피커는 전기전자제품 환경성보장제도 품목에 해당됩니다. * 환경성보장제도는 전기전자제품의 재활용을 촉진하기 위하여 유해물질의 사용을 억제하고 재활용이 쉽도록 제조하며 그 폐기물을 적정하게 재활용하도록 하여 자원을 효율적으로 이용하는 자원순환체계를 구축하여 환경보전과 국민 경제의 건전한 발전에 이바지함을 목적으로 하는 제도를 말합니다. ** 환경성', '["오디오 스피커는 소형전기전자제품 전용수거함으로 배출합니다.", "오디오 스피커와 함께 4가지 이상의 전기전자제품을 배출하기 원하는 경우에는 폐가전제품 무상방문수거서비스(1599-0903)을 이용하여 배출합니다.", "인근에 전용수거함이 없는 경우에는 지자체에 문의한 후 배출하여 주시기 바랍니다."]', 'high', 'https://www.xn--oy2b29bd3a601b.kr/front/dischargeMethod/dictionaryView.do?niIdx=265', '분리배출.kr (한국폐기물협회·환경부)', 'A', '· 오디오 스피커는 전기전자제품 환경성보장제도 품목에 해당됩니다. * 환경성보장제도는 전기전자제품의 재활용을 촉진하기 위하여 유해물질의 사용을 억제하고 재활용이 쉽도록 제조하며 그 폐기물을 적정하게 재활용하도록 하여 자원을 효율적으로 이용하는 자원순환체계를 구축하여 환경보전과 국민 경제의 건전한 발전에 이바지함을 목적으로 하는 제도를 말합니다. ** 환경성보장제도 대상품목으로는 냉장고, 세탁...', '· 소형전기전자제품은 전용수거함으로 배출하거나 5개 이상 모아 폐가전제품 무상방문수거서비스를 이용하여 배출', '2026-05-18', 0, '["재활용폐기물", "전기전자 제품류"]');
INSERT INTO aliases (item_id, alias, alias_lower, source) VALUES ('오디오 스피커', 'speaker', 'speaker', 'rule');
INSERT INTO aliases (item_id, alias, alias_lower, source) VALUES ('오디오 스피커', '오디오스피커', '오디오스피커', 'rule');
INSERT OR REPLACE INTO items (id, name, category, note, steps, confidence, source_url, source_name, source_grade, feature, caution, last_verified, region_variation, official_classification) VALUES ('식품건조기', '식품건조기', 'electronics', '· 식품건조기는 전기전자제품 환경성보장제도 품목에 해당됩니다. * 환경성보장제도는 전기전자제품의 재활용을 촉진하기 위하여 유해물질의 사용을 억제하고 재활용이 쉽도록 제조하며 그 폐기물을 적정하게 재활용하도록 하여 자원을 효율적으로 이용하는 자원순환체계를 구축하여 환경보전과 국민 경제의 건전한 발전에 이바지함을 목적으로 하는 제도를 말합니다. ** 환경성보장', '["식품건조기는 소형전기전자제품 전용수거함으로 배출합니다.", "식품건조기와 함께 4가지 이상의 전기전자제품을 배출하기 원하는 경우에는 폐가전제품 무상방문수거서비스(1599-0903)을 이용하여 배출합니다.", "인근에 전용수거함이 없는 경우에는 지자체에 문의한 후 배출하여 주시기 바랍니다."]', 'high', 'https://www.xn--oy2b29bd3a601b.kr/front/dischargeMethod/dictionaryView.do?niIdx=266', '분리배출.kr (한국폐기물협회·환경부)', 'A', '· 식품건조기는 전기전자제품 환경성보장제도 품목에 해당됩니다. * 환경성보장제도는 전기전자제품의 재활용을 촉진하기 위하여 유해물질의 사용을 억제하고 재활용이 쉽도록 제조하며 그 폐기물을 적정하게 재활용하도록 하여 자원을 효율적으로 이용하는 자원순환체계를 구축하여 환경보전과 국민 경제의 건전한 발전에 이바지함을 목적으로 하는 제도를 말합니다. ** 환경성보장제도 대상품목으로는 냉장고, 세탁기,...', '· 소형전기전자제품은 전용수거함으로 배출하거나 5개 이상 모아 폐가전제품 무상방문수거서비스를 이용하여 배출', '2026-05-18', 0, '["재활용폐기물", "전기전자 제품류"]');
INSERT INTO aliases (item_id, alias, alias_lower, source) VALUES ('식품건조기', '가정용 식품건조기', '가정용 식품건조기', 'rule');
INSERT INTO aliases (item_id, alias, alias_lower, source) VALUES ('식품건조기', '건조 머신', '건조 머신', 'rule');
INSERT INTO aliases (item_id, alias, alias_lower, source) VALUES ('식품건조기', '건조기', '건조기', 'rule');
INSERT INTO aliases (item_id, alias, alias_lower, source) VALUES ('식품건조기', '과일건조기', '과일건조기', 'rule');
INSERT INTO aliases (item_id, alias, alias_lower, source) VALUES ('식품건조기', '디하이드레이터', '디하이드레이터', 'rule');
INSERT INTO aliases (item_id, alias, alias_lower, source) VALUES ('식품건조기', '말랭이 제조기', '말랭이 제조기', 'rule');
INSERT INTO aliases (item_id, alias, alias_lower, source) VALUES ('식품건조기', '식건기', '식건기', 'rule');
INSERT INTO aliases (item_id, alias, alias_lower, source) VALUES ('식품건조기', '식품건조', '식품건조', 'rule');
INSERT INTO aliases (item_id, alias, alias_lower, source) VALUES ('식품건조기', '식품건조장치', '식품건조장치', 'rule');
INSERT INTO aliases (item_id, alias, alias_lower, source) VALUES ('식품건조기', '음식건조기', '음식건조기', 'rule');
INSERT INTO aliases (item_id, alias, alias_lower, source) VALUES ('식품건조기', '채소건조기', '채소건조기', 'rule');
INSERT INTO aliases (item_id, alias, alias_lower, source) VALUES ('식품건조기', '푸드 드라이어', '푸드 드라이어', 'rule');
INSERT INTO aliases (item_id, alias, alias_lower, source) VALUES ('식품건조기', '푸드 디하이드레이터', '푸드 디하이드레이터', 'rule');
INSERT OR REPLACE INTO items (id, name, category, note, steps, confidence, source_url, source_name, source_grade, feature, caution, last_verified, region_variation, official_classification) VALUES ('미싱', '미싱', 'electronics', '· 미싱은 전기전자제품 환경성보장제도 품목에 해당됩니다. * 환경성보장제도는 전기전자제품의 재활용을 촉진하기 위하여 유해물질의 사용을 억제하고 재활용이 쉽도록 제조하며 그 폐기물을 적정하게 재활용하도록 하여 자원을 효율적으로 이용하는 자원순환체계를 구축하여 환경보전과 국민 경제의 건전한 발전에 이바지함을 목적으로 하는 제도를 말합니다. ** 환경성보장제도', '["미싱은 소형전기전자제품 전용수거함으로 배출합니다.", "미싱과 함께 4가지 이상의 전기전자제품을 배출하기 원하는 경우에는 폐가전제품 무상방문수거서비스(1599-0903)을 이용하여 배출합니다.", "인근에 전용수거함이 없는 경우에는 지자체에 문의한 후 배출하여 주시기 바랍니다."]', 'high', 'https://www.xn--oy2b29bd3a601b.kr/front/dischargeMethod/dictionaryView.do?niIdx=267', '분리배출.kr (한국폐기물협회·환경부)', 'A', '· 미싱은 전기전자제품 환경성보장제도 품목에 해당됩니다. * 환경성보장제도는 전기전자제품의 재활용을 촉진하기 위하여 유해물질의 사용을 억제하고 재활용이 쉽도록 제조하며 그 폐기물을 적정하게 재활용하도록 하여 자원을 효율적으로 이용하는 자원순환체계를 구축하여 환경보전과 국민 경제의 건전한 발전에 이바지함을 목적으로 하는 제도를 말합니다. ** 환경성보장제도 대상품목으로는 냉장고, 세탁기, 다리...', '· 소형전기전자제품은 전용수거함으로 배출하거나 5개 이상 모아 폐가전제품 무상방문수거서비스를 이용하여 배출', '2026-05-18', 0, '["재활용폐기물", "전기전자 제품류"]');
INSERT INTO aliases (item_id, alias, alias_lower, source) VALUES ('미싱', '꼬맬 기계', '꼬맬 기계', 'rule');
INSERT INTO aliases (item_id, alias, alias_lower, source) VALUES ('미싱', '드르륵 기계', '드르륵 기계', 'rule');
INSERT INTO aliases (item_id, alias, alias_lower, source) VALUES ('미싱', '바느질 기계', '바느질 기계', 'rule');
INSERT INTO aliases (item_id, alias, alias_lower, source) VALUES ('미싱', '박음질 기계', '박음질 기계', 'rule');
INSERT INTO aliases (item_id, alias, alias_lower, source) VALUES ('미싱', '박음틀', '박음틀', 'rule');
INSERT INTO aliases (item_id, alias, alias_lower, source) VALUES ('미싱', '부라더', '부라더', 'rule');
INSERT INTO aliases (item_id, alias, alias_lower, source) VALUES ('미싱', '소잉머신', '소잉머신', 'rule');
INSERT INTO aliases (item_id, alias, alias_lower, source) VALUES ('미싱', '싱거', '싱거', 'rule');
INSERT INTO aliases (item_id, alias, alias_lower, source) VALUES ('미싱', '재봉 머신', '재봉 머신', 'rule');
INSERT INTO aliases (item_id, alias, alias_lower, source) VALUES ('미싱', '재봉기', '재봉기', 'rule');
INSERT INTO aliases (item_id, alias, alias_lower, source) VALUES ('미싱', '재봉이', '재봉이', 'rule');
INSERT INTO aliases (item_id, alias, alias_lower, source) VALUES ('미싱', '재봉틀', '재봉틀', 'rule');
INSERT OR REPLACE INTO items (id, name, category, note, steps, confidence, source_url, source_name, source_grade, feature, caution, last_verified, region_variation, official_classification) VALUES ('젖병살균소독기', '젖병살균소독기', 'electronics', '· 젖병살균소독기는 전기전자제품 환경성보장제도 품목에 해당됩니다. * 환경성보장제도는 전기전자제품의 재활용을 촉진하기 위하여 유해물질의 사용을 억제하고 재활용이 쉽도록 제조하며 그 폐기물을 적정하게 재활용하도록 하여 자원을 효율적으로 이용하는 자원순환체계를 구축하여 환경보전과 국민 경제의 건전한 발전에 이바지함을 목적으로 하는 제도를 말합니다. ** 환경성', '["젖병살균소독기는 소형전기전자제품 전용수거함으로 배출합니다.", "젖병살균소독기와 함께 4가지 이상의 전기전자제품을 배출하기 원하는 경우에는 폐가전제품 무상방문수거서비스(1599-0903)을 이용하여 배출합니다.", "인근에 전용수거함이 없는 경우에는 지자체에 문의한 후 배출하여 주시기 바랍니다."]', 'high', 'https://www.xn--oy2b29bd3a601b.kr/front/dischargeMethod/dictionaryView.do?niIdx=268', '분리배출.kr (한국폐기물협회·환경부)', 'A', '· 젖병살균소독기는 전기전자제품 환경성보장제도 품목에 해당됩니다. * 환경성보장제도는 전기전자제품의 재활용을 촉진하기 위하여 유해물질의 사용을 억제하고 재활용이 쉽도록 제조하며 그 폐기물을 적정하게 재활용하도록 하여 자원을 효율적으로 이용하는 자원순환체계를 구축하여 환경보전과 국민 경제의 건전한 발전에 이바지함을 목적으로 하는 제도를 말합니다. ** 환경성보장제도 대상품목으로는 냉장고, 세탁...', '· 소형전기전자제품은 전용수거함으로 배출하거나 5개 이상 모아 폐가전제품 무상방문수거서비스를 이용하여 배출', '2026-05-18', 0, '["재활용폐기물", "전기전자 제품류"]');
INSERT INTO aliases (item_id, alias, alias_lower, source) VALUES ('젖병살균소독기', 'UV 젖병 소독기', 'uv 젖병 소독기', 'rule');
INSERT INTO aliases (item_id, alias, alias_lower, source) VALUES ('젖병살균소독기', 'bottle sterilizer', 'bottle sterilizer', 'rule');
INSERT INTO aliases (item_id, alias, alias_lower, source) VALUES ('젖병살균소독기', '맘마통 소독기', '맘마통 소독기', 'rule');
INSERT INTO aliases (item_id, alias, alias_lower, source) VALUES ('젖병살균소독기', '베이비 보틀 살균기', '베이비 보틀 살균기', 'rule');
INSERT INTO aliases (item_id, alias, alias_lower, source) VALUES ('젖병살균소독기', '아기젖병소독기', '아기젖병소독기', 'rule');
INSERT INTO aliases (item_id, alias, alias_lower, source) VALUES ('젖병살균소독기', '유아젖병살균기', '유아젖병살균기', 'rule');
INSERT INTO aliases (item_id, alias, alias_lower, source) VALUES ('젖병살균소독기', '유팡 소독기', '유팡 소독기', 'rule');
INSERT INTO aliases (item_id, alias, alias_lower, source) VALUES ('젖병살균소독기', '젖병 소독하는 기계', '젖병 소독하는 기계', 'rule');
INSERT INTO aliases (item_id, alias, alias_lower, source) VALUES ('젖병살균소독기', '젖병건조살균기', '젖병건조살균기', 'rule');
INSERT INTO aliases (item_id, alias, alias_lower, source) VALUES ('젖병살균소독기', '젖병살균기', '젖병살균기', 'rule');
INSERT INTO aliases (item_id, alias, alias_lower, source) VALUES ('젖병살균소독기', '젖병소독기', '젖병소독기', 'rule');
INSERT INTO aliases (item_id, alias, alias_lower, source) VALUES ('젖병살균소독기', '해님 소독기', '해님 소독기', 'rule');
INSERT OR REPLACE INTO items (id, name, category, note, steps, confidence, source_url, source_name, source_grade, feature, caution, last_verified, region_variation, official_classification) VALUES ('청소기', '청소기', 'electronics', '· 청소기는 전기전자제품 환경성보장제도 품목에 해당됩니다. * 환경성보장제도는 전기전자제품의 재활용을 촉진하기 위하여 유해물질의 사용을 억제하고 재활용이 쉽도록 제조하며 그 폐기물을 적정하게 재활용하도록 하여 자원을 효율적으로 이용하는 자원순환체계를 구축하여 환경보전과 국민 경제의 건전한 발전에 이바지함을 목적으로 하는 제도를 말합니다. ** 환경성보장제도', '["청소기는 소형전기전자제품 전용수거함으로 배출합니다.", "청소기와 함께 4가지 이상의 전기전자제품을 배출하기 원하는 경우에는 폐가전제품 무상방문수거서비스(1599-0903)을 이용하여 배출합니다.", "인근에 전용수거함이 없는 경우에는 지자체에 문의한 후 배출하여 주시기 바랍니다."]', 'high', 'https://www.xn--oy2b29bd3a601b.kr/front/dischargeMethod/dictionaryView.do?niIdx=269', '분리배출.kr (한국폐기물협회·환경부)', 'A', NULL, '· 소형전기전자제품은 전용수거함으로 배출하거나 5개 이상 모아 폐가전제품 무상방문수거서비스를 이용하여 배출', '2026-05-18', 0, NULL);
INSERT INTO aliases (item_id, alias, alias_lower, source) VALUES ('청소기', 'vacuum', 'vacuum', 'rule');
INSERT INTO aliases (item_id, alias, alias_lower, source) VALUES ('청소기', 'vacuum cleaner', 'vacuum cleaner', 'rule');
INSERT INTO aliases (item_id, alias, alias_lower, source) VALUES ('청소기', '로보락', '로보락', 'rule');
INSERT INTO aliases (item_id, alias, alias_lower, source) VALUES ('청소기', '로봇청소기', '로봇청소기', 'rule');
INSERT INTO aliases (item_id, alias, alias_lower, source) VALUES ('청소기', '먼지흡입기', '먼지흡입기', 'rule');
INSERT INTO aliases (item_id, alias, alias_lower, source) VALUES ('청소기', '무선청소기', '무선청소기', 'rule');
INSERT INTO aliases (item_id, alias, alias_lower, source) VALUES ('청소기', '바닥청소기', '바닥청소기', 'rule');
INSERT INTO aliases (item_id, alias, alias_lower, source) VALUES ('청소기', '스틱청소기', '스틱청소기', 'rule');
INSERT INTO aliases (item_id, alias, alias_lower, source) VALUES ('청소기', '싸이클론', '싸이클론', 'rule');
INSERT INTO aliases (item_id, alias, alias_lower, source) VALUES ('청소기', '진공청소기', '진공청소기', 'rule');
INSERT INTO aliases (item_id, alias, alias_lower, source) VALUES ('청소기', '청소하는거', '청소하는거', 'rule');
INSERT INTO aliases (item_id, alias, alias_lower, source) VALUES ('청소기', '클리너', '클리너', 'rule');
INSERT INTO aliases (item_id, alias, alias_lower, source) VALUES ('청소기', '핸디청소기', '핸디청소기', 'rule');
INSERT INTO aliases (item_id, alias, alias_lower, source) VALUES ('청소기', '흡입기', '흡입기', 'rule');
INSERT OR REPLACE INTO items (id, name, category, note, steps, confidence, source_url, source_name, source_grade, feature, caution, last_verified, region_variation, official_classification) VALUES ('연수기', '연수기', 'electronics', '· 연수기는 전기전자제품 환경성보장제도 품목에 해당됩니다. * 환경성보장제도는 전기전자제품의 재활용을 촉진하기 위하여 유해물질의 사용을 억제하고 재활용이 쉽도록 제조하며 그 폐기물을 적정하게 재활용하도록 하여 자원을 효율적으로 이용하는 자원순환체계를 구축하여 환경보전과 국민 경제의 건전한 발전에 이바지함을 목적으로 하는 제도를 말합니다. ** 환경성보장제도', '["연수기는 소형전기전자제품 전용수거함으로 배출합니다.", "연수기와 함께 4가지 이상의 전기전자제품을 배출하기 원하는 경우에는 폐가전제품 무상방문수거서비스(1599-0903)을 이용하여 배출합니다.", "인근에 전용수거함이 없는 경우에는 지자체에 문의한 후 배출하여 주시기 바랍니다."]', 'high', 'https://www.xn--oy2b29bd3a601b.kr/front/dischargeMethod/dictionaryView.do?niIdx=270', '분리배출.kr (한국폐기물협회·환경부)', 'A', '· 연수기는 전기전자제품 환경성보장제도 품목에 해당됩니다. * 환경성보장제도는 전기전자제품의 재활용을 촉진하기 위하여 유해물질의 사용을 억제하고 재활용이 쉽도록 제조하며 그 폐기물을 적정하게 재활용하도록 하여 자원을 효율적으로 이용하는 자원순환체계를 구축하여 환경보전과 국민 경제의 건전한 발전에 이바지함을 목적으로 하는 제도를 말합니다. ** 환경성보장제도 대상품목으로는 냉장고, 세탁기, 다...', '· 소형전기전자제품은 전용수거함으로 배출하거나 5개 이상 모아 폐가전제품 무상방문수거서비스를 이용하여 배출', '2026-05-18', 0, '["재활용폐기물", "전기전자 제품류"]');
INSERT INTO aliases (item_id, alias, alias_lower, source) VALUES ('연수기', 'softener', 'softener', 'rule');
INSERT INTO aliases (item_id, alias, alias_lower, source) VALUES ('연수기', 'water softener', 'water softener', 'rule');
INSERT INTO aliases (item_id, alias, alias_lower, source) VALUES ('연수기', '물 연화기', '물 연화기', 'rule');
INSERT INTO aliases (item_id, alias, alias_lower, source) VALUES ('연수기', '뽀송물 기계', '뽀송물 기계', 'rule');
INSERT INTO aliases (item_id, alias, alias_lower, source) VALUES ('연수기', '수도연수기', '수도연수기', 'rule');
INSERT INTO aliases (item_id, alias, alias_lower, source) VALUES ('연수기', '연수기계', '연수기계', 'rule');
INSERT INTO aliases (item_id, alias, alias_lower, source) VALUES ('연수기', '워터 소프트너', '워터 소프트너', 'rule');
INSERT INTO aliases (item_id, alias, alias_lower, source) VALUES ('연수기', '정수연수기', '정수연수기', 'rule');
INSERT INTO aliases (item_id, alias, alias_lower, source) VALUES ('연수기', '청호나이스 연수기', '청호나이스 연수기', 'rule');
INSERT INTO aliases (item_id, alias, alias_lower, source) VALUES ('연수기', '코웨이 연수기', '코웨이 연수기', 'rule');
INSERT INTO aliases (item_id, alias, alias_lower, source) VALUES ('연수기', '피부 물 기계', '피부 물 기계', 'rule');
INSERT INTO aliases (item_id, alias, alias_lower, source) VALUES ('연수기', '피부연수기', '피부연수기', 'rule');
INSERT OR REPLACE INTO items (id, name, category, note, steps, confidence, source_url, source_name, source_grade, feature, caution, last_verified, region_variation, official_classification) VALUES ('전기비데', '전기비데', 'electronics', '· 전기비데는 전기전자제품 환경성보장제도 품목에 해당됩니다. * 환경성보장제도는 전기전자제품의 재활용을 촉진하기 위하여 유해물질의 사용을 억제하고 재활용이 쉽도록 제조하며 그 폐기물을 적정하게 재활용하도록 하여 자원을 효율적으로 이용하는 자원순환체계를 구축하여 환경보전과 국민 경제의 건전한 발전에 이바지함을 목적으로 하는 제도를 말합니다. ** 환경성보장제', '["전기비데는 소형전기전자제품 전용수거함으로 배출합니다.", "전기비데와 함께 4가지 이상의 전기전자제품을 배출하기 원하는 경우에는 폐가전제품 무상방문수거서비스(1599-0903)을 이용하여 배출합니다.", "인근에 전용수거함이 없는 경우에는 지자체에 문의한 후 배출하여 주시기 바랍니다."]', 'high', 'https://www.xn--oy2b29bd3a601b.kr/front/dischargeMethod/dictionaryView.do?niIdx=271', '분리배출.kr (한국폐기물협회·환경부)', 'A', '· 전기비데는 전기전자제품 환경성보장제도 품목에 해당됩니다. * 환경성보장제도는 전기전자제품의 재활용을 촉진하기 위하여 유해물질의 사용을 억제하고 재활용이 쉽도록 제조하며 그 폐기물을 적정하게 재활용하도록 하여 자원을 효율적으로 이용하는 자원순환체계를 구축하여 환경보전과 국민 경제의 건전한 발전에 이바지함을 목적으로 하는 제도를 말합니다. ** 환경성보장제도 대상품목으로는 냉장고, 세탁기,...', '· 소형전기전자제품은 전용수거함으로 배출하거나 5개 이상 모아 폐가전제품 무상방문수거서비스를 이용하여 배출', '2026-05-18', 0, '["재활용폐기물", "전기전자 제품류"]');
INSERT INTO aliases (item_id, alias, alias_lower, source) VALUES ('전기비데', 'bidet', 'bidet', 'rule');
INSERT INTO aliases (item_id, alias, alias_lower, source) VALUES ('전기비데', '노비타', '노비타', 'rule');
INSERT INTO aliases (item_id, alias, alias_lower, source) VALUES ('전기비데', '변기비데', '변기비데', 'rule');
INSERT INTO aliases (item_id, alias, alias_lower, source) VALUES ('전기비데', '비데', '비데', 'rule');
INSERT INTO aliases (item_id, alias, alias_lower, source) VALUES ('전기비데', '비데기', '비데기', 'rule');
INSERT INTO aliases (item_id, alias, alias_lower, source) VALUES ('전기비데', '세정비데', '세정비데', 'rule');
INSERT INTO aliases (item_id, alias, alias_lower, source) VALUES ('전기비데', '스마트비데', '스마트비데', 'rule');
INSERT INTO aliases (item_id, alias, alias_lower, source) VALUES ('전기비데', '온수비데', '온수비데', 'rule');
INSERT INTO aliases (item_id, alias, alias_lower, source) VALUES ('전기비데', '전자비데', '전자비데', 'rule');
INSERT INTO aliases (item_id, alias, alias_lower, source) VALUES ('전기비데', '좌변기비데', '좌변기비데', 'rule');
INSERT INTO aliases (item_id, alias, alias_lower, source) VALUES ('전기비데', '코웨이비데', '코웨이비데', 'rule');
INSERT INTO aliases (item_id, alias, alias_lower, source) VALUES ('전기비데', '화장실비데', '화장실비데', 'rule');
INSERT OR REPLACE INTO items (id, name, category, note, steps, confidence, source_url, source_name, source_grade, feature, caution, last_verified, region_variation, official_classification) VALUES ('빔프로젝터', '빔프로젝터', 'electronics', '· 빔프로젝터는 전기전자제품 환경성보장제도 품목에 해당됩니다. * 환경성보장제도는 전기전자제품의 재활용을 촉진하기 위하여 유해물질의 사용을 억제하고 재활용이 쉽도록 제조하며 그 폐기물을 적정하게 재활용하도록 하여 자원을 효율적으로 이용하는 자원순환체계를 구축하여 환경보전과 국민 경제의 건전한 발전에 이바지함을 목적으로 하는 제도를 말합니다. ** 환경성보장', '["빔프로젝터는 소형전기전자제품 전용수거함으로 배출합니다.", "빔프로젝터와 함께 4가지 이상의 전기전자제품을 배출하기 원하는 경우에는 폐가전제품 무상방문수거서비스(1599-0903)을 이용하여 배출합니다.", "인근에 전용수거함이 없는 경우에는 지자체에 문의한 후 배출하여 주시기 바랍니다."]', 'high', 'https://www.xn--oy2b29bd3a601b.kr/front/dischargeMethod/dictionaryView.do?niIdx=272', '분리배출.kr (한국폐기물협회·환경부)', 'A', '· 빔프로젝터는 전기전자제품 환경성보장제도 품목에 해당됩니다. * 환경성보장제도는 전기전자제품의 재활용을 촉진하기 위하여 유해물질의 사용을 억제하고 재활용이 쉽도록 제조하며 그 폐기물을 적정하게 재활용하도록 하여 자원을 효율적으로 이용하는 자원순환체계를 구축하여 환경보전과 국민 경제의 건전한 발전에 이바지함을 목적으로 하는 제도를 말합니다. ** 환경성보장제도 대상품목으로는 냉장고, 세탁기,...', '· 소형전기전자제품은 전용수거함으로 배출하거나 5개 이상 모아 폐가전제품 무상방문수거서비스를 이용하여 배출', '2026-05-18', 0, '["재활용폐기물", "전기전자 제품류"]');
INSERT INTO aliases (item_id, alias, alias_lower, source) VALUES ('빔프로젝터', 'projector', 'projector', 'rule');
INSERT INTO aliases (item_id, alias, alias_lower, source) VALUES ('빔프로젝터', '미니 프로젝터', '미니 프로젝터', 'rule');
INSERT INTO aliases (item_id, alias, alias_lower, source) VALUES ('빔프로젝터', '빔프', '빔프', 'rule');
INSERT INTO aliases (item_id, alias, alias_lower, source) VALUES ('빔프로젝터', '빔프로', '빔프로', 'rule');
INSERT INTO aliases (item_id, alias, alias_lower, source) VALUES ('빔프로젝터', '스마트 프로젝터', '스마트 프로젝터', 'rule');
INSERT INTO aliases (item_id, alias, alias_lower, source) VALUES ('빔프로젝터', '스크린 프로젝터', '스크린 프로젝터', 'rule');
INSERT INTO aliases (item_id, alias, alias_lower, source) VALUES ('빔프로젝터', '영사기', '영사기', 'rule');
INSERT INTO aliases (item_id, alias, alias_lower, source) VALUES ('빔프로젝터', '영상 투사기', '영상 투사기', 'rule');
INSERT INTO aliases (item_id, alias, alias_lower, source) VALUES ('빔프로젝터', '천장형 프로젝터', '천장형 프로젝터', 'rule');
INSERT INTO aliases (item_id, alias, alias_lower, source) VALUES ('빔프로젝터', '프로젝션', '프로젝션', 'rule');
INSERT INTO aliases (item_id, alias, alias_lower, source) VALUES ('빔프로젝터', '프로젝터', '프로젝터', 'rule');
INSERT INTO aliases (item_id, alias, alias_lower, source) VALUES ('빔프로젝터', '휴대용 프로젝터', '휴대용 프로젝터', 'rule');
INSERT OR REPLACE INTO items (id, name, category, note, steps, confidence, source_url, source_name, source_grade, feature, caution, last_verified, region_variation, official_classification) VALUES ('팩스', '팩스', 'electronics', '· 팩시밀리는 전기전자제품 환경성보장제도 품목에 해당됩니다. * 환경성보장제도는 전기전자제품의 재활용을 촉진하기 위하여 유해물질의 사용을 억제하고 재활용이 쉽도록 제조하며 그 폐기물을 적정하게 재활용하도록 하여 자원을 효율적으로 이용하는 자원순환체계를 구축하여 환경보전과 국민 경제의 건전한 발전에 이바지함을 목적으로 하는 제도를 말합니다. ** 환경성보장제', '["팩스는 소형전기전자제품 전용수거함으로 배출합니다.", "팩스와 함께 4가지 이상의 전기전자제품을 배출하기 원하는 경우에는 폐가전제품 무상방문수거서비스(1599-0903)을 이용하여 배출합니다.", "인근에 전용수거함이 없는 경우에는 지자체에 문의한 후 배출하여 주시기 바랍니다."]', 'high', 'https://www.xn--oy2b29bd3a601b.kr/front/dischargeMethod/dictionaryView.do?niIdx=273', '분리배출.kr (한국폐기물협회·환경부)', 'A', '· 팩시밀리는 전기전자제품 환경성보장제도 품목에 해당됩니다. * 환경성보장제도는 전기전자제품의 재활용을 촉진하기 위하여 유해물질의 사용을 억제하고 재활용이 쉽도록 제조하며 그 폐기물을 적정하게 재활용하도록 하여 자원을 효율적으로 이용하는 자원순환체계를 구축하여 환경보전과 국민 경제의 건전한 발전에 이바지함을 목적으로 하는 제도를 말합니다. ** 환경성보장제도 대상품목으로는 냉장고, 세탁기,...', '· 소형전기전자제품은 전용수거함으로 배출하거나 5개 이상 모아 폐가전제품 무상방문수거서비스를 이용하여 배출', '2026-05-18', 0, '["재활용폐기물", "전기전자 제품류"]');
INSERT INTO aliases (item_id, alias, alias_lower, source) VALUES ('팩스', 'facsimile', 'facsimile', 'rule');
INSERT INTO aliases (item_id, alias, alias_lower, source) VALUES ('팩스', 'fax', 'fax', 'rule');
INSERT INTO aliases (item_id, alias, alias_lower, source) VALUES ('팩스', '모사전송기', '모사전송기', 'rule');
INSERT INTO aliases (item_id, alias, alias_lower, source) VALUES ('팩스', '문서 전송기', '문서 전송기', 'rule');
INSERT INTO aliases (item_id, alias, alias_lower, source) VALUES ('팩스', '사무용 팩스', '사무용 팩스', 'rule');
INSERT INTO aliases (item_id, alias, alias_lower, source) VALUES ('팩스', '전화 팩스', '전화 팩스', 'rule');
INSERT INTO aliases (item_id, alias, alias_lower, source) VALUES ('팩스', '팩스 머신', '팩스 머신', 'rule');
INSERT INTO aliases (item_id, alias, alias_lower, source) VALUES ('팩스', '팩스 보내는 기계', '팩스 보내는 기계', 'rule');
INSERT INTO aliases (item_id, alias, alias_lower, source) VALUES ('팩스', '팩스 복합기', '팩스 복합기', 'rule');
INSERT INTO aliases (item_id, alias, alias_lower, source) VALUES ('팩스', '팩스 프린터', '팩스 프린터', 'rule');
INSERT INTO aliases (item_id, alias, alias_lower, source) VALUES ('팩스', '팩스기', '팩스기', 'rule');
INSERT INTO aliases (item_id, alias, alias_lower, source) VALUES ('팩스', '팩시밀리', '팩시밀리', 'rule');
INSERT OR REPLACE INTO items (id, name, category, note, steps, confidence, source_url, source_name, source_grade, feature, caution, last_verified, region_variation, official_classification) VALUES ('핸드폰', '핸드폰', 'electronics', '· 핸드폰은 전기전자제품 환경성보장제도 품목에 해당됩니다. * 환경성보장제도는 전기전자제품의 재활용을 촉진하기 위하여 유해물질의 사용을 억제하고 재활용이 쉽도록 제조하며 그 폐기물을 적정하게 재활용하도록 하여 자원을 효율적으로 이용하는 자원순환체계를 구축하여 환경보전과 국민 경제의 건전한 발전에 이바지함을 목적으로 하는 제도를 말합니다. ** 환경성보장제도', '["핸드폰은 소형전기전자제품 전용수거함으로 배출합니다.", "핸드폰과 함께 4가지 이상의 전기전자제품을 배출하기 원하는 경우에는 폐가전제품 무상방문수거서비스(1599-0903)을 이용하여 배출합니다.", "인근에 전용수거함이 없는 경우에는 지자체에 문의한 후 배출하여 주시기 바랍니다."]', 'high', 'https://www.xn--oy2b29bd3a601b.kr/front/dischargeMethod/dictionaryView.do?niIdx=274', '분리배출.kr (한국폐기물협회·환경부)', 'A', '· 핸드폰은 전기전자제품 환경성보장제도 품목에 해당됩니다. * 환경성보장제도는 전기전자제품의 재활용을 촉진하기 위하여 유해물질의 사용을 억제하고 재활용이 쉽도록 제조하며 그 폐기물을 적정하게 재활용하도록 하여 자원을 효율적으로 이용하는 자원순환체계를 구축하여 환경보전과 국민 경제의 건전한 발전에 이바지함을 목적으로 하는 제도를 말합니다. ** 환경성보장제도 대상품목으로는 냉장고, 세탁기, 다...', '· 소형전기전자제품은 전용수거함으로 배출하거나 5개 이상 모아 폐가전제품 무상방문수거서비스를 이용하여 배출', '2026-05-18', 0, '["재활용폐기물", "전기전자 제품류"]');
INSERT INTO aliases (item_id, alias, alias_lower, source) VALUES ('핸드폰', '갤럭시', '갤럭시', 'rule');
INSERT INTO aliases (item_id, alias, alias_lower, source) VALUES ('핸드폰', '거품반죽기', '거품반죽기', 'rule');
INSERT INTO aliases (item_id, alias, alias_lower, source) VALUES ('핸드폰', '게임 컨트롤러', '게임 컨트롤러', 'rule');
INSERT INTO aliases (item_id, alias, alias_lower, source) VALUES ('핸드폰', '공유기', '공유기', 'rule');
INSERT INTO aliases (item_id, alias, alias_lower, source) VALUES ('핸드폰', '내비게이션', '내비게이션', 'rule');
INSERT INTO aliases (item_id, alias, alias_lower, source) VALUES ('핸드폰', '녹즙기', '녹즙기', 'rule');
INSERT INTO aliases (item_id, alias, alias_lower, source) VALUES ('핸드폰', '디지털 카메라', '디지털 카메라', 'rule');
INSERT INTO aliases (item_id, alias, alias_lower, source) VALUES ('핸드폰', '리모컨', '리모컨', 'rule');
INSERT INTO aliases (item_id, alias, alias_lower, source) VALUES ('핸드폰', '모바일폰', '모바일폰', 'rule');
INSERT INTO aliases (item_id, alias, alias_lower, source) VALUES ('핸드폰', '셀폰', '셀폰', 'rule');
INSERT INTO aliases (item_id, alias, alias_lower, source) VALUES ('핸드폰', '손전화', '손전화', 'rule');
INSERT INTO aliases (item_id, alias, alias_lower, source) VALUES ('핸드폰', '스마트', '스마트', 'rule');
INSERT INTO aliases (item_id, alias, alias_lower, source) VALUES ('핸드폰', '스마트폰', '스마트폰', 'rule');
INSERT INTO aliases (item_id, alias, alias_lower, source) VALUES ('핸드폰', '스탠드 조명', '스탠드 조명', 'rule');
INSERT INTO aliases (item_id, alias, alias_lower, source) VALUES ('핸드폰', '아이폰', '아이폰', 'rule');
INSERT INTO aliases (item_id, alias, alias_lower, source) VALUES ('핸드폰', '전화기', '전화기', 'rule');
INSERT INTO aliases (item_id, alias, alias_lower, source) VALUES ('핸드폰', '청소기 배터리', '청소기 배터리', 'rule');
INSERT INTO aliases (item_id, alias, alias_lower, source) VALUES ('핸드폰', '키보드', '키보드', 'rule');
INSERT INTO aliases (item_id, alias, alias_lower, source) VALUES ('핸드폰', '테이블 스탠드', '테이블 스탠드', 'rule');
INSERT INTO aliases (item_id, alias, alias_lower, source) VALUES ('핸드폰', '폴더폰', '폴더폰', 'rule');
INSERT INTO aliases (item_id, alias, alias_lower, source) VALUES ('핸드폰', '휴대용 콘솔게임기', '휴대용 콘솔게임기', 'rule');
INSERT INTO aliases (item_id, alias, alias_lower, source) VALUES ('핸드폰', '휴대전화', '휴대전화', 'rule');
INSERT INTO aliases (item_id, alias, alias_lower, source) VALUES ('핸드폰', '휴대폰', '휴대폰', 'rule');
INSERT OR REPLACE INTO items (id, name, category, note, steps, confidence, source_url, source_name, source_grade, feature, caution, last_verified, region_variation, official_classification) VALUES ('핸드폰 충전기', '핸드폰 충전기', 'electronics', '· 핸드폰 충전기는 전기전자제품 환경성보장제도 품목에 해당됩니다. * 환경성보장제도는 전기전자제품의 재활용을 촉진하기 위하여 유해물질의 사용을 억제하고 재활용이 쉽도록 제조하며 그 폐기물을 적정하게 재활용하도록 하여 자원을 효율적으로 이용하는 자원순환체계를 구축하여 환경보전과 국민 경제의 건전한 발전에 이바지함을 목적으로 하는 제도를 말합니다. ** 환경성', '["핸드폰 충전기는 소형전기전자제품 전용수거함으로 배출합니다.", "핸드폰 충전기와 함께 4가지 이상의 전기전자제품을 배출하기 원하는 경우에는 폐가전제품 무상방문수거서비스(1599-0903)을 이용하여 배출합니다.", "인근에 전용수거함이 없는 경우에는 지자체에 문의한 후 배출하여 주시기 바랍니다."]', 'high', 'https://www.xn--oy2b29bd3a601b.kr/front/dischargeMethod/dictionaryView.do?niIdx=275', '분리배출.kr (한국폐기물협회·환경부)', 'A', '· 핸드폰 충전기는 전기전자제품 환경성보장제도 품목에 해당됩니다. * 환경성보장제도는 전기전자제품의 재활용을 촉진하기 위하여 유해물질의 사용을 억제하고 재활용이 쉽도록 제조하며 그 폐기물을 적정하게 재활용하도록 하여 자원을 효율적으로 이용하는 자원순환체계를 구축하여 환경보전과 국민 경제의 건전한 발전에 이바지함을 목적으로 하는 제도를 말합니다. ** 환경성보장제도 대상품목으로는 냉장고, 세탁...', '· 소형전기전자제품은 전용수거함으로 배출하거나 5개 이상 모아 폐가전제품 무상방문수거서비스를 이용하여 배출', '2026-05-18', 0, '["재활용폐기물", "전기전자 제품류"]');
INSERT INTO aliases (item_id, alias, alias_lower, source) VALUES ('핸드폰 충전기', 'USB 충전기', 'usb 충전기', 'rule');
INSERT INTO aliases (item_id, alias, alias_lower, source) VALUES ('핸드폰 충전기', 'charger', 'charger', 'rule');
INSERT INTO aliases (item_id, alias, alias_lower, source) VALUES ('핸드폰 충전기', '고속 충전기', '고속 충전기', 'rule');
INSERT INTO aliases (item_id, alias, alias_lower, source) VALUES ('핸드폰 충전기', '모바일 충전기', '모바일 충전기', 'rule');
INSERT INTO aliases (item_id, alias, alias_lower, source) VALUES ('핸드폰 충전기', '무선 충전기', '무선 충전기', 'rule');
INSERT INTO aliases (item_id, alias, alias_lower, source) VALUES ('핸드폰 충전기', '스마트폰 충전기', '스마트폰 충전기', 'rule');
INSERT INTO aliases (item_id, alias, alias_lower, source) VALUES ('핸드폰 충전기', '아이폰 충전기', '아이폰 충전기', 'rule');
INSERT INTO aliases (item_id, alias, alias_lower, source) VALUES ('핸드폰 충전기', '충전 어댑터', '충전 어댑터', 'rule');
INSERT INTO aliases (item_id, alias, alias_lower, source) VALUES ('핸드폰 충전기', '폰 충전기', '폰 충전기', 'rule');
INSERT INTO aliases (item_id, alias, alias_lower, source) VALUES ('핸드폰 충전기', '폰충', '폰충', 'rule');
INSERT INTO aliases (item_id, alias, alias_lower, source) VALUES ('핸드폰 충전기', '핸드폰충전기', '핸드폰충전기', 'rule');
INSERT INTO aliases (item_id, alias, alias_lower, source) VALUES ('핸드폰 충전기', '휴대폰 충전기', '휴대폰 충전기', 'rule');
INSERT OR REPLACE INTO items (id, name, category, note, steps, confidence, source_url, source_name, source_grade, feature, caution, last_verified, region_variation, official_classification) VALUES ('전기히터', '전기히터', 'electronics', '· 전기히터는 전기전자제품 환경성보장제도 품목에 해당됩니다. * 환경성보장제도는 전기전자제품의 재활용을 촉진하기 위하여 유해물질의 사용을 억제하고 재활용이 쉽도록 제조하며 그 폐기물을 적정하게 재활용하도록 하여 자원을 효율적으로 이용하는 자원순환체계를 구축하여 환경보전과 국민 경제의 건전한 발전에 이바지함을 목적으로 하는 제도를 말합니다. ** 환경성보장제', '["전기히터는 소형전기전자제품 전용수거함으로 배출합니다.", "전기히터와 함께 4가지 이상의 전기전자제품을 배출하기 원하는 경우에는 폐가전제품 무상방문수거서비스(1599-0903)을 이용하여 배출합니다.", "인근에 전용수거함이 없는 경우에는 지자체에 문의한 후 배출하여 주시기 바랍니다."]', 'high', 'https://www.xn--oy2b29bd3a601b.kr/front/dischargeMethod/dictionaryView.do?niIdx=276', '분리배출.kr (한국폐기물협회·환경부)', 'A', '· 전기히터는 전기전자제품 환경성보장제도 품목에 해당됩니다. * 환경성보장제도는 전기전자제품의 재활용을 촉진하기 위하여 유해물질의 사용을 억제하고 재활용이 쉽도록 제조하며 그 폐기물을 적정하게 재활용하도록 하여 자원을 효율적으로 이용하는 자원순환체계를 구축하여 환경보전과 국민 경제의 건전한 발전에 이바지함을 목적으로 하는 제도를 말합니다. ** 환경성보장제도 대상품목으로는 냉장고, 세탁기,...', '· 소형전기전자제품은 전용수거함으로 배출하거나 5개 이상 모아 폐가전제품 무상방문수거서비스를 이용하여 배출', '2026-05-18', 0, '["재활용폐기물", "전기전자 제품류"]');
INSERT INTO aliases (item_id, alias, alias_lower, source) VALUES ('전기히터', 'electric heater', 'electric heater', 'rule');
INSERT INTO aliases (item_id, alias, alias_lower, source) VALUES ('전기히터', 'fan heater', 'fan heater', 'rule');
INSERT INTO aliases (item_id, alias, alias_lower, source) VALUES ('전기히터', '미니히터', '미니히터', 'rule');
INSERT INTO aliases (item_id, alias, alias_lower, source) VALUES ('전기히터', '벽걸이히터', '벽걸이히터', 'rule');
INSERT INTO aliases (item_id, alias, alias_lower, source) VALUES ('전기히터', '전기난방기', '전기난방기', 'rule');
INSERT INTO aliases (item_id, alias, alias_lower, source) VALUES ('전기히터', '전열기', '전열기', 'rule');
INSERT INTO aliases (item_id, alias, alias_lower, source) VALUES ('전기히터', '컨벡터', '컨벡터', 'rule');
INSERT OR REPLACE INTO items (id, name, category, note, steps, confidence, source_url, source_name, source_grade, feature, caution, last_verified, region_variation, official_classification) VALUES ('약탕기', '약탕기', 'electronics', '· 약탕기는 전기전자제품 환경성보장제도 품목에 해당됩니다. * 환경성보장제도는 전기전자제품의 재활용을 촉진하기 위하여 유해물질의 사용을 억제하고 재활용이 쉽도록 제조하며 그 폐기물을 적정하게 재활용하도록 하여 자원을 효율적으로 이용하는 자원순환체계를 구축하여 환경보전과 국민 경제의 건전한 발전에 이바지함을 목적으로 하는 제도를 말합니다. ** 환경성보장제도', '["약탕기는 소형전기전자제품 전용수거함으로 배출합니다.", "약탕기와 함께 4가지 이상의 전기전자제품을 배출하기 원하는 경우에는 폐가전제품 무상방문수거서비스(1599-0903)을 이용하여 배출합니다.", "인근에 전용수거함이 없는 경우에는 지자체에 문의한 후 배출하여 주시기 바랍니다."]', 'high', 'https://www.xn--oy2b29bd3a601b.kr/front/dischargeMethod/dictionaryView.do?niIdx=277', '분리배출.kr (한국폐기물협회·환경부)', 'A', '· 약탕기는 전기전자제품 환경성보장제도 품목에 해당됩니다. * 환경성보장제도는 전기전자제품의 재활용을 촉진하기 위하여 유해물질의 사용을 억제하고 재활용이 쉽도록 제조하며 그 폐기물을 적정하게 재활용하도록 하여 자원을 효율적으로 이용하는 자원순환체계를 구축하여 환경보전과 국민 경제의 건전한 발전에 이바지함을 목적으로 하는 제도를 말합니다. ** 환경성보장제도 대상품목으로는 냉장고, 세탁기, 다...', '· 소형전기전자제품은 전용수거함으로 배출하거나 5개 이상 모아 폐가전제품 무상방문수거서비스를 이용하여 배출', '2026-05-18', 0, '["재활용폐기물", "전기전자 제품류"]');
INSERT INTO aliases (item_id, alias, alias_lower, source) VALUES ('약탕기', '달임기', '달임기', 'rule');
INSERT INTO aliases (item_id, alias, alias_lower, source) VALUES ('약탕기', '달임기계', '달임기계', 'rule');
INSERT INTO aliases (item_id, alias, alias_lower, source) VALUES ('약탕기', '메디슨브루어', '메디슨브루어', 'rule');
INSERT INTO aliases (item_id, alias, alias_lower, source) VALUES ('약탕기', '약다리기', '약다리기', 'rule');
INSERT INTO aliases (item_id, alias, alias_lower, source) VALUES ('약탕기', '약솥', '약솥', 'rule');
INSERT INTO aliases (item_id, alias, alias_lower, source) VALUES ('약탕기', '약탕', '약탕', 'rule');
INSERT INTO aliases (item_id, alias, alias_lower, source) VALUES ('약탕기', '일렉트릭허벌팟', '일렉트릭허벌팟', 'rule');
INSERT INTO aliases (item_id, alias, alias_lower, source) VALUES ('약탕기', '전기약탕기', '전기약탕기', 'rule');
INSERT INTO aliases (item_id, alias, alias_lower, source) VALUES ('약탕기', '한약기', '한약기', 'rule');
INSERT INTO aliases (item_id, alias, alias_lower, source) VALUES ('약탕기', '한약기계', '한약기계', 'rule');
INSERT INTO aliases (item_id, alias, alias_lower, source) VALUES ('약탕기', '한약달임기', '한약달임기', 'rule');
INSERT INTO aliases (item_id, alias, alias_lower, source) VALUES ('약탕기', '허벌팟', '허벌팟', 'rule');
INSERT OR REPLACE INTO items (id, name, category, note, steps, confidence, source_url, source_name, source_grade, feature, caution, last_verified, region_variation, official_classification) VALUES ('거품반죽기', '거품반죽기', 'electronics', '· 거품반죽기는 전기전자제품 환경성보장제도 품목에 해당됩니다. * 환경성보장제도는 전기전자제품의 재활용을 촉진하기 위하여 유해물질의 사용을 억제하고 재활용이 쉽도록 제조하며 그 폐기물을 적정하게 재활용하도록 하여 자원을 효율적으로 이용하는 자원순환체계를 구축하여 환경보전과 국민 경제의 건전한 발전에 이바지함을 목적으로 하는 제도를 말합니다. ** 환경성보장', '["거품반죽기는 소형전기전자제품 전용수거함으로 배출합니다.", "거품반죽기와 함께 4가지 이상의 전기전자제품을 배출하기 원하는 경우에는 폐가전제품 무상방문수거서비스(1599-0903)을 이용하여 배출합니다.", "인근에 전용수거함이 없는 경우에는 지자체에 문의한 후 배출하여 주시기 바랍니다."]', 'high', 'https://www.xn--oy2b29bd3a601b.kr/front/dischargeMethod/dictionaryView.do?niIdx=278', '분리배출.kr (한국폐기물협회·환경부)', 'A', '· 거품반죽기는 전기전자제품 환경성보장제도 품목에 해당됩니다. * 환경성보장제도는 전기전자제품의 재활용을 촉진하기 위하여 유해물질의 사용을 억제하고 재활용이 쉽도록 제조하며 그 폐기물을 적정하게 재활용하도록 하여 자원을 효율적으로 이용하는 자원순환체계를 구축하여 환경보전과 국민 경제의 건전한 발전에 이바지함을 목적으로 하는 제도를 말합니다. ** 환경성보장제도 대상품목으로는 냉장고, 세탁기,...', '· 소형전기전자제품은 전용수거함으로 배출하거나 5개 이상 모아 폐가전제품 무상방문수거서비스를 이용하여 배출', '2026-05-18', 0, '["재활용폐기물", "전기전자 제품류"]');
INSERT INTO aliases (item_id, alias, alias_lower, source) VALUES ('거품반죽기', '거품돌이', '거품돌이', 'rule');
INSERT INTO aliases (item_id, alias, alias_lower, source) VALUES ('거품반죽기', '반죽기', '반죽기', 'rule');
INSERT INTO aliases (item_id, alias, alias_lower, source) VALUES ('거품반죽기', '반죽혼합기', '반죽혼합기', 'rule');
INSERT INTO aliases (item_id, alias, alias_lower, source) VALUES ('거품반죽기', '스탠드믹서', '스탠드믹서', 'rule');
INSERT INTO aliases (item_id, alias, alias_lower, source) VALUES ('거품반죽기', '전기거품기', '전기거품기', 'rule');
INSERT INTO aliases (item_id, alias, alias_lower, source) VALUES ('거품반죽기', '제과용 믹서', '제과용 믹서', 'rule');
INSERT INTO aliases (item_id, alias, alias_lower, source) VALUES ('거품반죽기', '핸드믹서', '핸드믹서', 'rule');
INSERT INTO aliases (item_id, alias, alias_lower, source) VALUES ('거품반죽기', '휘스커', '휘스커', 'rule');
INSERT OR REPLACE INTO items (id, name, category, note, steps, confidence, source_url, source_name, source_grade, feature, caution, last_verified, region_variation, official_classification) VALUES ('녹즙기', '녹즙기', 'electronics', '· 녹즙기는 전기전자제품 환경성보장제도 품목에 해당됩니다. * 환경성보장제도는 전기전자제품의 재활용을 촉진하기 위하여 유해물질의 사용을 억제하고 재활용이 쉽도록 제조하며 그 폐기물을 적정하게 재활용하도록 하여 자원을 효율적으로 이용하는 자원순환체계를 구축하여 환경보전과 국민 경제의 건전한 발전에 이바지함을 목적으로 하는 제도를 말합니다. ** 환경성보장제도', '["녹즙기는 소형전기전자제품 전용수거함으로 배출합니다.", "녹즙기와 함께 4가지 이상의 전기전자제품을 배출하기 원하는 경우에는 폐가전제품 무상방문수거서비스(1599-0903)을 이용하여 배출합니다.", "인근에 전용수거함이 없는 경우에는 지자체에 문의한 후 배출하여 주시기 바랍니다."]', 'high', 'https://www.xn--oy2b29bd3a601b.kr/front/dischargeMethod/dictionaryView.do?niIdx=279', '분리배출.kr (한국폐기물협회·환경부)', 'A', '· 녹즙기는 전기전자제품 환경성보장제도 품목에 해당됩니다. * 환경성보장제도는 전기전자제품의 재활용을 촉진하기 위하여 유해물질의 사용을 억제하고 재활용이 쉽도록 제조하며 그 폐기물을 적정하게 재활용하도록 하여 자원을 효율적으로 이용하는 자원순환체계를 구축하여 환경보전과 국민 경제의 건전한 발전에 이바지함을 목적으로 하는 제도를 말합니다. ** 환경성보장제도 대상품목으로는 냉장고, 세탁기, 다...', '· 소형전기전자제품은 전용수거함으로 배출하거나 5개 이상 모아 폐가전제품 무상방문수거서비스를 이용하여 배출', '2026-05-18', 0, '["재활용폐기물", "전기전자 제품류"]');
INSERT INTO aliases (item_id, alias, alias_lower, source) VALUES ('녹즙기', 'juicer', 'juicer', 'rule');
INSERT INTO aliases (item_id, alias, alias_lower, source) VALUES ('녹즙기', '엔젤녹즙기', '엔젤녹즙기', 'rule');
INSERT INTO aliases (item_id, alias, alias_lower, source) VALUES ('녹즙기', '원액기', '원액기', 'rule');
INSERT INTO aliases (item_id, alias, alias_lower, source) VALUES ('녹즙기', '주서', '주서', 'rule');
INSERT INTO aliases (item_id, alias, alias_lower, source) VALUES ('녹즙기', '주스기', '주스기', 'rule');
INSERT INTO aliases (item_id, alias, alias_lower, source) VALUES ('녹즙기', '주스만드는기계', '주스만드는기계', 'rule');
INSERT INTO aliases (item_id, alias, alias_lower, source) VALUES ('녹즙기', '즙기', '즙기', 'rule');
INSERT INTO aliases (item_id, alias, alias_lower, source) VALUES ('녹즙기', '즙짜는기계', '즙짜는기계', 'rule');
INSERT INTO aliases (item_id, alias, alias_lower, source) VALUES ('녹즙기', '착즙주서', '착즙주서', 'rule');
INSERT INTO aliases (item_id, alias, alias_lower, source) VALUES ('녹즙기', '휴롬', '휴롬', 'rule');
INSERT OR REPLACE INTO items (id, name, category, note, steps, confidence, source_url, source_name, source_grade, feature, caution, last_verified, region_variation, official_classification) VALUES ('공유기', '공유기', 'electronics', '· 공유기는 전기전자제품 환경성보장제도 품목에 해당됩니다. * 환경성보장제도는 전기전자제품의 재활용을 촉진하기 위하여 유해물질의 사용을 억제하고 재활용이 쉽도록 제조하며 그 폐기물을 적정하게 재활용하도록 하여 자원을 효율적으로 이용하는 자원순환체계를 구축하여 환경보전과 국민 경제의 건전한 발전에 이바지함을 목적으로 하는 제도를 말합니다. ** 환경성보장제도', '["공유기는 소형전기전자제품 전용수거함으로 배출합니다.", "공유기와 함께 4가지 이상의 전기전자제품을 배출하기 원하는 경우에는 폐가전제품 무상방문수거서비스(1599-0903)을 이용하여 배출합니다.", "인근에 전용수거함이 없는 경우에는 지자체에 문의한 후 배출하여 주시기 바랍니다."]', 'high', 'https://www.xn--oy2b29bd3a601b.kr/front/dischargeMethod/dictionaryView.do?niIdx=280', '분리배출.kr (한국폐기물협회·환경부)', 'A', NULL, '· 소형전기전자제품은 전용수거함으로 배출하거나 5개 이상 모아 폐가전제품 무상방문수거서비스를 이용하여 배출', '2026-05-18', 0, NULL);
INSERT INTO aliases (item_id, alias, alias_lower, source) VALUES ('공유기', 'KT 공유기', 'kt 공유기', 'rule');
INSERT INTO aliases (item_id, alias, alias_lower, source) VALUES ('공유기', 'LG 공유기', 'lg 공유기', 'rule');
INSERT INTO aliases (item_id, alias, alias_lower, source) VALUES ('공유기', 'SK 공유기', 'sk 공유기', 'rule');
INSERT INTO aliases (item_id, alias, alias_lower, source) VALUES ('공유기', 'iptime 공유기', 'iptime 공유기', 'rule');
INSERT INTO aliases (item_id, alias, alias_lower, source) VALUES ('공유기', 'router', 'router', 'rule');
INSERT INTO aliases (item_id, alias, alias_lower, source) VALUES ('공유기', '기가 공유기', '기가 공유기', 'rule');
INSERT INTO aliases (item_id, alias, alias_lower, source) VALUES ('공유기', '라우터', '라우터', 'rule');
INSERT INTO aliases (item_id, alias, alias_lower, source) VALUES ('공유기', '무선 공유기', '무선 공유기', 'rule');
INSERT INTO aliases (item_id, alias, alias_lower, source) VALUES ('공유기', '무선 라우터', '무선 라우터', 'rule');
INSERT INTO aliases (item_id, alias, alias_lower, source) VALUES ('공유기', '와이파이 공유기', '와이파이 공유기', 'rule');
INSERT INTO aliases (item_id, alias, alias_lower, source) VALUES ('공유기', '와파공유기', '와파공유기', 'rule');
INSERT INTO aliases (item_id, alias, alias_lower, source) VALUES ('공유기', '인터넷 공유기', '인터넷 공유기', 'rule');
INSERT OR REPLACE INTO items (id, name, category, note, steps, confidence, source_url, source_name, source_grade, feature, caution, last_verified, region_variation, official_classification) VALUES ('키보드', '키보드', 'electronics', '· 키보드는 전기전자제품 환경성보장제도 품목에 해당됩니다. * 환경성보장제도는 전기전자제품의 재활용을 촉진하기 위하여 유해물질의 사용을 억제하고 재활용이 쉽도록 제조하며 그 폐기물을 적정하게 재활용하도록 하여 자원을 효율적으로 이용하는 자원순환체계를 구축하여 환경보전과 국민 경제의 건전한 발전에 이바지함을 목적으로 하는 제도를 말합니다. ** 환경성보장제도', '["키보드는 소형전기전자제품 전용수거함으로 배출합니다.", "키보드와 함께 4가지 이상의 전기전자제품을 배출하기 원하는 경우에는 폐가전제품 무상방문수거서비스(1599-0903)을 이용하여 배출합니다.", "인근에 전용수거함이 없는 경우에는 지자체에 문의한 후 배출하여 주시기 바랍니다."]', 'high', 'https://www.xn--oy2b29bd3a601b.kr/front/dischargeMethod/dictionaryView.do?niIdx=281', '분리배출.kr (한국폐기물협회·환경부)', 'A', NULL, '· 소형전기전자제품은 전용수거함으로 배출하거나 5개 이상 모아 폐가전제품 무상방문수거서비스를 이용하여 배출', '2026-05-18', 0, NULL);
INSERT INTO aliases (item_id, alias, alias_lower, source) VALUES ('키보드', 'keyboard', 'keyboard', 'rule');
INSERT INTO aliases (item_id, alias, alias_lower, source) VALUES ('키보드', '자판', '자판', 'rule');
INSERT OR REPLACE INTO items (id, name, category, note, steps, confidence, source_url, source_name, source_grade, feature, caution, last_verified, region_variation, official_classification) VALUES ('마우스', '마우스', 'electronics', '· 마우스는 전기전자제품 환경성보장제도 품목에 해당됩니다. * 환경성보장제도는 전기전자제품의 재활용을 촉진하기 위하여 유해물질의 사용을 억제하고 재활용이 쉽도록 제조하며 그 폐기물을 적정하게 재활용하도록 하여 자원을 효율적으로 이용하는 자원순환체계를 구축하여 환경보전과 국민 경제의 건전한 발전에 이바지함을 목적으로 하는 제도를 말합니다. ** 환경성보장제도', '["마우스는 소형전기전자제품 전용수거함으로 배출합니다.", "마우스와 함께 4가지 이상의 전기전자제품을 배출하기 원하는 경우에는 폐가전제품 무상방문수거서비스(1599-0903)을 이용하여 배출합니다.", "인근에 전용수거함이 없는 경우에는 지자체에 문의한 후 배출하여 주시기 바랍니다."]', 'high', 'https://www.xn--oy2b29bd3a601b.kr/front/dischargeMethod/dictionaryView.do?niIdx=282', '분리배출.kr (한국폐기물협회·환경부)', 'A', NULL, '· 소형전기전자제품은 전용수거함으로 배출하거나 5개 이상 모아 폐가전제품 무상방문수거서비스를 이용하여 배출', '2026-05-18', 0, NULL);
INSERT INTO aliases (item_id, alias, alias_lower, source) VALUES ('마우스', 'mouse', 'mouse', 'rule');
INSERT OR REPLACE INTO items (id, name, category, note, steps, confidence, source_url, source_name, source_grade, feature, caution, last_verified, region_variation, official_classification) VALUES ('게임 컨트롤러', '게임 컨트롤러', 'electronics', '·게임 컨트롤러는 전기전자제품 환경성보장제도 품목에 해당됩니다. * 환경성보장제도는 전기전자제품의 재활용을 촉진하기 위하여 유해물질의 사용을 억제하고 재활용이 쉽도록 제조하며 그 폐기물을 적정하게 재활용하도록 하여 자원을 효율적으로 이용하는 자원순환체계를 구축하여 환경보전과 국민 경제의 건전한 발전에 이바지함을 목적으로 하는 제도를 말합니다. ** 환경성보', '["게임 컨트롤러는 소형전기전자제품 전용수거함으로 배출합니다.", "게임 컨트롤러와 함께 4가지 이상의 전기전자제품을 배출하기 원하는 경우에는 폐가전제품 무상방문수거서비스(1599-0903)을 이용하여 배출합니다.", "인근에 전용수거함이 없는 경우에는 지자체에 문의한 후 배출하여 주시기 바랍니다."]', 'high', 'https://www.xn--oy2b29bd3a601b.kr/front/dischargeMethod/dictionaryView.do?niIdx=283', '분리배출.kr (한국폐기물협회·환경부)', 'A', '·게임 컨트롤러는 전기전자제품 환경성보장제도 품목에 해당됩니다. * 환경성보장제도는 전기전자제품의 재활용을 촉진하기 위하여 유해물질의 사용을 억제하고 재활용이 쉽도록 제조하며 그 폐기물을 적정하게 재활용하도록 하여 자원을 효율적으로 이용하는 자원순환체계를 구축하여 환경보전과 국민 경제의 건전한 발전에 이바지함을 목적으로 하는 제도를 말합니다. ** 환경성보장제도 대상품목으로는 냉장고, 세탁기...', '', '2026-05-18', 0, '["재활용폐기물", "전기전자 제품류"]');
INSERT INTO aliases (item_id, alias, alias_lower, source) VALUES ('게임 컨트롤러', 'controller', 'controller', 'rule');
INSERT INTO aliases (item_id, alias, alias_lower, source) VALUES ('게임 컨트롤러', 'game controller', 'game controller', 'rule');
INSERT INTO aliases (item_id, alias, alias_lower, source) VALUES ('게임 컨트롤러', 'gamepad', 'gamepad', 'rule');
INSERT INTO aliases (item_id, alias, alias_lower, source) VALUES ('게임 컨트롤러', '게임 조종기', '게임 조종기', 'rule');
INSERT INTO aliases (item_id, alias, alias_lower, source) VALUES ('게임 컨트롤러', '게임컨트롤러', '게임컨트롤러', 'rule');
INSERT INTO aliases (item_id, alias, alias_lower, source) VALUES ('게임 컨트롤러', '게임패드', '게임패드', 'rule');
INSERT INTO aliases (item_id, alias, alias_lower, source) VALUES ('게임 컨트롤러', '겜패드', '겜패드', 'rule');
INSERT INTO aliases (item_id, alias, alias_lower, source) VALUES ('게임 컨트롤러', '닌텐도 컨트롤러', '닌텐도 컨트롤러', 'rule');
INSERT INTO aliases (item_id, alias, alias_lower, source) VALUES ('게임 컨트롤러', '엑스박스 컨트롤러', '엑스박스 컨트롤러', 'rule');
INSERT INTO aliases (item_id, alias, alias_lower, source) VALUES ('게임 컨트롤러', '조이스틱', '조이스틱', 'rule');
INSERT INTO aliases (item_id, alias, alias_lower, source) VALUES ('게임 컨트롤러', '컨트롤러', '컨트롤러', 'rule');
INSERT INTO aliases (item_id, alias, alias_lower, source) VALUES ('게임 컨트롤러', '플스 컨트롤러', '플스 컨트롤러', 'rule');
INSERT OR REPLACE INTO items (id, name, category, note, steps, confidence, source_url, source_name, source_grade, feature, caution, last_verified, region_variation, official_classification) VALUES ('토스트기', '토스트기', 'electronics', '· 토스트기는 전기전자제품 환경성보장제도 품목에 해당됩니다. * 환경성보장제도는 전기전자제품의 재활용을 촉진하기 위하여 유해물질의 사용을 억제하고 재활용이 쉽도록 제조하며 그 폐기물을 적정하게 재활용하도록 하여 자원을 효율적으로 이용하는 자원순환체계를 구축하여 환경보전과 국민 경제의 건전한 발전에 이바지함을 목적으로 하는 제도를 말합니다. ** 환경성보장제', '["토스트기는 소형전기전자제품 전용수거함으로 배출합니다.", "토스트기와 함께 4가지 이상의 전기전자제품을 배출하기 원하는 경우에는 폐가전제품 무상방문수거서비스(1599-0903)을 이용하여 배출합니다.", "인근에 전용수거함이 없는 경우에는 지자체에 문의한 후 배출하여 주시기 바랍니다."]', 'high', 'https://www.xn--oy2b29bd3a601b.kr/front/dischargeMethod/dictionaryView.do?niIdx=284', '분리배출.kr (한국폐기물협회·환경부)', 'A', '· 토스트기는 전기전자제품 환경성보장제도 품목에 해당됩니다. * 환경성보장제도는 전기전자제품의 재활용을 촉진하기 위하여 유해물질의 사용을 억제하고 재활용이 쉽도록 제조하며 그 폐기물을 적정하게 재활용하도록 하여 자원을 효율적으로 이용하는 자원순환체계를 구축하여 환경보전과 국민 경제의 건전한 발전에 이바지함을 목적으로 하는 제도를 말합니다. ** 환경성보장제도 대상품목으로는 냉장고, 세탁기,...', '', '2026-05-18', 0, '["재활용폐기물", "전기전자 제품류"]');
INSERT INTO aliases (item_id, alias, alias_lower, source) VALUES ('토스트기', 'toaster', 'toaster', 'rule');
INSERT INTO aliases (item_id, alias, alias_lower, source) VALUES ('토스트기', '토스터기', '토스터기', 'rule');
INSERT OR REPLACE INTO items (id, name, category, note, steps, confidence, source_url, source_name, source_grade, feature, caution, last_verified, region_variation, official_classification) VALUES ('에그쿠커', '에그쿠커', 'electronics', '· 에그쿠커 등 일부 소형가전제품은 환경성보장제도 대상품목에 해당되지 않습니다. · 환경성보장제도에 포함되지 않은 전기전자제품이어도 무상방문수거서비스를 이용할 때 함께 배출할 수 있으며, 가까운 소형전기전자제품 전용수거함으로 배출할 수도 있습니다. · 또한, 지자체에 따라 소형가전제품을 수거하는 경우도 있으니 확인하신 후 배출하시는 것이 좋습니다. ※ 배출', '["에그쿠커는 소형전기전자제품 전용수거함으로 배출합니다.", "인근에 전용수거함이 없는 경우에는 지자체에 문의한 후 배출하여 주시기 바랍니다."]', 'high', 'https://www.xn--oy2b29bd3a601b.kr/front/dischargeMethod/dictionaryView.do?niIdx=285', '분리배출.kr (한국폐기물협회·환경부)', 'A', '· 에그쿠커 등 일부 소형가전제품은 환경성보장제도 대상품목에 해당되지 않습니다. · 환경성보장제도에 포함되지 않은 전기전자제품이어도 무상방문수거서비스를 이용할 때 함께 배출할 수 있으며, 가까운 소형전기전자제품 전용수거함으로 배출할 수도 있습니다. · 또한, 지자체에 따라 소형가전제품을 수거하는 경우도 있으니 확인하신 후 배출하시는 것이 좋습니다. ※ 배출방법은 지역별로 차이가 있을 수 있으...', '', '2026-05-18', 0, '["재활용폐기물", "전기전자 제품류"]');
INSERT INTO aliases (item_id, alias, alias_lower, source) VALUES ('에그쿠커', 'egg cooker', 'egg cooker', 'rule');
INSERT INTO aliases (item_id, alias, alias_lower, source) VALUES ('에그쿠커', '계란 쿠커', '계란 쿠커', 'rule');
INSERT INTO aliases (item_id, alias, alias_lower, source) VALUES ('에그쿠커', '계란기', '계란기', 'rule');
INSERT INTO aliases (item_id, alias, alias_lower, source) VALUES ('에그쿠커', '계란삶는기계', '계란삶는기계', 'rule');
INSERT INTO aliases (item_id, alias, alias_lower, source) VALUES ('에그쿠커', '계란찜기', '계란찜기', 'rule');
INSERT INTO aliases (item_id, alias, alias_lower, source) VALUES ('에그쿠커', '꼬꼬 계란기', '꼬꼬 계란기', 'rule');
INSERT INTO aliases (item_id, alias, alias_lower, source) VALUES ('에그쿠커', '달걀찜기', '달걀찜기', 'rule');
INSERT INTO aliases (item_id, alias, alias_lower, source) VALUES ('에그쿠커', '미니 에그쿠커', '미니 에그쿠커', 'rule');
INSERT INTO aliases (item_id, alias, alias_lower, source) VALUES ('에그쿠커', '삶은계란기', '삶은계란기', 'rule');
INSERT INTO aliases (item_id, alias, alias_lower, source) VALUES ('에그쿠커', '에그 보일러', '에그 보일러', 'rule');
INSERT INTO aliases (item_id, alias, alias_lower, source) VALUES ('에그쿠커', '에그 스티머', '에그 스티머', 'rule');
INSERT INTO aliases (item_id, alias, alias_lower, source) VALUES ('에그쿠커', '에그쿡', '에그쿡', 'rule');
INSERT OR REPLACE INTO items (id, name, category, note, steps, confidence, source_url, source_name, source_grade, feature, caution, last_verified, region_variation, official_classification) VALUES ('전기드릴', '전기드릴', 'electronics', '· 전기드릴 등 일부 소형가전제품은 환경성보장제도 대상품목에 해당되지 않습니다. · 환경성보장제도에 포함되지 않은 전기전자제품이어도 무상방문수거서비스를 이용할 때 함께 배출할 수 있으며, 가까운 소형전기전자제품 전용수거함으로 배출할 수도 있습니다 · 또한, 지자체에 따라 소형가전제품을 수거하는 경우도 있으니 확인하신 후 배출하시는 것이 좋습니다. ※ 배출방', '["전기드릴은 소형전기전자제품 전용수거함으로 배출합니다.", "인근에 전용수거함이 없는 경우에는 지자체에 문의한 후 배출하여 주시기 바랍니다."]', 'high', 'https://www.xn--oy2b29bd3a601b.kr/front/dischargeMethod/dictionaryView.do?niIdx=287', '분리배출.kr (한국폐기물협회·환경부)', 'A', '· 전기드릴 등 일부 소형가전제품은 환경성보장제도 대상품목에 해당되지 않습니다. · 환경성보장제도에 포함되지 않은 전기전자제품이어도 무상방문수거서비스를 이용할 때 함께 배출할 수 있으며, 가까운 소형전기전자제품 전용수거함으로 배출할 수도 있습니다 · 또한, 지자체에 따라 소형가전제품을 수거하는 경우도 있으니 확인하신 후 배출하시는 것이 좋습니다. ※ 배출방법은 지역별로 차이가 있을 수 있으니...', '', '2026-05-18', 0, '["재활용폐기물", "전기전자 제품류"]');
INSERT INTO aliases (item_id, alias, alias_lower, source) VALUES ('전기드릴', '나사박는기계', '나사박는기계', 'rule');
INSERT INTO aliases (item_id, alias, alias_lower, source) VALUES ('전기드릴', '드릴', '드릴', 'rule');
INSERT INTO aliases (item_id, alias, alias_lower, source) VALUES ('전기드릴', '드릴건', '드릴건', 'rule');
INSERT INTO aliases (item_id, alias, alias_lower, source) VALUES ('전기드릴', '디월트드릴', '디월트드릴', 'rule');
INSERT INTO aliases (item_id, alias, alias_lower, source) VALUES ('전기드릴', '마끼다드릴', '마끼다드릴', 'rule');
INSERT INTO aliases (item_id, alias, alias_lower, source) VALUES ('전기드릴', '메트로놈', '메트로놈', 'rule');
INSERT INTO aliases (item_id, alias, alias_lower, source) VALUES ('전기드릴', '보쉬드릴', '보쉬드릴', 'rule');
INSERT INTO aliases (item_id, alias, alias_lower, source) VALUES ('전기드릴', '임팩트드릴', '임팩트드릴', 'rule');
INSERT INTO aliases (item_id, alias, alias_lower, source) VALUES ('전기드릴', '전동드릴', '전동드릴', 'rule');
INSERT INTO aliases (item_id, alias, alias_lower, source) VALUES ('전기드릴', '충전드릴', '충전드릴', 'rule');
INSERT INTO aliases (item_id, alias, alias_lower, source) VALUES ('전기드릴', '파워드릴', '파워드릴', 'rule');
INSERT INTO aliases (item_id, alias, alias_lower, source) VALUES ('전기드릴', '해머드릴', '해머드릴', 'rule');
INSERT OR REPLACE INTO items (id, name, category, note, steps, confidence, source_url, source_name, source_grade, feature, caution, last_verified, region_variation, official_classification) VALUES ('헤드폰', '헤드폰', 'electronics', '· 헤드폰 등 일부 소형가전제품은 환경성보장제도 대상품목에 해당되지 않습니다. · 환경성보장제도에 포함되지 않은 전기전자제품이어도 무상방문수거서비스를 이용할 때 함께 배출할 수 있으며, 가까운 소형전기전자제품 전용수거함으로 배출할 수도 있습니다. · 또한, 지자체에 따라 소형가전제품을 수거하는 경우도 있으니 확인하신 후 배출하시는 것이 좋습니다. ※ 배출방', '["헤드폰은 가까운 소형가전제품수거함 또는 종량제봉투로 배출합니다.", "인근에 전용수거함이 없는 경우에는 지자체에 문의한 후 배출하여 주시기 바랍니다."]', 'high', 'https://www.xn--oy2b29bd3a601b.kr/front/dischargeMethod/dictionaryView.do?niIdx=288', '분리배출.kr (한국폐기물협회·환경부)', 'A', '· 헤드폰 등 일부 소형가전제품은 환경성보장제도 대상품목에 해당되지 않습니다. · 환경성보장제도에 포함되지 않은 전기전자제품이어도 무상방문수거서비스를 이용할 때 함께 배출할 수 있으며, 가까운 소형전기전자제품 전용수거함으로 배출할 수도 있습니다. · 또한, 지자체에 따라 소형가전제품을 수거하는 경우도 있으니 확인하신 후 배출하시는 것이 좋습니다. ※ 배출방법은 지역별로 차이가 있을 수 있으니...', '', '2026-05-18', 0, '["재활용폐기물", "전기전자 제품류"]');
INSERT INTO aliases (item_id, alias, alias_lower, source) VALUES ('헤드폰', 'headphone', 'headphone', 'rule');
INSERT INTO aliases (item_id, alias, alias_lower, source) VALUES ('헤드폰', 'headphones', 'headphones', 'rule');
INSERT INTO aliases (item_id, alias, alias_lower, source) VALUES ('헤드폰', 'headset', 'headset', 'rule');
INSERT INTO aliases (item_id, alias, alias_lower, source) VALUES ('헤드폰', '헤드셋', '헤드셋', 'rule');
INSERT OR REPLACE INTO items (id, name, category, note, steps, confidence, source_url, source_name, source_grade, feature, caution, last_verified, region_variation, official_classification) VALUES ('전기모기채', '전기모기채', 'electronics', '· 전기모기채 등 일부 소형가전제품은 환경성보장제도 대상품목에 해당되지 않습니다. · 환경성보장제도에 포함되지 않은 전기전자제품이어도 무상방문수거서비스를 이용할 때 함께 배출할 수 있으며, 가까운 소형전기전자제품 전용수거함으로 배출할 수도 있습니다. · 또한, 지자체에 따라 소형가전제품을 수거하는 경우도 있으니 확인하신 후 배출하시는 것이 좋습니다. ※ 배', '["전기모기채는 소형전기전자제품 전용수거함으로 배출합니다.", "인근에 전용수거함이 없는 경우에는 지자체에 문의한 후 배출하여 주시기 바랍니다."]', 'high', 'https://www.xn--oy2b29bd3a601b.kr/front/dischargeMethod/dictionaryView.do?niIdx=289', '분리배출.kr (한국폐기물협회·환경부)', 'A', '· 전기모기채 등 일부 소형가전제품은 환경성보장제도 대상품목에 해당되지 않습니다. · 환경성보장제도에 포함되지 않은 전기전자제품이어도 무상방문수거서비스를 이용할 때 함께 배출할 수 있으며, 가까운 소형전기전자제품 전용수거함으로 배출할 수도 있습니다. · 또한, 지자체에 따라 소형가전제품을 수거하는 경우도 있으니 확인하신 후 배출하시는 것이 좋습니다. ※ 배출방법은 지역별로 차이가 있을 수 있...', '', '2026-05-18', 0, '["재활용폐기물", "전기전자 제품류"]');
INSERT INTO aliases (item_id, alias, alias_lower, source) VALUES ('전기모기채', '감전채', '감전채', 'rule');
INSERT INTO aliases (item_id, alias, alias_lower, source) VALUES ('전기모기채', '모기 번개채', '모기 번개채', 'rule');
INSERT INTO aliases (item_id, alias, alias_lower, source) VALUES ('전기모기채', '모기 잡이채', '모기 잡이채', 'rule');
INSERT INTO aliases (item_id, alias, alias_lower, source) VALUES ('전기모기채', '모기 찌리뽕', '모기 찌리뽕', 'rule');
INSERT INTO aliases (item_id, alias, alias_lower, source) VALUES ('전기모기채', '모기채', '모기채', 'rule');
INSERT INTO aliases (item_id, alias, alias_lower, source) VALUES ('전기모기채', '모스키토 스와터', '모스키토 스와터', 'rule');
INSERT INTO aliases (item_id, alias, alias_lower, source) VALUES ('전기모기채', '버그 스와터', '버그 스와터', 'rule');
INSERT INTO aliases (item_id, alias, alias_lower, source) VALUES ('전기모기채', '일렉트릭 모기채', '일렉트릭 모기채', 'rule');
INSERT INTO aliases (item_id, alias, alias_lower, source) VALUES ('전기모기채', '전기 파리채', '전기 파리채', 'rule');
INSERT INTO aliases (item_id, alias, alias_lower, source) VALUES ('전기모기채', '전모채', '전모채', 'rule');
INSERT INTO aliases (item_id, alias, alias_lower, source) VALUES ('전기모기채', '전자 모기채', '전자 모기채', 'rule');
INSERT INTO aliases (item_id, alias, alias_lower, source) VALUES ('전기모기채', '충전식 모기채', '충전식 모기채', 'rule');
INSERT OR REPLACE INTO items (id, name, category, note, steps, confidence, source_url, source_name, source_grade, feature, caution, last_verified, region_variation, official_classification) VALUES ('리모컨', '리모컨', 'electronics', '· 리모컨 등 일부 소형가전제품은 환경성보장제도 대상품목에 해당되지 않습니다. · 환경성보장제도에 포함되지 않은 전기전자제품이어도 무상방문수거서비스를 이용할 때 함께 배출할 수 있으며, 가까운 소형전기전자제품 전용수거함으로 배출할 수도 있습니다. · 또한, 지자체에 따라 소형가전제품을 수거하는 경우도 있으니 확인하신 후 배출하시는 것이 좋습니다. ※ 배출방', '["리모컨은 소형전기전자제품 전용수거함으로 배출합니다.", "인근에 전용수거함이 없는 경우에는 지자체에 문의한 후 배출하여 주시기 바랍니다."]', 'high', 'https://www.xn--oy2b29bd3a601b.kr/front/dischargeMethod/dictionaryView.do?niIdx=290', '분리배출.kr (한국폐기물협회·환경부)', 'A', NULL, '', '2026-05-18', 0, NULL);
INSERT INTO aliases (item_id, alias, alias_lower, source) VALUES ('리모컨', 'RC', 'rc', 'rule');
INSERT INTO aliases (item_id, alias, alias_lower, source) VALUES ('리모컨', 'remote', 'remote', 'rule');
INSERT INTO aliases (item_id, alias, alias_lower, source) VALUES ('리모컨', '리모', '리모', 'rule');
INSERT INTO aliases (item_id, alias, alias_lower, source) VALUES ('리모컨', '리모콘', '리모콘', 'rule');
INSERT INTO aliases (item_id, alias, alias_lower, source) VALUES ('리모컨', '리모콩', '리모콩', 'rule');
INSERT INTO aliases (item_id, alias, alias_lower, source) VALUES ('리모컨', '리모트', '리모트', 'rule');
INSERT INTO aliases (item_id, alias, alias_lower, source) VALUES ('리모컨', '리모트컨트롤', '리모트컨트롤', 'rule');
INSERT INTO aliases (item_id, alias, alias_lower, source) VALUES ('리모컨', '에어컨리모컨', '에어컨리모컨', 'rule');
INSERT INTO aliases (item_id, alias, alias_lower, source) VALUES ('리모컨', '원격제어기', '원격제어기', 'rule');
INSERT INTO aliases (item_id, alias, alias_lower, source) VALUES ('리모컨', '제어기', '제어기', 'rule');
INSERT INTO aliases (item_id, alias, alias_lower, source) VALUES ('리모컨', '조종기', '조종기', 'rule');
INSERT INTO aliases (item_id, alias, alias_lower, source) VALUES ('리모컨', '채널리모컨', '채널리모컨', 'rule');
INSERT INTO aliases (item_id, alias, alias_lower, source) VALUES ('리모컨', '티비리모컨', '티비리모컨', 'rule');
INSERT OR REPLACE INTO items (id, name, category, note, steps, confidence, source_url, source_name, source_grade, feature, caution, last_verified, region_variation, official_classification) VALUES ('레이저포인터', '레이저포인터', 'electronics', '· 레이저 포인터 등 일부 소형가전제품은 환경성보장제도 대상품목에 해당되지 않습니다. · 환경성보장제도에 포함되지 않은 전기전자제품이어도 무상방문수거서비스를 이용할 때 함께 배출할 수 있으며, 가까운 소형전기전자제품 전용수거함으로 배출할 수도 있습니다. · 또한, 지자체에 따라 소형가전제품을 수거하는 경우도 있으니 확인하신 후 배출하시는 것이 좋습니다. ※', '["레이저포인터는 소형전기전자제품 전용수거함으로 배출합니다.", "인근에 전용수거함이 없는 경우에는 지자체에 문의한 후 배출하여 주시기 바랍니다."]', 'high', 'https://www.xn--oy2b29bd3a601b.kr/front/dischargeMethod/dictionaryView.do?niIdx=291', '분리배출.kr (한국폐기물협회·환경부)', 'A', '· 레이저 포인터 등 일부 소형가전제품은 환경성보장제도 대상품목에 해당되지 않습니다. · 환경성보장제도에 포함되지 않은 전기전자제품이어도 무상방문수거서비스를 이용할 때 함께 배출할 수 있으며, 가까운 소형전기전자제품 전용수거함으로 배출할 수도 있습니다. · 또한, 지자체에 따라 소형가전제품을 수거하는 경우도 있으니 확인하신 후 배출하시는 것이 좋습니다. ※ 배출방법은 지역별로 차이가 있을 수...', '', '2026-05-18', 0, '["재활용폐기물", "전기전자 제품류"]');
INSERT INTO aliases (item_id, alias, alias_lower, source) VALUES ('레이저포인터', 'laser pen', 'laser pen', 'rule');
INSERT INTO aliases (item_id, alias, alias_lower, source) VALUES ('레이저포인터', 'laser pointer', 'laser pointer', 'rule');
INSERT INTO aliases (item_id, alias, alias_lower, source) VALUES ('레이저포인터', '강의용 포인터', '강의용 포인터', 'rule');
INSERT INTO aliases (item_id, alias, alias_lower, source) VALUES ('레이저포인터', '고양이 레이저', '고양이 레이저', 'rule');
INSERT INTO aliases (item_id, alias, alias_lower, source) VALUES ('레이저포인터', '광선 포인터', '광선 포인터', 'rule');
INSERT INTO aliases (item_id, alias, alias_lower, source) VALUES ('레이저포인터', '레이저 지시기', '레이저 지시기', 'rule');
INSERT INTO aliases (item_id, alias, alias_lower, source) VALUES ('레이저포인터', '레이저 펜', '레이저 펜', 'rule');
INSERT INTO aliases (item_id, alias, alias_lower, source) VALUES ('레이저포인터', '레이저 포인터 펜', '레이저 포인터 펜', 'rule');
INSERT INTO aliases (item_id, alias, alias_lower, source) VALUES ('레이저포인터', '발표용 포인터', '발표용 포인터', 'rule');
INSERT INTO aliases (item_id, alias, alias_lower, source) VALUES ('레이저포인터', '빔 포인터', '빔 포인터', 'rule');
INSERT INTO aliases (item_id, alias, alias_lower, source) VALUES ('레이저포인터', '빨간점 포인터', '빨간점 포인터', 'rule');
INSERT INTO aliases (item_id, alias, alias_lower, source) VALUES ('레이저포인터', '프레젠터', '프레젠터', 'rule');
INSERT OR REPLACE INTO items (id, name, category, note, steps, confidence, source_url, source_name, source_grade, feature, caution, last_verified, region_variation, official_classification) VALUES ('청소기 배터리', '청소기 배터리', 'electronics', '· 청소기 배터리는 전지 수거함으로 배출하거나 소형전기전자제품으로 배출합니다. · 배터리 서비스센터를 통해 반납하실 수도 있습니다. ※ 배출방법은 지역별로 차이가 있을 수 있으니, 해당 지방자치단체에서 정하는 방법이 있는 경우에는 해당 방법에 따라 배출하시기 바랍니다. 가까운 분리배출 장소를 확인해보세요. 현재 위치에 가까운 배출장소가 없습니다. 근처의 다', '["청소기 배터리는 전지 수거함 또는 소형전기전자제품으로 배출합니다."]', 'high', 'https://www.xn--oy2b29bd3a601b.kr/front/dischargeMethod/dictionaryView.do?niIdx=292', '분리배출.kr (한국폐기물협회·환경부)', 'A', '· 청소기 배터리는 전지 수거함으로 배출하거나 소형전기전자제품으로 배출합니다. · 배터리 서비스센터를 통해 반납하실 수도 있습니다. ※ 배출방법은 지역별로 차이가 있을 수 있으니, 해당 지방자치단체에서 정하는 방법이 있는 경우에는 해당 방법에 따라 배출하시기 바랍니다. 가까운 분리배출 장소를 확인해보세요. 현재 위치에 가까운 배출장소가 없습니다. 근처의 다른 지역을 검색해보세요. 현 위치 배...', '', '2026-05-18', 0, '["재활용폐기물", "전지류", "전기전자 제품류"]');
INSERT INTO aliases (item_id, alias, alias_lower, source) VALUES ('청소기 배터리', 'vacuum cleaner battery', 'vacuum cleaner battery', 'rule');
INSERT INTO aliases (item_id, alias, alias_lower, source) VALUES ('청소기 배터리', '다이슨 배터리', '다이슨 배터리', 'rule');
INSERT INTO aliases (item_id, alias, alias_lower, source) VALUES ('청소기 배터리', '로봇청소기 배터리', '로봇청소기 배터리', 'rule');
INSERT INTO aliases (item_id, alias, alias_lower, source) VALUES ('청소기 배터리', '무선 청소기 배터리', '무선 청소기 배터리', 'rule');
INSERT INTO aliases (item_id, alias, alias_lower, source) VALUES ('청소기 배터리', '진공청소기 배터리', '진공청소기 배터리', 'rule');
INSERT INTO aliases (item_id, alias, alias_lower, source) VALUES ('청소기 배터리', '청소기 건전지', '청소기 건전지', 'rule');
INSERT INTO aliases (item_id, alias, alias_lower, source) VALUES ('청소기 배터리', '청소기 밧데리', '청소기 밧데리', 'rule');
INSERT INTO aliases (item_id, alias, alias_lower, source) VALUES ('청소기 배터리', '청소기 배터리팩', '청소기 배터리팩', 'rule');
INSERT INTO aliases (item_id, alias, alias_lower, source) VALUES ('청소기 배터리', '청소기 빠떼리', '청소기 빠떼리', 'rule');
INSERT INTO aliases (item_id, alias, alias_lower, source) VALUES ('청소기 배터리', '청소기 전원장치', '청소기 전원장치', 'rule');
INSERT INTO aliases (item_id, alias, alias_lower, source) VALUES ('청소기 배터리', '청소기 충전지', '청소기 충전지', 'rule');
INSERT INTO aliases (item_id, alias, alias_lower, source) VALUES ('청소기 배터리', '청소기배터리', '청소기배터리', 'rule');
INSERT INTO aliases (item_id, alias, alias_lower, source) VALUES ('청소기 배터리', '핸디 청소기 배터리', '핸디 청소기 배터리', 'rule');
INSERT OR REPLACE INTO items (id, name, category, note, steps, confidence, source_url, source_name, source_grade, feature, caution, last_verified, region_variation, official_classification) VALUES ('전기손난로', '전기손난로', 'electronics', '· 전기 손난로 등 일부 소형가전제품은 환경성보장제도 대상품목에 해당되지 않습니다. · 환경성보장제도에 포함되지 않은 전기전자제품이어도 무상방문수거서비스를 이용할 때 함께 배출할 수 있으며, 가까운 소형전기전자제품 전용수거함으로 배출할 수도 있습니다. · 또한, 지자체에 따라 소형가전제품을 수거하는 경우도 있으니 확인하신 후 배출하시는 것이 좋습니다. ※', '["전기손난로는 소형전기전자제품 전용수거함으로 배출합니다.", "인근에 전용수거함이 없는 경우에는 지자체에 문의한 후 배출합니다."]', 'high', 'https://www.xn--oy2b29bd3a601b.kr/front/dischargeMethod/dictionaryView.do?niIdx=293', '분리배출.kr (한국폐기물협회·환경부)', 'A', '· 전기 손난로 등 일부 소형가전제품은 환경성보장제도 대상품목에 해당되지 않습니다. · 환경성보장제도에 포함되지 않은 전기전자제품이어도 무상방문수거서비스를 이용할 때 함께 배출할 수 있으며, 가까운 소형전기전자제품 전용수거함으로 배출할 수도 있습니다. · 또한, 지자체에 따라 소형가전제품을 수거하는 경우도 있으니 확인하신 후 배출하시는 것이 좋습니다. ※ 배출방법은 지역별로 차이가 있을 수...', '', '2026-05-18', 0, '["재활용폐기물", "전기전자 제품류"]');
INSERT INTO aliases (item_id, alias, alias_lower, source) VALUES ('전기손난로', 'USB 손난로', 'usb 손난로', 'rule');
INSERT INTO aliases (item_id, alias, alias_lower, source) VALUES ('전기손난로', 'electric hand warmer', 'electric hand warmer', 'rule');
INSERT INTO aliases (item_id, alias, alias_lower, source) VALUES ('전기손난로', '따뜻손', '따뜻손', 'rule');
INSERT INTO aliases (item_id, alias, alias_lower, source) VALUES ('전기손난로', '미니 손난로', '미니 손난로', 'rule');
INSERT INTO aliases (item_id, alias, alias_lower, source) VALUES ('전기손난로', '보조배터리 손난로', '보조배터리 손난로', 'rule');
INSERT INTO aliases (item_id, alias, alias_lower, source) VALUES ('전기손난로', '샤오미 손난로', '샤오미 손난로', 'rule');
INSERT INTO aliases (item_id, alias, alias_lower, source) VALUES ('전기손난로', '손난', '손난', 'rule');
INSERT INTO aliases (item_id, alias, alias_lower, source) VALUES ('전기손난로', '주머니 난로', '주머니 난로', 'rule');
INSERT INTO aliases (item_id, alias, alias_lower, source) VALUES ('전기손난로', '충전식 손난로', '충전식 손난로', 'rule');
INSERT INTO aliases (item_id, alias, alias_lower, source) VALUES ('전기손난로', '핸드워머', '핸드워머', 'rule');
INSERT INTO aliases (item_id, alias, alias_lower, source) VALUES ('전기손난로', '휴대용 손난로', '휴대용 손난로', 'rule');
INSERT OR REPLACE INTO items (id, name, category, note, steps, confidence, source_url, source_name, source_grade, feature, caution, last_verified, region_variation, official_classification) VALUES ('멀티탭(멀티 콘센트)', '멀티탭(멀티 콘센트)', 'electronics', '· 멀티탭은 금속, 플라스틱 등이 혼합된 복합재질제품입니다. · 멀티탭(멀티 콘센트)의 전선 속에 있는 구리는 재활용이 가능하나 전선의 고무 또는 플라스틱 재질의 피복이 재활용이 되지 않기 때문에 분리작업이 필요합니다. · 소형전기전자제품 재활용 사업장에서 분리작업을 하고 있기 때문에 소형전기전자제품 수거함에 배출하면 됩니다. ※ 배출방법은 지역별로 차이가', '["멀티탭(멀티 콘센트)은 소형전기전자제품 전용수거함으로 배출합니다.", "인근에 전용수거함이 없는 경우에는 지자체에 문의한 후 배출하여 주시기 바랍니다."]', 'high', 'https://www.xn--oy2b29bd3a601b.kr/front/dischargeMethod/dictionaryView.do?niIdx=294', '분리배출.kr (한국폐기물협회·환경부)', 'A', '· 멀티탭은 금속, 플라스틱 등이 혼합된 복합재질제품입니다. · 멀티탭(멀티 콘센트)의 전선 속에 있는 구리는 재활용이 가능하나 전선의 고무 또는 플라스틱 재질의 피복이 재활용이 되지 않기 때문에 분리작업이 필요합니다. · 소형전기전자제품 재활용 사업장에서 분리작업을 하고 있기 때문에 소형전기전자제품 수거함에 배출하면 됩니다. ※ 배출방법은 지역별로 차이가 있을 수 있으니, 해당 지방자치단체...', '', '2026-05-18', 0, '["재활용폐기물", "전기전자 제품류"]');
INSERT INTO aliases (item_id, alias, alias_lower, source) VALUES ('멀티탭(멀티 콘센트)', '다구 콘센트', '다구 콘센트', 'rule');
INSERT INTO aliases (item_id, alias, alias_lower, source) VALUES ('멀티탭(멀티 콘센트)', '다중 콘센트', '다중 콘센트', 'rule');
INSERT INTO aliases (item_id, alias, alias_lower, source) VALUES ('멀티탭(멀티 콘센트)', '멀티 콘센트', '멀티 콘센트', 'rule');
INSERT INTO aliases (item_id, alias, alias_lower, source) VALUES ('멀티탭(멀티 콘센트)', '멀티 플러그', '멀티 플러그', 'rule');
INSERT INTO aliases (item_id, alias, alias_lower, source) VALUES ('멀티탭(멀티 콘센트)', '문어발', '문어발', 'rule');
INSERT INTO aliases (item_id, alias, alias_lower, source) VALUES ('멀티탭(멀티 콘센트)', '문어발 콘센트', '문어발 콘센트', 'rule');
INSERT INTO aliases (item_id, alias, alias_lower, source) VALUES ('멀티탭(멀티 콘센트)', '익스텐션 코드', '익스텐션 코드', 'rule');
INSERT INTO aliases (item_id, alias, alias_lower, source) VALUES ('멀티탭(멀티 콘센트)', '전원 멀티탭', '전원 멀티탭', 'rule');
INSERT INTO aliases (item_id, alias, alias_lower, source) VALUES ('멀티탭(멀티 콘센트)', '전원 분배기', '전원 분배기', 'rule');
INSERT INTO aliases (item_id, alias, alias_lower, source) VALUES ('멀티탭(멀티 콘센트)', '전원 확장기', '전원 확장기', 'rule');
INSERT INTO aliases (item_id, alias, alias_lower, source) VALUES ('멀티탭(멀티 콘센트)', '콘센트 연장선', '콘센트 연장선', 'rule');
INSERT INTO aliases (item_id, alias, alias_lower, source) VALUES ('멀티탭(멀티 콘센트)', '파워 스트립', '파워 스트립', 'rule');
INSERT OR REPLACE INTO items (id, name, category, note, steps, confidence, source_url, source_name, source_grade, feature, caution, last_verified, region_variation, official_classification) VALUES ('스탠드 조명', '스탠드 조명', 'furniture', '· 가정에서 사용하는 스탠드 조명은 조명제품(LED 조명, 형광등), 플라스틱, 금속 등이 혼합된 복합재질 제품입니다. · 스탠드 조명 등 일부 가전제품은 환경성보장제도 대상품목에 해당되지 않습니다. · 환경성보장제도에 포함되지 않은 전기전자제품이어도 무상방문수거서비스를 이용할 때 함께 배출할 수 있으며, 가까운 소형전기전자제품 전용수거함으로 배출할 수도', '["스탠드 조명은 소형전기전자제품 전용수거함으로 배출합니다.", "인근에 전용수거함이 없는 경우에는 지자체에 문의한 후 배출하여 주시기 바랍니다.", "이때, 테이블 스탠드 내 형광등, LED 조명은 제거한 후 형광등수거함으로 배출합니다.", "크기가 큰 스탠드 조명은 대형폐기물로 배출합니다."]', 'high', 'https://www.xn--oy2b29bd3a601b.kr/front/dischargeMethod/dictionaryView.do?niIdx=295', '분리배출.kr (한국폐기물협회·환경부)', 'A', '· 가정에서 사용하는 스탠드 조명은 조명제품(LED 조명, 형광등), 플라스틱, 금속 등이 혼합된 복합재질 제품입니다. · 스탠드 조명 등 일부 가전제품은 환경성보장제도 대상품목에 해당되지 않습니다. · 환경성보장제도에 포함되지 않은 전기전자제품이어도 무상방문수거서비스를 이용할 때 함께 배출할 수 있으며, 가까운 소형전기전자제품 전용수거함으로 배출할 수도 있습니다. · 또한, 지자체에 따라...', '', '2026-05-18', 0, '["재활용폐기물", "전기전자 제품류", "대형폐기물"]');
INSERT INTO aliases (item_id, alias, alias_lower, source) VALUES ('스탠드 조명', '간접 조명등', '간접 조명등', 'rule');
INSERT INTO aliases (item_id, alias, alias_lower, source) VALUES ('스탠드 조명', '단스탠드', '단스탠드', 'rule');
INSERT INTO aliases (item_id, alias, alias_lower, source) VALUES ('스탠드 조명', '독서등', '독서등', 'rule');
INSERT INTO aliases (item_id, alias, alias_lower, source) VALUES ('스탠드 조명', '무드등', '무드등', 'rule');
INSERT INTO aliases (item_id, alias, alias_lower, source) VALUES ('스탠드 조명', '스탠드', '스탠드', 'rule');
INSERT INTO aliases (item_id, alias, alias_lower, source) VALUES ('스탠드 조명', '스탠드 라이트', '스탠드 라이트', 'rule');
INSERT INTO aliases (item_id, alias, alias_lower, source) VALUES ('스탠드 조명', '스탠드 램프', '스탠드 램프', 'rule');
INSERT INTO aliases (item_id, alias, alias_lower, source) VALUES ('스탠드 조명', '스탠드조명', '스탠드조명', 'rule');
INSERT INTO aliases (item_id, alias, alias_lower, source) VALUES ('스탠드 조명', '장스탠드', '장스탠드', 'rule');
INSERT INTO aliases (item_id, alias, alias_lower, source) VALUES ('스탠드 조명', '조명 스탠드', '조명 스탠드', 'rule');
INSERT INTO aliases (item_id, alias, alias_lower, source) VALUES ('스탠드 조명', '테이블 램프', '테이블 램프', 'rule');
INSERT INTO aliases (item_id, alias, alias_lower, source) VALUES ('스탠드 조명', '플로어 램프', '플로어 램프', 'rule');
INSERT OR REPLACE INTO items (id, name, category, note, steps, confidence, source_url, source_name, source_grade, feature, caution, last_verified, region_variation, official_classification) VALUES ('테이블 스탠드', '테이블 스탠드', 'furniture', '· 가정에서 사용하는 스탠드 조명은 조명제품(LED 조명, 형광등), 플라스틱, 금속 등이 혼합된 복합재질 제품입니다. · 테이블 스탠드 등 일부 가전제품은 환경성보장제도 대상품목에 해당되지 않습니다. · 환경성보장제도에 포함되지 않은 전기전자제품이어도 무상방문수거서비스를 이용할 때 함께 배출할 수 있으며, 가까운 소형전기전자제품 전용수거함으로 배출할 수도', '["테이블 스탠드는 소형전기전자제품 전용수거함으로 배출합니다.", "이 때, 테이블 스탠드 내 형광등, LED 조명은 제거한 후 형광등수거함으로 배출합니다.", "크기가 큰 테이블 스탠드는 대형폐기물로 배출합니다."]', 'high', 'https://www.xn--oy2b29bd3a601b.kr/front/dischargeMethod/dictionaryView.do?niIdx=296', '분리배출.kr (한국폐기물협회·환경부)', 'A', '· 가정에서 사용하는 스탠드 조명은 조명제품(LED 조명, 형광등), 플라스틱, 금속 등이 혼합된 복합재질 제품입니다. · 테이블 스탠드 등 일부 가전제품은 환경성보장제도 대상품목에 해당되지 않습니다. · 환경성보장제도에 포함되지 않은 전기전자제품이어도 무상방문수거서비스를 이용할 때 함께 배출할 수 있으며, 가까운 소형전기전자제품 전용수거함으로 배출할 수도 있습니다. · 대형폐기물은 크기,...', '', '2026-05-18', 0, '["재활용폐기물", "전기전자 제품류", "대형폐기물"]');
INSERT INTO aliases (item_id, alias, alias_lower, source) VALUES ('테이블 스탠드', 'table', 'table', 'rule');
INSERT INTO aliases (item_id, alias, alias_lower, source) VALUES ('테이블 스탠드', '실링팬', '실링팬', 'rule');
INSERT INTO aliases (item_id, alias, alias_lower, source) VALUES ('테이블 스탠드', '테이블스탠드', '테이블스탠드', 'rule');
INSERT OR REPLACE INTO items (id, name, category, note, steps, confidence, source_url, source_name, source_grade, feature, caution, last_verified, region_variation, official_classification) VALUES ('필링기', '필링기', 'electronics', '· 필링기 등 일부 소형가전제품은 환경성보장제도 대상품목에 해당되지 않습니다. · 환경성보장제도에 포함되지 않은 전기전자제품이어도 무상방문수거서비스를 이용할 때 함께 배출할 수 있으며, 가까운 소형전기전자제품 전용수거함으로 배출할 수도 있습니다. · 또한, 지자체에 따라 소형가전제품을 수거하는 경우도 있으니 확인하신 후 배출하시는 것이 좋습니다. ※ 배출방', '["필링기는 소형전기전자제품 전용수거함으로 배출합니다.", "인근에 전용수거함이 없는 경우에는 지자체에 문의한 후 배출하여 주시기 바랍니다."]', 'high', 'https://www.xn--oy2b29bd3a601b.kr/front/dischargeMethod/dictionaryView.do?niIdx=297', '분리배출.kr (한국폐기물협회·환경부)', 'A', '· 필링기 등 일부 소형가전제품은 환경성보장제도 대상품목에 해당되지 않습니다. · 환경성보장제도에 포함되지 않은 전기전자제품이어도 무상방문수거서비스를 이용할 때 함께 배출할 수 있으며, 가까운 소형전기전자제품 전용수거함으로 배출할 수도 있습니다. · 또한, 지자체에 따라 소형가전제품을 수거하는 경우도 있으니 확인하신 후 배출하시는 것이 좋습니다. ※ 배출방법은 지역별로 차이가 있을 수 있으니...', '', '2026-05-18', 0, '["재활용폐기물", "전기전자 제품류"]');
INSERT INTO aliases (item_id, alias, alias_lower, source) VALUES ('필링기', '각질관리기', '각질관리기', 'rule');
INSERT INTO aliases (item_id, alias, alias_lower, source) VALUES ('필링기', '각질기', '각질기', 'rule');
INSERT INTO aliases (item_id, alias, alias_lower, source) VALUES ('필링기', '각질제거기', '각질제거기', 'rule');
INSERT INTO aliases (item_id, alias, alias_lower, source) VALUES ('필링기', '스크럽기', '스크럽기', 'rule');
INSERT INTO aliases (item_id, alias, alias_lower, source) VALUES ('필링기', '스킨 엑스폴리에이터', '스킨 엑스폴리에이터', 'rule');
INSERT INTO aliases (item_id, alias, alias_lower, source) VALUES ('필링기', '엑스폴리에이터', '엑스폴리에이터', 'rule');
INSERT INTO aliases (item_id, alias, alias_lower, source) VALUES ('필링기', '전동필링기', '전동필링기', 'rule');
INSERT INTO aliases (item_id, alias, alias_lower, source) VALUES ('필링기', '초음파필링기', '초음파필링기', 'rule');
INSERT INTO aliases (item_id, alias, alias_lower, source) VALUES ('필링기', '피부각질기', '피부각질기', 'rule');
INSERT INTO aliases (item_id, alias, alias_lower, source) VALUES ('필링기', '피부필링기', '피부필링기', 'rule');
INSERT INTO aliases (item_id, alias, alias_lower, source) VALUES ('필링기', '필링 디바이스', '필링 디바이스', 'rule');
INSERT INTO aliases (item_id, alias, alias_lower, source) VALUES ('필링기', '필링머신', '필링머신', 'rule');
INSERT OR REPLACE INTO items (id, name, category, note, steps, confidence, source_url, source_name, source_grade, feature, caution, last_verified, region_variation, official_classification) VALUES ('전자담배', '전자담배', 'electronics', '· 전자담배 등 일부 소형가전제품은 환경성보장제도 대상품목에 해당되지 않습니다. · 환경성보장제도에 포함되지 않은 전기전자제품이어도 무상방문수거서비스를 이용할 때 함께 배출할 수 있으며, 가까운 소형전기전자제품 전용수거함으로 배출할 수도 있습니다. · 또한, 지자체에 따라 소형가전제품을 수거하는 경우도 있으니 확인하신 후 배출하시는 것이 좋습니다. ※ 배출', '["전자담배는 소형전기전자제품 전용수거함으로 배출합니다.", "인근에 전용수거함이 없는 경우에는 지자체에 문의한 후 배출하여 주시기 바랍니다."]', 'high', 'https://www.xn--oy2b29bd3a601b.kr/front/dischargeMethod/dictionaryView.do?niIdx=298', '분리배출.kr (한국폐기물협회·환경부)', 'A', '· 전자담배 등 일부 소형가전제품은 환경성보장제도 대상품목에 해당되지 않습니다. · 환경성보장제도에 포함되지 않은 전기전자제품이어도 무상방문수거서비스를 이용할 때 함께 배출할 수 있으며, 가까운 소형전기전자제품 전용수거함으로 배출할 수도 있습니다. · 또한, 지자체에 따라 소형가전제품을 수거하는 경우도 있으니 확인하신 후 배출하시는 것이 좋습니다. ※ 배출방법은 지역별로 차이가 있을 수 있으...', '', '2026-05-18', 0, '["재활용폐기물", "전기전자 제품류"]');
INSERT INTO aliases (item_id, alias, alias_lower, source) VALUES ('전자담배', 'e-cigarette', 'e-cigarette', 'rule');
INSERT INTO aliases (item_id, alias, alias_lower, source) VALUES ('전자담배', '궐련형 전자담배', '궐련형 전자담배', 'rule');
INSERT INTO aliases (item_id, alias, alias_lower, source) VALUES ('전자담배', '글로', '글로', 'rule');
INSERT INTO aliases (item_id, alias, alias_lower, source) VALUES ('전자담배', '베이프', '베이프', 'rule');
INSERT INTO aliases (item_id, alias, alias_lower, source) VALUES ('전자담배', '아이코스', '아이코스', 'rule');
INSERT INTO aliases (item_id, alias, alias_lower, source) VALUES ('전자담배', '액상 전자담배', '액상 전자담배', 'rule');
INSERT INTO aliases (item_id, alias, alias_lower, source) VALUES ('전자담배', '전담', '전담', 'rule');
INSERT INTO aliases (item_id, alias, alias_lower, source) VALUES ('전자담배', '전자담배 기기', '전자담배 기기', 'rule');
INSERT INTO aliases (item_id, alias, alias_lower, source) VALUES ('전자담배', '전자담배 본체', '전자담배 본체', 'rule');
INSERT INTO aliases (item_id, alias, alias_lower, source) VALUES ('전자담배', '전자식 담배', '전자식 담배', 'rule');
INSERT OR REPLACE INTO items (id, name, category, note, steps, confidence, source_url, source_name, source_grade, feature, caution, last_verified, region_variation, official_classification) VALUES ('블루투스 이어폰', '블루투스 이어폰', 'electronics', '· 블루투스 이어폰 등 일부 소형가전제품은 환경성보장제도 대상품목에 해당되지 않습니다. · 환경성보장제도에 포함되지 않은 전기전자제품이어도 무상방문수거서비스를 이용할 때 함께 배출할 수 있으며, 가까운 소형전기전자제품 전용수거함으로 배출할 수도 있습니다. · 또한, 지자체에 따라 소형가전제품을 수거하는 경우도 있으니 확인하신 후 배출하시는 것이 좋습니다.', '["블루투스 이어폰는 소형전기전자제품 전용수거함으로 배출합니다.", "인근에 전용수거함이 없는 경우에는 지자체에 문의한 후 배출하여 주시기 바랍니다."]', 'high', 'https://www.xn--oy2b29bd3a601b.kr/front/dischargeMethod/dictionaryView.do?niIdx=299', '분리배출.kr (한국폐기물협회·환경부)', 'A', '· 블루투스 이어폰 등 일부 소형가전제품은 환경성보장제도 대상품목에 해당되지 않습니다. · 환경성보장제도에 포함되지 않은 전기전자제품이어도 무상방문수거서비스를 이용할 때 함께 배출할 수 있으며, 가까운 소형전기전자제품 전용수거함으로 배출할 수도 있습니다. · 또한, 지자체에 따라 소형가전제품을 수거하는 경우도 있으니 확인하신 후 배출하시는 것이 좋습니다. ※ 배출방법은 지역별로 차이가 있을...', '', '2026-05-18', 0, '["재활용폐기물", "전기전자 제품류"]');
INSERT INTO aliases (item_id, alias, alias_lower, source) VALUES ('블루투스 이어폰', 'TWS', 'tws', 'rule');
INSERT INTO aliases (item_id, alias, alias_lower, source) VALUES ('블루투스 이어폰', 'earphone', 'earphone', 'rule');
INSERT INTO aliases (item_id, alias, alias_lower, source) VALUES ('블루투스 이어폰', '무선 이어버드', '무선 이어버드', 'rule');
INSERT INTO aliases (item_id, alias, alias_lower, source) VALUES ('블루투스 이어폰', '무선 헤드셋', '무선 헤드셋', 'rule');
INSERT INTO aliases (item_id, alias, alias_lower, source) VALUES ('블루투스 이어폰', '블루투스 헤드셋', '블루투스 헤드셋', 'rule');
INSERT INTO aliases (item_id, alias, alias_lower, source) VALUES ('블루투스 이어폰', '블루투스이어폰', '블루투스이어폰', 'rule');
INSERT INTO aliases (item_id, alias, alias_lower, source) VALUES ('블루투스 이어폰', '코드리스 이어폰', '코드리스 이어폰', 'rule');
INSERT OR REPLACE INTO items (id, name, category, note, steps, confidence, source_url, source_name, source_grade, feature, caution, last_verified, region_variation, official_classification) VALUES ('전기이발기', '전기이발기', 'electronics', '· 전기이발기 등 일부 소형가전제품은 환경성보장제도 대상품목에 해당되지 않습니다. · 환경성보장제도에 포함되지 않은 전기전자제품이어도 무상방문수거서비스를 이용할 때 함께 배출할 수 있으며, 가까운 소형전기전자제품 전용수거함으로 배출할 수도 있습니다. · 또한, 지자체에 따라 소형가전제품을 수거하는 경우도 있으니 확인하신 후 배출하시는 것이 좋습니다. ※ 배', '["전기이발기는 가까운 소형전기전자제품 전용수거함으로 배출합니다.", "인근에 전용수거함이 없는 경우에는 지자체에 문의한 후 배출하여 주시기 바랍니다."]', 'high', 'https://www.xn--oy2b29bd3a601b.kr/front/dischargeMethod/dictionaryView.do?niIdx=300', '분리배출.kr (한국폐기물협회·환경부)', 'A', '· 전기이발기 등 일부 소형가전제품은 환경성보장제도 대상품목에 해당되지 않습니다. · 환경성보장제도에 포함되지 않은 전기전자제품이어도 무상방문수거서비스를 이용할 때 함께 배출할 수 있으며, 가까운 소형전기전자제품 전용수거함으로 배출할 수도 있습니다. · 또한, 지자체에 따라 소형가전제품을 수거하는 경우도 있으니 확인하신 후 배출하시는 것이 좋습니다. ※ 배출방법은 지역별로 차이가 있을 수 있...', '', '2026-05-18', 0, '["재활용폐기물", "전기전자 제품류"]');
INSERT INTO aliases (item_id, alias, alias_lower, source) VALUES ('전기이발기', '머리깎는기계', '머리깎는기계', 'rule');
INSERT INTO aliases (item_id, alias, alias_lower, source) VALUES ('전기이발기', '머리깎이', '머리깎이', 'rule');
INSERT INTO aliases (item_id, alias, alias_lower, source) VALUES ('전기이발기', '바리깡', '바리깡', 'rule');
INSERT INTO aliases (item_id, alias, alias_lower, source) VALUES ('전기이발기', '셀프이발기', '셀프이발기', 'rule');
INSERT INTO aliases (item_id, alias, alias_lower, source) VALUES ('전기이발기', '이발 기계', '이발 기계', 'rule');
INSERT INTO aliases (item_id, alias, alias_lower, source) VALUES ('전기이발기', '이발기', '이발기', 'rule');
INSERT INTO aliases (item_id, alias, alias_lower, source) VALUES ('전기이발기', '전기바리깡', '전기바리깡', 'rule');
INSERT INTO aliases (item_id, alias, alias_lower, source) VALUES ('전기이발기', '전동이발기', '전동이발기', 'rule');
INSERT INTO aliases (item_id, alias, alias_lower, source) VALUES ('전기이발기', '클리퍼', '클리퍼', 'rule');
INSERT INTO aliases (item_id, alias, alias_lower, source) VALUES ('전기이발기', '트리머', '트리머', 'rule');
INSERT INTO aliases (item_id, alias, alias_lower, source) VALUES ('전기이발기', '헤어클리퍼', '헤어클리퍼', 'rule');
INSERT INTO aliases (item_id, alias, alias_lower, source) VALUES ('전기이발기', '헤어트리머', '헤어트리머', 'rule');
INSERT OR REPLACE INTO items (id, name, category, note, steps, confidence, source_url, source_name, source_grade, feature, caution, last_verified, region_variation, official_classification) VALUES ('포충기', '포충기', 'electronics', '· 포충기 등 일부 소형가전제품은 환경성보장제도 대상품목에 해당되지 않습니다. · 환경성보장제도에 포함되지 않은 전기전자제품이어도 무상방문수거서비스를 이용할 때 함께 배출할 수 있으며, 가까운 소형전기전자제품 전용수거함으로 배출할 수도 있습니다. · 또한, 지자체에 따라 소형가전제품을 수거하는 경우도 있으니 확인하신 후 배출하시는 것이 좋습니다. ※ 배출방', '["포충기는 소형전기전자제품 전용수거함으로 배출합니다.", "인근에 전용수거함이 없는 경우에는 지자체에 문의한 후 배출하여 주시기 바랍니다."]', 'high', 'https://www.xn--oy2b29bd3a601b.kr/front/dischargeMethod/dictionaryView.do?niIdx=302', '분리배출.kr (한국폐기물협회·환경부)', 'A', '· 포충기 등 일부 소형가전제품은 환경성보장제도 대상품목에 해당되지 않습니다. · 환경성보장제도에 포함되지 않은 전기전자제품이어도 무상방문수거서비스를 이용할 때 함께 배출할 수 있으며, 가까운 소형전기전자제품 전용수거함으로 배출할 수도 있습니다. · 또한, 지자체에 따라 소형가전제품을 수거하는 경우도 있으니 확인하신 후 배출하시는 것이 좋습니다. ※ 배출방법은 지역별로 차이가 있을 수 있으니...', '', '2026-05-18', 0, '["재활용폐기물", "전기전자 제품류"]');
INSERT INTO aliases (item_id, alias, alias_lower, source) VALUES ('포충기', '모기잡는기계', '모기잡는기계', 'rule');
INSERT INTO aliases (item_id, alias, alias_lower, source) VALUES ('포충기', '모기퇴치기', '모기퇴치기', 'rule');
INSERT INTO aliases (item_id, alias, alias_lower, source) VALUES ('포충기', '버그박스', '버그박스', 'rule');
INSERT INTO aliases (item_id, alias, alias_lower, source) VALUES ('포충기', '버그킬러', '버그킬러', 'rule');
INSERT INTO aliases (item_id, alias, alias_lower, source) VALUES ('포충기', '벅재퍼', '벅재퍼', 'rule');
INSERT INTO aliases (item_id, alias, alias_lower, source) VALUES ('포충기', '벌레잡이', '벌레잡이', 'rule');
INSERT INTO aliases (item_id, alias, alias_lower, source) VALUES ('포충기', '인섹트트랩', '인섹트트랩', 'rule');
INSERT INTO aliases (item_id, alias, alias_lower, source) VALUES ('포충기', '전기벌레잡이', '전기벌레잡이', 'rule');
INSERT INTO aliases (item_id, alias, alias_lower, source) VALUES ('포충기', '전기포충기', '전기포충기', 'rule');
INSERT INTO aliases (item_id, alias, alias_lower, source) VALUES ('포충기', '제로모기', '제로모기', 'rule');
INSERT INTO aliases (item_id, alias, alias_lower, source) VALUES ('포충기', '해충퇴치기', '해충퇴치기', 'rule');
INSERT INTO aliases (item_id, alias, alias_lower, source) VALUES ('포충기', '해충포획기', '해충포획기', 'rule');
INSERT OR REPLACE INTO items (id, name, category, note, steps, confidence, source_url, source_name, source_grade, feature, caution, last_verified, region_variation, official_classification) VALUES ('우산', '우산', 'furniture', '· 우산은 고철, 천(섬유), 플라스틱 등이 혼합된 복합재질 제품으로 재활용이 어렵습니다. · 우산에 포함된 뼈대는 고철로 재활용이 가능하므로 타 재질(천, 플라스틱)은 분리하여 배출합니다.', '["우산은 분리가 가능한 경우 분리하여 재질별 수거함에 배출하고 분리가 어려운 경우에는 종량제봉투로 배출합니다.", "크기가 커 종량제봉투로 배출하기 어려운 경우에는 대형폐기물로 배출합니다."]', 'high', 'https://www.xn--oy2b29bd3a601b.kr/front/dischargeMethod/dictionaryView.do?niIdx=303', '분리배출.kr (한국폐기물협회·환경부)', 'A', '· 우산은 고철, 천(섬유), 플라스틱 등이 혼합된 복합재질 제품으로 재활용이 어렵습니다. · 우산에 포함된 뼈대는 고철로 재활용이 가능하므로 타 재질(천, 플라스틱)은 분리하여 배출합니다.', '· 크기가 크거나 길이가 긴 제품은 끈으로 묶은 후 배출', '2026-05-18', 0, '["일반폐기물", "일반종량제폐기물", "대형폐기물"]');
INSERT INTO aliases (item_id, alias, alias_lower, source) VALUES ('우산', '3단우산', '3단우산', 'rule');
INSERT INTO aliases (item_id, alias, alias_lower, source) VALUES ('우산', '골프우산', '골프우산', 'rule');
INSERT INTO aliases (item_id, alias, alias_lower, source) VALUES ('우산', '비가리개', '비가리개', 'rule');
INSERT INTO aliases (item_id, alias, alias_lower, source) VALUES ('우산', '비가림', '비가림', 'rule');
INSERT INTO aliases (item_id, alias, alias_lower, source) VALUES ('우산', '비까꿍', '비까꿍', 'rule');
INSERT INTO aliases (item_id, alias, alias_lower, source) VALUES ('우산', '비막이', '비막이', 'rule');
INSERT INTO aliases (item_id, alias, alias_lower, source) VALUES ('우산', '엄브렐라', '엄브렐라', 'rule');
INSERT INTO aliases (item_id, alias, alias_lower, source) VALUES ('우산', '자동우산', '자동우산', 'rule');
INSERT INTO aliases (item_id, alias, alias_lower, source) VALUES ('우산', '장우산', '장우산', 'rule');
INSERT INTO aliases (item_id, alias, alias_lower, source) VALUES ('우산', '접이식우산', '접이식우산', 'rule');
INSERT INTO aliases (item_id, alias, alias_lower, source) VALUES ('우산', '파라솔', '파라솔', 'rule');
INSERT OR REPLACE INTO items (id, name, category, note, steps, confidence, source_url, source_name, source_grade, feature, caution, last_verified, region_variation, official_classification) VALUES ('리빙박스(섬유 재질)', '리빙박스(섬유 재질)', 'furniture', '· 리빙박스가 패브릭 제품인 경우에는 섬유, 금속, 플라스틱 등이 혼합된 복합재질 제품입니다. · 복합재질 제품은 재활용이 어려우며, 해당 제품은 크기가 커 대형폐기물로 배출합니다. ※ 배출방법은 지역별로 차이가 있을 수 있으니, 해당 지방자치단체에서 정하는 방법이 있는 경우에는 해당 방법에 따라 배출하시기 바랍니다. 가까운 분리배출 장소를 확인해보세요.', '["리빙박스(섬유 재질)은 종량제봉투로 배출합니다.", "크기가 커 종량제봉투로 배출하기 어려운 경우에는 대형폐기물로 배출합니다."]', 'high', 'https://www.xn--oy2b29bd3a601b.kr/front/dischargeMethod/dictionaryView.do?niIdx=304', '분리배출.kr (한국폐기물협회·환경부)', 'A', '· 리빙박스가 패브릭 제품인 경우에는 섬유, 금속, 플라스틱 등이 혼합된 복합재질 제품입니다. · 복합재질 제품은 재활용이 어려우며, 해당 제품은 크기가 커 대형폐기물로 배출합니다. ※ 배출방법은 지역별로 차이가 있을 수 있으니, 해당 지방자치단체에서 정하는 방법이 있는 경우에는 해당 방법에 따라 배출하시기 바랍니다. 가까운 분리배출 장소를 확인해보세요. 현재 위치에 가까운 배출장소가 없습니...', '', '2026-05-18', 0, '["일반폐기물", "일반종량제폐기물", "대형폐기물"]');
INSERT INTO aliases (item_id, alias, alias_lower, source) VALUES ('리빙박스(섬유 재질)', '리빙박스(합성수지 재질)', '리빙박스(합성수지 재질)', 'rule');
INSERT INTO aliases (item_id, alias, alias_lower, source) VALUES ('리빙박스(섬유 재질)', '수납장(플라스틱 재질)', '수납장(플라스틱 재질)', 'rule');
INSERT OR REPLACE INTO items (id, name, category, note, steps, confidence, source_url, source_name, source_grade, feature, caution, last_verified, region_variation, official_classification) VALUES ('망원경', '망원경', 'furniture', '· 망원경, 쌍안경, 현미경 등은 유리, 플라스틱, 고철 등이 혼합된 복합재질 제품으로 재활용이 어렵습니다. · 망원경의 크기는 사양, 특징, 종류 등에 따라 다르므로 크기가 큰 제품은 대형폐기물로 배출해야 합니다. · 대형폐기물은 크기, 부피 등이 커 종량제봉투로 배출하기 어려운 폐기물을 말합니다. 대형폐기물로 배출된 폐기물은 가연성, 목재제품, 플라스틱', '["망원경은 종량제봉투로 배출합니다.", "크기가 커 종량제봉투로 배출하기 어려운 경우에는 대형폐기물로 배출합니다."]', 'high', 'https://www.xn--oy2b29bd3a601b.kr/front/dischargeMethod/dictionaryView.do?niIdx=305', '분리배출.kr (한국폐기물협회·환경부)', 'A', '· 망원경, 쌍안경, 현미경 등은 유리, 플라스틱, 고철 등이 혼합된 복합재질 제품으로 재활용이 어렵습니다. · 망원경의 크기는 사양, 특징, 종류 등에 따라 다르므로 크기가 큰 제품은 대형폐기물로 배출해야 합니다. · 대형폐기물은 크기, 부피 등이 커 종량제봉투로 배출하기 어려운 폐기물을 말합니다. 대형폐기물로 배출된 폐기물은 가연성, 목재제품, 플라스틱, 전자제품 등으로 선별한 후 처리업...', '', '2026-05-18', 0, '["일반폐기물", "일반종량제폐기물", "대형폐기물"]');
INSERT INTO aliases (item_id, alias, alias_lower, source) VALUES ('망원경', '경통', '경통', 'rule');
INSERT INTO aliases (item_id, alias, alias_lower, source) VALUES ('망원경', '관측경', '관측경', 'rule');
INSERT INTO aliases (item_id, alias, alias_lower, source) VALUES ('망원경', '멀리보는기계', '멀리보는기계', 'rule');
INSERT INTO aliases (item_id, alias, alias_lower, source) VALUES ('망원경', '별망', '별망', 'rule');
INSERT INTO aliases (item_id, alias, alias_lower, source) VALUES ('망원경', '별보는거', '별보는거', 'rule');
INSERT INTO aliases (item_id, alias, alias_lower, source) VALUES ('망원경', '별보는기구', '별보는기구', 'rule');
INSERT INTO aliases (item_id, alias, alias_lower, source) VALUES ('망원경', '셀레스트론', '셀레스트론', 'rule');
INSERT INTO aliases (item_id, alias, alias_lower, source) VALUES ('망원경', '스콥', '스콥', 'rule');
INSERT INTO aliases (item_id, alias, alias_lower, source) VALUES ('망원경', '원경', '원경', 'rule');
INSERT INTO aliases (item_id, alias, alias_lower, source) VALUES ('망원경', '테레스코프', '테레스코프', 'rule');
INSERT OR REPLACE INTO items (id, name, category, note, steps, confidence, source_url, source_name, source_grade, feature, caution, last_verified, region_variation, official_classification) VALUES ('가위', '가위', 'general', '· 가위, 칼과 같은 날카로운 제품은 금속재질이더라도 배출자, 수거원 등이 다칠 우려가 있으므로 주의하여 종량제봉투로 배출해야 합니다. · 종량제봉투로 배출한 제품은 소각시설로 반입되어 소각처리되며, 이때 반입된 금속성분은 금속분리기에 의해 분리 및 선별되어 고철로 재활용합니다.', '["가위는 신문지, 테이프 등을 활용하여 감싼 후 종량제봉투로 배출합니다."]', 'high', 'https://www.xn--oy2b29bd3a601b.kr/front/dischargeMethod/dictionaryView.do?niIdx=306', '분리배출.kr (한국폐기물협회·환경부)', 'A', '· 가위, 칼과 같은 날카로운 제품은 금속재질이더라도 배출자, 수거원 등이 다칠 우려가 있으므로 주의하여 종량제봉투로 배출해야 합니다. · 종량제봉투로 배출한 제품은 소각시설로 반입되어 소각처리되며, 이때 반입된 금속성분은 금속분리기에 의해 분리 및 선별되어 고철로 재활용합니다.', '· 가위와 같은 날카롭고 위험한 폐기물을 배출할 때에는 날카로운 부분이 외부로 노출되어 사람이 찔리거나 베이지 않도록 용기에 담거나 신문지, 테이프 등을 활용하여 충분히 감싼 후 배출', '2026-05-18', 0, '["일반폐기물", "일반종량제폐기물"]');
INSERT INTO aliases (item_id, alias, alias_lower, source) VALUES ('가위', 'scissors', 'scissors', 'rule');
INSERT INTO aliases (item_id, alias, alias_lower, source) VALUES ('가위', '가새', '가새', 'rule');
INSERT INTO aliases (item_id, alias, alias_lower, source) VALUES ('가위', '문구가위', '문구가위', 'rule');
INSERT INTO aliases (item_id, alias, alias_lower, source) VALUES ('가위', '미용가위', '미용가위', 'rule');
INSERT INTO aliases (item_id, alias, alias_lower, source) VALUES ('가위', '시저스', '시저스', 'rule');
INSERT INTO aliases (item_id, alias, alias_lower, source) VALUES ('가위', '싹둑이', '싹둑이', 'rule');
INSERT INTO aliases (item_id, alias, alias_lower, source) VALUES ('가위', '안전가위', '안전가위', 'rule');
INSERT INTO aliases (item_id, alias, alias_lower, source) VALUES ('가위', '원예가위', '원예가위', 'rule');
INSERT INTO aliases (item_id, alias, alias_lower, source) VALUES ('가위', '이발가위', '이발가위', 'rule');
INSERT INTO aliases (item_id, alias, alias_lower, source) VALUES ('가위', '재단가위', '재단가위', 'rule');
INSERT INTO aliases (item_id, alias, alias_lower, source) VALUES ('가위', '주방가위', '주방가위', 'rule');
INSERT INTO aliases (item_id, alias, alias_lower, source) VALUES ('가위', '쪽가위', '쪽가위', 'rule');
INSERT OR REPLACE INTO items (id, name, category, note, steps, confidence, source_url, source_name, source_grade, feature, caution, last_verified, region_variation, official_classification) VALUES ('고무 매트', '고무 매트', 'furniture', '· 가정에서 사용하는 매트는 폴리염화비닐(PVC) 재질 또는 엘라스토머(고무) 재질로 제작됩니다. · PVC비닐은 일반 비닐과 물성이 달라서 비닐류 배출시 재활용이 되지 않습니다. · 가정에서 사용하는 고무 제품은 주로 두 가지 이상 재질이 혼합된 합성 고무재질로 종량제봉투로 배출합니다. · 크기가 큰 고무매트는 대형폐기물로 배출합니다.', '["고무 매트는 종량제봉투로 배출합니다.", "크기가 커 종량제봉투로 배출하기 어려운 경우에는 대형폐기물로 배출합니다."]', 'high', 'https://www.xn--oy2b29bd3a601b.kr/front/dischargeMethod/dictionaryView.do?niIdx=307', '분리배출.kr (한국폐기물협회·환경부)', 'A', '· 가정에서 사용하는 매트는 폴리염화비닐(PVC) 재질 또는 엘라스토머(고무) 재질로 제작됩니다. · PVC비닐은 일반 비닐과 물성이 달라서 비닐류 배출시 재활용이 되지 않습니다. · 가정에서 사용하는 고무 제품은 주로 두 가지 이상 재질이 혼합된 합성 고무재질로 종량제봉투로 배출합니다. · 크기가 큰 고무매트는 대형폐기물로 배출합니다.', '· 크기가 큰 매트를 배출할 때에는 보행자에게 불편을 주지 않도록 끈으로 묶어서 배출', '2026-05-18', 0, '["일반폐기물", "일반종량제폐기물", "대형폐기물"]');
INSERT INTO aliases (item_id, alias, alias_lower, source) VALUES ('고무 매트', '고무 발판', '고무 발판', 'rule');
INSERT INTO aliases (item_id, alias, alias_lower, source) VALUES ('고무 매트', '고무 패드', '고무 패드', 'rule');
INSERT INTO aliases (item_id, alias, alias_lower, source) VALUES ('고무 매트', '고무판', '고무판', 'rule');
INSERT INTO aliases (item_id, alias, alias_lower, source) VALUES ('고무 매트', '러버 매트', '러버 매트', 'rule');
INSERT INTO aliases (item_id, alias, alias_lower, source) VALUES ('고무 매트', '미끄럼 방지 매트', '미끄럼 방지 매트', 'rule');
INSERT INTO aliases (item_id, alias, alias_lower, source) VALUES ('고무 매트', '미끄럼매트', '미끄럼매트', 'rule');
INSERT INTO aliases (item_id, alias, alias_lower, source) VALUES ('고무 매트', '바닥 매트', '바닥 매트', 'rule');
INSERT INTO aliases (item_id, alias, alias_lower, source) VALUES ('고무 매트', '방수 매트', '방수 매트', 'rule');
INSERT INTO aliases (item_id, alias, alias_lower, source) VALUES ('고무 매트', '주방 매트', '주방 매트', 'rule');
INSERT INTO aliases (item_id, alias, alias_lower, source) VALUES ('고무 매트', '플로어 매트', '플로어 매트', 'rule');
INSERT INTO aliases (item_id, alias, alias_lower, source) VALUES ('고무 매트', '현관 매트', '현관 매트', 'rule');
INSERT OR REPLACE INTO items (id, name, category, note, steps, confidence, source_url, source_name, source_grade, feature, caution, last_verified, region_variation, official_classification) VALUES ('종이테이프', '종이테이프', 'general', '· 주로 라벨, 스티커, 포장 등에 사용하는 종이테이프는 종이(지지체)에 점착제가 도포되어 있어 재활용이 어렵습니다. · 골판지 상자 등에 부착된 종이테이프는 제거하여 배출하여 주시기 바라며, 제거하기 어려운 경우에는 칼 등을 이용하여 접선 부분을 자른 후 접어서 배출합니다.', '["종이테이프는 종량제봉투로 배출합니다."]', 'high', 'https://www.xn--oy2b29bd3a601b.kr/front/dischargeMethod/dictionaryView.do?niIdx=308', '분리배출.kr (한국폐기물협회·환경부)', 'A', '· 주로 라벨, 스티커, 포장 등에 사용하는 종이테이프는 종이(지지체)에 점착제가 도포되어 있어 재활용이 어렵습니다. · 골판지 상자 등에 부착된 종이테이프는 제거하여 배출하여 주시기 바라며, 제거하기 어려운 경우에는 칼 등을 이용하여 접선 부분을 자른 후 접어서 배출합니다.', '· 제품에 붙은 종이테이프는 제거한 후 배출', '2026-05-18', 0, '["일반폐기물", "일반종량제폐기물"]');
INSERT OR REPLACE INTO items (id, name, category, note, steps, confidence, source_url, source_name, source_grade, feature, caution, last_verified, region_variation, official_classification) VALUES ('마커펜', '마커펜', 'general', '· 마커펜은 플라스틱, 잉크 등이 혼합된 복합재질 제품으로 재활용이 어렵습니다.', '["마커펜은 종량제봉투로 배출합니다."]', 'high', 'https://www.xn--oy2b29bd3a601b.kr/front/dischargeMethod/dictionaryView.do?niIdx=309', '분리배출.kr (한국폐기물협회·환경부)', 'A', '· 마커펜은 플라스틱, 잉크 등이 혼합된 복합재질 제품으로 재활용이 어렵습니다.', '· 제품 그대로 배출', '2026-05-18', 0, '["일반폐기물", "일반종량제폐기물"]');
INSERT INTO aliases (item_id, alias, alias_lower, source) VALUES ('마커펜', 'Sharpie', 'sharpie', 'rule');
INSERT INTO aliases (item_id, alias, alias_lower, source) VALUES ('마커펜', 'marker', 'marker', 'rule');
INSERT INTO aliases (item_id, alias, alias_lower, source) VALUES ('마커펜', '네임펜', '네임펜', 'rule');
INSERT INTO aliases (item_id, alias, alias_lower, source) VALUES ('마커펜', '마카', '마카', 'rule');
INSERT INTO aliases (item_id, alias, alias_lower, source) VALUES ('마커펜', '매직', '매직', 'rule');
INSERT INTO aliases (item_id, alias, alias_lower, source) VALUES ('마커펜', '매직이', '매직이', 'rule');
INSERT INTO aliases (item_id, alias, alias_lower, source) VALUES ('마커펜', '매직펜', '매직펜', 'rule');
INSERT INTO aliases (item_id, alias, alias_lower, source) VALUES ('마커펜', '모나미 매직', '모나미 매직', 'rule');
INSERT INTO aliases (item_id, alias, alias_lower, source) VALUES ('마커펜', '보드마카', '보드마카', 'rule');
INSERT INTO aliases (item_id, alias, alias_lower, source) VALUES ('마커펜', '수성마카', '수성마카', 'rule');
INSERT INTO aliases (item_id, alias, alias_lower, source) VALUES ('마커펜', '유성마카', '유성마카', 'rule');
INSERT INTO aliases (item_id, alias, alias_lower, source) VALUES ('마커펜', '유성매직', '유성매직', 'rule');
INSERT OR REPLACE INTO items (id, name, category, note, steps, confidence, source_url, source_name, source_grade, feature, caution, last_verified, region_variation, official_classification) VALUES ('명함지갑', '명함지갑', 'general', '· 명함지갑은 주로 가죽, 섬유, 금속 등이 혼합된 복합재질 제품으로 재활용이 어렵습니다.', '["명함지갑은 종량제봉투로 배출합니다."]', 'high', 'https://www.xn--oy2b29bd3a601b.kr/front/dischargeMethod/dictionaryView.do?niIdx=311', '분리배출.kr (한국폐기물협회·환경부)', 'A', '· 명함지갑은 주로 가죽, 섬유, 금속 등이 혼합된 복합재질 제품으로 재활용이 어렵습니다.', '· 가죽제품은 종량제봉투로 배출', '2026-05-18', 0, '["일반폐기물", "일반종량제폐기물"]');
INSERT INTO aliases (item_id, alias, alias_lower, source) VALUES ('명함지갑', '가방', '가방', 'rule');
INSERT INTO aliases (item_id, alias, alias_lower, source) VALUES ('명함지갑', '가죽 명함지갑', '가죽 명함지갑', 'rule');
INSERT INTO aliases (item_id, alias, alias_lower, source) VALUES ('명함지갑', '명함 보관함', '명함 보관함', 'rule');
INSERT INTO aliases (item_id, alias, alias_lower, source) VALUES ('명함지갑', '명함집', '명함집', 'rule');
INSERT INTO aliases (item_id, alias, alias_lower, source) VALUES ('명함지갑', '명함첩', '명함첩', 'rule');
INSERT INTO aliases (item_id, alias, alias_lower, source) VALUES ('명함지갑', '명함케이스', '명함케이스', 'rule');
INSERT INTO aliases (item_id, alias, alias_lower, source) VALUES ('명함지갑', '명함홀더', '명함홀더', 'rule');
INSERT INTO aliases (item_id, alias, alias_lower, source) VALUES ('명함지갑', '비즈니스 카드 지갑', '비즈니스 카드 지갑', 'rule');
INSERT INTO aliases (item_id, alias, alias_lower, source) VALUES ('명함지갑', '슬림 카드지갑', '슬림 카드지갑', 'rule');
INSERT INTO aliases (item_id, alias, alias_lower, source) VALUES ('명함지갑', '종이 쇼핑백', '종이 쇼핑백', 'rule');
INSERT INTO aliases (item_id, alias, alias_lower, source) VALUES ('명함지갑', '카드지갑', '카드지갑', 'rule');
INSERT INTO aliases (item_id, alias, alias_lower, source) VALUES ('명함지갑', '카드케이스', '카드케이스', 'rule');
INSERT INTO aliases (item_id, alias, alias_lower, source) VALUES ('명함지갑', '카드홀더', '카드홀더', 'rule');
INSERT OR REPLACE INTO items (id, name, category, note, steps, confidence, source_url, source_name, source_grade, feature, caution, last_verified, region_variation, official_classification) VALUES ('분필', '분필', 'general', '·분필은 철판에 글씨를 쓰기위한 필기구로 탄산 석회, 석고 등으로 제작되고 있으며, 해당 재질은 재활용이 어렵습니다. ·만약 다량으로 배출하는 경우에는 불연성종량제폐기물로 배출합니다. ※ 배출방법은 지역별로 차이가 있을 수 있으니, 해당 지방자치단체에서 정하는 방법이 있는 경우에는 해당 방법에 따라 배출하시기 바랍니다. 가까운 분리배출 장소를 확인해보세요.', '["분필은 종량제봉투로 배출합니다."]', 'high', 'https://www.xn--oy2b29bd3a601b.kr/front/dischargeMethod/dictionaryView.do?niIdx=312', '분리배출.kr (한국폐기물협회·환경부)', 'A', '·분필은 철판에 글씨를 쓰기위한 필기구로 탄산 석회, 석고 등으로 제작되고 있으며, 해당 재질은 재활용이 어렵습니다. ·만약 다량으로 배출하는 경우에는 불연성종량제폐기물로 배출합니다. ※ 배출방법은 지역별로 차이가 있을 수 있으니, 해당 지방자치단체에서 정하는 방법이 있는 경우에는 해당 방법에 따라 배출하시기 바랍니다. 가까운 분리배출 장소를 확인해보세요. 현재 위치에 가까운 배출장소가 없습...', '', '2026-05-18', 0, '["일반폐기물", "일반종량제폐기물"]');
INSERT INTO aliases (item_id, alias, alias_lower, source) VALUES ('분필', 'chalk', 'chalk', 'rule');
INSERT INTO aliases (item_id, alias, alias_lower, source) VALUES ('분필', '글씨막대', '글씨막대', 'rule');
INSERT INTO aliases (item_id, alias, alias_lower, source) VALUES ('분필', '백묵', '백묵', 'rule');
INSERT INTO aliases (item_id, alias, alias_lower, source) VALUES ('분필', '백색분필', '백색분필', 'rule');
INSERT INTO aliases (item_id, alias, alias_lower, source) VALUES ('분필', '백악', '백악', 'rule');
INSERT INTO aliases (item_id, alias, alias_lower, source) VALUES ('분필', '분피리', '분피리', 'rule');
INSERT INTO aliases (item_id, alias, alias_lower, source) VALUES ('분필', '색분필', '색분필', 'rule');
INSERT INTO aliases (item_id, alias, alias_lower, source) VALUES ('분필', '초크', '초크', 'rule');
INSERT INTO aliases (item_id, alias, alias_lower, source) VALUES ('분필', '칠판분필', '칠판분필', 'rule');
INSERT INTO aliases (item_id, alias, alias_lower, source) VALUES ('분필', '칼라분필', '칼라분필', 'rule');
INSERT INTO aliases (item_id, alias, alias_lower, source) VALUES ('분필', '학교분필', '학교분필', 'rule');
INSERT INTO aliases (item_id, alias, alias_lower, source) VALUES ('분필', '학용품분필', '학용품분필', 'rule');
INSERT OR REPLACE INTO items (id, name, category, note, steps, confidence, source_url, source_name, source_grade, feature, caution, last_verified, region_variation, official_classification) VALUES ('색연필', '색연필', 'general', '· 색연필은 그림을 그릴때 사용하는 그리기 도구 중 하나로 내부에 광물질 물감을 섞어서 여러가지 색이 나게 만드는 연필을 말합니다. · 색연필은 플라스틱, 안료 등이 혼합된 복합재질 제품이며, 크기가 작아 재활용이 어렵습니다.', '["색연필은 종량제봉투로 배출합니다."]', 'high', 'https://www.xn--oy2b29bd3a601b.kr/front/dischargeMethod/dictionaryView.do?niIdx=313', '분리배출.kr (한국폐기물협회·환경부)', 'A', '· 색연필은 그림을 그릴때 사용하는 그리기 도구 중 하나로 내부에 광물질 물감을 섞어서 여러가지 색이 나게 만드는 연필을 말합니다. · 색연필은 플라스틱, 안료 등이 혼합된 복합재질 제품이며, 크기가 작아 재활용이 어렵습니다.', '· 제품 그대로 배출', '2026-05-18', 0, '["일반폐기물", "일반종량제폐기물"]');
INSERT INTO aliases (item_id, alias, alias_lower, source) VALUES ('색연필', 'colored pencil', 'colored pencil', 'rule');
INSERT INTO aliases (item_id, alias, alias_lower, source) VALUES ('색연필', '문교', '문교', 'rule');
INSERT INTO aliases (item_id, alias, alias_lower, source) VALUES ('색연필', '색깔연필', '색깔연필', 'rule');
INSERT INTO aliases (item_id, alias, alias_lower, source) VALUES ('색연필', '색연', '색연', 'rule');
INSERT INTO aliases (item_id, alias, alias_lower, source) VALUES ('색연필', '색연필이', '색연필이', 'rule');
INSERT INTO aliases (item_id, alias, alias_lower, source) VALUES ('색연필', '색칠연필', '색칠연필', 'rule');
INSERT INTO aliases (item_id, alias, alias_lower, source) VALUES ('색연필', '스테들러', '스테들러', 'rule');
INSERT INTO aliases (item_id, alias, alias_lower, source) VALUES ('색연필', '유색연필', '유색연필', 'rule');
INSERT INTO aliases (item_id, alias, alias_lower, source) VALUES ('색연필', '컬러 펜슬', '컬러 펜슬', 'rule');
INSERT INTO aliases (item_id, alias, alias_lower, source) VALUES ('색연필', '컬러연필', '컬러연필', 'rule');
INSERT INTO aliases (item_id, alias, alias_lower, source) VALUES ('색연필', '컬러펜슬', '컬러펜슬', 'rule');
INSERT INTO aliases (item_id, alias, alias_lower, source) VALUES ('색연필', '파버카스텔', '파버카스텔', 'rule');
INSERT OR REPLACE INTO items (id, name, category, note, steps, confidence, source_url, source_name, source_grade, feature, caution, last_verified, region_variation, official_classification) VALUES ('결재판', '결재판', 'general', '· 사무실에서 사용하는 결재판은 PVC, PP 등 플라스틱, 가죽, 금속 등이 혼합된 복합재질 제품으로 재활용이 어렵습니다. ※ 배출방법은 지역별로 차이가 있을 수 있으니, 해당 지방자치단체에서 정하는 방법이 있는 경우에는 해당 방법에 따라 배출하시기 바랍니다. 가까운 분리배출 장소를 확인해보세요. 현재 위치에 가까운 배출장소가 없습니다. 근처의 다른 지역', '["결재판은 종량제봉투로 배출합니다."]', 'high', 'https://www.xn--oy2b29bd3a601b.kr/front/dischargeMethod/dictionaryView.do?niIdx=314', '분리배출.kr (한국폐기물협회·환경부)', 'A', '· 사무실에서 사용하는 결재판은 PVC, PP 등 플라스틱, 가죽, 금속 등이 혼합된 복합재질 제품으로 재활용이 어렵습니다. ※ 배출방법은 지역별로 차이가 있을 수 있으니, 해당 지방자치단체에서 정하는 방법이 있는 경우에는 해당 방법에 따라 배출하시기 바랍니다. 가까운 분리배출 장소를 확인해보세요. 현재 위치에 가까운 배출장소가 없습니다. 근처의 다른 지역을 검색해보세요. 현 위치 배출장소...', '', '2026-05-18', 0, '["일반폐기물", "일반종량제폐기물"]');
INSERT INTO aliases (item_id, alias, alias_lower, source) VALUES ('결재판', '결재보드', '결재보드', 'rule');
INSERT INTO aliases (item_id, alias, alias_lower, source) VALUES ('결재판', '결재용판', '결재용판', 'rule');
INSERT INTO aliases (item_id, alias, alias_lower, source) VALUES ('결재판', '결재트레이', '결재트레이', 'rule');
INSERT INTO aliases (item_id, alias, alias_lower, source) VALUES ('결재판', '결재함', '결재함', 'rule');
INSERT INTO aliases (item_id, alias, alias_lower, source) VALUES ('결재판', '문서판', '문서판', 'rule');
INSERT INTO aliases (item_id, alias, alias_lower, source) VALUES ('결재판', '서류받침', '서류받침', 'rule');
INSERT INTO aliases (item_id, alias, alias_lower, source) VALUES ('결재판', '서류정리판', '서류정리판', 'rule');
INSERT INTO aliases (item_id, alias, alias_lower, source) VALUES ('결재판', '서류판', '서류판', 'rule');
INSERT INTO aliases (item_id, alias, alias_lower, source) VALUES ('결재판', '클립보드', '클립보드', 'rule');
INSERT INTO aliases (item_id, alias, alias_lower, source) VALUES ('결재판', '파일판', '파일판', 'rule');
INSERT INTO aliases (item_id, alias, alias_lower, source) VALUES ('결재판', '판때기', '판때기', 'rule');
INSERT INTO aliases (item_id, alias, alias_lower, source) VALUES ('결재판', '플라스틱판', '플라스틱판', 'rule');
INSERT OR REPLACE INTO items (id, name, category, note, steps, confidence, source_url, source_name, source_grade, feature, caution, last_verified, region_variation, official_classification) VALUES ('압정', '압정', 'general', '· 가위, 칼, 압정과 같은 날카로운 제품은 금속재질이더라도 배출자, 수거원 등이 다칠 우려가 있으므로 주의하여 종량제봉투로 배출해야 합니다. · 종량제봉투로 배출한 제품은 소각시설로 반입되어 소각처리되며, 이때 반입된 금속성분은 금속분리기에 의해 분리 및 선별되어 고철로 재활용합니다.', '["압정은 신문지, 테이프 등을 활용하여 감싼 후 종량제봉투로 배출합니다."]', 'high', 'https://www.xn--oy2b29bd3a601b.kr/front/dischargeMethod/dictionaryView.do?niIdx=315', '분리배출.kr (한국폐기물협회·환경부)', 'A', '· 가위, 칼, 압정과 같은 날카로운 제품은 금속재질이더라도 배출자, 수거원 등이 다칠 우려가 있으므로 주의하여 종량제봉투로 배출해야 합니다. · 종량제봉투로 배출한 제품은 소각시설로 반입되어 소각처리되며, 이때 반입된 금속성분은 금속분리기에 의해 분리 및 선별되어 고철로 재활용합니다.', '· 압정과 같은 날카롭고 위험한 폐기물을 배출할 때에는 날카로운 부분이 외부로 노출되어 사람이 찔리거나 베이지 않도록 용기에 담거나 신문지, 테이프 등을 활용하여 충분히 감싼 후 배출', '2026-05-18', 0, '["일반폐기물", "일반종량제폐기물"]');
INSERT OR REPLACE INTO items (id, name, category, note, steps, confidence, source_url, source_name, source_grade, feature, caution, last_verified, region_variation, official_classification) VALUES ('연필', '연필', 'general', '· 연필은 필기도구 중 하나로 내부에 가느다란 흑연심이 포함된 목재제품입니다. · 연필은 목재, 흑연 등이 포함된 복합재질 제품이며, 크기가 작아 재활용이 어렵습니다.', '["연필은 종량제봉투로 배출합니다."]', 'high', 'https://www.xn--oy2b29bd3a601b.kr/front/dischargeMethod/dictionaryView.do?niIdx=316', '분리배출.kr (한국폐기물협회·환경부)', 'A', '· 연필은 필기도구 중 하나로 내부에 가느다란 흑연심이 포함된 목재제품입니다. · 연필은 목재, 흑연 등이 포함된 복합재질 제품이며, 크기가 작아 재활용이 어렵습니다.', '· 제품 그대로 배출', '2026-05-18', 0, '["일반폐기물", "일반종량제폐기물"]');
INSERT INTO aliases (item_id, alias, alias_lower, source) VALUES ('연필', 'pencil', 'pencil', 'rule');
INSERT INTO aliases (item_id, alias, alias_lower, source) VALUES ('연필', '그림 연필', '그림 연필', 'rule');
INSERT INTO aliases (item_id, alias, alias_lower, source) VALUES ('연필', '까만 연필', '까만 연필', 'rule');
INSERT INTO aliases (item_id, alias, alias_lower, source) VALUES ('연필', '나무연필', '나무연필', 'rule');
INSERT INTO aliases (item_id, alias, alias_lower, source) VALUES ('연필', '목재 연필', '목재 연필', 'rule');
INSERT INTO aliases (item_id, alias, alias_lower, source) VALUES ('연필', '몽당연필', '몽당연필', 'rule');
INSERT INTO aliases (item_id, alias, alias_lower, source) VALUES ('연필', '뾰족연필', '뾰족연필', 'rule');
INSERT INTO aliases (item_id, alias, alias_lower, source) VALUES ('연필', '사무용 연필', '사무용 연필', 'rule');
INSERT INTO aliases (item_id, alias, alias_lower, source) VALUES ('연필', '지우개', '지우개', 'rule');
INSERT INTO aliases (item_id, alias, alias_lower, source) VALUES ('연필', '펜슬', '펜슬', 'rule');
INSERT INTO aliases (item_id, alias, alias_lower, source) VALUES ('연필', '필기 연필', '필기 연필', 'rule');
INSERT INTO aliases (item_id, alias, alias_lower, source) VALUES ('연필', '학용 연필', '학용 연필', 'rule');
INSERT INTO aliases (item_id, alias, alias_lower, source) VALUES ('연필', '흑연 연필', '흑연 연필', 'rule');
INSERT OR REPLACE INTO items (id, name, category, note, steps, confidence, source_url, source_name, source_grade, feature, caution, last_verified, region_variation, official_classification) VALUES ('연필깍이', '연필깍이', 'general', '· 연필깍이는 금속, 플라스틱, 고무 등이 혼합된 복합재질 제품으로 재활용이 어렵습니다. · 연필깍이의 금속 칼날은 분리하게 되면 고철로 배출할 수 있으나, 분리가 어렵기 때문에 일반쓰레기로 배출해야 합니다. ※ 배출방법은 지역별로 차이가 있을 수 있으니, 해당 지방자치단체에서 정하는 방법이 있는 경우에는 해당 방법에 따라 배출하시기 바랍니다. 가까운 분리', '["연필깍이는 종량제봉투로 배출합니다."]', 'high', 'https://www.xn--oy2b29bd3a601b.kr/front/dischargeMethod/dictionaryView.do?niIdx=317', '분리배출.kr (한국폐기물협회·환경부)', 'A', '· 연필깍이는 금속, 플라스틱, 고무 등이 혼합된 복합재질 제품으로 재활용이 어렵습니다. · 연필깍이의 금속 칼날은 분리하게 되면 고철로 배출할 수 있으나, 분리가 어렵기 때문에 일반쓰레기로 배출해야 합니다. ※ 배출방법은 지역별로 차이가 있을 수 있으니, 해당 지방자치단체에서 정하는 방법이 있는 경우에는 해당 방법에 따라 배출하시기 바랍니다. 가까운 분리배출 장소를 확인해보세요. 현재 위치...', '', '2026-05-18', 0, '["일반폐기물", "일반종량제폐기물"]');
INSERT INTO aliases (item_id, alias, alias_lower, source) VALUES ('연필깍이', '연필꽂이', '연필꽂이', 'rule');
INSERT OR REPLACE INTO items (id, name, category, note, steps, confidence, source_url, source_name, source_grade, feature, caution, last_verified, region_variation, official_classification) VALUES ('양면테이프', '양면테이프', 'general', '· 양면테이프는 필름이나 폼에 점착제가 붙어있는 제품으로 재활용이 어렵습니다. ※ 배출방법은 지역별로 차이가 있을 수 있으니, 해당 지방자치단체에서 정하는 방법이 있는 경우에는 해당 방법에 따라 배출하시기 바랍니다. 가까운 분리배출 장소를 확인해보세요. 현재 위치에 가까운 배출장소가 없습니다. 근처의 다른 지역을 검색해보세요. 현 위치 배출장소 전체보기 현', '["양면테이프는 종량제봉투로 배출합니다."]', 'high', 'https://www.xn--oy2b29bd3a601b.kr/front/dischargeMethod/dictionaryView.do?niIdx=318', '분리배출.kr (한국폐기물협회·환경부)', 'A', '· 양면테이프는 필름이나 폼에 점착제가 붙어있는 제품으로 재활용이 어렵습니다. ※ 배출방법은 지역별로 차이가 있을 수 있으니, 해당 지방자치단체에서 정하는 방법이 있는 경우에는 해당 방법에 따라 배출하시기 바랍니다. 가까운 분리배출 장소를 확인해보세요. 현재 위치에 가까운 배출장소가 없습니다. 근처의 다른 지역을 검색해보세요. 현 위치 배출장소 전체보기 현 지도에서 검색 장소 더보기 분리배출...', '', '2026-05-18', 0, '["일반폐기물", "일반종량제폐기물"]');
INSERT INTO aliases (item_id, alias, alias_lower, source) VALUES ('양면테이프', '3M 양면', '3m 양면', 'rule');
INSERT INTO aliases (item_id, alias, alias_lower, source) VALUES ('양면테이프', 'double tape', 'double tape', 'rule');
INSERT INTO aliases (item_id, alias, alias_lower, source) VALUES ('양면테이프', 'double-sided tape', 'double-sided tape', 'rule');
INSERT INTO aliases (item_id, alias, alias_lower, source) VALUES ('양면테이프', '강력 양면테이프', '강력 양면테이프', 'rule');
INSERT INTO aliases (item_id, alias, alias_lower, source) VALUES ('양면테이프', '두면 테이프', '두면 테이프', 'rule');
INSERT INTO aliases (item_id, alias, alias_lower, source) VALUES ('양면테이프', '스카치 양면', '스카치 양면', 'rule');
INSERT INTO aliases (item_id, alias, alias_lower, source) VALUES ('양면테이프', '양면', '양면', 'rule');
INSERT INTO aliases (item_id, alias, alias_lower, source) VALUES ('양면테이프', '양면 스티커', '양면 스티커', 'rule');
INSERT INTO aliases (item_id, alias, alias_lower, source) VALUES ('양면테이프', '양면 접착 테이프', '양면 접착 테이프', 'rule');
INSERT INTO aliases (item_id, alias, alias_lower, source) VALUES ('양면테이프', '양쪽면 테이프', '양쪽면 테이프', 'rule');
INSERT INTO aliases (item_id, alias, alias_lower, source) VALUES ('양면테이프', '양테', '양테', 'rule');
INSERT INTO aliases (item_id, alias, alias_lower, source) VALUES ('양면테이프', '폼 양면테이프', '폼 양면테이프', 'rule');
INSERT OR REPLACE INTO items (id, name, category, note, steps, confidence, source_url, source_name, source_grade, feature, caution, last_verified, region_variation, official_classification) VALUES ('우드락', '우드락', 'general', '· 우드락은 스티로폼(발포폴리스티렌, EPS)을 고압축한 후 나무처럼 만든 판재로 색상을 인쇄하거나 스티커 등을 접착한 제품을 말합니다. · 폼보드는 우드락 원단에 종이필름을 붙인 것을 말합니다. · 우드락 제품은 일반 스티로폼과 물성이 달라 일반 스티로폼 제품과 함께 재활용할 시 재활용 제품(잉고트 제품) 품질에 영향을 미칩니다. ※ 배출방법은 지역별로', '["우드락은 종량제봉투로 배출합니다."]', 'high', 'https://www.xn--oy2b29bd3a601b.kr/front/dischargeMethod/dictionaryView.do?niIdx=319', '분리배출.kr (한국폐기물협회·환경부)', 'A', '· 우드락은 스티로폼(발포폴리스티렌, EPS)을 고압축한 후 나무처럼 만든 판재로 색상을 인쇄하거나 스티커 등을 접착한 제품을 말합니다. · 폼보드는 우드락 원단에 종이필름을 붙인 것을 말합니다. · 우드락 제품은 일반 스티로폼과 물성이 달라 일반 스티로폼 제품과 함께 재활용할 시 재활용 제품(잉고트 제품) 품질에 영향을 미칩니다. ※ 배출방법은 지역별로 차이가 있을 수 있으니, 해당 지방자...', '', '2026-05-18', 0, '["일반폐기물", "일반종량제폐기물"]');
INSERT INTO aliases (item_id, alias, alias_lower, source) VALUES ('우드락', 'display board', 'display board', 'rule');
INSERT INTO aliases (item_id, alias, alias_lower, source) VALUES ('우드락', 'foam board', 'foam board', 'rule');
INSERT INTO aliases (item_id, alias, alias_lower, source) VALUES ('우드락', '디자인보드', '디자인보드', 'rule');
INSERT INTO aliases (item_id, alias, alias_lower, source) VALUES ('우드락', '만들기판', '만들기판', 'rule');
INSERT INTO aliases (item_id, alias, alias_lower, source) VALUES ('우드락', '발포보드', '발포보드', 'rule');
INSERT INTO aliases (item_id, alias, alias_lower, source) VALUES ('우드락', '스티로폼판', '스티로폼판', 'rule');
INSERT INTO aliases (item_id, alias, alias_lower, source) VALUES ('우드락', '스펀지보드', '스펀지보드', 'rule');
INSERT INTO aliases (item_id, alias, alias_lower, source) VALUES ('우드락', '우드락판', '우드락판', 'rule');
INSERT INTO aliases (item_id, alias, alias_lower, source) VALUES ('우드락', '폼시트', '폼시트', 'rule');
INSERT INTO aliases (item_id, alias, alias_lower, source) VALUES ('우드락', '폼판', '폼판', 'rule');
INSERT INTO aliases (item_id, alias, alias_lower, source) VALUES ('우드락', '하드폼보드', '하드폼보드', 'rule');
INSERT OR REPLACE INTO items (id, name, category, note, steps, confidence, source_url, source_name, source_grade, feature, caution, last_verified, region_variation, official_classification) VALUES ('한지제품', '한지제품', 'general', '· 신문지, 백상지 등 종이류는 일반 종이류로 재활용이 가능합니다. 다만, 한지, 창호지 등은 일반 종이와 함께 배출하면 재질이 달라 재활용 제품 품질에 영향을 미칩니다.', '["한지제품은 종량제봉투로 배출합니다."]', 'high', 'https://www.xn--oy2b29bd3a601b.kr/front/dischargeMethod/dictionaryView.do?niIdx=320', '분리배출.kr (한국폐기물협회·환경부)', 'A', '· 신문지, 백상지 등 종이류는 일반 종이류로 재활용이 가능합니다. 다만, 한지, 창호지 등은 일반 종이와 함께 배출하면 재질이 달라 재활용 제품 품질에 영향을 미칩니다.', '· 한지류는 종이로 배출 불가능', '2026-05-18', 0, '["일반폐기물", "일반종량제폐기물"]');
INSERT INTO aliases (item_id, alias, alias_lower, source) VALUES ('한지제품', 'Hanji product', 'hanji product', 'rule');
INSERT INTO aliases (item_id, alias, alias_lower, source) VALUES ('한지제품', 'Korean paper craft', 'korean paper craft', 'rule');
INSERT INTO aliases (item_id, alias, alias_lower, source) VALUES ('한지제품', '닥나무 종이 제품', '닥나무 종이 제품', 'rule');
INSERT INTO aliases (item_id, alias, alias_lower, source) VALUES ('한지제품', '닥종이', '닥종이', 'rule');
INSERT INTO aliases (item_id, alias, alias_lower, source) VALUES ('한지제품', '옛날 종이 물건', '옛날 종이 물건', 'rule');
INSERT INTO aliases (item_id, alias, alias_lower, source) VALUES ('한지제품', '전통 한지 공예품', '전통 한지 공예품', 'rule');
INSERT INTO aliases (item_id, alias, alias_lower, source) VALUES ('한지제품', '한지 공예', '한지 공예', 'rule');
INSERT INTO aliases (item_id, alias, alias_lower, source) VALUES ('한지제품', '한지 등', '한지 등', 'rule');
INSERT INTO aliases (item_id, alias, alias_lower, source) VALUES ('한지제품', '한지 부채', '한지 부채', 'rule');
INSERT INTO aliases (item_id, alias, alias_lower, source) VALUES ('한지제품', '한지 상자', '한지 상자', 'rule');
INSERT INTO aliases (item_id, alias, alias_lower, source) VALUES ('한지제품', '한지 인형', '한지 인형', 'rule');
INSERT INTO aliases (item_id, alias, alias_lower, source) VALUES ('한지제품', '한지로 만든 물건', '한지로 만든 물건', 'rule');
INSERT OR REPLACE INTO items (id, name, category, note, steps, confidence, source_url, source_name, source_grade, feature, caution, last_verified, region_variation, official_classification) VALUES ('접착제', '접착제', 'hazardous', '· 폐접착제는 제품에 포함된 유해물질로 인하여 폐기물관리법 시행규칙 및 환경부 고시로 정하고 있는 생활계유해폐기물에 해당됩니다. * 생활계유해폐기물이란 폐농약, 폐의약품 등 인간의 건광과 주변환경에 피해를 유발할 수 있는 폐기물을 말합니다. · 접착제는 고철재질의 스프레이 용기와 플라스틱의 스프레이 용기가 있습니다. · 고철재질의 스프레이 용기는 구멍을 뚫', '["접착제는 파손으로 인하여 내용물이 유출되지 않도록 밀봉한 후 전용수거함으로 배출합니다.", "용기가 완전히 밀봉되지 않아 외부로 유출될 우려가 있는 경우에는 더 큰 용기(비닐, 플라스틱 용기 등)에 담아 배출합니다.", "인근에 전용수거함이 없는 경우에는 용기를 밀봉한 후 종량제봉투 등 지자체 조례에 따라 배출합니다."]', 'high', 'https://www.xn--oy2b29bd3a601b.kr/front/dischargeMethod/dictionaryView.do?niIdx=321', '분리배출.kr (한국폐기물협회·환경부)', 'A', '· 딱풀, 본드, 실리콘 등의 제품은 재활용이 어렵습니다. · 내용물을 모두 사용하더라도 내부에 이물질이 남아 있어 재활용이 어렵습니다.', '· 내용물이 남아있는 경우 외부로 유출되지 않도록 완전히 밀봉한 후 배출', '2026-05-18', 0, '["일반폐기물", "일반종량제폐기물"]');
INSERT INTO aliases (item_id, alias, alias_lower, source) VALUES ('접착제', '마스킹테이프', '마스킹테이프', 'rule');
INSERT INTO aliases (item_id, alias, alias_lower, source) VALUES ('접착제', '양면테이프', '양면테이프', 'rule');
INSERT INTO aliases (item_id, alias, alias_lower, source) VALUES ('접착제', '종이테이프', '종이테이프', 'rule');
INSERT OR REPLACE INTO items (id, name, category, note, steps, confidence, source_url, source_name, source_grade, feature, caution, last_verified, region_variation, official_classification) VALUES ('줄자', '줄자', 'general', '· 줄자는 플라스틱, 금속 등이 혼합된 복합재질 제품으로 재활용이 어렵습니다. · 줄자를 분해할 경우 금속의 긴 줄을 고철로 배출하기가 곤란하기 때문에 일반쓰레기로 안전하게 배출하는 것이 좋습니다.', '["줄자는 종량제봉투로 배출합니다."]', 'high', 'https://www.xn--oy2b29bd3a601b.kr/front/dischargeMethod/dictionaryView.do?niIdx=322', '분리배출.kr (한국폐기물협회·환경부)', 'A', '· 줄자는 플라스틱, 금속 등이 혼합된 복합재질 제품으로 재활용이 어렵습니다. · 줄자를 분해할 경우 금속의 긴 줄을 고철로 배출하기가 곤란하기 때문에 일반쓰레기로 안전하게 배출하는 것이 좋습니다.', '· 제품을 분해하지 않고 그대로 배출', '2026-05-18', 0, '["일반폐기물", "일반종량제폐기물"]');
INSERT INTO aliases (item_id, alias, alias_lower, source) VALUES ('줄자', 'tape measure', 'tape measure', 'rule');
INSERT INTO aliases (item_id, alias, alias_lower, source) VALUES ('줄자', '가위', '가위', 'rule');
INSERT INTO aliases (item_id, alias, alias_lower, source) VALUES ('줄자', '감개자', '감개자', 'rule');
INSERT INTO aliases (item_id, alias, alias_lower, source) VALUES ('줄자', '길이재개', '길이재개', 'rule');
INSERT INTO aliases (item_id, alias, alias_lower, source) VALUES ('줄자', '롤 줄자', '롤 줄자', 'rule');
INSERT INTO aliases (item_id, alias, alias_lower, source) VALUES ('줄자', '말이자', '말이자', 'rule');
INSERT INTO aliases (item_id, alias, alias_lower, source) VALUES ('줄자', '메저링 테이프', '메저링 테이프', 'rule');
INSERT INTO aliases (item_id, alias, alias_lower, source) VALUES ('줄자', '스테이플러', '스테이플러', 'rule');
INSERT INTO aliases (item_id, alias, alias_lower, source) VALUES ('줄자', '스틸 줄자', '스틸 줄자', 'rule');
INSERT INTO aliases (item_id, alias, alias_lower, source) VALUES ('줄자', '연성자', '연성자', 'rule');
INSERT INTO aliases (item_id, alias, alias_lower, source) VALUES ('줄자', '우산', '우산', 'rule');
INSERT INTO aliases (item_id, alias, alias_lower, source) VALUES ('줄자', '자동 줄자', '자동 줄자', 'rule');
INSERT INTO aliases (item_id, alias, alias_lower, source) VALUES ('줄자', '잠자리채', '잠자리채', 'rule');
INSERT INTO aliases (item_id, alias, alias_lower, source) VALUES ('줄자', '재는거', '재는거', 'rule');
INSERT INTO aliases (item_id, alias, alias_lower, source) VALUES ('줄자', '측정자', '측정자', 'rule');
INSERT INTO aliases (item_id, alias, alias_lower, source) VALUES ('줄자', '테이프 메저', '테이프 메저', 'rule');
INSERT OR REPLACE INTO items (id, name, category, note, steps, confidence, source_url, source_name, source_grade, feature, caution, last_verified, region_variation, official_classification) VALUES ('지로명세서', '지로명세서', 'general', '· 지로명세서는 종이재질로 재활용이 가능합니다. · 다만, 지로명세서에는 이름, 주소 등 개인 정보가 기재되어 있어 개인정보 보호를 위하여 찢은 후 종량제봉투로 배출하는 것이 좋습니다. ※ 배출방법은 지역별로 차이가 있을 수 있으니, 해당 지방자치단체에서 정하는 방법이 있는 경우에는 해당 방법에 따라 배출하시기 바랍니다. 가까운 분리배출 장소를 확인해보세요', '["지로명세서는 종이류로 배출하여야 하나, 개인정보 유출 등이 우려될 경우 종량제봉투로 배출합니다."]', 'high', 'https://www.xn--oy2b29bd3a601b.kr/front/dischargeMethod/dictionaryView.do?niIdx=323', '분리배출.kr (한국폐기물협회·환경부)', 'A', '· 지로명세서는 종이재질로 재활용이 가능합니다. · 다만, 지로명세서에는 이름, 주소 등 개인 정보가 기재되어 있어 개인정보 보호를 위하여 찢은 후 종량제봉투로 배출하는 것이 좋습니다. ※ 배출방법은 지역별로 차이가 있을 수 있으니, 해당 지방자치단체에서 정하는 방법이 있는 경우에는 해당 방법에 따라 배출하시기 바랍니다. 가까운 분리배출 장소를 확인해보세요. 현재 위치에 가까운 배출장소가 없...', '', '2026-05-18', 0, '["일반폐기물", "일반종량제폐기물"]');
INSERT INTO aliases (item_id, alias, alias_lower, source) VALUES ('지로명세서', '고지서', '고지서', 'rule');
INSERT INTO aliases (item_id, alias, alias_lower, source) VALUES ('지로명세서', '공과금 고지서', '공과금 고지서', 'rule');
INSERT INTO aliases (item_id, alias, alias_lower, source) VALUES ('지로명세서', '납부서', '납부서', 'rule');
INSERT INTO aliases (item_id, alias, alias_lower, source) VALUES ('지로명세서', '수도요금고지서', '수도요금고지서', 'rule');
INSERT INTO aliases (item_id, alias, alias_lower, source) VALUES ('지로명세서', '요금고지서', '요금고지서', 'rule');
INSERT INTO aliases (item_id, alias, alias_lower, source) VALUES ('지로명세서', '전기요금고지서', '전기요금고지서', 'rule');
INSERT INTO aliases (item_id, alias, alias_lower, source) VALUES ('지로명세서', '지로', '지로', 'rule');
INSERT INTO aliases (item_id, alias, alias_lower, source) VALUES ('지로명세서', '지로 빌', '지로 빌', 'rule');
INSERT INTO aliases (item_id, alias, alias_lower, source) VALUES ('지로명세서', '지로고지서', '지로고지서', 'rule');
INSERT INTO aliases (item_id, alias, alias_lower, source) VALUES ('지로명세서', '회비고지서', '회비고지서', 'rule');
INSERT OR REPLACE INTO items (id, name, category, note, steps, confidence, source_url, source_name, source_grade, feature, caution, last_verified, region_variation, official_classification) VALUES ('지우개', '지우개', 'general', '· 지우개는 글씨나 그림을 지우기 위해 사용하는 제품으로 합성고무에 화학물질을 첨가하여 제조됩니다. · 가정에서 사용하는 고무 제품은 주로 두 가지 이상 재질이 혼합된 합성 고무재질로 종량제봉투로 배출합니다. ※ 배출방법은 지역별로 차이가 있을 수 있으니, 해당 지방자치단체에서 정하는 방법이 있는 경우에는 해당 방법에 따라 배출하시기 바랍니다. 가까운 분리', '["지우개는 종량제봉투로 배출합니다."]', 'high', 'https://www.xn--oy2b29bd3a601b.kr/front/dischargeMethod/dictionaryView.do?niIdx=325', '분리배출.kr (한국폐기물협회·환경부)', 'A', '· 지우개는 글씨나 그림을 지우기 위해 사용하는 제품으로 합성고무에 화학물질을 첨가하여 제조됩니다. · 가정에서 사용하는 고무 제품은 주로 두 가지 이상 재질이 혼합된 합성 고무재질로 종량제봉투로 배출합니다. ※ 배출방법은 지역별로 차이가 있을 수 있으니, 해당 지방자치단체에서 정하는 방법이 있는 경우에는 해당 방법에 따라 배출하시기 바랍니다. 가까운 분리배출 장소를 확인해보세요. 현재 위치...', '', '2026-05-18', 0, '["일반폐기물", "일반종량제폐기물"]');
INSERT INTO aliases (item_id, alias, alias_lower, source) VALUES ('지우개', '고무지우개', '고무지우개', 'rule');
INSERT INTO aliases (item_id, alias, alias_lower, source) VALUES ('지우개', '러버 지우개', '러버 지우개', 'rule');
INSERT INTO aliases (item_id, alias, alias_lower, source) VALUES ('지우개', '모노 지우개', '모노 지우개', 'rule');
INSERT INTO aliases (item_id, alias, alias_lower, source) VALUES ('지우개', '미술지우개', '미술지우개', 'rule');
INSERT INTO aliases (item_id, alias, alias_lower, source) VALUES ('지우개', '스테들러 지우개', '스테들러 지우개', 'rule');
INSERT INTO aliases (item_id, alias, alias_lower, source) VALUES ('지우개', '쓱쓱이', '쓱쓱이', 'rule');
INSERT INTO aliases (item_id, alias, alias_lower, source) VALUES ('지우개', '연필지우개', '연필지우개', 'rule');
INSERT INTO aliases (item_id, alias, alias_lower, source) VALUES ('지우개', '이레이저', '이레이저', 'rule');
INSERT INTO aliases (item_id, alias, alias_lower, source) VALUES ('지우개', '지우개 펜', '지우개 펜', 'rule');
INSERT INTO aliases (item_id, alias, alias_lower, source) VALUES ('지우개', '지우는 것', '지우는 것', 'rule');
INSERT INTO aliases (item_id, alias, alias_lower, source) VALUES ('지우개', '지우는 도구', '지우는 도구', 'rule');
INSERT INTO aliases (item_id, alias, alias_lower, source) VALUES ('지우개', '톰보 지우개', '톰보 지우개', 'rule');
INSERT OR REPLACE INTO items (id, name, category, note, steps, confidence, source_url, source_name, source_grade, feature, caution, last_verified, region_variation, official_classification) VALUES ('마우스패드', '마우스패드', 'general', '· 마우스패드는 고무, 천, 플라스틱 등 다양한 재질이 혼합된 복합재질 제품으로 재활용이 어렵습니다. · 크기가 큰 데스크패드와 장패드는 말아서 끈으로 묶은후 종량제봉투로 배출합니다.', '["마우스패드는 종량제봉투로 배출합니다."]', 'high', 'https://www.xn--oy2b29bd3a601b.kr/front/dischargeMethod/dictionaryView.do?niIdx=326', '분리배출.kr (한국폐기물협회·환경부)', 'A', '· 마우스패드는 고무, 천, 플라스틱 등 다양한 재질이 혼합된 복합재질 제품으로 재활용이 어렵습니다. · 크기가 큰 데스크패드와 장패드는 말아서 끈으로 묶은후 종량제봉투로 배출합니다.', '· 크기가 크거나 길이가 긴 제품은 끈으로 묶은 후 배출', '2026-05-18', 0, '["일반폐기물", "일반종량제폐기물"]');
INSERT INTO aliases (item_id, alias, alias_lower, source) VALUES ('마우스패드', 'desk pad', 'desk pad', 'rule');
INSERT INTO aliases (item_id, alias, alias_lower, source) VALUES ('마우스패드', 'gaming pad', 'gaming pad', 'rule');
INSERT INTO aliases (item_id, alias, alias_lower, source) VALUES ('마우스패드', 'mousepad', 'mousepad', 'rule');
INSERT INTO aliases (item_id, alias, alias_lower, source) VALUES ('마우스패드', '게이밍 마우스패드', '게이밍 마우스패드', 'rule');
INSERT INTO aliases (item_id, alias, alias_lower, source) VALUES ('마우스패드', '마우스깔개', '마우스깔개', 'rule');
INSERT INTO aliases (item_id, alias, alias_lower, source) VALUES ('마우스패드', '마우스매트', '마우스매트', 'rule');
INSERT INTO aliases (item_id, alias, alias_lower, source) VALUES ('마우스패드', '마우스받침', '마우스받침', 'rule');
INSERT INTO aliases (item_id, alias, alias_lower, source) VALUES ('마우스패드', '마우스판', '마우스판', 'rule');
INSERT INTO aliases (item_id, alias, alias_lower, source) VALUES ('마우스패드', '마패', '마패', 'rule');
INSERT INTO aliases (item_id, alias, alias_lower, source) VALUES ('마우스패드', '마패드', '마패드', 'rule');
INSERT INTO aliases (item_id, alias, alias_lower, source) VALUES ('마우스패드', '장패드', '장패드', 'rule');
INSERT INTO aliases (item_id, alias, alias_lower, source) VALUES ('마우스패드', '커팅매트', '커팅매트', 'rule');
INSERT INTO aliases (item_id, alias, alias_lower, source) VALUES ('마우스패드', '키보드 스킨', '키보드 스킨', 'rule');
INSERT OR REPLACE INTO items (id, name, category, note, steps, confidence, source_url, source_name, source_grade, feature, caution, last_verified, region_variation, official_classification) VALUES ('털 귀마개', '털 귀마개', 'general', '· 털 귀마개는 섬유, 고무, 플라스틱, 고무 등이 혼합된 복합재질제품으로 재활용이 어렵습니다. ※ 배출방법은 지역별로 차이가 있을 수 있으니, 해당 지방자치단체에서 정하는 방법이 있는 경우에는 해당 방법에 따라 배출하시기 바랍니다. 가까운 분리배출 장소를 확인해보세요. 현재 위치에 가까운 배출장소가 없습니다. 근처의 다른 지역을 검색해보세요. 현 위치 배', '["털 귀마개는 종량제봉투로 배출합니다."]', 'high', 'https://www.xn--oy2b29bd3a601b.kr/front/dischargeMethod/dictionaryView.do?niIdx=327', '분리배출.kr (한국폐기물협회·환경부)', 'A', '· 털 귀마개는 섬유, 고무, 플라스틱, 고무 등이 혼합된 복합재질제품으로 재활용이 어렵습니다. ※ 배출방법은 지역별로 차이가 있을 수 있으니, 해당 지방자치단체에서 정하는 방법이 있는 경우에는 해당 방법에 따라 배출하시기 바랍니다. 가까운 분리배출 장소를 확인해보세요. 현재 위치에 가까운 배출장소가 없습니다. 근처의 다른 지역을 검색해보세요. 현 위치 배출장소 전체보기 현 지도에서 검색 장...', '', '2026-05-18', 0, '["일반폐기물", "일반종량제폐기물"]');
INSERT INTO aliases (item_id, alias, alias_lower, source) VALUES ('털 귀마개', 'earmuffs', 'earmuffs', 'rule');
INSERT INTO aliases (item_id, alias, alias_lower, source) VALUES ('털 귀마개', '겨울 귀마개', '겨울 귀마개', 'rule');
INSERT INTO aliases (item_id, alias, alias_lower, source) VALUES ('털 귀마개', '귀덮개', '귀덮개', 'rule');
INSERT INTO aliases (item_id, alias, alias_lower, source) VALUES ('털 귀마개', '귀돌이', '귀돌이', 'rule');
INSERT INTO aliases (item_id, alias, alias_lower, source) VALUES ('털 귀마개', '귀마개 털', '귀마개 털', 'rule');
INSERT INTO aliases (item_id, alias, alias_lower, source) VALUES ('털 귀마개', '방한 귀마개', '방한 귀마개', 'rule');
INSERT INTO aliases (item_id, alias, alias_lower, source) VALUES ('털 귀마개', '방한용 귀마개', '방한용 귀마개', 'rule');
INSERT INTO aliases (item_id, alias, alias_lower, source) VALUES ('털 귀마개', '이어머프', '이어머프', 'rule');
INSERT INTO aliases (item_id, alias, alias_lower, source) VALUES ('털 귀마개', '이어워머', '이어워머', 'rule');
INSERT INTO aliases (item_id, alias, alias_lower, source) VALUES ('털 귀마개', '털 귀덮개', '털 귀덮개', 'rule');
INSERT INTO aliases (item_id, alias, alias_lower, source) VALUES ('털 귀마개', '털귀마개', '털귀마개', 'rule');
INSERT INTO aliases (item_id, alias, alias_lower, source) VALUES ('털 귀마개', '털이어머프', '털이어머프', 'rule');
INSERT OR REPLACE INTO items (id, name, category, note, steps, confidence, source_url, source_name, source_grade, feature, caution, last_verified, region_variation, official_classification) VALUES ('파쇄지', '파쇄지', 'paper', '· 사무실에서 주요 문서를 버릴 때 파쇄기를 이용하여 파쇄하는 경우가 많습니다. · 파쇄지는 비밀 유지를 위하여 매우 작은 종이 조각 형태로 파쇄하기 때문에 일반 종이와 함께 배출하면 배출, 수거, 선별 각 과정에서 흩날려 수거, 선별이 어렵습니다. · 또한, 재활용업체에서 파쇄지와 일반 종이가 함께 재활용할 시 비중이 낮아 물 위에 뜨며, 교반기에 붙어', '["파쇄지는 종량제봉투로 배출합니다."]', 'high', 'https://www.xn--oy2b29bd3a601b.kr/front/dischargeMethod/dictionaryView.do?niIdx=328', '분리배출.kr (한국폐기물협회·환경부)', 'A', '· 사무실에서 주요 문서를 버릴 때 파쇄기를 이용하여 파쇄하는 경우가 많습니다. · 파쇄지는 비밀 유지를 위하여 매우 작은 종이 조각 형태로 파쇄하기 때문에 일반 종이와 함께 배출하면 배출, 수거, 선별 각 과정에서 흩날려 수거, 선별이 어렵습니다. · 또한, 재활용업체에서 파쇄지와 일반 종이가 함께 재활용할 시 비중이 낮아 물 위에 뜨며, 교반기에 붙어 오히려 재활용 공정을 방해할 수 있습...', '· 전문업체에서 다량의 파쇄지를 수거하는 경우에는 재활용 가능', '2026-05-18', 0, '["일반폐기물", "일반종량제폐기물", "재활용폐기물", "종이"]');
INSERT INTO aliases (item_id, alias, alias_lower, source) VALUES ('파쇄지', '사진', '사진', 'rule');
INSERT OR REPLACE INTO items (id, name, category, note, steps, confidence, source_url, source_name, source_grade, feature, caution, last_verified, region_variation, official_classification) VALUES ('필통의 재질', '필통의 재질', 'plastic', '· 필통은 플라스틱, 목재, 가죽, 금속 등 재질이 다양합니다. · 플라스틱, 금속 등 단일재질 제품은 재활용이 가능하므로 전용수거함으로 배출하여 주시기 바랍니다. · 목재류, 가죽, 섬유 제품은 재활용이 어려우므로 종량제봉투로 배출해야 합니다. ※ 배출방법은 지역별로 차이가 있을 수 있으니, 해당 지방자치단체에서 정하는 방법이 있는 경우에는 해당 방법에', '["필통의 재질이 재질에 맞게 고철 수거함, 플라스틱 수거함 등으로 배출합니다.", "제품이 목재, 가죽, 섬유 등의 재질이거나 2개 이상의 재질이 혼합된 복합재질인 경우에는 종량제봉투로 배출합니다."]', 'high', 'https://www.xn--oy2b29bd3a601b.kr/front/dischargeMethod/dictionaryView.do?niIdx=329', '분리배출.kr (한국폐기물협회·환경부)', 'A', '· 필통은 플라스틱, 목재, 가죽, 금속 등 재질이 다양합니다. · 플라스틱, 금속 등 단일재질 제품은 재활용이 가능하므로 전용수거함으로 배출하여 주시기 바랍니다. · 목재류, 가죽, 섬유 제품은 재활용이 어려우므로 종량제봉투로 배출해야 합니다. ※ 배출방법은 지역별로 차이가 있을 수 있으니, 해당 지방자치단체에서 정하는 방법이 있는 경우에는 해당 방법에 따라 배출하시기 바랍니다. 가까운 분...', '', '2026-05-18', 0, '["일반폐기물", "일반종량제폐기물", "재활용폐기물", "합성수지 용기류"]');
INSERT INTO aliases (item_id, alias, alias_lower, source) VALUES ('필통의 재질', 'PET 필통', 'pet 필통', 'rule');
INSERT INTO aliases (item_id, alias, alias_lower, source) VALUES ('필통의 재질', 'PP 필통', 'pp 필통', 'rule');
INSERT INTO aliases (item_id, alias, alias_lower, source) VALUES ('필통의 재질', 'PVC 필통', 'pvc 필통', 'rule');
INSERT INTO aliases (item_id, alias, alias_lower, source) VALUES ('필통의 재질', '딱딱이 필통', '딱딱이 필통', 'rule');
INSERT INTO aliases (item_id, alias, alias_lower, source) VALUES ('필통의 재질', '문구류 플라스틱', '문구류 플라스틱', 'rule');
INSERT INTO aliases (item_id, alias, alias_lower, source) VALUES ('필통의 재질', '아크릴 필통', '아크릴 필통', 'rule');
INSERT INTO aliases (item_id, alias, alias_lower, source) VALUES ('필통의 재질', '연필통 플라스틱', '연필통 플라스틱', 'rule');
INSERT INTO aliases (item_id, alias, alias_lower, source) VALUES ('필통의 재질', '플라스틱 펜슬 케이스', '플라스틱 펜슬 케이스', 'rule');
INSERT INTO aliases (item_id, alias, alias_lower, source) VALUES ('필통의 재질', '플라스틱 필통', '플라스틱 필통', 'rule');
INSERT INTO aliases (item_id, alias, alias_lower, source) VALUES ('필통의 재질', '플라스틱 필통 재료', '플라스틱 필통 재료', 'rule');
INSERT INTO aliases (item_id, alias, alias_lower, source) VALUES ('필통의 재질', '필통 소재', '필통 소재', 'rule');
INSERT INTO aliases (item_id, alias, alias_lower, source) VALUES ('필통의 재질', '필통껍데기', '필통껍데기', 'rule');
INSERT INTO aliases (item_id, alias, alias_lower, source) VALUES ('필통의 재질', '필통의재질', '필통의재질', 'rule');
INSERT OR REPLACE INTO items (id, name, category, note, steps, confidence, source_url, source_name, source_grade, feature, caution, last_verified, region_variation, official_classification) VALUES ('고무대야', '고무대야', 'furniture', '· 대부분의 고무 대야는 PVC 재질로 제작됩니다. · PVC제품은 일반 플라스틱과 물성이 달라서 플라스틱으로 배출시 재활용이 되지 않습니다.', '["고무대야는 종량제봉투로 배출합니다.", "크기가 커 종량제봉투로 배출하기 어려운 경우에는 대형폐기물로 배출합니다."]', 'high', 'https://www.xn--oy2b29bd3a601b.kr/front/dischargeMethod/dictionaryView.do?niIdx=330', '분리배출.kr (한국폐기물협회·환경부)', 'A', '· 대부분의 고무 대야는 PVC 재질로 제작됩니다. · PVC제품은 일반 플라스틱과 물성이 달라서 플라스틱으로 배출시 재활용이 되지 않습니다.', '· PVC 제품은 재활용이 어려워 종량제봉투 또는 대형폐기물로 배출', '2026-05-18', 0, '["일반폐기물", "일반종량제폐기물", "대형폐기물"]');
INSERT OR REPLACE INTO items (id, name, category, note, steps, confidence, source_url, source_name, source_grade, feature, caution, last_verified, region_variation, official_classification) VALUES ('일회용 면도기', '일회용 면도기', 'general', '· 일회용 면도기는 플라스틱, 금속이 혼합된 복합재질 제품으로 재활용이 어렵습니다.', '["일회용 면도기는 종량제봉투로 배출합니다."]', 'high', 'https://www.xn--oy2b29bd3a601b.kr/front/dischargeMethod/dictionaryView.do?niIdx=331', '분리배출.kr (한국폐기물협회·환경부)', 'A', '· 일회용 면도기는 플라스틱, 금속이 혼합된 복합재질 제품으로 재활용이 어렵습니다.', '· 면도기의 칼날과 같이 날카롭고 위험한 폐기물을 배출할 때에는 날카로운 부분이 외부로 노출되어 사람이 찔리거나 베이지 않도록 용기에 담거나 신문지, 테이프 등을 활용하여 충분히 감싼 후 배출', '2026-05-18', 0, '["일반폐기물", "일반종량제폐기물"]');
INSERT INTO aliases (item_id, alias, alias_lower, source) VALUES ('일회용 면도기', '간편 면도기', '간편 면도기', 'rule');
INSERT INTO aliases (item_id, alias, alias_lower, source) VALUES ('일회용 면도기', '도루코 일회용', '도루코 일회용', 'rule');
INSERT INTO aliases (item_id, alias, alias_lower, source) VALUES ('일회용 면도기', '디스포저블 쉐이버', '디스포저블 쉐이버', 'rule');
INSERT INTO aliases (item_id, alias, alias_lower, source) VALUES ('일회용 면도기', '쉬크 일회용', '쉬크 일회용', 'rule');
INSERT INTO aliases (item_id, alias, alias_lower, source) VALUES ('일회용 면도기', '쓰고 버리는 면도기', '쓰고 버리는 면도기', 'rule');
INSERT INTO aliases (item_id, alias, alias_lower, source) VALUES ('일회용 면도기', '여행용 면도기', '여행용 면도기', 'rule');
INSERT INTO aliases (item_id, alias, alias_lower, source) VALUES ('일회용 면도기', '일회용 쉐이버', '일회용 쉐이버', 'rule');
INSERT INTO aliases (item_id, alias, alias_lower, source) VALUES ('일회용 면도기', '질레트 일회용', '질레트 일회용', 'rule');
INSERT INTO aliases (item_id, alias, alias_lower, source) VALUES ('일회용 면도기', '편의점 면도기', '편의점 면도기', 'rule');
INSERT INTO aliases (item_id, alias, alias_lower, source) VALUES ('일회용 면도기', '휴대용 면도기', '휴대용 면도기', 'rule');
INSERT OR REPLACE INTO items (id, name, category, note, steps, confidence, source_url, source_name, source_grade, feature, caution, last_verified, region_variation, official_classification) VALUES ('연수필터', '연수필터', 'general', '· 연수기, 정수기, 공기청정기 등에 사용되는 필터는 플라스틱, 합성섬유, 활성탄 등이 혼합된 복합재질 제품으로 재활용이 어렵습니다. · 일부 제품의 경우 외부 케이스(플라스틱)를 분리할 수 있도록 되어 있으며, 배출하실 때에는 케이스를 분리한 후 플라스틱 수거함으로 배출하여 주시면 재활용이 가능합니다.', '["연수필터는 종량제봉투로 배출합니다."]', 'high', 'https://www.xn--oy2b29bd3a601b.kr/front/dischargeMethod/dictionaryView.do?niIdx=332', '분리배출.kr (한국폐기물협회·환경부)', 'A', '· 연수기, 정수기, 공기청정기 등에 사용되는 필터는 플라스틱, 합성섬유, 활성탄 등이 혼합된 복합재질 제품으로 재활용이 어렵습니다. · 일부 제품의 경우 외부 케이스(플라스틱)를 분리할 수 있도록 되어 있으며, 배출하실 때에는 케이스를 분리한 후 플라스틱 수거함으로 배출하여 주시면 재활용이 가능합니다.', '· 플라스틱 케이스를 분리할 수 있는 경우에는 분리한 후 배출', '2026-05-18', 0, '["일반폐기물", "일반종량제폐기물"]');
INSERT INTO aliases (item_id, alias, alias_lower, source) VALUES ('연수필터', '물 연화 필터', '물 연화 필터', 'rule');
INSERT INTO aliases (item_id, alias, alias_lower, source) VALUES ('연수필터', '물때 필터', '물때 필터', 'rule');
INSERT INTO aliases (item_id, alias, alias_lower, source) VALUES ('연수필터', '샤워 필터', '샤워 필터', 'rule');
INSERT INTO aliases (item_id, alias, alias_lower, source) VALUES ('연수필터', '소프트너 필터', '소프트너 필터', 'rule');
INSERT INTO aliases (item_id, alias, alias_lower, source) VALUES ('연수필터', '수도 연수 필터', '수도 연수 필터', 'rule');
INSERT INTO aliases (item_id, alias, alias_lower, source) VALUES ('연수필터', '연수기 필터', '연수기 필터', 'rule');
INSERT INTO aliases (item_id, alias, alias_lower, source) VALUES ('연수필터', '연화 필터', '연화 필터', 'rule');
INSERT INTO aliases (item_id, alias, alias_lower, source) VALUES ('연수필터', '워터소프트너필터', '워터소프트너필터', 'rule');
INSERT INTO aliases (item_id, alias, alias_lower, source) VALUES ('연수필터', '정수 필터', '정수 필터', 'rule');
INSERT OR REPLACE INTO items (id, name, category, note, steps, confidence, source_url, source_name, source_grade, feature, caution, last_verified, region_variation, official_classification) VALUES ('욕실화', '욕실화', 'general', '· 욕실화는 주로 EVA, PVC 등의 재질로 제작하고 있습니다. · 가정에서 사용하는 EVA는 주로 샌달, 구두창 등의 제품으로 사용하고 있으며, 주로 소량으로 발생되어 재활용이 어렵습니다. · PVC제품은 일반 플라스틱과 물성이 달라서 플라스틱으로 배출시 재활용이 되지 않습니다.', '["욕실화는 종량제봉투로 배출합니다."]', 'high', 'https://www.xn--oy2b29bd3a601b.kr/front/dischargeMethod/dictionaryView.do?niIdx=333', '분리배출.kr (한국폐기물협회·환경부)', 'A', '· 욕실화는 주로 EVA, PVC 등의 재질로 제작하고 있습니다. · 가정에서 사용하는 EVA는 주로 샌달, 구두창 등의 제품으로 사용하고 있으며, 주로 소량으로 발생되어 재활용이 어렵습니다. · PVC제품은 일반 플라스틱과 물성이 달라서 플라스틱으로 배출시 재활용이 되지 않습니다.', '· 의류수거함에 배출 불가', '2026-05-18', 0, '["일반폐기물", "일반종량제폐기물"]');
INSERT INTO aliases (item_id, alias, alias_lower, source) VALUES ('욕실화', 'EVA 욕실화', 'eva 욕실화', 'rule');
INSERT INTO aliases (item_id, alias, alias_lower, source) VALUES ('욕실화', 'PVC 욕실화', 'pvc 욕실화', 'rule');
INSERT INTO aliases (item_id, alias, alias_lower, source) VALUES ('욕실화', '목욕 슬리퍼', '목욕 슬리퍼', 'rule');
INSERT INTO aliases (item_id, alias, alias_lower, source) VALUES ('욕실화', '물빠짐 욕실화', '물빠짐 욕실화', 'rule');
INSERT INTO aliases (item_id, alias, alias_lower, source) VALUES ('욕실화', '미끄럼방지 욕실화', '미끄럼방지 욕실화', 'rule');
INSERT INTO aliases (item_id, alias, alias_lower, source) VALUES ('욕실화', '바스 슬리퍼', '바스 슬리퍼', 'rule');
INSERT INTO aliases (item_id, alias, alias_lower, source) VALUES ('욕실화', '샤워 슬리퍼', '샤워 슬리퍼', 'rule');
INSERT INTO aliases (item_id, alias, alias_lower, source) VALUES ('욕실화', '실내 욕실화', '실내 욕실화', 'rule');
INSERT INTO aliases (item_id, alias, alias_lower, source) VALUES ('욕실화', '욕실 슬리퍼', '욕실 슬리퍼', 'rule');
INSERT INTO aliases (item_id, alias, alias_lower, source) VALUES ('욕실화', '욕실 신발', '욕실 신발', 'rule');
INSERT INTO aliases (item_id, alias, alias_lower, source) VALUES ('욕실화', '욕실용 슬리퍼', '욕실용 슬리퍼', 'rule');
INSERT INTO aliases (item_id, alias, alias_lower, source) VALUES ('욕실화', '화장실 슬리퍼', '화장실 슬리퍼', 'rule');
INSERT OR REPLACE INTO items (id, name, category, note, steps, confidence, source_url, source_name, source_grade, feature, caution, last_verified, region_variation, official_classification) VALUES ('CD', 'CD', 'general', '· CD는 폴리카보네이트(PC)재질의 플라스틱 표면 위에 알루미늄 막과 염료를 입힌 제품으로 재활용이 어렵습니다. ※ 배출방법은 지역별로 차이가 있을 수 있으니, 해당 지방자치단체에서 정하는 방법이 있는 경우에는 해당 방법에 따라 배출하시기 바랍니다. 가까운 분리배출 장소를 확인해보세요. 현재 위치에 가까운 배출장소가 없습니다. 근처의 다른 지역을 검색해보', '["CD는 종량제봉투로 배출합니다."]', 'high', 'https://www.xn--oy2b29bd3a601b.kr/front/dischargeMethod/dictionaryView.do?niIdx=336', '분리배출.kr (한국폐기물협회·환경부)', 'A', '· CD는 폴리카보네이트(PC)재질의 플라스틱 표면 위에 알루미늄 막과 염료를 입힌 제품으로 재활용이 어렵습니다. ※ 배출방법은 지역별로 차이가 있을 수 있으니, 해당 지방자치단체에서 정하는 방법이 있는 경우에는 해당 방법에 따라 배출하시기 바랍니다. 가까운 분리배출 장소를 확인해보세요. 현재 위치에 가까운 배출장소가 없습니다. 근처의 다른 지역을 검색해보세요. 현 위치 배출장소 전체보기 현...', '', '2026-05-18', 0, '["일반폐기물", "일반종량제폐기물"]');
INSERT INTO aliases (item_id, alias, alias_lower, source) VALUES ('CD', 'CD-R', 'cd-r', 'rule');
INSERT INTO aliases (item_id, alias, alias_lower, source) VALUES ('CD', 'CD-ROM', 'cd-rom', 'rule');
INSERT INTO aliases (item_id, alias, alias_lower, source) VALUES ('CD', 'CD-RW', 'cd-rw', 'rule');
INSERT INTO aliases (item_id, alias, alias_lower, source) VALUES ('CD', 'compact disc', 'compact disc', 'rule');
INSERT INTO aliases (item_id, alias, alias_lower, source) VALUES ('CD', '공씨디', '공씨디', 'rule');
INSERT INTO aliases (item_id, alias, alias_lower, source) VALUES ('CD', '데이터CD', '데이터cd', 'rule');
INSERT INTO aliases (item_id, alias, alias_lower, source) VALUES ('CD', '시디', '시디', 'rule');
INSERT INTO aliases (item_id, alias, alias_lower, source) VALUES ('CD', '씨디', '씨디', 'rule');
INSERT INTO aliases (item_id, alias, alias_lower, source) VALUES ('CD', '씨디판', '씨디판', 'rule');
INSERT INTO aliases (item_id, alias, alias_lower, source) VALUES ('CD', '음반', '음반', 'rule');
INSERT INTO aliases (item_id, alias, alias_lower, source) VALUES ('CD', '음악CD', '음악cd', 'rule');
INSERT INTO aliases (item_id, alias, alias_lower, source) VALUES ('CD', '컴팩트디스크', '컴팩트디스크', 'rule');
INSERT OR REPLACE INTO items (id, name, category, note, steps, confidence, source_url, source_name, source_grade, feature, caution, last_verified, region_variation, official_classification) VALUES ('골프망', '골프망', 'general', '· 골프망은 PE, 나일론 등의 재질이며, 골프망과 같이 그물형태로 되어 있는 것은 수거과정과 선별과정에서 방해가 되기 때문에 종량제봉투로 배출합니다.', '["골프망은 종량제봉투로 배출합니다."]', 'high', 'https://www.xn--oy2b29bd3a601b.kr/front/dischargeMethod/dictionaryView.do?niIdx=337', '분리배출.kr (한국폐기물협회·환경부)', 'A', '· 골프망은 PE, 나일론 등의 재질이며, 골프망과 같이 그물형태로 되어 있는 것은 수거과정과 선별과정에서 방해가 되기 때문에 종량제봉투로 배출합니다.', '· 골프망은 재활용이 어려우므로 수거함으로 배출하지 말것', '2026-05-18', 0, '["일반폐기물", "일반종량제폐기물"]');
INSERT INTO aliases (item_id, alias, alias_lower, source) VALUES ('골프망', 'golf net', 'golf net', 'rule');
INSERT INTO aliases (item_id, alias, alias_lower, source) VALUES ('골프망', '골망', '골망', 'rule');
INSERT INTO aliases (item_id, alias, alias_lower, source) VALUES ('골프망', '골프 그물', '골프 그물', 'rule');
INSERT INTO aliases (item_id, alias, alias_lower, source) VALUES ('골프망', '골프 넷', '골프 넷', 'rule');
INSERT INTO aliases (item_id, alias, alias_lower, source) VALUES ('골프망', '골프 스윙망', '골프 스윙망', 'rule');
INSERT INTO aliases (item_id, alias, alias_lower, source) VALUES ('골프망', '골프 연습망', '골프 연습망', 'rule');
INSERT INTO aliases (item_id, alias, alias_lower, source) VALUES ('골프망', '골프 치는 망', '골프 치는 망', 'rule');
INSERT INTO aliases (item_id, alias, alias_lower, source) VALUES ('골프망', '골프 케이지', '골프 케이지', 'rule');
INSERT INTO aliases (item_id, alias, alias_lower, source) VALUES ('골프망', '골프 타격망', '골프 타격망', 'rule');
INSERT INTO aliases (item_id, alias, alias_lower, source) VALUES ('골프망', '골프 훈련망', '골프 훈련망', 'rule');
INSERT INTO aliases (item_id, alias, alias_lower, source) VALUES ('골프망', '골프공 망', '골프공 망', 'rule');
INSERT INTO aliases (item_id, alias, alias_lower, source) VALUES ('골프망', '실내 골프망', '실내 골프망', 'rule');
INSERT OR REPLACE INTO items (id, name, category, note, steps, confidence, source_url, source_name, source_grade, feature, caution, last_verified, region_variation, official_classification) VALUES ('축구공', '축구공', 'general', '· 공은 고무, 플라스틱 등으로 제작되어 있으며, 접착제와 섬유재질이 혼합된 복합재질제품으로 재활용이 어렵습니다. · 공의 내부는 공기로 채워져 있어 배출, 수거하기에 어려움이 있으므로 가급적 제거한 후 배출하는 것이 좋습니다.', '["축구공은 종량제봉투로 배출합니다."]', 'high', 'https://www.xn--oy2b29bd3a601b.kr/front/dischargeMethod/dictionaryView.do?niIdx=338', '분리배출.kr (한국폐기물협회·환경부)', 'A', '· 공은 고무, 플라스틱 등으로 제작되어 있으며, 접착제와 섬유재질이 혼합된 복합재질제품으로 재활용이 어렵습니다. · 공의 내부는 공기로 채워져 있어 배출, 수거하기에 어려움이 있으므로 가급적 제거한 후 배출하는 것이 좋습니다.', '· 공기를 제거한 후 배출', '2026-05-18', 0, '["일반폐기물", "일반종량제폐기물"]');
INSERT INTO aliases (item_id, alias, alias_lower, source) VALUES ('축구공', 'soccer ball', 'soccer ball', 'rule');
INSERT INTO aliases (item_id, alias, alias_lower, source) VALUES ('축구공', '공차기 공', '공차기 공', 'rule');
INSERT INTO aliases (item_id, alias, alias_lower, source) VALUES ('축구공', '나이키 축구공', '나이키 축구공', 'rule');
INSERT INTO aliases (item_id, alias, alias_lower, source) VALUES ('축구공', '미끄럼틀', '미끄럼틀', 'rule');
INSERT INTO aliases (item_id, alias, alias_lower, source) VALUES ('축구공', '발공', '발공', 'rule');
INSERT INTO aliases (item_id, alias, alias_lower, source) VALUES ('축구공', '발로 차는 공', '발로 차는 공', 'rule');
INSERT INTO aliases (item_id, alias, alias_lower, source) VALUES ('축구공', '밸런스볼', '밸런스볼', 'rule');
INSERT INTO aliases (item_id, alias, alias_lower, source) VALUES ('축구공', '스타 축구공', '스타 축구공', 'rule');
INSERT INTO aliases (item_id, alias, alias_lower, source) VALUES ('축구공', '스파인코렉터', '스파인코렉터', 'rule');
INSERT INTO aliases (item_id, alias, alias_lower, source) VALUES ('축구공', '싸커볼', '싸커볼', 'rule');
INSERT INTO aliases (item_id, alias, alias_lower, source) VALUES ('축구공', '아디다스 축구공', '아디다스 축구공', 'rule');
INSERT INTO aliases (item_id, alias, alias_lower, source) VALUES ('축구공', '운동장 공', '운동장 공', 'rule');
INSERT INTO aliases (item_id, alias, alias_lower, source) VALUES ('축구공', '축구볼', '축구볼', 'rule');
INSERT INTO aliases (item_id, alias, alias_lower, source) VALUES ('축구공', '축구용 공', '축구용 공', 'rule');
INSERT INTO aliases (item_id, alias, alias_lower, source) VALUES ('축구공', '킥보드', '킥보드', 'rule');
INSERT INTO aliases (item_id, alias, alias_lower, source) VALUES ('축구공', '풋볼', '풋볼', 'rule');
INSERT OR REPLACE INTO items (id, name, category, note, steps, confidence, source_url, source_name, source_grade, feature, caution, last_verified, region_variation, official_classification) VALUES ('PVC 비닐', 'PVC 비닐', 'general', '· 배달음식, 마트에서 사용하는 포장용 랩은 PVC로 재활용이 어렵습니다. · 폴리염화비닐(PVC)는 일반 비닐과 물성이 달라서 비닐로 배출시 재활용이 되지 않습니다. ※ 배출방법은 지역별로 차이가 있을 수 있으니, 해당 지방자치단체에서 정하는 방법이 있는 경우에는 해당 방법에 따라 배출하시기 바랍니다. 가까운 분리배출 장소를 확인해보세요. 현재 위치에 가', '["PVC 비닐은 종량제봉투로 배출합니다."]', 'high', 'https://www.xn--oy2b29bd3a601b.kr/front/dischargeMethod/dictionaryView.do?niIdx=339', '분리배출.kr (한국폐기물협회·환경부)', 'A', '· 배달음식, 마트에서 사용하는 포장용 랩은 PVC로 재활용이 어렵습니다. · 폴리염화비닐(PVC)는 일반 비닐과 물성이 달라서 비닐로 배출시 재활용이 되지 않습니다. ※ 배출방법은 지역별로 차이가 있을 수 있으니, 해당 지방자치단체에서 정하는 방법이 있는 경우에는 해당 방법에 따라 배출하시기 바랍니다. 가까운 분리배출 장소를 확인해보세요. 현재 위치에 가까운 배출장소가 없습니다. 근처의 다...', '', '2026-05-18', 0, '["일반폐기물", "일반종량제폐기물"]');
INSERT INTO aliases (item_id, alias, alias_lower, source) VALUES ('PVC 비닐', 'PVC vinyl', 'pvc vinyl', 'rule');
INSERT INTO aliases (item_id, alias, alias_lower, source) VALUES ('PVC 비닐', 'PVC 포장재', 'pvc 포장재', 'rule');
INSERT INTO aliases (item_id, alias, alias_lower, source) VALUES ('PVC 비닐', 'PVC 필름', 'pvc 필름', 'rule');
INSERT INTO aliases (item_id, alias, alias_lower, source) VALUES ('PVC 비닐', 'PVC비닐', 'pvc비닐', 'rule');
INSERT INTO aliases (item_id, alias, alias_lower, source) VALUES ('PVC 비닐', '비닐 필름', '비닐 필름', 'rule');
INSERT INTO aliases (item_id, alias, alias_lower, source) VALUES ('PVC 비닐', '산업용 비닐', '산업용 비닐', 'rule');
INSERT INTO aliases (item_id, alias, alias_lower, source) VALUES ('PVC 비닐', '식품 포장 비닐', '식품 포장 비닐', 'rule');
INSERT INTO aliases (item_id, alias, alias_lower, source) VALUES ('PVC 비닐', '폴리염화비닐', '폴리염화비닐', 'rule');
INSERT INTO aliases (item_id, alias, alias_lower, source) VALUES ('PVC 비닐', '피브이씨 비닐', '피브이씨 비닐', 'rule');
INSERT OR REPLACE INTO items (id, name, category, note, steps, confidence, source_url, source_name, source_grade, feature, caution, last_verified, region_variation, official_classification) VALUES ('가발', '가발', 'general', '· 가발은 인모, 합성섬유, 플라스틱 등이 혼합된 복합재질 제품으로 재활용이 어렵습니다. ※ 배출방법은 지역별로 차이가 있을 수 있으니, 해당 지방자치단체에서 정하는 방법이 있는 경우에는 해당 방법에 따라 배출하시기 바랍니다. 가까운 분리배출 장소를 확인해보세요. 현재 위치에 가까운 배출장소가 없습니다. 근처의 다른 지역을 검색해보세요. 현 위치 배출장소', '["가발은 종량제봉투로 배출합니다."]', 'high', 'https://www.xn--oy2b29bd3a601b.kr/front/dischargeMethod/dictionaryView.do?niIdx=340', '분리배출.kr (한국폐기물협회·환경부)', 'A', '· 가발은 인모, 합성섬유, 플라스틱 등이 혼합된 복합재질 제품으로 재활용이 어렵습니다. ※ 배출방법은 지역별로 차이가 있을 수 있으니, 해당 지방자치단체에서 정하는 방법이 있는 경우에는 해당 방법에 따라 배출하시기 바랍니다. 가까운 분리배출 장소를 확인해보세요. 현재 위치에 가까운 배출장소가 없습니다. 근처의 다른 지역을 검색해보세요. 현 위치 배출장소 전체보기 현 지도에서 검색 장소 더보...', '', '2026-05-18', 0, '["일반폐기물", "일반종량제폐기물"]');
INSERT INTO aliases (item_id, alias, alias_lower, source) VALUES ('가발', '머리끈', '머리끈', 'rule');
INSERT INTO aliases (item_id, alias, alias_lower, source) VALUES ('가발', '머리빗', '머리빗', 'rule');
INSERT INTO aliases (item_id, alias, alias_lower, source) VALUES ('가발', '염색약', '염색약', 'rule');
INSERT INTO aliases (item_id, alias, alias_lower, source) VALUES ('가발', '털 귀마개', '털 귀마개', 'rule');
INSERT INTO aliases (item_id, alias, alias_lower, source) VALUES ('가발', '헤어롤', '헤어롤', 'rule');
INSERT OR REPLACE INTO items (id, name, category, note, steps, confidence, source_url, source_name, source_grade, feature, caution, last_verified, region_variation, official_classification) VALUES ('가스토치', '가스토치', 'general', '· 가스토치는 가스를 연소시켜 불꽃을 만드는 기구로 주로 소재를 절단하거나 용접하는 데 사용합니다. 최근에는 요리용으로 사용하고 있습니다. · 토치는 고철, 플라스틱 등이 혼합된 복합재질제품으로 재활용이 어렵습니다. · 종량제봉투로 배출한 제품은 소각시설로 반입되어 소각처리되며, 이때 반입된 금속성분은 금속분리기에 의해 분리 및 선별되어 고철로 재활용합니다', '["가스토치는 종량제봉투로 배출합니다."]', 'high', 'https://www.xn--oy2b29bd3a601b.kr/front/dischargeMethod/dictionaryView.do?niIdx=341', '분리배출.kr (한국폐기물협회·환경부)', 'A', '· 가스토치는 가스를 연소시켜 불꽃을 만드는 기구로 주로 소재를 절단하거나 용접하는 데 사용합니다. 최근에는 요리용으로 사용하고 있습니다. · 토치는 고철, 플라스틱 등이 혼합된 복합재질제품으로 재활용이 어렵습니다. · 종량제봉투로 배출한 제품은 소각시설로 반입되어 소각처리되며, 이때 반입된 금속성분은 금속분리기에 의해 분리 및 선별되어 고철로 재활용합니다.', '· 열기로 인하여 화상 입지 않도록 완전히 식힌 후 배출', '2026-05-18', 0, '["일반폐기물", "일반종량제폐기물"]');
INSERT INTO aliases (item_id, alias, alias_lower, source) VALUES ('가스토치', 'gas torch', 'gas torch', 'rule');
INSERT INTO aliases (item_id, alias, alias_lower, source) VALUES ('가스토치', '가스버너', '가스버너', 'rule');
INSERT INTO aliases (item_id, alias, alias_lower, source) VALUES ('가스토치', '부탄가스', '부탄가스', 'rule');
INSERT INTO aliases (item_id, alias, alias_lower, source) VALUES ('가스토치', '불꽃 토치', '불꽃 토치', 'rule');
INSERT INTO aliases (item_id, alias, alias_lower, source) VALUES ('가스토치', '불총', '불총', 'rule');
INSERT INTO aliases (item_id, alias, alias_lower, source) VALUES ('가스토치', '불토치', '불토치', 'rule');
INSERT INTO aliases (item_id, alias, alias_lower, source) VALUES ('가스토치', '블로우토치', '블로우토치', 'rule');
INSERT INTO aliases (item_id, alias, alias_lower, source) VALUES ('가스토치', '요리용 토치', '요리용 토치', 'rule');
INSERT INTO aliases (item_id, alias, alias_lower, source) VALUES ('가스토치', '용접 토치', '용접 토치', 'rule');
INSERT INTO aliases (item_id, alias, alias_lower, source) VALUES ('가스토치', '일회용 라이터', '일회용 라이터', 'rule');
INSERT INTO aliases (item_id, alias, alias_lower, source) VALUES ('가스토치', '점화 토치', '점화 토치', 'rule');
INSERT INTO aliases (item_id, alias, alias_lower, source) VALUES ('가스토치', '캠핑 토치', '캠핑 토치', 'rule');
INSERT INTO aliases (item_id, alias, alias_lower, source) VALUES ('가스토치', '토치', '토치', 'rule');
INSERT INTO aliases (item_id, alias, alias_lower, source) VALUES ('가스토치', '휴대용 토치', '휴대용 토치', 'rule');
INSERT OR REPLACE INTO items (id, name, category, note, steps, confidence, source_url, source_name, source_grade, feature, caution, last_verified, region_variation, official_classification) VALUES ('걸레', '걸레', 'general', '· 걸레는 주로 이물질을 제거하기 위하여 사용하는 도구로 주로 헝겊, 행주, 수건 등의 섬유류로 사용합니다. · 걸레의 표면에 이물질이 묻어있거나 찢어지는 등 타인이 다시 사용하기 어려워 종량제봉투로 배출하여야 합니다. ※ 배출방법은 지역별로 차이가 있을 수 있으니, 해당 지방자치단체에서 정하는 방법이 있는 경우에는 해당 방법에 따라 배출하시기 바랍니다.', '["걸레는 종량제봉투로 배출합니다."]', 'high', 'https://www.xn--oy2b29bd3a601b.kr/front/dischargeMethod/dictionaryView.do?niIdx=342', '분리배출.kr (한국폐기물협회·환경부)', 'A', '· 걸레는 주로 이물질을 제거하기 위하여 사용하는 도구로 주로 헝겊, 행주, 수건 등의 섬유류로 사용합니다. · 걸레의 표면에 이물질이 묻어있거나 찢어지는 등 타인이 다시 사용하기 어려워 종량제봉투로 배출하여야 합니다. ※ 배출방법은 지역별로 차이가 있을 수 있으니, 해당 지방자치단체에서 정하는 방법이 있는 경우에는 해당 방법에 따라 배출하시기 바랍니다. 가까운 분리배출 장소를 확인해보세요....', '', '2026-05-18', 0, '["일반폐기물", "일반종량제폐기물"]');
INSERT INTO aliases (item_id, alias, alias_lower, source) VALUES ('걸레', 'cloth', 'cloth', 'rule');
INSERT INTO aliases (item_id, alias, alias_lower, source) VALUES ('걸레', 'mop', 'mop', 'rule');
INSERT INTO aliases (item_id, alias, alias_lower, source) VALUES ('걸레', 'rag', 'rag', 'rule');
INSERT INTO aliases (item_id, alias, alias_lower, source) VALUES ('걸레', '걸레때기', '걸레때기', 'rule');
INSERT INTO aliases (item_id, alias, alias_lower, source) VALUES ('걸레', '걸레짝', '걸레짝', 'rule');
INSERT INTO aliases (item_id, alias, alias_lower, source) VALUES ('걸레', '극세사걸레', '극세사걸레', 'rule');
INSERT INTO aliases (item_id, alias, alias_lower, source) VALUES ('걸레', '닦는천', '닦는천', 'rule');
INSERT INTO aliases (item_id, alias, alias_lower, source) VALUES ('걸레', '대걸레', '대걸레', 'rule');
INSERT INTO aliases (item_id, alias, alias_lower, source) VALUES ('걸레', '쓰리엠걸레', '쓰리엠걸레', 'rule');
INSERT INTO aliases (item_id, alias, alias_lower, source) VALUES ('걸레', '청소용천', '청소용천', 'rule');
INSERT OR REPLACE INTO items (id, name, category, note, steps, confidence, source_url, source_name, source_grade, feature, caution, last_verified, region_variation, official_classification) VALUES ('계란껍질(달걀껍질)', '계란껍질(달걀껍질)', 'general', '· 닭, 오리, 메추리알 등의 껍데기는 종량제봉투로 배출합니다. · 음식물류폐기물의 경우 지역별로 처리하는 방법이 다르므로 정확한 배출방법은 해당 지자체로 문의하여 배출하여 주시기 바랍니다.', '["계란껍질(달걀껍질)은 종량제봉투로 배출합니다."]', 'high', 'https://www.xn--oy2b29bd3a601b.kr/front/dischargeMethod/dictionaryView.do?niIdx=343', '분리배출.kr (한국폐기물협회·환경부)', 'A', '· 닭, 오리, 메추리알 등의 껍데기는 종량제봉투로 배출합니다. · 음식물류폐기물의 경우 지역별로 처리하는 방법이 다르므로 정확한 배출방법은 해당 지자체로 문의하여 배출하여 주시기 바랍니다.', '· 알의 껍데기는 종량제봉투로 배출', '2026-05-18', 0, '["일반폐기물", "일반종량제폐기물"]');
INSERT INTO aliases (item_id, alias, alias_lower, source) VALUES ('계란껍질(달걀껍질)', 'Eggshell', 'eggshell', 'rule');
INSERT INTO aliases (item_id, alias, alias_lower, source) VALUES ('계란껍질(달걀껍질)', '계란 껍데기', '계란 껍데기', 'rule');
INSERT INTO aliases (item_id, alias, alias_lower, source) VALUES ('계란껍질(달걀껍질)', '계란껍데기', '계란껍데기', 'rule');
INSERT INTO aliases (item_id, alias, alias_lower, source) VALUES ('계란껍질(달걀껍질)', '깨진 계란 껍질', '깨진 계란 껍질', 'rule');
INSERT INTO aliases (item_id, alias, alias_lower, source) VALUES ('계란껍질(달걀껍질)', '날계란 껍질', '날계란 껍질', 'rule');
INSERT INTO aliases (item_id, alias, alias_lower, source) VALUES ('계란껍질(달걀껍질)', '달걀 껍데기', '달걀 껍데기', 'rule');
INSERT INTO aliases (item_id, alias, alias_lower, source) VALUES ('계란껍질(달걀껍질)', '달걀껍데기', '달걀껍데기', 'rule');
INSERT INTO aliases (item_id, alias, alias_lower, source) VALUES ('계란껍질(달걀껍질)', '삶은 계란 껍질', '삶은 계란 껍질', 'rule');
INSERT INTO aliases (item_id, alias, alias_lower, source) VALUES ('계란껍질(달걀껍질)', '알껍데기', '알껍데기', 'rule');
INSERT INTO aliases (item_id, alias, alias_lower, source) VALUES ('계란껍질(달걀껍질)', '알껍데기 조각', '알껍데기 조각', 'rule');
INSERT INTO aliases (item_id, alias, alias_lower, source) VALUES ('계란껍질(달걀껍질)', '알껍질', '알껍질', 'rule');
INSERT INTO aliases (item_id, alias, alias_lower, source) VALUES ('계란껍질(달걀껍질)', '에그쉘', '에그쉘', 'rule');
INSERT OR REPLACE INTO items (id, name, category, note, steps, confidence, source_url, source_name, source_grade, feature, caution, last_verified, region_variation, official_classification) VALUES ('돼지기름', '돼지기름', 'general', '· 조리에 사용하는 기름은 식용유, 참기름 등 식물성 기름과 돼지 기름, 오리 기름 등 동물성 기름이 있습니다. · 식물성 기름은 전용수거함으로 배출하여야 하며, 전용수거함으로 배출한 기름은 바이오디젤로 재활용하고 있습니다. · 고추 기름의 경우 재활용 업체에 따라 재활용이 어려울 수 있으므로 해당 기름류를 배출하실 때에는 수거함 외부에 표기된 수거업체로', '["돼지기름은 종량제봉투로 배출합니다."]', 'high', 'https://www.xn--oy2b29bd3a601b.kr/front/dischargeMethod/dictionaryView.do?niIdx=345', '분리배출.kr (한국폐기물협회·환경부)', 'A', '· 조리에 사용하는 기름은 식용유, 참기름 등 식물성 기름과 돼지 기름, 오리 기름 등 동물성 기름이 있습니다. · 식물성 기름은 전용수거함으로 배출하여야 하며, 전용수거함으로 배출한 기름은 바이오디젤로 재활용하고 있습니다. · 고추 기름의 경우 재활용 업체에 따라 재활용이 어려울 수 있으므로 해당 기름류를 배출하실 때에는 수거함 외부에 표기된 수거업체로 문의하여 주시기 바랍니다. · 동물성...', '·동물성 기름은 폐식용유전용수거함으로 배출 불가', '2026-05-18', 0, '["일반폐기물", "일반종량제폐기물"]');
INSERT INTO aliases (item_id, alias, alias_lower, source) VALUES ('돼지기름', 'Pork fat', 'pork fat', 'rule');
INSERT INTO aliases (item_id, alias, alias_lower, source) VALUES ('돼지기름', '돈유', '돈유', 'rule');
INSERT INTO aliases (item_id, alias, alias_lower, source) VALUES ('돼지기름', '돈지', '돈지', 'rule');
INSERT INTO aliases (item_id, alias, alias_lower, source) VALUES ('돼지기름', '돼지 비계', '돼지 비계', 'rule');
INSERT INTO aliases (item_id, alias, alias_lower, source) VALUES ('돼지기름', '돼지 지름', '돼지 지름', 'rule');
INSERT INTO aliases (item_id, alias, alias_lower, source) VALUES ('돼지기름', '돼지 지방', '돼지 지방', 'rule');
INSERT INTO aliases (item_id, alias, alias_lower, source) VALUES ('돼지기름', '돼지고기 기름', '돼지고기 기름', 'rule');
INSERT INTO aliases (item_id, alias, alias_lower, source) VALUES ('돼지기름', '들기름', '들기름', 'rule');
INSERT INTO aliases (item_id, alias, alias_lower, source) VALUES ('돼지기름', '라드', '라드', 'rule');
INSERT INTO aliases (item_id, alias, alias_lower, source) VALUES ('돼지기름', '라드유', '라드유', 'rule');
INSERT INTO aliases (item_id, alias, alias_lower, source) VALUES ('돼지기름', '비계 기름', '비계 기름', 'rule');
INSERT INTO aliases (item_id, alias, alias_lower, source) VALUES ('돼지기름', '정제 돼지기름', '정제 돼지기름', 'rule');
INSERT INTO aliases (item_id, alias, alias_lower, source) VALUES ('돼지기름', '포크 팻', '포크 팻', 'rule');
INSERT OR REPLACE INTO items (id, name, category, note, steps, confidence, source_url, source_name, source_grade, feature, caution, last_verified, region_variation, official_classification) VALUES ('감자칩 용기', '감자칩 용기', 'general', '· 감자칩 용기는 종이, 고철 등이 혼합된 복합재질 제품으로 재활용이 어렵습니다. · 프링글스 용기와 같이 재질별로 분리하기 어려운 과자용기는 제품그대로 종량제봉투로 배출하여 주시기 바랍니다. · 종량제봉투로 배출한 제품은 소각시설로 반입되어 소각처리되며, 이때 반입된 금속성분은 금속분리기에 의해 분리 및 선별되어 고철로 재활용합니다.', '["감자칩 용기는 종량제봉투로 배출합니다."]', 'high', 'https://www.xn--oy2b29bd3a601b.kr/front/dischargeMethod/dictionaryView.do?niIdx=346', '분리배출.kr (한국폐기물협회·환경부)', 'A', '· 감자칩 용기는 종이, 고철 등이 혼합된 복합재질 제품으로 재활용이 어렵습니다. · 프링글스 용기와 같이 재질별로 분리하기 어려운 과자용기는 제품그대로 종량제봉투로 배출하여 주시기 바랍니다. · 종량제봉투로 배출한 제품은 소각시설로 반입되어 소각처리되며, 이때 반입된 금속성분은 금속분리기에 의해 분리 및 선별되어 고철로 재활용합니다.', '· 재질별로 분리하기 어려운 경우에는 제품그대로 배출', '2026-05-18', 0, '["일반폐기물", "일반종량제폐기물"]');
INSERT INTO aliases (item_id, alias, alias_lower, source) VALUES ('감자칩 용기', '감자칩 깡통', '감자칩 깡통', 'rule');
INSERT INTO aliases (item_id, alias, alias_lower, source) VALUES ('감자칩 용기', '감자칩 케이스', '감자칩 케이스', 'rule');
INSERT INTO aliases (item_id, alias, alias_lower, source) VALUES ('감자칩 용기', '감자칩 통', '감자칩 통', 'rule');
INSERT INTO aliases (item_id, alias, alias_lower, source) VALUES ('감자칩 용기', '감자칩용기', '감자칩용기', 'rule');
INSERT INTO aliases (item_id, alias, alias_lower, source) VALUES ('감자칩 용기', '레이즈 스택스 통', '레이즈 스택스 통', 'rule');
INSERT INTO aliases (item_id, alias, alias_lower, source) VALUES ('감자칩 용기', '원통형 과자 용기', '원통형 과자 용기', 'rule');
INSERT INTO aliases (item_id, alias, alias_lower, source) VALUES ('감자칩 용기', '칩 깡통', '칩 깡통', 'rule');
INSERT INTO aliases (item_id, alias, alias_lower, source) VALUES ('감자칩 용기', '칩 용기', '칩 용기', 'rule');
INSERT INTO aliases (item_id, alias, alias_lower, source) VALUES ('감자칩 용기', '칩 캔', '칩 캔', 'rule');
INSERT INTO aliases (item_id, alias, alias_lower, source) VALUES ('감자칩 용기', '포테이토 칩 컨테이너', '포테이토 칩 컨테이너', 'rule');
INSERT INTO aliases (item_id, alias, alias_lower, source) VALUES ('감자칩 용기', '포테이토칩 통', '포테이토칩 통', 'rule');
INSERT INTO aliases (item_id, alias, alias_lower, source) VALUES ('감자칩 용기', '프링글스 용기', '프링글스 용기', 'rule');
INSERT INTO aliases (item_id, alias, alias_lower, source) VALUES ('감자칩 용기', '프링글스 통', '프링글스 통', 'rule');
INSERT OR REPLACE INTO items (id, name, category, note, steps, confidence, source_url, source_name, source_grade, feature, caution, last_verified, region_variation, official_classification) VALUES ('교복', '교복', 'general', '· 교복, 군복, 경찰복 등 타인이 사용하기 부적합한 의류는 가위로 절단하여 종량제봉투로 배출합니다.', '["교복은 종량제봉투로 배출합니다."]', 'high', 'https://www.xn--oy2b29bd3a601b.kr/front/dischargeMethod/dictionaryView.do?niIdx=347', '분리배출.kr (한국폐기물협회·환경부)', 'A', NULL, '· 의류수거함에 배출 불가', '2026-05-18', 0, NULL);
INSERT INTO aliases (item_id, alias, alias_lower, source) VALUES ('교복', 'school uniform', 'school uniform', 'rule');
INSERT INTO aliases (item_id, alias, alias_lower, source) VALUES ('교복', '교복이', '교복이', 'rule');
INSERT INTO aliases (item_id, alias, alias_lower, source) VALUES ('교복', '동복', '동복', 'rule');
INSERT INTO aliases (item_id, alias, alias_lower, source) VALUES ('교복', '생활복', '생활복', 'rule');
INSERT INTO aliases (item_id, alias, alias_lower, source) VALUES ('교복', '스쿨룩', '스쿨룩', 'rule');
INSERT INTO aliases (item_id, alias, alias_lower, source) VALUES ('교복', '정복', '정복', 'rule');
INSERT INTO aliases (item_id, alias, alias_lower, source) VALUES ('교복', '하복', '하복', 'rule');
INSERT INTO aliases (item_id, alias, alias_lower, source) VALUES ('교복', '학교 옷', '학교 옷', 'rule');
INSERT INTO aliases (item_id, alias, alias_lower, source) VALUES ('교복', '학생 옷', '학생 옷', 'rule');
INSERT INTO aliases (item_id, alias, alias_lower, source) VALUES ('교복', '학생복', '학생복', 'rule');
INSERT INTO aliases (item_id, alias, alias_lower, source) VALUES ('교복', '학창의', '학창의', 'rule');
INSERT OR REPLACE INTO items (id, name, category, note, steps, confidence, source_url, source_name, source_grade, feature, caution, last_verified, region_variation, official_classification) VALUES ('군복', '군복', 'general', '· 교복, 군복, 경찰복 등 타인이 사용하기 부적합한 의류는 가위로 절단하여 종량제봉투로 배출합니다. · 군복무를 마친 후 버려지는 군복은 외국으로 불법 유출될 시 테러 등 국가 안보에 위협이 될 수 있으므로 주의가 필요합니다. · 불용 군복류 처리지침에 따라 간부의 경우 부대 군수계통으로 반납해야하며, 일반 병사는 군복의 원단을 자른 후 배출해야 합니다.', '["군복은 종량제봉투로 배출합니다."]', 'high', 'https://www.xn--oy2b29bd3a601b.kr/front/dischargeMethod/dictionaryView.do?niIdx=348', '분리배출.kr (한국폐기물협회·환경부)', 'A', NULL, '· 군복은 외국에 유통될 시 테러 등 국가 안보에 위협이 될 수 있으므로 반드시 종량제봉투로 배출 · 의류수거함에 배출 불가', '2026-05-18', 0, NULL);
INSERT INTO aliases (item_id, alias, alias_lower, source) VALUES ('군복', '개구리복', '개구리복', 'rule');
INSERT INTO aliases (item_id, alias, alias_lower, source) VALUES ('군복', '국방색 옷', '국방색 옷', 'rule');
INSERT INTO aliases (item_id, alias, alias_lower, source) VALUES ('군복', '군대옷', '군대옷', 'rule');
INSERT INTO aliases (item_id, alias, alias_lower, source) VALUES ('군복', '군복 세트', '군복 세트', 'rule');
INSERT INTO aliases (item_id, alias, alias_lower, source) VALUES ('군복', '군용복', '군용복', 'rule');
INSERT INTO aliases (item_id, alias, alias_lower, source) VALUES ('군복', '군용의류', '군용의류', 'rule');
INSERT INTO aliases (item_id, alias, alias_lower, source) VALUES ('군복', '디지털 전투복', '디지털 전투복', 'rule');
INSERT INTO aliases (item_id, alias, alias_lower, source) VALUES ('군복', '밀리터리 유니폼', '밀리터리 유니폼', 'rule');
INSERT INTO aliases (item_id, alias, alias_lower, source) VALUES ('군복', '병사복', '병사복', 'rule');
INSERT INTO aliases (item_id, alias, alias_lower, source) VALUES ('군복', '위장복', '위장복', 'rule');
INSERT INTO aliases (item_id, alias, alias_lower, source) VALUES ('군복', '전투복', '전투복', 'rule');
INSERT INTO aliases (item_id, alias, alias_lower, source) VALUES ('군복', '컴뱃 유니폼', '컴뱃 유니폼', 'rule');
INSERT OR REPLACE INTO items (id, name, category, note, steps, confidence, source_url, source_name, source_grade, feature, caution, last_verified, region_variation, official_classification) VALUES ('스마트폰 액세서리', '스마트폰 액세서리', 'general', '· 스마트폰 액세서리는 고철, 합성수지재질 등이 혼합된 복합재질 제품으로 재활용이 어렵습니다. ※ 배출방법은 지역별로 차이가 있을 수 있으니, 해당 지방자치단체에서 정하는 방법이 있는 경우에는 해당 방법에 따라 배출하시기 바랍니다. 가까운 분리배출 장소를 확인해보세요. 현재 위치에 가까운 배출장소가 없습니다. 근처의 다른 지역을 검색해보세요. 현 위치 배출', '["스마트폰 액세서리는 종량제봉투로 배출합니다."]', 'high', 'https://www.xn--oy2b29bd3a601b.kr/front/dischargeMethod/dictionaryView.do?niIdx=349', '분리배출.kr (한국폐기물협회·환경부)', 'A', '· 스마트폰 액세서리는 고철, 합성수지재질 등이 혼합된 복합재질 제품으로 재활용이 어렵습니다. ※ 배출방법은 지역별로 차이가 있을 수 있으니, 해당 지방자치단체에서 정하는 방법이 있는 경우에는 해당 방법에 따라 배출하시기 바랍니다. 가까운 분리배출 장소를 확인해보세요. 현재 위치에 가까운 배출장소가 없습니다. 근처의 다른 지역을 검색해보세요. 현 위치 배출장소 전체보기 현 지도에서 검색 장소...', '', '2026-05-18', 0, '["일반폐기물", "일반종량제폐기물"]');
INSERT INTO aliases (item_id, alias, alias_lower, source) VALUES ('스마트폰 액세서리', '그립톡', '그립톡', 'rule');
INSERT INTO aliases (item_id, alias, alias_lower, source) VALUES ('스마트폰 액세서리', '모바일 액세서리', '모바일 액세서리', 'rule');
INSERT INTO aliases (item_id, alias, alias_lower, source) VALUES ('스마트폰 액세서리', '셀카봉', '셀카봉', 'rule');
INSERT INTO aliases (item_id, alias, alias_lower, source) VALUES ('스마트폰 액세서리', '스마트링', '스마트링', 'rule');
INSERT INTO aliases (item_id, alias, alias_lower, source) VALUES ('스마트폰 액세서리', '스마트톡', '스마트톡', 'rule');
INSERT INTO aliases (item_id, alias, alias_lower, source) VALUES ('스마트폰 액세서리', '스마트폰 거치대', '스마트폰 거치대', 'rule');
INSERT INTO aliases (item_id, alias, alias_lower, source) VALUES ('스마트폰 액세서리', '스마트폰액세서리', '스마트폰액세서리', 'rule');
INSERT INTO aliases (item_id, alias, alias_lower, source) VALUES ('스마트폰 액세서리', '폰 스트랩', '폰 스트랩', 'rule');
INSERT INTO aliases (item_id, alias, alias_lower, source) VALUES ('스마트폰 액세서리', '폰 액세서리', '폰 액세서리', 'rule');
INSERT INTO aliases (item_id, alias, alias_lower, source) VALUES ('스마트폰 액세서리', '폰꾸템', '폰꾸템', 'rule');
INSERT INTO aliases (item_id, alias, alias_lower, source) VALUES ('스마트폰 액세서리', '폰템', '폰템', 'rule');
INSERT INTO aliases (item_id, alias, alias_lower, source) VALUES ('스마트폰 액세서리', '휴대폰 부속품', '휴대폰 부속품', 'rule');
INSERT OR REPLACE INTO items (id, name, category, note, steps, confidence, source_url, source_name, source_grade, feature, caution, last_verified, region_variation, official_classification) VALUES ('기름종이', '기름종이', 'general', '· 기름종이는 주로 얼굴 또는 식품에 남아있는 기름을 제거하기 위하여 사용하는 제품으로 내수성, 내유성 등이 있도록 표면에 별도 공정을 거친 종이를 말합니다. · 기름종이는 내수성으로 인하여 일반 종이와 해리시간에 차이가 있어 별도로 모아 배출해야 하나 가정에서는 주로 소량으로 배출하는 경우가 많아 재활용하기에 어려움이 있습니다. · 또한, 음식물, 기름', '["기름종이는 종량제봉투로 배출합니다."]', 'high', 'https://www.xn--oy2b29bd3a601b.kr/front/dischargeMethod/dictionaryView.do?niIdx=350', '분리배출.kr (한국폐기물협회·환경부)', 'A', '· 기름종이는 주로 얼굴 또는 식품에 남아있는 기름을 제거하기 위하여 사용하는 제품으로 내수성, 내유성 등이 있도록 표면에 별도 공정을 거친 종이를 말합니다. · 기름종이는 내수성으로 인하여 일반 종이와 해리시간에 차이가 있어 별도로 모아 배출해야 하나 가정에서는 주로 소량으로 배출하는 경우가 많아 재활용하기에 어려움이 있습니다. · 또한, 음식물, 기름 등 이물질이 남아있는 기름종이는 재활...', '', '2026-05-18', 0, '["일반폐기물", "일반종량제폐기물"]');
INSERT INTO aliases (item_id, alias, alias_lower, source) VALUES ('기름종이', '기름 닦는 종이', '기름 닦는 종이', 'rule');
INSERT INTO aliases (item_id, alias, alias_lower, source) VALUES ('기름종이', '기름 떼는 종이', '기름 떼는 종이', 'rule');
INSERT INTO aliases (item_id, alias, alias_lower, source) VALUES ('기름종이', '기름 흡수지', '기름 흡수지', 'rule');
INSERT INTO aliases (item_id, alias, alias_lower, source) VALUES ('기름종이', '기름먹는종이', '기름먹는종이', 'rule');
INSERT INTO aliases (item_id, alias, alias_lower, source) VALUES ('기름종이', '블로터', '블로터', 'rule');
INSERT INTO aliases (item_id, alias, alias_lower, source) VALUES ('기름종이', '블로팅 페이퍼', '블로팅 페이퍼', 'rule');
INSERT INTO aliases (item_id, alias, alias_lower, source) VALUES ('기름종이', '선거 포스터', '선거 포스터', 'rule');
INSERT INTO aliases (item_id, alias, alias_lower, source) VALUES ('기름종이', '얼굴 기름 종이', '얼굴 기름 종이', 'rule');
INSERT INTO aliases (item_id, alias, alias_lower, source) VALUES ('기름종이', '오일 컨트롤 페이퍼', '오일 컨트롤 페이퍼', 'rule');
INSERT INTO aliases (item_id, alias, alias_lower, source) VALUES ('기름종이', '오일 페이퍼', '오일 페이퍼', 'rule');
INSERT INTO aliases (item_id, alias, alias_lower, source) VALUES ('기름종이', '클린앤클리어 기름종이', '클린앤클리어 기름종이', 'rule');
INSERT INTO aliases (item_id, alias, alias_lower, source) VALUES ('기름종이', '피지 제거 종이', '피지 제거 종이', 'rule');
INSERT INTO aliases (item_id, alias, alias_lower, source) VALUES ('기름종이', '피지 종이', '피지 종이', 'rule');
INSERT OR REPLACE INTO items (id, name, category, note, steps, confidence, source_url, source_name, source_grade, feature, caution, last_verified, region_variation, official_classification) VALUES ('기저귀', '기저귀', 'general', '· 기저귀는 섬유, 흡수제, 테이프 등이 혼합된 복합재질 제품으로 재활용이 어렵습니다. ※ 배출방법은 지역별로 차이가 있을 수 있으니, 해당 지방자치단체에서 정하는 방법이 있는 경우에는 해당 방법에 따라 배출하시기 바랍니다. 가까운 분리배출 장소를 확인해보세요. 현재 위치에 가까운 배출장소가 없습니다. 근처의 다른 지역을 검색해보세요. 현 위치 배출장소 전', '["기저귀는 종량제봉투로 배출합니다."]', 'high', 'https://www.xn--oy2b29bd3a601b.kr/front/dischargeMethod/dictionaryView.do?niIdx=351', '분리배출.kr (한국폐기물협회·환경부)', 'A', '· 기저귀는 섬유, 흡수제, 테이프 등이 혼합된 복합재질 제품으로 재활용이 어렵습니다. ※ 배출방법은 지역별로 차이가 있을 수 있으니, 해당 지방자치단체에서 정하는 방법이 있는 경우에는 해당 방법에 따라 배출하시기 바랍니다. 가까운 분리배출 장소를 확인해보세요. 현재 위치에 가까운 배출장소가 없습니다. 근처의 다른 지역을 검색해보세요. 현 위치 배출장소 전체보기 현 지도에서 검색 장소 더보기...', '', '2026-05-18', 0, '["일반폐기물", "일반종량제폐기물"]');
INSERT OR REPLACE INTO items (id, name, category, note, steps, confidence, source_url, source_name, source_grade, feature, caution, last_verified, region_variation, official_classification) VALUES ('깁스', '깁스', 'general', '· 깁스는 석고를 이용한 석고 깁스와 유리섬유, 플라스틱이 혼합된 합성 깁스가 있습니다. · 석고깁스와 합성깁스 모두 재활용이 어려우므로 종량제봉투로 배출합니다. ※ 배출방법은 지역별로 차이가 있을 수 있으니, 해당 지방자치단체에서 정하는 방법이 있는 경우에는 해당 방법에 따라 배출하시기 바랍니다. 가까운 분리배출 장소를 확인해보세요. 현재 위치에 가까운', '["깁스는 종량제봉투로 배출합니다."]', 'high', 'https://www.xn--oy2b29bd3a601b.kr/front/dischargeMethod/dictionaryView.do?niIdx=352', '분리배출.kr (한국폐기물협회·환경부)', 'A', '· 깁스는 석고를 이용한 석고 깁스와 유리섬유, 플라스틱이 혼합된 합성 깁스가 있습니다. · 석고깁스와 합성깁스 모두 재활용이 어려우므로 종량제봉투로 배출합니다. ※ 배출방법은 지역별로 차이가 있을 수 있으니, 해당 지방자치단체에서 정하는 방법이 있는 경우에는 해당 방법에 따라 배출하시기 바랍니다. 가까운 분리배출 장소를 확인해보세요. 현재 위치에 가까운 배출장소가 없습니다. 근처의 다른 지...', '', '2026-05-18', 0, '["일반폐기물", "일반종량제폐기물"]');
INSERT INTO aliases (item_id, alias, alias_lower, source) VALUES ('깁스', '고정대', '고정대', 'rule');
INSERT INTO aliases (item_id, alias, alias_lower, source) VALUES ('깁스', '고정물', '고정물', 'rule');
INSERT INTO aliases (item_id, alias, alias_lower, source) VALUES ('깁스', '기브스', '기브스', 'rule');
INSERT INTO aliases (item_id, alias, alias_lower, source) VALUES ('깁스', '깁스붕대', '깁스붕대', 'rule');
INSERT INTO aliases (item_id, alias, alias_lower, source) VALUES ('깁스', '부목', '부목', 'rule');
INSERT INTO aliases (item_id, alias, alias_lower, source) VALUES ('깁스', '뼈고정', '뼈고정', 'rule');
INSERT INTO aliases (item_id, alias, alias_lower, source) VALUES ('깁스', '석고붕대', '석고붕대', 'rule');
INSERT INTO aliases (item_id, alias, alias_lower, source) VALUES ('깁스', '스플린트', '스플린트', 'rule');
INSERT INTO aliases (item_id, alias, alias_lower, source) VALUES ('깁스', '의료용깁스', '의료용깁스', 'rule');
INSERT INTO aliases (item_id, alias, alias_lower, source) VALUES ('깁스', '정형외과깁스', '정형외과깁스', 'rule');
INSERT INTO aliases (item_id, alias, alias_lower, source) VALUES ('깁스', '캐스트', '캐스트', 'rule');
INSERT INTO aliases (item_id, alias, alias_lower, source) VALUES ('깁스', '플라스터', '플라스터', 'rule');
INSERT OR REPLACE INTO items (id, name, category, note, steps, confidence, source_url, source_name, source_grade, feature, caution, last_verified, region_variation, official_classification) VALUES ('나뭇가지', '나뭇가지', 'general', '· 나뭇가지는 재활용이 어려우므로 종량제봉투로 배출합니다. · 다만, 가지치기로 인하여 크기가 큰 나뭇가지는 대형폐기물로 배출합니다.', '["나뭇가지는 종량제봉투로 배출합니다."]', 'high', 'https://www.xn--oy2b29bd3a601b.kr/front/dischargeMethod/dictionaryView.do?niIdx=353', '분리배출.kr (한국폐기물협회·환경부)', 'A', '· 나뭇가지는 재활용이 어려우므로 종량제봉투로 배출합니다. · 다만, 가지치기로 인하여 크기가 큰 나뭇가지는 대형폐기물로 배출합니다.', '· 나뭇가지, 낙엽 등은 종량제봉투로 배출', '2026-05-18', 0, '["일반폐기물", "일반종량제폐기물"]');
INSERT INTO aliases (item_id, alias, alias_lower, source) VALUES ('나뭇가지', '가지쓰레기', '가지쓰레기', 'rule');
INSERT INTO aliases (item_id, alias, alias_lower, source) VALUES ('나뭇가지', '꺾인가지', '꺾인가지', 'rule');
INSERT INTO aliases (item_id, alias, alias_lower, source) VALUES ('나뭇가지', '나무가지', '나무가지', 'rule');
INSERT INTO aliases (item_id, alias, alias_lower, source) VALUES ('나뭇가지', '나무때기', '나무때기', 'rule');
INSERT INTO aliases (item_id, alias, alias_lower, source) VALUES ('나뭇가지', '나무막대기', '나무막대기', 'rule');
INSERT INTO aliases (item_id, alias, alias_lower, source) VALUES ('나뭇가지', '나무쓰레기', '나무쓰레기', 'rule');
INSERT INTO aliases (item_id, alias, alias_lower, source) VALUES ('나뭇가지', '떨어진가지', '떨어진가지', 'rule');
INSERT INTO aliases (item_id, alias, alias_lower, source) VALUES ('나뭇가지', '마른가지', '마른가지', 'rule');
INSERT INTO aliases (item_id, alias, alias_lower, source) VALUES ('나뭇가지', '브랜치', '브랜치', 'rule');
INSERT INTO aliases (item_id, alias, alias_lower, source) VALUES ('나뭇가지', '솔가지', '솔가지', 'rule');
INSERT INTO aliases (item_id, alias, alias_lower, source) VALUES ('나뭇가지', '잔가지', '잔가지', 'rule');
INSERT INTO aliases (item_id, alias, alias_lower, source) VALUES ('나뭇가지', '트위그', '트위그', 'rule');
INSERT OR REPLACE INTO items (id, name, category, note, steps, confidence, source_url, source_name, source_grade, feature, caution, last_verified, region_variation, official_classification) VALUES ('자기 나침반', '자기 나침반', 'general', '· 나침반은 고철, 플라스틱 등이 혼합된 복합재질 제품으로 재활용이 어렵습니다. ※ 배출방법은 지역별로 차이가 있을 수 있으니, 해당 지방자치단체에서 정하는 방법이 있는 경우에는 해당 방법에 따라 배출하시기 바랍니다. 가까운 분리배출 장소를 확인해보세요. 현재 위치에 가까운 배출장소가 없습니다. 근처의 다른 지역을 검색해보세요. 현 위치 배출장소 전체보기', '["자기 나침반은 종량제봉투로 배출합니다."]', 'high', 'https://www.xn--oy2b29bd3a601b.kr/front/dischargeMethod/dictionaryView.do?niIdx=354', '분리배출.kr (한국폐기물협회·환경부)', 'A', '· 나침반은 고철, 플라스틱 등이 혼합된 복합재질 제품으로 재활용이 어렵습니다. ※ 배출방법은 지역별로 차이가 있을 수 있으니, 해당 지방자치단체에서 정하는 방법이 있는 경우에는 해당 방법에 따라 배출하시기 바랍니다. 가까운 분리배출 장소를 확인해보세요. 현재 위치에 가까운 배출장소가 없습니다. 근처의 다른 지역을 검색해보세요. 현 위치 배출장소 전체보기 현 지도에서 검색 장소 더보기 분리배...', '', '2026-05-18', 0, '["일반폐기물", "일반종량제폐기물"]');
INSERT INTO aliases (item_id, alias, alias_lower, source) VALUES ('자기 나침반', 'compass', 'compass', 'rule');
INSERT INTO aliases (item_id, alias, alias_lower, source) VALUES ('자기 나침반', '나침반', '나침반', 'rule');
INSERT INTO aliases (item_id, alias, alias_lower, source) VALUES ('자기 나침반', '나침이', '나침이', 'rule');
INSERT INTO aliases (item_id, alias, alias_lower, source) VALUES ('자기 나침반', '등산용 나침반', '등산용 나침반', 'rule');
INSERT INTO aliases (item_id, alias, alias_lower, source) VALUES ('자기 나침반', '마그네틱 콤파스', '마그네틱 콤파스', 'rule');
INSERT INTO aliases (item_id, alias, alias_lower, source) VALUES ('자기 나침반', '방향계', '방향계', 'rule');
INSERT INTO aliases (item_id, alias, alias_lower, source) VALUES ('자기 나침반', '방향탐지기', '방향탐지기', 'rule');
INSERT INTO aliases (item_id, alias, alias_lower, source) VALUES ('자기 나침반', '야외용 나침반', '야외용 나침반', 'rule');
INSERT INTO aliases (item_id, alias, alias_lower, source) VALUES ('자기 나침반', '자기나침반', '자기나침반', 'rule');
INSERT INTO aliases (item_id, alias, alias_lower, source) VALUES ('자기 나침반', '자석 나침반', '자석 나침반', 'rule');
INSERT INTO aliases (item_id, alias, alias_lower, source) VALUES ('자기 나침반', '지남철', '지남철', 'rule');
INSERT INTO aliases (item_id, alias, alias_lower, source) VALUES ('자기 나침반', '콤파스', '콤파스', 'rule');
INSERT INTO aliases (item_id, alias, alias_lower, source) VALUES ('자기 나침반', '항해 나침반', '항해 나침반', 'rule');
INSERT OR REPLACE INTO items (id, name, category, note, steps, confidence, source_url, source_name, source_grade, feature, caution, last_verified, region_variation, official_classification) VALUES ('낙엽', '낙엽', 'general', '· 가정에서 발생한 소량의 낙엽은 종량제봉투로 배출합니다. · 학교나 아파트 단지 등에서 대량으로 발생한 낙엽은 종량제봉투로 배출하거나 전문처리업체에 위탁하여 처리합니다. · 골목 청소로 인해 발생한 낙엽은 이물질이 혼입되지 않도록 비닐 또는 마대에 담아 주민센터에 수거요청을 하시기 바랍니다.', '["낙엽은 종량제봉투로 배출합니다."]', 'high', 'https://www.xn--oy2b29bd3a601b.kr/front/dischargeMethod/dictionaryView.do?niIdx=355', '분리배출.kr (한국폐기물협회·환경부)', 'A', '· 가정에서 발생한 소량의 낙엽은 종량제봉투로 배출합니다. · 학교나 아파트 단지 등에서 대량으로 발생한 낙엽은 종량제봉투로 배출하거나 전문처리업체에 위탁하여 처리합니다. · 골목 청소로 인해 발생한 낙엽은 이물질이 혼입되지 않도록 비닐 또는 마대에 담아 주민센터에 수거요청을 하시기 바랍니다.', '· 나뭇가지, 낙엽 등은 종량제봉투로 배출', '2026-05-18', 0, '["일반폐기물", "일반종량제폐기물"]');
INSERT INTO aliases (item_id, alias, alias_lower, source) VALUES ('낙엽', '화분 흙', '화분 흙', 'rule');
INSERT OR REPLACE INTO items (id, name, category, note, steps, confidence, source_url, source_name, source_grade, feature, caution, last_verified, region_variation, official_classification) VALUES ('낚시대', '낚시대', 'furniture', '· 낚시대는 고철, 고무, 합성수지 섬유 등이 혼합된 복합재질 제품으로 재활용이 어렵습니다. ※ 배출방법은 지역별로 차이가 있을 수 있으니, 해당 지방자치단체에서 정하는 방법이 있는 경우에는 해당 방법에 따라 배출하시기 바랍니다. 가까운 분리배출 장소를 확인해보세요. 현재 위치에 가까운 배출장소가 없습니다. 근처의 다른 지역을 검색해보세요. 현 위치 배출장', '["낚시대는 종량제봉투로 배출합니다.", "크기가 커 종량제봉투로 배출하기 어려운 경우에는 대형폐기물로 배출합니다."]', 'high', 'https://www.xn--oy2b29bd3a601b.kr/front/dischargeMethod/dictionaryView.do?niIdx=356', '분리배출.kr (한국폐기물협회·환경부)', 'A', '· 낚시대는 고철, 고무, 합성수지 섬유 등이 혼합된 복합재질 제품으로 재활용이 어렵습니다. ※ 배출방법은 지역별로 차이가 있을 수 있으니, 해당 지방자치단체에서 정하는 방법이 있는 경우에는 해당 방법에 따라 배출하시기 바랍니다. 가까운 분리배출 장소를 확인해보세요. 현재 위치에 가까운 배출장소가 없습니다. 근처의 다른 지역을 검색해보세요. 현 위치 배출장소 전체보기 현 지도에서 검색 장소...', '', '2026-05-18', 0, '["일반폐기물", "일반종량제폐기물", "대형폐기물"]');
INSERT INTO aliases (item_id, alias, alias_lower, source) VALUES ('낚시대', '고기잡이 막대', '고기잡이 막대', 'rule');
INSERT INTO aliases (item_id, alias, alias_lower, source) VALUES ('낚시대', '낚시 도구', '낚시 도구', 'rule');
INSERT INTO aliases (item_id, alias, alias_lower, source) VALUES ('낚시대', '낚시 장비', '낚시 장비', 'rule');
INSERT INTO aliases (item_id, alias, alias_lower, source) VALUES ('낚시대', '낚시 폴', '낚시 폴', 'rule');
INSERT INTO aliases (item_id, alias, alias_lower, source) VALUES ('낚시대', '낚시봉', '낚시봉', 'rule');
INSERT INTO aliases (item_id, alias, alias_lower, source) VALUES ('낚시대', '낚싯대', '낚싯대', 'rule');
INSERT INTO aliases (item_id, alias, alias_lower, source) VALUES ('낚시대', '등산스틱', '등산스틱', 'rule');
INSERT INTO aliases (item_id, alias, alias_lower, source) VALUES ('낚시대', '로드', '로드', 'rule');
INSERT INTO aliases (item_id, alias, alias_lower, source) VALUES ('낚시대', '루어대', '루어대', 'rule');
INSERT INTO aliases (item_id, alias, alias_lower, source) VALUES ('낚시대', '민물낚시대', '민물낚시대', 'rule');
INSERT INTO aliases (item_id, alias, alias_lower, source) VALUES ('낚시대', '바다낚시대', '바다낚시대', 'rule');
INSERT INTO aliases (item_id, alias, alias_lower, source) VALUES ('낚시대', '어구', '어구', 'rule');
INSERT INTO aliases (item_id, alias, alias_lower, source) VALUES ('낚시대', '피싱 로드', '피싱 로드', 'rule');
INSERT OR REPLACE INTO items (id, name, category, note, steps, confidence, source_url, source_name, source_grade, feature, caution, last_verified, region_variation, official_classification) VALUES ('플라스틱 노끈', '플라스틱 노끈', 'general', '· 노끈은 주로 제품을 보관할 때 활용하는 것으로 플라스틱, 비닐, 종이 등 다양한 재질이 있습니다. · 노끈은 가정에서 주로 소량으로 발생하며 안료가 혼합된 경우가 많고 이물질 등이 묻어있는 경우가 많아 재활용이 어렵습니다. · 플라스틱 노끈은 PP용기와는 그 성상이 다르기 때문에 선별장에서 이물질로 분리하게 됩니다. ※ 배출방법은 지역별로 차이가 있을', '["플라스틱 노끈은 종량제봉투로 배출합니다."]', 'high', 'https://www.xn--oy2b29bd3a601b.kr/front/dischargeMethod/dictionaryView.do?niIdx=357', '분리배출.kr (한국폐기물협회·환경부)', 'A', '· 노끈은 주로 제품을 보관할 때 활용하는 것으로 플라스틱, 비닐, 종이 등 다양한 재질이 있습니다. · 노끈은 가정에서 주로 소량으로 발생하며 안료가 혼합된 경우가 많고 이물질 등이 묻어있는 경우가 많아 재활용이 어렵습니다. · 플라스틱 노끈은 PP용기와는 그 성상이 다르기 때문에 선별장에서 이물질로 분리하게 됩니다. ※ 배출방법은 지역별로 차이가 있을 수 있으니, 해당 지방자치단체에서 정...', '', '2026-05-18', 0, '["일반폐기물", "일반종량제폐기물"]');
INSERT INTO aliases (item_id, alias, alias_lower, source) VALUES ('플라스틱 노끈', 'plastic string', 'plastic string', 'rule');
INSERT INTO aliases (item_id, alias, alias_lower, source) VALUES ('플라스틱 노끈', '묶음끈', '묶음끈', 'rule');
INSERT INTO aliases (item_id, alias, alias_lower, source) VALUES ('플라스틱 노끈', '비닐 끈', '비닐 끈', 'rule');
INSERT INTO aliases (item_id, alias, alias_lower, source) VALUES ('플라스틱 노끈', '빵끈', '빵끈', 'rule');
INSERT INTO aliases (item_id, alias, alias_lower, source) VALUES ('플라스틱 노끈', '포장끈', '포장끈', 'rule');
INSERT INTO aliases (item_id, alias, alias_lower, source) VALUES ('플라스틱 노끈', '플끈', '플끈', 'rule');
INSERT INTO aliases (item_id, alias, alias_lower, source) VALUES ('플라스틱 노끈', '플라스틱 끈', '플라스틱 끈', 'rule');
INSERT INTO aliases (item_id, alias, alias_lower, source) VALUES ('플라스틱 노끈', '플라스틱 묶는 끈', '플라스틱 묶는 끈', 'rule');
INSERT INTO aliases (item_id, alias, alias_lower, source) VALUES ('플라스틱 노끈', '플라스틱 줄', '플라스틱 줄', 'rule');
INSERT INTO aliases (item_id, alias, alias_lower, source) VALUES ('플라스틱 노끈', '플라스틱 타이', '플라스틱 타이', 'rule');
INSERT INTO aliases (item_id, alias, alias_lower, source) VALUES ('플라스틱 노끈', '플라스틱노끈', '플라스틱노끈', 'rule');
INSERT INTO aliases (item_id, alias, alias_lower, source) VALUES ('플라스틱 노끈', '합성 끈', '합성 끈', 'rule');
INSERT INTO aliases (item_id, alias, alias_lower, source) VALUES ('플라스틱 노끈', '합성수지 끈', '합성수지 끈', 'rule');
INSERT OR REPLACE INTO items (id, name, category, note, steps, confidence, source_url, source_name, source_grade, feature, caution, last_verified, region_variation, official_classification) VALUES ('비닐 노끈', '비닐 노끈', 'general', '· 노끈은 주로 제품을 보관할 때 활용하는 것으로 플라스틱, 비닐, 종이 등 다양한 재질이 있습니다. · 노끈은 가정에서 주로 소량으로 발생하며 안료가 혼합된 경우가 많고 이물질 등이 묻어있는 경우가 많아 재활용이 어렵습니다. · 비닐 노끈은 일반 비닐과는 그 성상이 다르기 때문에 선별장에서 이물질로 분리하게 됩니다.', '["비닐 노끈은 종량제봉투로 배출합니다."]', 'high', 'https://www.xn--oy2b29bd3a601b.kr/front/dischargeMethod/dictionaryView.do?niIdx=358', '분리배출.kr (한국폐기물협회·환경부)', 'A', '· 노끈은 주로 제품을 보관할 때 활용하는 것으로 플라스틱, 비닐, 종이 등 다양한 재질이 있습니다. · 노끈은 가정에서 주로 소량으로 발생하며 안료가 혼합된 경우가 많고 이물질 등이 묻어있는 경우가 많아 재활용이 어렵습니다. · 비닐 노끈은 일반 비닐과는 그 성상이 다르기 때문에 선별장에서 이물질로 분리하게 됩니다.', '· 지자체에 따라 비닐 노끈을 분리배출하는 하는 경우도 있으니 지자체내 분리배출 지침 참고', '2026-05-18', 0, '["일반폐기물", "일반종량제폐기물"]');
INSERT OR REPLACE INTO items (id, name, category, note, steps, confidence, source_url, source_name, source_grade, feature, caution, last_verified, region_variation, official_classification) VALUES ('목재제품인 경우에', '목재제품인 경우에', 'general', '· 단소는 대부분 대나무로 만들어지며, 최근 보급을 위하여 플라스틱재질의 단소도 제작하고 있습니다. · 단소가 합성수지 단일재질인 경우에는 재활용이 가능합니다. · 다만, 목재 또는 합성수지, 금속 등이 혼합된 복합재질 제품인 경우에는 재활용이 어렵습니다.', '["목재제품인 경우에는 종량제봉투로 배출합니다.", "단소가 목재재질인 경우에는 종량제봉투로 배출합니다."]', 'high', 'https://www.xn--oy2b29bd3a601b.kr/front/dischargeMethod/dictionaryView.do?niIdx=359', '분리배출.kr (한국폐기물협회·환경부)', 'A', '· 단소는 대부분 대나무로 만들어지며, 최근 보급을 위하여 플라스틱재질의 단소도 제작하고 있습니다. · 단소가 합성수지 단일재질인 경우에는 재활용이 가능합니다. · 다만, 목재 또는 합성수지, 금속 등이 혼합된 복합재질 제품인 경우에는 재활용이 어렵습니다.', '· 목재제품은 재활용이 어려우므로 종량제봉투로 배출', '2026-05-18', 0, '["재활용폐기물", "합성수지 용기류", "일반폐기물", "일반종량제폐기물"]');
INSERT INTO aliases (item_id, alias, alias_lower, source) VALUES ('목재제품인 경우에', '나무 재질일 경우', '나무 재질일 경우', 'rule');
INSERT INTO aliases (item_id, alias, alias_lower, source) VALUES ('목재제품인 경우에', '나무 제품일 때', '나무 제품일 때', 'rule');
INSERT INTO aliases (item_id, alias, alias_lower, source) VALUES ('목재제품인 경우에', '나무로 된 거', '나무로 된 거', 'rule');
INSERT INTO aliases (item_id, alias, alias_lower, source) VALUES ('목재제품인 경우에', '나무로 된 것', '나무로 된 것', 'rule');
INSERT INTO aliases (item_id, alias, alias_lower, source) VALUES ('목재제품인 경우에', '나무일 때', '나무일 때', 'rule');
INSERT INTO aliases (item_id, alias, alias_lower, source) VALUES ('목재제품인 경우에', '목공품일 경우', '목공품일 경우', 'rule');
INSERT INTO aliases (item_id, alias, alias_lower, source) VALUES ('목재제품인 경우에', '목재로 된 물건', '목재로 된 물건', 'rule');
INSERT INTO aliases (item_id, alias, alias_lower, source) VALUES ('목재제품인 경우에', '목재류일 경우', '목재류일 경우', 'rule');
INSERT INTO aliases (item_id, alias, alias_lower, source) VALUES ('목재제품인 경우에', '목재일 때', '목재일 때', 'rule');
INSERT INTO aliases (item_id, alias, alias_lower, source) VALUES ('목재제품인 경우에', '목재제품인경우에', '목재제품인경우에', 'rule');
INSERT INTO aliases (item_id, alias, alias_lower, source) VALUES ('목재제품인 경우에', '우드 제품일 때', '우드 제품일 때', 'rule');
INSERT INTO aliases (item_id, alias, alias_lower, source) VALUES ('목재제품인 경우에', '우든 제품일 경우', '우든 제품일 경우', 'rule');
INSERT INTO aliases (item_id, alias, alias_lower, source) VALUES ('목재제품인 경우에', '원목 제품일 경우', '원목 제품일 경우', 'rule');
INSERT OR REPLACE INTO items (id, name, category, note, steps, confidence, source_url, source_name, source_grade, feature, caution, last_verified, region_variation, official_classification) VALUES ('리코더', '리코더', 'general', '· 리코더는 종류에 따라 플라스틱 재질의 플라스틱 리코더와 목재재질의 목관리코더가 있습니다. · 리코더가 합성수지 단일재질인 경우에는 재활용이 가능합니다. · 목재 또는 합성수지, 금속 등이 혼합된 복합재질 제품인 경우에는 재활용이 어렵습니다.', '["리코더가 플라스틱 단일재질인 경우에는 플라스틱 수거함으로 배출합니다.", "리코더가 목재재질인 경우에는 종량제봉투로 배출합니다."]', 'high', 'https://www.xn--oy2b29bd3a601b.kr/front/dischargeMethod/dictionaryView.do?niIdx=360', '분리배출.kr (한국폐기물협회·환경부)', 'A', '· 리코더는 종류에 따라 플라스틱 재질의 플라스틱 리코더와 목재재질의 목관리코더가 있습니다. · 리코더가 합성수지 단일재질인 경우에는 재활용이 가능합니다. · 목재 또는 합성수지, 금속 등이 혼합된 복합재질 제품인 경우에는 재활용이 어렵습니다.', '· 목재제품은 재활용이 어려우므로 종량제봉투로 배출', '2026-05-18', 0, '["재활용폐기물", "합성수지 용기류", "일반폐기물", "일반종량제폐기물"]');
INSERT INTO aliases (item_id, alias, alias_lower, source) VALUES ('리코더', 'recorder', 'recorder', 'rule');
INSERT INTO aliases (item_id, alias, alias_lower, source) VALUES ('리코더', '리코', '리코', 'rule');
INSERT INTO aliases (item_id, alias, alias_lower, source) VALUES ('리코더', '목제 리코더', '목제 리코더', 'rule');
INSERT INTO aliases (item_id, alias, alias_lower, source) VALUES ('리코더', '삑삑이', '삑삑이', 'rule');
INSERT INTO aliases (item_id, alias, alias_lower, source) VALUES ('리코더', '세로피리', '세로피리', 'rule');
INSERT INTO aliases (item_id, alias, alias_lower, source) VALUES ('리코더', '소프라노 리코더', '소프라노 리코더', 'rule');
INSERT INTO aliases (item_id, alias, alias_lower, source) VALUES ('리코더', '알토 리코더', '알토 리코더', 'rule');
INSERT INTO aliases (item_id, alias, alias_lower, source) VALUES ('리코더', '음악 리코더', '음악 리코더', 'rule');
INSERT INTO aliases (item_id, alias, alias_lower, source) VALUES ('리코더', '직피리', '직피리', 'rule');
INSERT INTO aliases (item_id, alias, alias_lower, source) VALUES ('리코더', '플라스틱 리코더', '플라스틱 리코더', 'rule');
INSERT INTO aliases (item_id, alias, alias_lower, source) VALUES ('리코더', '피리', '피리', 'rule');
INSERT INTO aliases (item_id, alias, alias_lower, source) VALUES ('리코더', '학교 리코더', '학교 리코더', 'rule');
INSERT OR REPLACE INTO items (id, name, category, note, steps, confidence, source_url, source_name, source_grade, feature, caution, last_verified, region_variation, official_classification) VALUES ('원목도마', '원목도마', 'general', '· 가정에서 배출하는 목재제품은 표면에 방부제, 페인트, 오일 등을 처리하고 있어 물질 재활용이 어려워 주로 소각하거나 고형연료제품으로 에너지 재활용하고 있습니다.', '["원목도마는 종량제봉투로 배출합니다."]', 'high', 'https://www.xn--oy2b29bd3a601b.kr/front/dischargeMethod/dictionaryView.do?niIdx=361', '분리배출.kr (한국폐기물협회·환경부)', 'A', '· 가정에서 배출하는 목재제품은 표면에 방부제, 페인트, 오일 등을 처리하고 있어 물질 재활용이 어려워 주로 소각하거나 고형연료제품으로 에너지 재활용하고 있습니다.', '· 목재제품은 재활용이 어려우므로 종량제봉투로 배출', '2026-05-18', 0, '["일반폐기물", "일반종량제폐기물"]');
INSERT INTO aliases (item_id, alias, alias_lower, source) VALUES ('원목도마', '나무 쟁반', '나무 쟁반', 'rule');
INSERT INTO aliases (item_id, alias, alias_lower, source) VALUES ('원목도마', '나무도마', '나무도마', 'rule');
INSERT INTO aliases (item_id, alias, alias_lower, source) VALUES ('원목도마', '목재도마', '목재도마', 'rule');
INSERT INTO aliases (item_id, alias, alias_lower, source) VALUES ('원목도마', '빵도마', '빵도마', 'rule');
INSERT INTO aliases (item_id, alias, alias_lower, source) VALUES ('원목도마', '요리도마', '요리도마', 'rule');
INSERT INTO aliases (item_id, alias, alias_lower, source) VALUES ('원목도마', '우든 커팅보드', '우든 커팅보드', 'rule');
INSERT INTO aliases (item_id, alias, alias_lower, source) VALUES ('원목도마', '월넛도마', '월넛도마', 'rule');
INSERT INTO aliases (item_id, alias, alias_lower, source) VALUES ('원목도마', '칼도마', '칼도마', 'rule');
INSERT INTO aliases (item_id, alias, alias_lower, source) VALUES ('원목도마', '칼판', '칼판', 'rule');
INSERT INTO aliases (item_id, alias, alias_lower, source) VALUES ('원목도마', '캄포도마', '캄포도마', 'rule');
INSERT INTO aliases (item_id, alias, alias_lower, source) VALUES ('원목도마', '플레이팅보드', '플레이팅보드', 'rule');
INSERT OR REPLACE INTO items (id, name, category, note, steps, confidence, source_url, source_name, source_grade, feature, caution, last_verified, region_variation, official_classification) VALUES ('돗자리', '돗자리', 'general', '· 가정에서 사용하는 돗자리는 플라스틱 또는 은박지 등이 혼합된 복합재질 제품으로 재활용이 어렵습니다.', '["돗자리는 종량제봉투로 배출합니다."]', 'high', 'https://www.xn--oy2b29bd3a601b.kr/front/dischargeMethod/dictionaryView.do?niIdx=362', '분리배출.kr (한국폐기물협회·환경부)', 'A', '· 가정에서 사용하는 돗자리는 플라스틱 또는 은박지 등이 혼합된 복합재질 제품으로 재활용이 어렵습니다.', '· 크기가 큰 돗자리를 배출할 때에는 보행자에게 불편을 주지 않도록 끈으로 묶어서 배출', '2026-05-18', 0, '["일반폐기물", "일반종량제폐기물"]');
INSERT INTO aliases (item_id, alias, alias_lower, source) VALUES ('돗자리', '그늘천막', '그늘천막', 'rule');
INSERT INTO aliases (item_id, alias, alias_lower, source) VALUES ('돗자리', '깔판', '깔판', 'rule');
INSERT INTO aliases (item_id, alias, alias_lower, source) VALUES ('돗자리', '바닥깔개', '바닥깔개', 'rule');
INSERT INTO aliases (item_id, alias, alias_lower, source) VALUES ('돗자리', '방수매트', '방수매트', 'rule');
INSERT INTO aliases (item_id, alias, alias_lower, source) VALUES ('돗자리', '야외매트', '야외매트', 'rule');
INSERT INTO aliases (item_id, alias, alias_lower, source) VALUES ('돗자리', '은박돗자리', '은박돗자리', 'rule');
INSERT INTO aliases (item_id, alias, alias_lower, source) VALUES ('돗자리', '좌식매트', '좌식매트', 'rule');
INSERT INTO aliases (item_id, alias, alias_lower, source) VALUES ('돗자리', '캠핑매트', '캠핑매트', 'rule');
INSERT INTO aliases (item_id, alias, alias_lower, source) VALUES ('돗자리', '폴딩매트', '폴딩매트', 'rule');
INSERT INTO aliases (item_id, alias, alias_lower, source) VALUES ('돗자리', '피크닉매트', '피크닉매트', 'rule');
INSERT OR REPLACE INTO items (id, name, category, note, steps, confidence, source_url, source_name, source_grade, feature, caution, last_verified, region_variation, official_classification) VALUES ('등산스틱', '등산스틱', 'general', '· 등산스틱은 고무, 플라스틱, 고철 등이 혼합된 복합재질 제품으로 일반쓰레기로 배출합니다. · 크기가 커 종량제봉투로 배출하기 어려운 경우에는 대형폐기물로 배출합니다. ※ 배출방법은 지역별로 차이가 있을 수 있으니, 해당 지방자치단체에서 정하는 방법이 있는 경우에는 해당 방법에 따라 배출하시기 바랍니다. 가까운 분리배출 장소를 확인해보세요. 현재 위치에', '["등산스틱은 종량제봉투로 배출합니다."]', 'high', 'https://www.xn--oy2b29bd3a601b.kr/front/dischargeMethod/dictionaryView.do?niIdx=363', '분리배출.kr (한국폐기물협회·환경부)', 'A', '· 등산스틱은 고무, 플라스틱, 고철 등이 혼합된 복합재질 제품으로 일반쓰레기로 배출합니다. · 크기가 커 종량제봉투로 배출하기 어려운 경우에는 대형폐기물로 배출합니다. ※ 배출방법은 지역별로 차이가 있을 수 있으니, 해당 지방자치단체에서 정하는 방법이 있는 경우에는 해당 방법에 따라 배출하시기 바랍니다. 가까운 분리배출 장소를 확인해보세요. 현재 위치에 가까운 배출장소가 없습니다. 근처의...', '', '2026-05-18', 0, '["일반폐기물", "일반종량제폐기물"]');
INSERT INTO aliases (item_id, alias, alias_lower, source) VALUES ('등산스틱', '돗자리', '돗자리', 'rule');
INSERT INTO aliases (item_id, alias, alias_lower, source) VALUES ('등산스틱', '등산 보조 스틱', '등산 보조 스틱', 'rule');
INSERT INTO aliases (item_id, alias, alias_lower, source) VALUES ('등산스틱', '등산 지팡이', '등산 지팡이', 'rule');
INSERT INTO aliases (item_id, alias, alias_lower, source) VALUES ('등산스틱', '등산봉', '등산봉', 'rule');
INSERT INTO aliases (item_id, alias, alias_lower, source) VALUES ('등산스틱', '등산용 지팡이', '등산용 지팡이', 'rule');
INSERT INTO aliases (item_id, alias, alias_lower, source) VALUES ('등산스틱', '산 스틱', '산 스틱', 'rule');
INSERT INTO aliases (item_id, alias, alias_lower, source) VALUES ('등산스틱', '산 짝대기', '산 짝대기', 'rule');
INSERT INTO aliases (item_id, alias, alias_lower, source) VALUES ('등산스틱', '워킹 스틱', '워킹 스틱', 'rule');
INSERT INTO aliases (item_id, alias, alias_lower, source) VALUES ('등산스틱', '접이식 등산스틱', '접이식 등산스틱', 'rule');
INSERT INTO aliases (item_id, alias, alias_lower, source) VALUES ('등산스틱', '카본 등산스틱', '카본 등산스틱', 'rule');
INSERT INTO aliases (item_id, alias, alias_lower, source) VALUES ('등산스틱', '트레킹 스틱', '트레킹 스틱', 'rule');
INSERT INTO aliases (item_id, alias, alias_lower, source) VALUES ('등산스틱', '트레킹 폴', '트레킹 폴', 'rule');
INSERT INTO aliases (item_id, alias, alias_lower, source) VALUES ('등산스틱', '하이킹 폴', '하이킹 폴', 'rule');
INSERT OR REPLACE INTO items (id, name, category, note, steps, confidence, source_url, source_name, source_grade, feature, caution, last_verified, region_variation, official_classification) VALUES ('일회용 라이터', '일회용 라이터', 'general', '· 라이터는 주로 담배, 초 등 불을 피울 때 사용하는 기구로 인화성 물질을 포함하고 있습니다. · 라이터의 가스가 소량 남은 경우에는 소각로 연소실에서 폭팔위험이 적으나 가스가 많이 남은 경우에는 내부에 포함된 인화성물질로 인하여 화재가 발생하지 않도록 통풍이 잘되는 장소에서 내용물(가스)을 완전히 제거한 후 종량제봉투로 배출합니다. · 종량제봉투가 태양', '["일회용 라이터는 종량제봉투로 배출합니다."]', 'high', 'https://www.xn--oy2b29bd3a601b.kr/front/dischargeMethod/dictionaryView.do?niIdx=364', '분리배출.kr (한국폐기물협회·환경부)', 'A', '· 라이터는 주로 담배, 초 등 불을 피울 때 사용하는 기구로 인화성 물질을 포함하고 있습니다. · 라이터의 가스가 소량 남은 경우에는 소각로 연소실에서 폭팔위험이 적으나 가스가 많이 남은 경우에는 내부에 포함된 인화성물질로 인하여 화재가 발생하지 않도록 통풍이 잘되는 장소에서 내용물(가스)을 완전히 제거한 후 종량제봉투로 배출합니다. · 종량제봉투가 태양에 노출되면 라이터로 화재가 발생할...', '· 내용물(가스)을 완전히 제거한 후 배출 · 햇빛에 노출되지 않도록 종이상자에 넣어서 배출', '2026-05-18', 0, '["일반폐기물", "일반종량제폐기물"]');
INSERT INTO aliases (item_id, alias, alias_lower, source) VALUES ('일회용 라이터', 'BIC 라이터', 'bic 라이터', 'rule');
INSERT INTO aliases (item_id, alias, alias_lower, source) VALUES ('일회용 라이터', 'disposable lighter', 'disposable lighter', 'rule');
INSERT INTO aliases (item_id, alias, alias_lower, source) VALUES ('일회용 라이터', 'lighter', 'lighter', 'rule');
INSERT INTO aliases (item_id, alias, alias_lower, source) VALUES ('일회용 라이터', '가스 라이터', '가스 라이터', 'rule');
INSERT INTO aliases (item_id, alias, alias_lower, source) VALUES ('일회용 라이터', '가스토치', '가스토치', 'rule');
INSERT INTO aliases (item_id, alias, alias_lower, source) VALUES ('일회용 라이터', '딱딱이 라이터', '딱딱이 라이터', 'rule');
INSERT INTO aliases (item_id, alias, alias_lower, source) VALUES ('일회용 라이터', '라이타', '라이타', 'rule');
INSERT INTO aliases (item_id, alias, alias_lower, source) VALUES ('일회용 라이터', '불붙이개', '불붙이개', 'rule');
INSERT INTO aliases (item_id, alias, alias_lower, source) VALUES ('일회용 라이터', '일반종량제폐기물', '일반종량제폐기물', 'rule');
INSERT INTO aliases (item_id, alias, alias_lower, source) VALUES ('일회용 라이터', '일회용라이터', '일회용라이터', 'rule');
INSERT INTO aliases (item_id, alias, alias_lower, source) VALUES ('일회용 라이터', '점화기', '점화기', 'rule');
INSERT INTO aliases (item_id, alias, alias_lower, source) VALUES ('일회용 라이터', '크리켓 라이터', '크리켓 라이터', 'rule');
INSERT INTO aliases (item_id, alias, alias_lower, source) VALUES ('일회용 라이터', '편의점 라이터', '편의점 라이터', 'rule');
INSERT INTO aliases (item_id, alias, alias_lower, source) VALUES ('일회용 라이터', '휴대용 가스버너', '휴대용 가스버너', 'rule');
INSERT INTO aliases (item_id, alias, alias_lower, source) VALUES ('일회용 라이터', '휴대용 점화기', '휴대용 점화기', 'rule');
INSERT OR REPLACE INTO items (id, name, category, note, steps, confidence, source_url, source_name, source_grade, feature, caution, last_verified, region_variation, official_classification) VALUES ('배드민턴 라켓', '배드민턴 라켓', 'furniture', '· 라켓은 목재, 고무, 플라스틱 등이 혼합된 복합재질 제품으로 재활용이 어렵습니다. · 종량제봉투로 배출하거나 봉투에 담기 어려운 경우에는 대형폐기물로 배출합니다. ※ 배출방법은 지역별로 차이가 있을 수 있으니, 해당 지방자치단체에서 정하는 방법이 있는 경우에는 해당 방법에 따라 배출하시기 바랍니다. 가까운 분리배출 장소를 확인해보세요. 현재 위치에 가까', '["배드민턴 라켓은 종량제봉투로 배출합니다.", "크기가 커 종량제봉투로 배출하기 어려운 경우에는 대형폐기물로 배출합니다."]', 'high', 'https://www.xn--oy2b29bd3a601b.kr/front/dischargeMethod/dictionaryView.do?niIdx=365', '분리배출.kr (한국폐기물협회·환경부)', 'A', '· 라켓은 목재, 고무, 플라스틱 등이 혼합된 복합재질 제품으로 재활용이 어렵습니다. · 종량제봉투로 배출하거나 봉투에 담기 어려운 경우에는 대형폐기물로 배출합니다. ※ 배출방법은 지역별로 차이가 있을 수 있으니, 해당 지방자치단체에서 정하는 방법이 있는 경우에는 해당 방법에 따라 배출하시기 바랍니다. 가까운 분리배출 장소를 확인해보세요. 현재 위치에 가까운 배출장소가 없습니다. 근처의 다른...', '', '2026-05-18', 0, '["일반폐기물", "일반종량제폐기물", "대형폐기물"]');
INSERT INTO aliases (item_id, alias, alias_lower, source) VALUES ('배드민턴 라켓', 'badminton racket', 'badminton racket', 'rule');
INSERT INTO aliases (item_id, alias, alias_lower, source) VALUES ('배드민턴 라켓', 'badminton racquet', 'badminton racquet', 'rule');
INSERT INTO aliases (item_id, alias, alias_lower, source) VALUES ('배드민턴 라켓', '배드민턴 기어', '배드민턴 기어', 'rule');
INSERT INTO aliases (item_id, alias, alias_lower, source) VALUES ('배드민턴 라켓', '배드민턴 도구', '배드민턴 도구', 'rule');
INSERT INTO aliases (item_id, alias, alias_lower, source) VALUES ('배드민턴 라켓', '배드민턴 막대', '배드민턴 막대', 'rule');
INSERT INTO aliases (item_id, alias, alias_lower, source) VALUES ('배드민턴 라켓', '배드민턴 뿅뿅이', '배드민턴 뿅뿅이', 'rule');
INSERT INTO aliases (item_id, alias, alias_lower, source) VALUES ('배드민턴 라켓', '배드민턴 짝대기', '배드민턴 짝대기', 'rule');
INSERT INTO aliases (item_id, alias, alias_lower, source) VALUES ('배드민턴 라켓', '배드민턴라켓', '배드민턴라켓', 'rule');
INSERT INTO aliases (item_id, alias, alias_lower, source) VALUES ('배드민턴 라켓', '배드민턴채', '배드민턴채', 'rule');
INSERT INTO aliases (item_id, alias, alias_lower, source) VALUES ('배드민턴 라켓', '배민턴 라켓', '배민턴 라켓', 'rule');
INSERT INTO aliases (item_id, alias, alias_lower, source) VALUES ('배드민턴 라켓', '셔틀콕 라켓', '셔틀콕 라켓', 'rule');
INSERT INTO aliases (item_id, alias, alias_lower, source) VALUES ('배드민턴 라켓', '스포츠 라켓', '스포츠 라켓', 'rule');
INSERT INTO aliases (item_id, alias, alias_lower, source) VALUES ('배드민턴 라켓', '운동용 라켓', '운동용 라켓', 'rule');
INSERT OR REPLACE INTO items (id, name, category, note, steps, confidence, source_url, source_name, source_grade, feature, caution, last_verified, region_variation, official_classification) VALUES ('라텍스 장갑', '라텍스 장갑', 'general', '· 합성고무, 실리콘 재질의 위생장갑은 재활용이 어려우므로 일반쓰레기로 배출합니다. · 가정에서 사용하는 고무 제품은 주로 두 가지 이상 재질이 혼합된 합성 고무재질로 재활용이 불가능하지는 않으나 발생량이 적고 재활용시 경제적인 가치가 낮아 현실적으로 재활용이 어렵습니다. ※ 배출방법은 지역별로 차이가 있을 수 있으니, 해당 지방자치단체에서 정하는 방법이', '["라텍스 장갑은 종량제봉투로 배출합니다."]', 'high', 'https://www.xn--oy2b29bd3a601b.kr/front/dischargeMethod/dictionaryView.do?niIdx=366', '분리배출.kr (한국폐기물협회·환경부)', 'A', '· 합성고무, 실리콘 재질의 위생장갑은 재활용이 어려우므로 일반쓰레기로 배출합니다. · 가정에서 사용하는 고무 제품은 주로 두 가지 이상 재질이 혼합된 합성 고무재질로 재활용이 불가능하지는 않으나 발생량이 적고 재활용시 경제적인 가치가 낮아 현실적으로 재활용이 어렵습니다. ※ 배출방법은 지역별로 차이가 있을 수 있으니, 해당 지방자치단체에서 정하는 방법이 있는 경우에는 해당 방법에 따라 배출...', '', '2026-05-18', 0, '["일반폐기물", "일반종량제폐기물"]');
INSERT INTO aliases (item_id, alias, alias_lower, source) VALUES ('라텍스 장갑', '라텍스장갑', '라텍스장갑', 'rule');
INSERT OR REPLACE INTO items (id, name, category, note, steps, confidence, source_url, source_name, source_grade, feature, caution, last_verified, region_variation, official_classification) VALUES ('깨끗한 렌즈케이스', '깨끗한 렌즈케이스', 'plastic', '· 렌즈케이스는 단일 재질(PP)의 플라스틱이므로 재활용이 가능합니다. · 렌즈케이스와 같이 크기가 작은 플라스틱은 이물질이 묻어 있지 않은 경우에는 플라스틱으로 배출합니다. ※ 배출방법은 지역별로 차이가 있을 수 있으니, 해당 지방자치단체에서 정하는 방법이 있는 경우에는 해당 방법에 따라 배출하시기 바랍니다. 가까운 분리배출 장소를 확인해보세요. 현재 위', '["깨끗한 렌즈케이스는 플라스틱 수거함으로 배출합니다."]', 'high', 'https://www.xn--oy2b29bd3a601b.kr/front/dischargeMethod/dictionaryView.do?niIdx=367', '분리배출.kr (한국폐기물협회·환경부)', 'A', '· 렌즈케이스는 단일 재질(PP)의 플라스틱이므로 재활용이 가능합니다. · 렌즈케이스와 같이 크기가 작은 플라스틱은 이물질이 묻어 있지 않은 경우에는 플라스틱으로 배출합니다. ※ 배출방법은 지역별로 차이가 있을 수 있으니, 해당 지방자치단체에서 정하는 방법이 있는 경우에는 해당 방법에 따라 배출하시기 바랍니다. 가까운 분리배출 장소를 확인해보세요. 현재 위치에 가까운 배출장소가 없습니다. 근...', '', '2026-05-18', 0, '["재활용폐기물", "합성수지 용기류"]');
INSERT INTO aliases (item_id, alias, alias_lower, source) VALUES ('깨끗한 렌즈케이스', '깨끗한렌즈케이스', '깨끗한렌즈케이스', 'rule');
INSERT INTO aliases (item_id, alias, alias_lower, source) VALUES ('깨끗한 렌즈케이스', '일회용 인공눈물', '일회용 인공눈물', 'rule');
INSERT OR REPLACE INTO items (id, name, category, note, steps, confidence, source_url, source_name, source_grade, feature, caution, last_verified, region_variation, official_classification) VALUES ('로또용지', '로또용지', 'general', '· 로또 용지, 영수증 등과 같이 종이표면에 화학물질을 발라 열을 가해 색을 나타내는 종이는 감열지라고 불립니다. 감열지를 재활용할 시 표면에 남아있는 화학물질로 인하여 재활용제품에 얼룩이 생길 수 있어 일반폐기물로 배출하셔야 합니다.', '["로또용지는 종량제봉투로 배출합니다."]', 'high', 'https://www.xn--oy2b29bd3a601b.kr/front/dischargeMethod/dictionaryView.do?niIdx=368', '분리배출.kr (한국폐기물협회·환경부)', 'A', '· 로또 용지, 영수증 등과 같이 종이표면에 화학물질을 발라 열을 가해 색을 나타내는 종이는 감열지라고 불립니다. 감열지를 재활용할 시 표면에 남아있는 화학물질로 인하여 재활용제품에 얼룩이 생길 수 있어 일반폐기물로 배출하셔야 합니다.', '· 감열지는 재활용이 어려우므로 종량제봉투로 배출', '2026-05-18', 0, '["일반폐기물", "일반종량제폐기물"]');
INSERT INTO aliases (item_id, alias, alias_lower, source) VALUES ('로또용지', 'lottery ticket', 'lottery ticket', 'rule');
INSERT INTO aliases (item_id, alias, alias_lower, source) VALUES ('로또용지', '꽝 종이', '꽝 종이', 'rule');
INSERT INTO aliases (item_id, alias, alias_lower, source) VALUES ('로또용지', '당첨용지', '당첨용지', 'rule');
INSERT INTO aliases (item_id, alias, alias_lower, source) VALUES ('로또용지', '로또', '로또', 'rule');
INSERT INTO aliases (item_id, alias, alias_lower, source) VALUES ('로또용지', '로또 티켓', '로또 티켓', 'rule');
INSERT INTO aliases (item_id, alias, alias_lower, source) VALUES ('로또용지', '복권', '복권', 'rule');
INSERT INTO aliases (item_id, alias, alias_lower, source) VALUES ('로또용지', '복권종이', '복권종이', 'rule');
INSERT INTO aliases (item_id, alias, alias_lower, source) VALUES ('로또용지', '복꾸', '복꾸', 'rule');
INSERT INTO aliases (item_id, alias, alias_lower, source) VALUES ('로또용지', '스피또', '스피또', 'rule');
INSERT INTO aliases (item_id, alias, alias_lower, source) VALUES ('로또용지', '연금복권', '연금복권', 'rule');
INSERT INTO aliases (item_id, alias, alias_lower, source) VALUES ('로또용지', '영수증', '영수증', 'rule');
INSERT INTO aliases (item_id, alias, alias_lower, source) VALUES ('로또용지', '즉석복권', '즉석복권', 'rule');
INSERT INTO aliases (item_id, alias, alias_lower, source) VALUES ('로또용지', '추첨권', '추첨권', 'rule');
INSERT OR REPLACE INTO items (id, name, category, note, steps, confidence, source_url, source_name, source_grade, feature, caution, last_verified, region_variation, official_classification) VALUES ('일회용 마스크', '일회용 마스크', 'general', '· 마스크는 미세입자나 비말 등을 차단하기 위해 사용하는 제품으로 보건용 마스크, 덴탈 마스크, 면 마스크 등이 있습니다. · 사용한 마스크는 재질에 상관없이 병원균, 미세먼지 등이 남아있어 재활용이 어렵습니다. ※ 배출방법은 지역별로 차이가 있을 수 있으니, 해당 지방자치단체에서 정하는 방법이 있는 경우에는 해당 방법에 따라 배출하시기 바랍니다. 가까운', '["일회용 마스크는 종량제봉투로 배출합니다."]', 'high', 'https://www.xn--oy2b29bd3a601b.kr/front/dischargeMethod/dictionaryView.do?niIdx=369', '분리배출.kr (한국폐기물협회·환경부)', 'A', '· 마스크는 미세입자나 비말 등을 차단하기 위해 사용하는 제품으로 보건용 마스크, 덴탈 마스크, 면 마스크 등이 있습니다. · 사용한 마스크는 재질에 상관없이 병원균, 미세먼지 등이 남아있어 재활용이 어렵습니다. ※ 배출방법은 지역별로 차이가 있을 수 있으니, 해당 지방자치단체에서 정하는 방법이 있는 경우에는 해당 방법에 따라 배출하시기 바랍니다. 가까운 분리배출 장소를 확인해보세요. 현재...', '', '2026-05-18', 0, '["일반폐기물", "일반종량제폐기물"]');
INSERT INTO aliases (item_id, alias, alias_lower, source) VALUES ('일회용 마스크', 'KF94마스크', 'kf94마스크', 'rule');
INSERT INTO aliases (item_id, alias, alias_lower, source) VALUES ('일회용 마스크', 'N95마스크', 'n95마스크', 'rule');
INSERT INTO aliases (item_id, alias, alias_lower, source) VALUES ('일회용 마스크', '덴탈마스크', '덴탈마스크', 'rule');
INSERT INTO aliases (item_id, alias, alias_lower, source) VALUES ('일회용 마스크', '디스포저블마스크', '디스포저블마스크', 'rule');
INSERT INTO aliases (item_id, alias, alias_lower, source) VALUES ('일회용 마스크', '마스끄', '마스끄', 'rule');
INSERT INTO aliases (item_id, alias, alias_lower, source) VALUES ('일회용 마스크', '마시께', '마시께', 'rule');
INSERT INTO aliases (item_id, alias, alias_lower, source) VALUES ('일회용 마스크', '방역마스크', '방역마스크', 'rule');
INSERT INTO aliases (item_id, alias, alias_lower, source) VALUES ('일회용 마스크', '버리는마스크', '버리는마스크', 'rule');
INSERT INTO aliases (item_id, alias, alias_lower, source) VALUES ('일회용 마스크', '서지컬마스크', '서지컬마스크', 'rule');
INSERT INTO aliases (item_id, alias, alias_lower, source) VALUES ('일회용 마스크', '일회성마스크', '일회성마스크', 'rule');
INSERT INTO aliases (item_id, alias, alias_lower, source) VALUES ('일회용 마스크', '일회용마스크', '일회용마스크', 'rule');
INSERT INTO aliases (item_id, alias, alias_lower, source) VALUES ('일회용 마스크', '한번쓰는마스크', '한번쓰는마스크', 'rule');
INSERT OR REPLACE INTO items (id, name, category, note, steps, confidence, source_url, source_name, source_grade, feature, caution, last_verified, region_variation, official_classification) VALUES ('머리끈', '머리끈', 'general', '· 머리끈은 섬유, 고무가 혼합된 복합재질 제품으로 재활용이 어렵습니다. ※ 배출방법은 지역별로 차이가 있을 수 있으니, 해당 지방자치단체에서 정하는 방법이 있는 경우에는 해당 방법에 따라 배출하시기 바랍니다. 가까운 분리배출 장소를 확인해보세요. 현재 위치에 가까운 배출장소가 없습니다. 근처의 다른 지역을 검색해보세요. 현 위치 배출장소 전체보기 현 지도', '["머리끈은 종량제봉투로 배출합니다."]', 'high', 'https://www.xn--oy2b29bd3a601b.kr/front/dischargeMethod/dictionaryView.do?niIdx=370', '분리배출.kr (한국폐기물협회·환경부)', 'A', '· 머리끈은 섬유, 고무가 혼합된 복합재질 제품으로 재활용이 어렵습니다. ※ 배출방법은 지역별로 차이가 있을 수 있으니, 해당 지방자치단체에서 정하는 방법이 있는 경우에는 해당 방법에 따라 배출하시기 바랍니다. 가까운 분리배출 장소를 확인해보세요. 현재 위치에 가까운 배출장소가 없습니다. 근처의 다른 지역을 검색해보세요. 현 위치 배출장소 전체보기 현 지도에서 검색 장소 더보기 분리배출 장소...', '', '2026-05-18', 0, '["일반폐기물", "일반종량제폐기물"]');
INSERT OR REPLACE INTO items (id, name, category, note, steps, confidence, source_url, source_name, source_grade, feature, caution, last_verified, region_variation, official_classification) VALUES ('목베개', '목베개', 'furniture', '· 대부분의 상태가 좋은 의류 및 섬유제품은 의류수거함으로 배출하여 국내 또는 국외로 판매하여 재사용하고 있습니다. · 다만, 솜이불, 베개, 방석 등 일부 의류수거함으로 배출하기 어려운 품목이 있으며 해당 품목들은 일반폐기물, 대형폐기물, 재활용폐기물 배출방법에 의거하여 배출합니다.', '["목베개는 종량제봉투로 배출합니다.", "크기가 커 종량제봉투로 배출하기 어려운 경우에는 대형폐기물로 배출합니다."]', 'high', 'https://www.xn--oy2b29bd3a601b.kr/front/dischargeMethod/dictionaryView.do?niIdx=371', '분리배출.kr (한국폐기물협회·환경부)', 'A', '· 대부분의 상태가 좋은 의류 및 섬유제품은 의류수거함으로 배출하여 국내 또는 국외로 판매하여 재사용하고 있습니다. · 다만, 솜이불, 베개, 방석 등 일부 의류수거함으로 배출하기 어려운 품목이 있으며 해당 품목들은 일반폐기물, 대형폐기물, 재활용폐기물 배출방법에 의거하여 배출합니다.', '· 의류수거함으로 배출할 수 있는 제품은 정해져 있으므로 배출가능 대상 품목을 확인한 후 배출', '2026-05-18', 0, '["일반폐기물", "일반종량제폐기물", "대형폐기물"]');
INSERT INTO aliases (item_id, alias, alias_lower, source) VALUES ('목베개', 'U자형베개', 'u자형베개', 'rule');
INSERT INTO aliases (item_id, alias, alias_lower, source) VALUES ('목베개', 'neck pillow', 'neck pillow', 'rule');
INSERT INTO aliases (item_id, alias, alias_lower, source) VALUES ('목베개', '경추베개', '경추베개', 'rule');
INSERT INTO aliases (item_id, alias, alias_lower, source) VALUES ('목베개', '공기주입 목베개', '공기주입 목베개', 'rule');
INSERT INTO aliases (item_id, alias, alias_lower, source) VALUES ('목베개', '넥필로우', '넥필로우', 'rule');
INSERT INTO aliases (item_id, alias, alias_lower, source) VALUES ('목베개', '메모리폼 목베개', '메모리폼 목베개', 'rule');
INSERT INTO aliases (item_id, alias, alias_lower, source) VALUES ('목베개', '목받침', '목받침', 'rule');
INSERT INTO aliases (item_id, alias, alias_lower, source) VALUES ('목베개', '목쿠션', '목쿠션', 'rule');
INSERT INTO aliases (item_id, alias, alias_lower, source) VALUES ('목베개', '비행기목베개', '비행기목베개', 'rule');
INSERT INTO aliases (item_id, alias, alias_lower, source) VALUES ('목베개', '여행용베개', '여행용베개', 'rule');
INSERT INTO aliases (item_id, alias, alias_lower, source) VALUES ('목베개', '차량용목쿠션', '차량용목쿠션', 'rule');
INSERT INTO aliases (item_id, alias, alias_lower, source) VALUES ('목베개', '트래블필로우', '트래블필로우', 'rule');
INSERT OR REPLACE INTO items (id, name, category, note, steps, confidence, source_url, source_name, source_grade, feature, caution, last_verified, region_variation, official_classification) VALUES ('모기장', '모기장', 'furniture', '· 모기장은 주로 폴리에스터(폴리에스테르) 재질의 합성섬유로 제작됩니다. · 모기장과 같이 섬유류는 재활용이 어려우므로 종량제봉투로 배출합니다. · 만약 크기가 커서 종량제봉투에 담기 어려운 경우에는 대형폐기물로 배출합니다.', '["모기장은 종량제봉투로 배출합니다.", "크기가 커 종량제봉투로 배출하기 어려운 경우에는 대형폐기물로 배출합니다."]', 'high', 'https://www.xn--oy2b29bd3a601b.kr/front/dischargeMethod/dictionaryView.do?niIdx=372', '분리배출.kr (한국폐기물협회·환경부)', 'A', '· 모기장은 주로 폴리에스터(폴리에스테르) 재질의 합성섬유로 제작됩니다. · 모기장과 같이 섬유류는 재활용이 어려우므로 종량제봉투로 배출합니다. · 만약 크기가 커서 종량제봉투에 담기 어려운 경우에는 대형폐기물로 배출합니다.', '· 크기가 크거나 길이가 긴 제품은 끈으로 묶은 후 배출', '2026-05-18', 0, '["일반폐기물", "일반종량제폐기물", "대형폐기물"]');
INSERT INTO aliases (item_id, alias, alias_lower, source) VALUES ('모기장', '돔 모기장', '돔 모기장', 'rule');
INSERT INTO aliases (item_id, alias, alias_lower, source) VALUES ('모기장', '모기 커튼', '모기 커튼', 'rule');
INSERT INTO aliases (item_id, alias, alias_lower, source) VALUES ('모기장', '모기망', '모기망', 'rule');
INSERT INTO aliases (item_id, alias, alias_lower, source) VALUES ('모기장', '모스키토 넷', '모스키토 넷', 'rule');
INSERT INTO aliases (item_id, alias, alias_lower, source) VALUES ('모기장', '버그 넷', '버그 넷', 'rule');
INSERT INTO aliases (item_id, alias, alias_lower, source) VALUES ('모기장', '벌레 막이', '벌레 막이', 'rule');
INSERT INTO aliases (item_id, alias, alias_lower, source) VALUES ('모기장', '벌레장', '벌레장', 'rule');
INSERT INTO aliases (item_id, alias, alias_lower, source) VALUES ('모기장', '아기 모기장', '아기 모기장', 'rule');
INSERT INTO aliases (item_id, alias, alias_lower, source) VALUES ('모기장', '여름 망', '여름 망', 'rule');
INSERT INTO aliases (item_id, alias, alias_lower, source) VALUES ('모기장', '원터치 모기장', '원터치 모기장', 'rule');
INSERT INTO aliases (item_id, alias, alias_lower, source) VALUES ('모기장', '침대 모기장', '침대 모기장', 'rule');
INSERT INTO aliases (item_id, alias, alias_lower, source) VALUES ('모기장', '캐노피 모기장', '캐노피 모기장', 'rule');
INSERT OR REPLACE INTO items (id, name, category, note, steps, confidence, source_url, source_name, source_grade, feature, caution, last_verified, region_variation, official_classification) VALUES ('수채화 물감', '수채화 물감', 'general', '· 물감의 용기는 플라스틱, 알루미늄 재질입니다. · 물감은 작은 튜브 형태의 용기로 내용물을 깨끗하게 제거하기 어렵고 안료로 염색되어 있어 재활용이 어려우므로 종량제봉투로 배출합니다. ※ 배출방법은 지역별로 차이가 있을 수 있으니, 해당 지방자치단체에서 정하는 방법이 있는 경우에는 해당 방법에 따라 배출하시기 바랍니다. 가까운 분리배출 장소를 확인해보세요', '["수채화 물감은 종량제봉투로 배출합니다."]', 'high', 'https://www.xn--oy2b29bd3a601b.kr/front/dischargeMethod/dictionaryView.do?niIdx=373', '분리배출.kr (한국폐기물협회·환경부)', 'A', '· 물감의 용기는 플라스틱, 알루미늄 재질입니다. · 물감은 작은 튜브 형태의 용기로 내용물을 깨끗하게 제거하기 어렵고 안료로 염색되어 있어 재활용이 어려우므로 종량제봉투로 배출합니다. ※ 배출방법은 지역별로 차이가 있을 수 있으니, 해당 지방자치단체에서 정하는 방법이 있는 경우에는 해당 방법에 따라 배출하시기 바랍니다. 가까운 분리배출 장소를 확인해보세요. 현재 위치에 가까운 배출장소가 없...', '', '2026-05-18', 0, '["일반폐기물", "일반종량제폐기물"]');
INSERT INTO aliases (item_id, alias, alias_lower, source) VALUES ('수채화 물감', '고체물감', '고체물감', 'rule');
INSERT INTO aliases (item_id, alias, alias_lower, source) VALUES ('수채화 물감', '그림물', '그림물', 'rule');
INSERT INTO aliases (item_id, alias, alias_lower, source) VALUES ('수채화 물감', '그림물감', '그림물감', 'rule');
INSERT INTO aliases (item_id, alias, alias_lower, source) VALUES ('수채화 물감', '물그림', '물그림', 'rule');
INSERT INTO aliases (item_id, alias, alias_lower, source) VALUES ('수채화 물감', '수채 물감', '수채 물감', 'rule');
INSERT INTO aliases (item_id, alias, alias_lower, source) VALUES ('수채화 물감', '수채물', '수채물', 'rule');
INSERT INTO aliases (item_id, alias, alias_lower, source) VALUES ('수채화 물감', '수채화물감', '수채화물감', 'rule');
INSERT INTO aliases (item_id, alias, alias_lower, source) VALUES ('수채화 물감', '신한물감', '신한물감', 'rule');
INSERT INTO aliases (item_id, alias, alias_lower, source) VALUES ('수채화 물감', '알파물감', '알파물감', 'rule');
INSERT INTO aliases (item_id, alias, alias_lower, source) VALUES ('수채화 물감', '워터컬러', '워터컬러', 'rule');
INSERT INTO aliases (item_id, alias, alias_lower, source) VALUES ('수채화 물감', '크레파스', '크레파스', 'rule');
INSERT INTO aliases (item_id, alias, alias_lower, source) VALUES ('수채화 물감', '튜브물감', '튜브물감', 'rule');
INSERT OR REPLACE INTO items (id, name, category, note, steps, confidence, source_url, source_name, source_grade, feature, caution, last_verified, region_variation, official_classification) VALUES ('튜브', '튜브', 'furniture', '· 튜브는 대부분 PVC, EVA재질로 재활용이 어렵습니다. · PVC비닐은 일반 비닐과 물성이 달라서 비닐류 배출시 재활용이 되지 않습니다.', '["튜브는 종량제봉투로 배출합니다.", "크기가 커 종량제봉투로 배출하기 어려운 경우에는 대형폐기물로 배출합니다."]', 'high', 'https://www.xn--oy2b29bd3a601b.kr/front/dischargeMethod/dictionaryView.do?niIdx=374', '분리배출.kr (한국폐기물협회·환경부)', 'A', '· 튜브는 대부분 PVC, EVA재질로 재활용이 어렵습니다. · PVC비닐은 일반 비닐과 물성이 달라서 비닐류 배출시 재활용이 되지 않습니다.', '· PVC 제품은 재활용이 어려워 종량제봉투 또는 대형폐기물로 배출', '2026-05-18', 0, '["일반폐기물", "일반종량제폐기물", "대형폐기물"]');
INSERT INTO aliases (item_id, alias, alias_lower, source) VALUES ('튜브', '공기 튜브', '공기 튜브', 'rule');
INSERT INTO aliases (item_id, alias, alias_lower, source) VALUES ('튜브', '둥둥이', '둥둥이', 'rule');
INSERT INTO aliases (item_id, alias, alias_lower, source) VALUES ('튜브', '링 튜브', '링 튜브', 'rule');
INSERT INTO aliases (item_id, alias, alias_lower, source) VALUES ('튜브', '물놀이 튜브', '물놀이 튜브', 'rule');
INSERT INTO aliases (item_id, alias, alias_lower, source) VALUES ('튜브', '물튜브', '물튜브', 'rule');
INSERT INTO aliases (item_id, alias, alias_lower, source) VALUES ('튜브', '수영 튜브', '수영 튜브', 'rule');
INSERT INTO aliases (item_id, alias, alias_lower, source) VALUES ('튜브', '에어튜브', '에어튜브', 'rule');
INSERT INTO aliases (item_id, alias, alias_lower, source) VALUES ('튜브', '오리 튜브', '오리 튜브', 'rule');
INSERT INTO aliases (item_id, alias, alias_lower, source) VALUES ('튜브', '이너튜브', '이너튜브', 'rule');
INSERT INTO aliases (item_id, alias, alias_lower, source) VALUES ('튜브', '튜브 소파', '튜브 소파', 'rule');
INSERT INTO aliases (item_id, alias, alias_lower, source) VALUES ('튜브', '튜브 의자', '튜브 의자', 'rule');
INSERT INTO aliases (item_id, alias, alias_lower, source) VALUES ('튜브', '플로트', '플로트', 'rule');
INSERT OR REPLACE INTO items (id, name, category, note, steps, confidence, source_url, source_name, source_grade, feature, caution, last_verified, region_variation, official_classification) VALUES ('물티슈', '물티슈', 'general', '· 물티슈는 폴리에스터(폴리에스테르), 부직포 등으로 제작되며 재활용이 어렵습니다. ※ 배출방법은 지역별로 차이가 있을 수 있으니, 해당 지방자치단체에서 정하는 방법이 있는 경우에는 해당 방법에 따라 배출하시기 바랍니다. 가까운 분리배출 장소를 확인해보세요. 현재 위치에 가까운 배출장소가 없습니다. 근처의 다른 지역을 검색해보세요. 현 위치 배출장소 전체보', '["물티슈는 종량제봉투로 배출합니다."]', 'high', 'https://www.xn--oy2b29bd3a601b.kr/front/dischargeMethod/dictionaryView.do?niIdx=375', '분리배출.kr (한국폐기물협회·환경부)', 'A', '· 물티슈는 폴리에스터(폴리에스테르), 부직포 등으로 제작되며 재활용이 어렵습니다. ※ 배출방법은 지역별로 차이가 있을 수 있으니, 해당 지방자치단체에서 정하는 방법이 있는 경우에는 해당 방법에 따라 배출하시기 바랍니다. 가까운 분리배출 장소를 확인해보세요. 현재 위치에 가까운 배출장소가 없습니다. 근처의 다른 지역을 검색해보세요. 현 위치 배출장소 전체보기 현 지도에서 검색 장소 더보기 분...', '', '2026-05-18', 0, '["일반폐기물", "일반종량제폐기물"]');
INSERT INTO aliases (item_id, alias, alias_lower, source) VALUES ('물티슈', '걸레', '걸레', 'rule');
INSERT INTO aliases (item_id, alias, alias_lower, source) VALUES ('물티슈', '궁중비책', '궁중비책', 'rule');
INSERT INTO aliases (item_id, alias, alias_lower, source) VALUES ('물티슈', '몽드드', '몽드드', 'rule');
INSERT INTO aliases (item_id, alias, alias_lower, source) VALUES ('물티슈', '물닦개', '물닦개', 'rule');
INSERT INTO aliases (item_id, alias, alias_lower, source) VALUES ('물티슈', '물티', '물티', 'rule');
INSERT INTO aliases (item_id, alias, alias_lower, source) VALUES ('물티슈', '밀대 걸레', '밀대 걸레', 'rule');
INSERT INTO aliases (item_id, alias, alias_lower, source) VALUES ('물티슈', '베베숲', '베베숲', 'rule');
INSERT INTO aliases (item_id, alias, alias_lower, source) VALUES ('물티슈', '순둥이', '순둥이', 'rule');
INSERT INTO aliases (item_id, alias, alias_lower, source) VALUES ('물티슈', '아기 물티슈', '아기 물티슈', 'rule');
INSERT INTO aliases (item_id, alias, alias_lower, source) VALUES ('물티슈', '와이프', '와이프', 'rule');
INSERT INTO aliases (item_id, alias, alias_lower, source) VALUES ('물티슈', '웨트 티슈', '웨트 티슈', 'rule');
INSERT INTO aliases (item_id, alias, alias_lower, source) VALUES ('물티슈', '일회용 물수건', '일회용 물수건', 'rule');
INSERT INTO aliases (item_id, alias, alias_lower, source) VALUES ('물티슈', '행주', '행주', 'rule');
INSERT OR REPLACE INTO items (id, name, category, note, steps, confidence, source_url, source_name, source_grade, feature, caution, last_verified, region_variation, official_classification) VALUES ('밀짚모자', '밀짚모자', 'general', '· 밀짚 모자는 밀짚으로 제작되며 재활용이 어렵습니다.', '["밀짚모자는 종량제봉투로 배출합니다."]', 'high', 'https://www.xn--oy2b29bd3a601b.kr/front/dischargeMethod/dictionaryView.do?niIdx=376', '분리배출.kr (한국폐기물협회·환경부)', 'A', '· 밀짚 모자는 밀짚으로 제작되며 재활용이 어렵습니다.', '· 재사용이 어려운 제품으로 종량제봉투로 배출', '2026-05-18', 0, '["일반폐기물", "일반종량제폐기물"]');
INSERT INTO aliases (item_id, alias, alias_lower, source) VALUES ('밀짚모자', '농모', '농모', 'rule');
INSERT INTO aliases (item_id, alias, alias_lower, source) VALUES ('밀짚모자', '농부모자', '농부모자', 'rule');
INSERT INTO aliases (item_id, alias, alias_lower, source) VALUES ('밀짚모자', '밀모', '밀모', 'rule');
INSERT INTO aliases (item_id, alias, alias_lower, source) VALUES ('밀짚모자', '비치햇', '비치햇', 'rule');
INSERT INTO aliases (item_id, alias, alias_lower, source) VALUES ('밀짚모자', '선햇', '선햇', 'rule');
INSERT INTO aliases (item_id, alias, alias_lower, source) VALUES ('밀짚모자', '스트로햇', '스트로햇', 'rule');
INSERT INTO aliases (item_id, alias, alias_lower, source) VALUES ('밀짚모자', '여름모자', '여름모자', 'rule');
INSERT INTO aliases (item_id, alias, alias_lower, source) VALUES ('밀짚모자', '짚모자', '짚모자', 'rule');
INSERT INTO aliases (item_id, alias, alias_lower, source) VALUES ('밀짚모자', '챙모자', '챙모자', 'rule');
INSERT INTO aliases (item_id, alias, alias_lower, source) VALUES ('밀짚모자', '파나마햇', '파나마햇', 'rule');
INSERT INTO aliases (item_id, alias, alias_lower, source) VALUES ('밀짚모자', '해변모자', '해변모자', 'rule');
INSERT INTO aliases (item_id, alias, alias_lower, source) VALUES ('밀짚모자', '헬멧', '헬멧', 'rule');
INSERT INTO aliases (item_id, alias, alias_lower, source) VALUES ('밀짚모자', '휴가모자', '휴가모자', 'rule');
INSERT OR REPLACE INTO items (id, name, category, note, steps, confidence, source_url, source_name, source_grade, feature, caution, last_verified, region_variation, official_classification) VALUES ('바둑판', '바둑판', 'furniture', '· 바둑판은 주로 목재로 제작하거나 플라스틱(PVC)과 자석 등을 혼합하여 제작하고 있습니다. · 가정에서 배출하는 목재제품은 표면에 방부제, 페인트, 오일 등을 처리하고 있어 물질 재활용이 어려워 주로 소각하거나 고형연료제품으로 에너지 재활용하고 있습니다. · PVC제품은 일반 플라스틱과 물성이 달라서 플라스틱으로 배출시 재활용이 되지 않습니다.', '["바둑판은 종량제봉투로 배출합니다.", "크기가 크거나 무게가 무거운 제품은 대형폐기물로 배출합니다."]', 'high', 'https://www.xn--oy2b29bd3a601b.kr/front/dischargeMethod/dictionaryView.do?niIdx=377', '분리배출.kr (한국폐기물협회·환경부)', 'A', '· 바둑판은 주로 목재로 제작하거나 플라스틱(PVC)과 자석 등을 혼합하여 제작하고 있습니다. · 가정에서 배출하는 목재제품은 표면에 방부제, 페인트, 오일 등을 처리하고 있어 물질 재활용이 어려워 주로 소각하거나 고형연료제품으로 에너지 재활용하고 있습니다. · PVC제품은 일반 플라스틱과 물성이 달라서 플라스틱으로 배출시 재활용이 되지 않습니다.', '· 목재제품은 재활용이 어려우므로 종량제봉투로 배출', '2026-05-18', 0, '["일반폐기물", "일반종량제폐기물", "대형폐기물"]');
INSERT INTO aliases (item_id, alias, alias_lower, source) VALUES ('바둑판', '고 보드', '고 보드', 'rule');
INSERT INTO aliases (item_id, alias, alias_lower, source) VALUES ('바둑판', '기판', '기판', 'rule');
INSERT INTO aliases (item_id, alias, alias_lower, source) VALUES ('바둑판', '대국판', '대국판', 'rule');
INSERT INTO aliases (item_id, alias, alias_lower, source) VALUES ('바둑판', '바둑 보드', '바둑 보드', 'rule');
INSERT INTO aliases (item_id, alias, alias_lower, source) VALUES ('바둑판', '바둑놀이판', '바둑놀이판', 'rule');
INSERT INTO aliases (item_id, alias, alias_lower, source) VALUES ('바둑판', '바둑두는판', '바둑두는판', 'rule');
INSERT INTO aliases (item_id, alias, alias_lower, source) VALUES ('바둑판', '바둑상', '바둑상', 'rule');
INSERT INTO aliases (item_id, alias, alias_lower, source) VALUES ('바둑판', '바둑판데기', '바둑판데기', 'rule');
INSERT INTO aliases (item_id, alias, alias_lower, source) VALUES ('바둑판', '바둑판때기', '바둑판때기', 'rule');
INSERT INTO aliases (item_id, alias, alias_lower, source) VALUES ('바둑판', '원목바둑판', '원목바둑판', 'rule');
INSERT INTO aliases (item_id, alias, alias_lower, source) VALUES ('바둑판', '자석바둑판', '자석바둑판', 'rule');
INSERT INTO aliases (item_id, alias, alias_lower, source) VALUES ('바둑판', '접이식바둑판', '접이식바둑판', 'rule');
INSERT OR REPLACE INTO items (id, name, category, note, steps, confidence, source_url, source_name, source_grade, feature, caution, last_verified, region_variation, official_classification) VALUES ('깨끗한 바세린 용기', '깨끗한 바세린 용기', 'plastic', '· 바세린, 핸드크림 등의 화장품(내용물)은 재활용이 어렵습니다. · 내용물을 모두 사용한 용기는 물로 헹구는 등 이물질을 제거한 후 플라스틱 수거함으로 배출하여 주시면 재활용에 용이합니다. · 화장품의 내용물이 남아 있어서 제거하기 곤란한 경우에는 종량제봉투에 배출합니다.', '["깨끗한 바세린 용기는 플라스틱 수거함으로 배출합니다.", "내용물 제거가 어려운 경우 종량제봉투로 배출합니다."]', 'high', 'https://www.xn--oy2b29bd3a601b.kr/front/dischargeMethod/dictionaryView.do?niIdx=378', '분리배출.kr (한국폐기물협회·환경부)', 'A', '· 바세린, 핸드크림 등의 화장품(내용물)은 재활용이 어렵습니다. · 내용물을 모두 사용한 용기는 물로 헹구는 등 이물질을 제거한 후 플라스틱 수거함으로 배출하여 주시면 재활용에 용이합니다. · 화장품의 내용물이 남아 있어서 제거하기 곤란한 경우에는 종량제봉투에 배출합니다.', '· 이물질을 제거한 후 배출', '2026-05-18', 0, '["일반폐기물", "일반종량제폐기물", "재활용폐기물", "합성수지 용기류"]');
INSERT INTO aliases (item_id, alias, alias_lower, source) VALUES ('깨끗한 바세린 용기', '깨끗한바세린용기', '깨끗한바세린용기', 'rule');
INSERT INTO aliases (item_id, alias, alias_lower, source) VALUES ('깨끗한 바세린 용기', '샴푸', '샴푸', 'rule');
INSERT INTO aliases (item_id, alias, alias_lower, source) VALUES ('깨끗한 바세린 용기', '손소독제', '손소독제', 'rule');
INSERT INTO aliases (item_id, alias, alias_lower, source) VALUES ('깨끗한 바세린 용기', '풋크림', '풋크림', 'rule');
INSERT OR REPLACE INTO items (id, name, category, note, steps, confidence, source_url, source_name, source_grade, feature, caution, last_verified, region_variation, official_classification) VALUES ('베개커버', '베개커버', 'general', '· 대부분의 상태가 좋은 의류 및 섬유제품은 의류수거함으로 배출하여 국내 또는 국외로 판매하여 재사용하고 있습니다. · 다만, 솜이불, 베개, 방석, 베개 커버 등 일부 의류수거함으로 배출하기 어려운 품목이 있으며 해당 품목들은 일반폐기물, 대형폐기물, 재활용폐기물 배출방법에 의거하여 배출하여 주셔야 합니다.', '["베개커버는 종량제봉투로 배출합니다."]', 'high', 'https://www.xn--oy2b29bd3a601b.kr/front/dischargeMethod/dictionaryView.do?niIdx=379', '분리배출.kr (한국폐기물협회·환경부)', 'A', '· 대부분의 상태가 좋은 의류 및 섬유제품은 의류수거함으로 배출하여 국내 또는 국외로 판매하여 재사용하고 있습니다. · 다만, 솜이불, 베개, 방석, 베개 커버 등 일부 의류수거함으로 배출하기 어려운 품목이 있으며 해당 품목들은 일반폐기물, 대형폐기물, 재활용폐기물 배출방법에 의거하여 배출하여 주셔야 합니다.', '· 의류수거함으로 배출할 수 있는 제품은 정해져 있으므로 배출가능 대상 품목을 확인한 후 배출', '2026-05-18', 0, '["일반폐기물", "일반종량제폐기물"]');
INSERT INTO aliases (item_id, alias, alias_lower, source) VALUES ('베개커버', '베개 꼬까옷', '베개 꼬까옷', 'rule');
INSERT INTO aliases (item_id, alias, alias_lower, source) VALUES ('베개커버', '베개 덮는 천', '베개 덮는 천', 'rule');
INSERT INTO aliases (item_id, alias, alias_lower, source) VALUES ('베개커버', '베개 씌우개', '베개 씌우개', 'rule');
INSERT INTO aliases (item_id, alias, alias_lower, source) VALUES ('베개커버', '베개껍데기', '베개껍데기', 'rule');
INSERT INTO aliases (item_id, alias, alias_lower, source) VALUES ('베개커버', '베개덮개', '베개덮개', 'rule');
INSERT INTO aliases (item_id, alias, alias_lower, source) VALUES ('베개커버', '베개싸개', '베개싸개', 'rule');
INSERT INTO aliases (item_id, alias, alias_lower, source) VALUES ('베개커버', '베개옷', '베개옷', 'rule');
INSERT INTO aliases (item_id, alias, alias_lower, source) VALUES ('베개커버', '베갯보', '베갯보', 'rule');
INSERT INTO aliases (item_id, alias, alias_lower, source) VALUES ('베개커버', '베갯잇', '베갯잇', 'rule');
INSERT INTO aliases (item_id, alias, alias_lower, source) VALUES ('베개커버', '베갯피', '베갯피', 'rule');
INSERT INTO aliases (item_id, alias, alias_lower, source) VALUES ('베개커버', '필로우 케이스', '필로우 케이스', 'rule');
INSERT INTO aliases (item_id, alias, alias_lower, source) VALUES ('베개커버', '필로우커버', '필로우커버', 'rule');
INSERT OR REPLACE INTO items (id, name, category, note, steps, confidence, source_url, source_name, source_grade, feature, caution, last_verified, region_variation, official_classification) VALUES ('배변패드', '배변패드', 'general', '· 배변패드는 애완동물의 오물을 흡수하기 위하여 사용하는 제품으로 부직포, 흡수체, 펄프 등이 혼합된 복합재질 제품입니다. ※ 배출방법은 지역별로 차이가 있을 수 있으니, 해당 지방자치단체에서 정하는 방법이 있는 경우에는 해당 방법에 따라 배출하시기 바랍니다. 가까운 분리배출 장소를 확인해보세요. 현재 위치에 가까운 배출장소가 없습니다. 근처의 다른 지역을', '["배변패드는 종량제봉투로 배출합니다."]', 'high', 'https://www.xn--oy2b29bd3a601b.kr/front/dischargeMethod/dictionaryView.do?niIdx=380', '분리배출.kr (한국폐기물협회·환경부)', 'A', '· 배변패드는 애완동물의 오물을 흡수하기 위하여 사용하는 제품으로 부직포, 흡수체, 펄프 등이 혼합된 복합재질 제품입니다. ※ 배출방법은 지역별로 차이가 있을 수 있으니, 해당 지방자치단체에서 정하는 방법이 있는 경우에는 해당 방법에 따라 배출하시기 바랍니다. 가까운 분리배출 장소를 확인해보세요. 현재 위치에 가까운 배출장소가 없습니다. 근처의 다른 지역을 검색해보세요. 현 위치 배출장소 전...', '', '2026-05-18', 0, '["일반폐기물", "일반종량제폐기물"]');
INSERT INTO aliases (item_id, alias, alias_lower, source) VALUES ('배변패드', 'Potty pad', 'potty pad', 'rule');
INSERT INTO aliases (item_id, alias, alias_lower, source) VALUES ('배변패드', '강아지 소변패드', '강아지 소변패드', 'rule');
INSERT INTO aliases (item_id, alias, alias_lower, source) VALUES ('배변패드', '강아지패드', '강아지패드', 'rule');
INSERT INTO aliases (item_id, alias, alias_lower, source) VALUES ('배변패드', '멍멍이패드', '멍멍이패드', 'rule');
INSERT INTO aliases (item_id, alias, alias_lower, source) VALUES ('배변패드', '배패', '배패', 'rule');
INSERT INTO aliases (item_id, alias, alias_lower, source) VALUES ('배변패드', '새장', '새장', 'rule');
INSERT INTO aliases (item_id, alias, alias_lower, source) VALUES ('배변패드', '소변패드', '소변패드', 'rule');
INSERT INTO aliases (item_id, alias, alias_lower, source) VALUES ('배변패드', '쉬야패드', '쉬야패드', 'rule');
INSERT INTO aliases (item_id, alias, alias_lower, source) VALUES ('배변패드', '응가패드', '응가패드', 'rule');
INSERT INTO aliases (item_id, alias, alias_lower, source) VALUES ('배변패드', '펫패드', '펫패드', 'rule');
INSERT INTO aliases (item_id, alias, alias_lower, source) VALUES ('배변패드', '피패드', '피패드', 'rule');
INSERT OR REPLACE INTO items (id, name, category, note, steps, confidence, source_url, source_name, source_grade, feature, caution, last_verified, region_variation, official_classification) VALUES ('보냉가방', '보냉가방', 'general', '· 보냉가방은 온도를 유지하여 내용물을 신선하게 보호하기 위하여 제작한 가방으로 외부는 합성섬유로 제작하고 있으며, 내부는 은박지, 타포린, PEVA 소재 등으로 제작하고 있습니다. · 보냉가방은 다양한 재질이 혼합된 복합재질 제품으로 재활용이 어렵습니다. · 크기가 큰 제품은 대형폐기물로 배출해야 하며, 일부 대형폐기물 품목에 기재되지 않은 물품은 종류', '["보냉가방은 종량제봉투로 배출합니다."]', 'high', 'https://www.xn--oy2b29bd3a601b.kr/front/dischargeMethod/dictionaryView.do?niIdx=381', '분리배출.kr (한국폐기물협회·환경부)', 'A', '· 보냉가방은 온도를 유지하여 내용물을 신선하게 보호하기 위하여 제작한 가방으로 외부는 합성섬유로 제작하고 있으며, 내부는 은박지, 타포린, PEVA 소재 등으로 제작하고 있습니다. · 보냉가방은 다양한 재질이 혼합된 복합재질 제품으로 재활용이 어렵습니다. · 크기가 큰 제품은 대형폐기물로 배출해야 하며, 일부 대형폐기물 품목에 기재되지 않은 물품은 종류 및 규격을 감안하여 유사한 품목 수수...', '', '2026-05-18', 0, '["일반폐기물", "일반종량제폐기물"]');
INSERT INTO aliases (item_id, alias, alias_lower, source) VALUES ('보냉가방', '골판지 상자', '골판지 상자', 'rule');
INSERT INTO aliases (item_id, alias, alias_lower, source) VALUES ('보냉가방', '냉장가방', '냉장가방', 'rule');
INSERT INTO aliases (item_id, alias, alias_lower, source) VALUES ('보냉가방', '락앤락 보냉백', '락앤락 보냉백', 'rule');
INSERT INTO aliases (item_id, alias, alias_lower, source) VALUES ('보냉가방', '런치백', '런치백', 'rule');
INSERT INTO aliases (item_id, alias, alias_lower, source) VALUES ('보냉가방', '보냉백', '보냉백', 'rule');
INSERT INTO aliases (item_id, alias, alias_lower, source) VALUES ('보냉가방', '보냉이', '보냉이', 'rule');
INSERT INTO aliases (item_id, alias, alias_lower, source) VALUES ('보냉가방', '보온가방', '보온가방', 'rule');
INSERT INTO aliases (item_id, alias, alias_lower, source) VALUES ('보냉가방', '아이스박스', '아이스박스', 'rule');
INSERT INTO aliases (item_id, alias, alias_lower, source) VALUES ('보냉가방', '아이스백', '아이스백', 'rule');
INSERT INTO aliases (item_id, alias, alias_lower, source) VALUES ('보냉가방', '종이 보냉박스', '종이 보냉박스', 'rule');
INSERT INTO aliases (item_id, alias, alias_lower, source) VALUES ('보냉가방', '차갑이가방', '차갑이가방', 'rule');
INSERT INTO aliases (item_id, alias, alias_lower, source) VALUES ('보냉가방', '캠핑 쿨러백', '캠핑 쿨러백', 'rule');
INSERT INTO aliases (item_id, alias, alias_lower, source) VALUES ('보냉가방', '콜맨 쿨러백', '콜맨 쿨러백', 'rule');
INSERT INTO aliases (item_id, alias, alias_lower, source) VALUES ('보냉가방', '쿨러백', '쿨러백', 'rule');
INSERT INTO aliases (item_id, alias, alias_lower, source) VALUES ('보냉가방', '택배 상자', '택배 상자', 'rule');
INSERT INTO aliases (item_id, alias, alias_lower, source) VALUES ('보냉가방', '피크닉 가방', '피크닉 가방', 'rule');
INSERT OR REPLACE INTO items (id, name, category, note, steps, confidence, source_url, source_name, source_grade, feature, caution, last_verified, region_variation, official_classification) VALUES ('플라스틱 재질의 머리빗', '플라스틱 재질의 머리빗', 'general', '· 빗은 용도에 따라 브러쉬 빗, 롤 브러쉬, 도끼 빗 등 다양한 종류가 있으며, 플라스틱, 고무 등 다양한 재질이 혼합된 복합재질 제품입니다. · 복합재질 제품은 재활용이 어려우므로 종량제봉투로 배출하여 주셔야 합니다. ※ 배출방법은 지역별로 차이가 있을 수 있으니, 해당 지방자치단체에서 정하는 방법이 있는 경우에는 해당 방법에 따라 배출하시기 바랍니다.', '["플라스틱 재질의 머리빗은 플라스틱 수거함에 배출하여 주시고, 그 외 재질은 재질별 수거함에 배출합니다.", "복합재질의 머리빗은 재활용이 어려우므로 종량제봉투로 배출합니다."]', 'high', 'https://www.xn--oy2b29bd3a601b.kr/front/dischargeMethod/dictionaryView.do?niIdx=382', '분리배출.kr (한국폐기물협회·환경부)', 'A', '· 빗은 용도에 따라 브러쉬 빗, 롤 브러쉬, 도끼 빗 등 다양한 종류가 있으며, 플라스틱, 고무 등 다양한 재질이 혼합된 복합재질 제품입니다. · 복합재질 제품은 재활용이 어려우므로 종량제봉투로 배출하여 주셔야 합니다. ※ 배출방법은 지역별로 차이가 있을 수 있으니, 해당 지방자치단체에서 정하는 방법이 있는 경우에는 해당 방법에 따라 배출하시기 바랍니다. 가까운 분리배출 장소를 확인해보세요...', '', '2026-05-18', 0, '["재활용폐기물", "합성수지 용기류", "일반폐기물", "일반종량제폐기물"]');
INSERT INTO aliases (item_id, alias, alias_lower, source) VALUES ('플라스틱 재질의 머리빗', '플라스틱재질의머리빗', '플라스틱재질의머리빗', 'rule');
INSERT OR REPLACE INTO items (id, name, category, note, steps, confidence, source_url, source_name, source_grade, feature, caution, last_verified, region_variation, official_classification) VALUES ('빗자루', '빗자루', 'furniture', '· 빗자루는 크기가 다양하며, 종류에 따라 다양한 재질이 혼합된 경우가 많습니다. · 복합재질 제품은 재활용이 어려우므로 종량제봉투로 배출하여 주셔야 합니다. · 크기가 큰 제품은 대형폐기물로 배출해야 하며, 일부 대형폐기물 품목에 기재되지 않은 물품은 종류 및 규격을 감안하여 유사한 품목 수수료에 준하여 책정하고 있습니다. ※ 배출방법은 지역별로 차이가', '["빗자루는 종량제봉투로 배출합니다.", "크기가 커 종량제봉투로 배출하기 어려운 경우에는 대형폐기물로 배출합니다."]', 'high', 'https://www.xn--oy2b29bd3a601b.kr/front/dischargeMethod/dictionaryView.do?niIdx=383', '분리배출.kr (한국폐기물협회·환경부)', 'A', '· 빗자루는 크기가 다양하며, 종류에 따라 다양한 재질이 혼합된 경우가 많습니다. · 복합재질 제품은 재활용이 어려우므로 종량제봉투로 배출하여 주셔야 합니다. · 크기가 큰 제품은 대형폐기물로 배출해야 하며, 일부 대형폐기물 품목에 기재되지 않은 물품은 종류 및 규격을 감안하여 유사한 품목 수수료에 준하여 책정하고 있습니다. ※ 배출방법은 지역별로 차이가 있을 수 있으니, 해당 지방자치단체에...', '', '2026-05-18', 0, '["일반폐기물", "일반종량제폐기물", "대형폐기물"]');
INSERT INTO aliases (item_id, alias, alias_lower, source) VALUES ('빗자루', 'broom', 'broom', 'rule');
INSERT INTO aliases (item_id, alias, alias_lower, source) VALUES ('빗자루', '다이소 빗자루', '다이소 빗자루', 'rule');
INSERT INTO aliases (item_id, alias, alias_lower, source) VALUES ('빗자루', '막대 빗자루', '막대 빗자루', 'rule');
INSERT INTO aliases (item_id, alias, alias_lower, source) VALUES ('빗자루', '바닥 빗자루', '바닥 빗자루', 'rule');
INSERT INTO aliases (item_id, alias, alias_lower, source) VALUES ('빗자루', '브룸', '브룸', 'rule');
INSERT INTO aliases (item_id, alias, alias_lower, source) VALUES ('빗자루', '비레', '비레', 'rule');
INSERT INTO aliases (item_id, alias, alias_lower, source) VALUES ('빗자루', '비짜루', '비짜루', 'rule');
INSERT INTO aliases (item_id, alias, alias_lower, source) VALUES ('빗자루', '실내용 빗자루', '실내용 빗자루', 'rule');
INSERT INTO aliases (item_id, alias, alias_lower, source) VALUES ('빗자루', '쓰레기 빗자루', '쓰레기 빗자루', 'rule');
INSERT INTO aliases (item_id, alias, alias_lower, source) VALUES ('빗자루', '쓸개', '쓸개', 'rule');
INSERT INTO aliases (item_id, alias, alias_lower, source) VALUES ('빗자루', '청소빗', '청소빗', 'rule');
INSERT INTO aliases (item_id, alias, alias_lower, source) VALUES ('빗자루', '청소용 빗자루', '청소용 빗자루', 'rule');
INSERT OR REPLACE INTO items (id, name, category, note, steps, confidence, source_url, source_name, source_grade, feature, caution, last_verified, region_variation, official_classification) VALUES ('빨대', '빨대', 'can', '· 빨대는 음료를 마실 때 사용하는 제품으로 고철(스테인리스) 또는 합성수지 단일재질(PP)로 제작하고 있습니다. · 빨대와 같이 크기가 작은 플라스틱은 이물질이 묻어 있지 않은 경우에는 플라스틱으로 배출합니다. ※ 배출방법은 지역별로 차이가 있을 수 있으니, 해당 지방자치단체에서 정하는 방법이 있는 경우에는 해당 방법에 따라 배출하시기 바랍니다. 가까운', '["빨대는 재질에 맞게 플라스틱류 수거함, 고철수거함으로 배출합니다."]', 'high', 'https://www.xn--oy2b29bd3a601b.kr/front/dischargeMethod/dictionaryView.do?niIdx=384', '분리배출.kr (한국폐기물협회·환경부)', 'A', '· 빨대는 음료를 마실 때 사용하는 제품으로 고철(스테인리스) 또는 합성수지 단일재질(PP)로 제작하고 있습니다. · 빨대와 같이 크기가 작은 플라스틱은 이물질이 묻어 있지 않은 경우에는 플라스틱으로 배출합니다. ※ 배출방법은 지역별로 차이가 있을 수 있으니, 해당 지방자치단체에서 정하는 방법이 있는 경우에는 해당 방법에 따라 배출하시기 바랍니다. 가까운 분리배출 장소를 확인해보세요. 현재...', '', '2026-05-18', 0, '["재활용폐기물", "합성수지 용기류", "금속류", "고철"]');
INSERT INTO aliases (item_id, alias, alias_lower, source) VALUES ('빨대', '대롱', '대롱', 'rule');
INSERT INTO aliases (item_id, alias, alias_lower, source) VALUES ('빨대', '드링킹스트로', '드링킹스트로', 'rule');
INSERT INTO aliases (item_id, alias, alias_lower, source) VALUES ('빨대', '버블티빨대', '버블티빨대', 'rule');
INSERT INTO aliases (item_id, alias, alias_lower, source) VALUES ('빨대', '빨대스트로우', '빨대스트로우', 'rule');
INSERT INTO aliases (item_id, alias, alias_lower, source) VALUES ('빨대', '스텐빨대', '스텐빨대', 'rule');
INSERT INTO aliases (item_id, alias, alias_lower, source) VALUES ('빨대', '스트로', '스트로', 'rule');
INSERT INTO aliases (item_id, alias, alias_lower, source) VALUES ('빨대', '음료빨대', '음료빨대', 'rule');
INSERT INTO aliases (item_id, alias, alias_lower, source) VALUES ('빨대', '일회용빨대', '일회용빨대', 'rule');
INSERT INTO aliases (item_id, alias, alias_lower, source) VALUES ('빨대', '종이빨대', '종이빨대', 'rule');
INSERT INTO aliases (item_id, alias, alias_lower, source) VALUES ('빨대', '쭈쭈빨대', '쭈쭈빨대', 'rule');
INSERT INTO aliases (item_id, alias, alias_lower, source) VALUES ('빨대', '카페빨대', '카페빨대', 'rule');
INSERT INTO aliases (item_id, alias, alias_lower, source) VALUES ('빨대', '플라스틱빨대', '플라스틱빨대', 'rule');
INSERT OR REPLACE INTO items (id, name, category, note, steps, confidence, source_url, source_name, source_grade, feature, caution, last_verified, region_variation, official_classification) VALUES ('돼지뼈', '돼지뼈', 'general', '· 음식물류폐기물은 재활용과정을 거쳐 동물의 사료, 퇴비(비료), 바이오가스로 재활용하고 있습니다. · 동물의 뼈와 같이 딱딱한 물질이 처리시설에 반입되면 분쇄시 설비 고장을 일으킬 수 있으므로 종량제봉투로 배출하여야 합니다. ※ 배출방법은 지역별로 차이가 있을 수 있으니, 해당 지방자치단체에서 정하는 방법이 있는 경우에는 해당 방법에 따라 배출하시기 바랍', '["돼지뼈는 종량제봉투로 배출합니다."]', 'high', 'https://www.xn--oy2b29bd3a601b.kr/front/dischargeMethod/dictionaryView.do?niIdx=385', '분리배출.kr (한국폐기물협회·환경부)', 'A', '· 음식물류폐기물은 재활용과정을 거쳐 동물의 사료, 퇴비(비료), 바이오가스로 재활용하고 있습니다. · 동물의 뼈와 같이 딱딱한 물질이 처리시설에 반입되면 분쇄시 설비 고장을 일으킬 수 있으므로 종량제봉투로 배출하여야 합니다. ※ 배출방법은 지역별로 차이가 있을 수 있으니, 해당 지방자치단체에서 정하는 방법이 있는 경우에는 해당 방법에 따라 배출하시기 바랍니다. 가까운 분리배출 장소를 확인해...', '', '2026-05-18', 0, '["일반폐기물", "일반종량제폐기물"]');
INSERT INTO aliases (item_id, alias, alias_lower, source) VALUES ('돼지뼈', 'pig bone', 'pig bone', 'rule');
INSERT INTO aliases (item_id, alias, alias_lower, source) VALUES ('돼지뼈', 'pork bone', 'pork bone', 'rule');
INSERT INTO aliases (item_id, alias, alias_lower, source) VALUES ('돼지뼈', '돈골', '돈골', 'rule');
INSERT INTO aliases (item_id, alias, alias_lower, source) VALUES ('돼지뼈', '돼지갈비뼈', '돼지갈비뼈', 'rule');
INSERT INTO aliases (item_id, alias, alias_lower, source) VALUES ('돼지뼈', '돼지고기뼈', '돼지고기뼈', 'rule');
INSERT INTO aliases (item_id, alias, alias_lower, source) VALUES ('돼지뼈', '돼지뼈다구', '돼지뼈다구', 'rule');
INSERT INTO aliases (item_id, alias, alias_lower, source) VALUES ('돼지뼈', '돼지뼈다귀', '돼지뼈다귀', 'rule');
INSERT INTO aliases (item_id, alias, alias_lower, source) VALUES ('돼지뼈', '돼지뼈따구', '돼지뼈따구', 'rule');
INSERT INTO aliases (item_id, alias, alias_lower, source) VALUES ('돼지뼈', '돼지뼈조각', '돼지뼈조각', 'rule');
INSERT INTO aliases (item_id, alias, alias_lower, source) VALUES ('돼지뼈', '삼겹살뼈', '삼겹살뼈', 'rule');
INSERT OR REPLACE INTO items (id, name, category, note, steps, confidence, source_url, source_name, source_grade, feature, caution, last_verified, region_variation, official_classification) VALUES ('사진', '사진', 'general', '· 사진을 인화할 때 사용하는 종이는 인화지라고 불리며, 종이에 감광 유제를 바른 제품을 말합니다. · 인화지는 표면에 약품이 묻어있어 재활용이 어려우므로 종량제봉투로 배출합니다. ※ 배출방법은 지역별로 차이가 있을 수 있으니, 해당 지방자치단체에서 정하는 방법이 있는 경우에는 해당 방법에 따라 배출하시기 바랍니다. 가까운 분리배출 장소를 확인해보세요. 현', '["사진은 종량제봉투로 배출합니다."]', 'high', 'https://www.xn--oy2b29bd3a601b.kr/front/dischargeMethod/dictionaryView.do?niIdx=386', '분리배출.kr (한국폐기물협회·환경부)', 'A', '· 사진을 인화할 때 사용하는 종이는 인화지라고 불리며, 종이에 감광 유제를 바른 제품을 말합니다. · 인화지는 표면에 약품이 묻어있어 재활용이 어려우므로 종량제봉투로 배출합니다. ※ 배출방법은 지역별로 차이가 있을 수 있으니, 해당 지방자치단체에서 정하는 방법이 있는 경우에는 해당 방법에 따라 배출하시기 바랍니다. 가까운 분리배출 장소를 확인해보세요. 현재 위치에 가까운 배출장소가 없습니다...', '', '2026-05-18', 0, '["일반폐기물", "일반종량제폐기물"]');
INSERT INTO aliases (item_id, alias, alias_lower, source) VALUES ('사진', '기념사진', '기념사진', 'rule');
INSERT INTO aliases (item_id, alias, alias_lower, source) VALUES ('사진', '브로마이드', '브로마이드', 'rule');
INSERT INTO aliases (item_id, alias, alias_lower, source) VALUES ('사진', '사딘', '사딘', 'rule');
INSERT INTO aliases (item_id, alias, alias_lower, source) VALUES ('사진', '스냅사진', '스냅사진', 'rule');
INSERT INTO aliases (item_id, alias, alias_lower, source) VALUES ('사진', '스티커사진', '스티커사진', 'rule');
INSERT INTO aliases (item_id, alias, alias_lower, source) VALUES ('사진', '이미지', '이미지', 'rule');
INSERT INTO aliases (item_id, alias, alias_lower, source) VALUES ('사진', '인화물', '인화물', 'rule');
INSERT INTO aliases (item_id, alias, alias_lower, source) VALUES ('사진', '증명사진', '증명사진', 'rule');
INSERT INTO aliases (item_id, alias, alias_lower, source) VALUES ('사진', '포토', '포토', 'rule');
INSERT INTO aliases (item_id, alias, alias_lower, source) VALUES ('사진', '폴라로이드', '폴라로이드', 'rule');
INSERT INTO aliases (item_id, alias, alias_lower, source) VALUES ('사진', '프린트', '프린트', 'rule');
INSERT INTO aliases (item_id, alias, alias_lower, source) VALUES ('사진', '픽쳐', '픽쳐', 'rule');
INSERT OR REPLACE INTO items (id, name, category, note, steps, confidence, source_url, source_name, source_grade, feature, caution, last_verified, region_variation, official_classification) VALUES ('상패 케이스', '상패 케이스', 'general', '· 상패 케이스는 주로 크리스탈 상패를 보호하기 위하여 사용하는 제품입니다. · 상패 케이스는 벨벳(우단), 금속, 종이 등이 혼합된 복합재질 제품으로 재활용이 어렵습니다. ※ 배출방법은 지역별로 차이가 있을 수 있으니, 해당 지방자치단체에서 정하는 방법이 있는 경우에는 해당 방법에 따라 배출하시기 바랍니다. 가까운 분리배출 장소를 확인해보세요. 현재 위치', '["상패 케이스는 종량제봉투로 배출합니다."]', 'high', 'https://www.xn--oy2b29bd3a601b.kr/front/dischargeMethod/dictionaryView.do?niIdx=387', '분리배출.kr (한국폐기물협회·환경부)', 'A', '· 상패 케이스는 주로 크리스탈 상패를 보호하기 위하여 사용하는 제품입니다. · 상패 케이스는 벨벳(우단), 금속, 종이 등이 혼합된 복합재질 제품으로 재활용이 어렵습니다. ※ 배출방법은 지역별로 차이가 있을 수 있으니, 해당 지방자치단체에서 정하는 방법이 있는 경우에는 해당 방법에 따라 배출하시기 바랍니다. 가까운 분리배출 장소를 확인해보세요. 현재 위치에 가까운 배출장소가 없습니다. 근처...', '', '2026-05-18', 0, '["일반폐기물", "일반종량제폐기물"]');
INSERT INTO aliases (item_id, alias, alias_lower, source) VALUES ('상패 케이스', 'award case', 'award case', 'rule');
INSERT INTO aliases (item_id, alias, alias_lower, source) VALUES ('상패 케이스', '메달 케이스', '메달 케이스', 'rule');
INSERT INTO aliases (item_id, alias, alias_lower, source) VALUES ('상패 케이스', '상패 보관함', '상패 보관함', 'rule');
INSERT INTO aliases (item_id, alias, alias_lower, source) VALUES ('상패 케이스', '상패갑', '상패갑', 'rule');
INSERT INTO aliases (item_id, alias, alias_lower, source) VALUES ('상패 케이스', '상패통', '상패통', 'rule');
INSERT INTO aliases (item_id, alias, alias_lower, source) VALUES ('상패 케이스', '상패함', '상패함', 'rule');
INSERT INTO aliases (item_id, alias, alias_lower, source) VALUES ('상패 케이스', '수상품 케이스', '수상품 케이스', 'rule');
INSERT INTO aliases (item_id, alias, alias_lower, source) VALUES ('상패 케이스', '트로피 케이스', '트로피 케이스', 'rule');
INSERT INTO aliases (item_id, alias, alias_lower, source) VALUES ('상패 케이스', '패케이스', '패케이스', 'rule');
INSERT OR REPLACE INTO items (id, name, category, note, steps, confidence, source_url, source_name, source_grade, feature, caution, last_verified, region_variation, official_classification) VALUES ('구명조끼', '구명조끼', 'general', '· 구명조끼에는 부력을 지닌 폼 등의 소재가 포함되어 있습니다. · 구명조끼는 겉면을 잘라 스티로폼만 분리해서 배출하고 나머지는 종량제봉투로 배출합니다.', '["구명조끼는 종량제봉투로 배출합니다."]', 'high', 'https://www.xn--oy2b29bd3a601b.kr/front/dischargeMethod/dictionaryView.do?niIdx=388', '분리배출.kr (한국폐기물협회·환경부)', 'A', '· 구명조끼에는 부력을 지닌 폼 등의 소재가 포함되어 있습니다. · 구명조끼는 겉면을 잘라 스티로폼만 분리해서 배출하고 나머지는 종량제봉투로 배출합니다.', '· 스티로폼 제거후 배출', '2026-05-18', 0, '["일반폐기물", "일반종량제폐기물"]');
INSERT INTO aliases (item_id, alias, alias_lower, source) VALUES ('구명조끼', '교복', '교복', 'rule');
INSERT INTO aliases (item_id, alias, alias_lower, source) VALUES ('구명조끼', '구명복', '구명복', 'rule');
INSERT INTO aliases (item_id, alias, alias_lower, source) VALUES ('구명조끼', '구조 조끼', '구조 조끼', 'rule');
INSERT INTO aliases (item_id, alias, alias_lower, source) VALUES ('구명조끼', '군복', '군복', 'rule');
INSERT INTO aliases (item_id, alias, alias_lower, source) VALUES ('구명조끼', '뜨는 조끼', '뜨는 조끼', 'rule');
INSERT INTO aliases (item_id, alias, alias_lower, source) VALUES ('구명조끼', '라이프 베스트', '라이프 베스트', 'rule');
INSERT INTO aliases (item_id, alias, alias_lower, source) VALUES ('구명조끼', '라이프 재킷', '라이프 재킷', 'rule');
INSERT INTO aliases (item_id, alias, alias_lower, source) VALUES ('구명조끼', '물 조끼', '물 조끼', 'rule');
INSERT INTO aliases (item_id, alias, alias_lower, source) VALUES ('구명조끼', '부력조끼', '부력조끼', 'rule');
INSERT INTO aliases (item_id, alias, alias_lower, source) VALUES ('구명조끼', '비치볼', '비치볼', 'rule');
INSERT INTO aliases (item_id, alias, alias_lower, source) VALUES ('구명조끼', '생명조끼', '생명조끼', 'rule');
INSERT INTO aliases (item_id, alias, alias_lower, source) VALUES ('구명조끼', '속옷', '속옷', 'rule');
INSERT INTO aliases (item_id, alias, alias_lower, source) VALUES ('구명조끼', '수상레저조끼', '수상레저조끼', 'rule');
INSERT INTO aliases (item_id, alias, alias_lower, source) VALUES ('구명조끼', '수영복', '수영복', 'rule');
INSERT INTO aliases (item_id, alias, alias_lower, source) VALUES ('구명조끼', '스노클링 조끼', '스노클링 조끼', 'rule');
INSERT INTO aliases (item_id, alias, alias_lower, source) VALUES ('구명조끼', '안전조끼', '안전조끼', 'rule');
INSERT INTO aliases (item_id, alias, alias_lower, source) VALUES ('구명조끼', '우비', '우비', 'rule');
INSERT INTO aliases (item_id, alias, alias_lower, source) VALUES ('구명조끼', '튜브', '튜브', 'rule');
INSERT INTO aliases (item_id, alias, alias_lower, source) VALUES ('구명조끼', '플로트 베스트', '플로트 베스트', 'rule');
INSERT OR REPLACE INTO items (id, name, category, note, steps, confidence, source_url, source_name, source_grade, feature, caution, last_verified, region_variation, official_classification) VALUES ('생리대', '생리대', 'general', '· 생리대는 섬유, 흡수제, 테이프 등이 혼합된 복합재질 제품으로 재활용이 어렵습니다. ※ 배출방법은 지역별로 차이가 있을 수 있으니, 해당 지방자치단체에서 정하는 방법이 있는 경우에는 해당 방법에 따라 배출하시기 바랍니다. 가까운 분리배출 장소를 확인해보세요. 현재 위치에 가까운 배출장소가 없습니다. 근처의 다른 지역을 검색해보세요. 현 위치 배출장소 전', '["생리대는 종량제봉투로 배출합니다."]', 'high', 'https://www.xn--oy2b29bd3a601b.kr/front/dischargeMethod/dictionaryView.do?niIdx=389', '분리배출.kr (한국폐기물협회·환경부)', 'A', '· 생리대는 섬유, 흡수제, 테이프 등이 혼합된 복합재질 제품으로 재활용이 어렵습니다. ※ 배출방법은 지역별로 차이가 있을 수 있으니, 해당 지방자치단체에서 정하는 방법이 있는 경우에는 해당 방법에 따라 배출하시기 바랍니다. 가까운 분리배출 장소를 확인해보세요. 현재 위치에 가까운 배출장소가 없습니다. 근처의 다른 지역을 검색해보세요. 현 위치 배출장소 전체보기 현 지도에서 검색 장소 더보기...', '', '2026-05-18', 0, '["일반폐기물", "일반종량제폐기물"]');
INSERT INTO aliases (item_id, alias, alias_lower, source) VALUES ('생리대', '그날 용품', '그날 용품', 'rule');
INSERT INTO aliases (item_id, alias, alias_lower, source) VALUES ('생리대', '내프킨', '내프킨', 'rule');
INSERT INTO aliases (item_id, alias, alias_lower, source) VALUES ('생리대', '마법 용품', '마법 용품', 'rule');
INSERT INTO aliases (item_id, alias, alias_lower, source) VALUES ('생리대', '바디피트', '바디피트', 'rule');
INSERT INTO aliases (item_id, alias, alias_lower, source) VALUES ('생리대', '생리 패드', '생리 패드', 'rule');
INSERT INTO aliases (item_id, alias, alias_lower, source) VALUES ('생리대', '월경대', '월경대', 'rule');
INSERT INTO aliases (item_id, alias, alias_lower, source) VALUES ('생리대', '위생 패드', '위생 패드', 'rule');
INSERT INTO aliases (item_id, alias, alias_lower, source) VALUES ('생리대', '위생대', '위생대', 'rule');
INSERT INTO aliases (item_id, alias, alias_lower, source) VALUES ('생리대', '좋은느낌', '좋은느낌', 'rule');
INSERT INTO aliases (item_id, alias, alias_lower, source) VALUES ('생리대', '페미닌 패드', '페미닌 패드', 'rule');
INSERT INTO aliases (item_id, alias, alias_lower, source) VALUES ('생리대', '피받이', '피받이', 'rule');
INSERT INTO aliases (item_id, alias, alias_lower, source) VALUES ('생리대', '화이트', '화이트', 'rule');
INSERT OR REPLACE INTO items (id, name, category, note, steps, confidence, source_url, source_name, source_grade, feature, caution, last_verified, region_variation, official_classification) VALUES ('부직포 가방', '부직포 가방', 'general', '· 부직포란 섬유를 배열한 후 합성수지 접착제로 결합하여 펠트 모양으로 만든 제품으로 현재 대부분의 부직포는 합성섬유로 제작됩니다. · 합성섬유로 만든 부직포가방은 재활용이 어려우므로 종량제봉투로 배출합니다.', '["부직포 가방은 종량제봉투로 배출합니다."]', 'high', 'https://www.xn--oy2b29bd3a601b.kr/front/dischargeMethod/dictionaryView.do?niIdx=390', '분리배출.kr (한국폐기물협회·환경부)', 'A', '· 부직포란 섬유를 배열한 후 합성수지 접착제로 결합하여 펠트 모양으로 만든 제품으로 현재 대부분의 부직포는 합성섬유로 제작됩니다. · 합성섬유로 만든 부직포가방은 재활용이 어려우므로 종량제봉투로 배출합니다.', '· 의류수거함에 배출 불가', '2026-05-18', 0, '["일반폐기물", "일반종량제폐기물"]');
INSERT INTO aliases (item_id, alias, alias_lower, source) VALUES ('부직포 가방', 'Non-woven bag', 'non-woven bag', 'rule');
INSERT INTO aliases (item_id, alias, alias_lower, source) VALUES ('부직포 가방', '논우븐 가방', '논우븐 가방', 'rule');
INSERT INTO aliases (item_id, alias, alias_lower, source) VALUES ('부직포 가방', '논우븐백', '논우븐백', 'rule');
INSERT INTO aliases (item_id, alias, alias_lower, source) VALUES ('부직포 가방', '리유저블백', '리유저블백', 'rule');
INSERT INTO aliases (item_id, alias, alias_lower, source) VALUES ('부직포 가방', '부직포', '부직포', 'rule');
INSERT INTO aliases (item_id, alias, alias_lower, source) VALUES ('부직포 가방', '부직포 쇼핑백', '부직포 쇼핑백', 'rule');
INSERT INTO aliases (item_id, alias, alias_lower, source) VALUES ('부직포 가방', '부직포 에코백', '부직포 에코백', 'rule');
INSERT INTO aliases (item_id, alias, alias_lower, source) VALUES ('부직포 가방', '부직포 장바구니', '부직포 장바구니', 'rule');
INSERT INTO aliases (item_id, alias, alias_lower, source) VALUES ('부직포 가방', '부직포 주머니', '부직포 주머니', 'rule');
INSERT INTO aliases (item_id, alias, alias_lower, source) VALUES ('부직포 가방', '부직포 토트백', '부직포 토트백', 'rule');
INSERT INTO aliases (item_id, alias, alias_lower, source) VALUES ('부직포 가방', '부직포가방', '부직포가방', 'rule');
INSERT INTO aliases (item_id, alias, alias_lower, source) VALUES ('부직포 가방', '부직포백', '부직포백', 'rule');
INSERT OR REPLACE INTO items (id, name, category, note, steps, confidence, source_url, source_name, source_grade, feature, caution, last_verified, region_variation, official_classification) VALUES ('속옷', '속옷', 'clothes', '· 속옷은 의류로 재사용이 가능하나 대부분 오물이 묻어있거나 훼손되는 경우가 많아 종량제봉투로 배출합니다.', '["속옷은 종량제봉투로 배출합니다."]', 'high', 'https://www.xn--oy2b29bd3a601b.kr/front/dischargeMethod/dictionaryView.do?niIdx=391', '분리배출.kr (한국폐기물협회·환경부)', 'A', NULL, '· 의류수거함으로 배출할 수 있는 제품은 정해져 있으므로 배출가능 대상 품목을 확인한 후 배출', '2026-05-18', 0, NULL);
INSERT INTO aliases (item_id, alias, alias_lower, source) VALUES ('속옷', 'BYC', 'byc', 'rule');
INSERT INTO aliases (item_id, alias, alias_lower, source) VALUES ('속옷', '내의', '내의', 'rule');
INSERT INTO aliases (item_id, alias, alias_lower, source) VALUES ('속옷', '드로즈', '드로즈', 'rule');
INSERT INTO aliases (item_id, alias, alias_lower, source) VALUES ('속옷', '란제리', '란제리', 'rule');
INSERT INTO aliases (item_id, alias, alias_lower, source) VALUES ('속옷', '브라', '브라', 'rule');
INSERT INTO aliases (item_id, alias, alias_lower, source) VALUES ('속옷', '빤스', '빤스', 'rule');
INSERT INTO aliases (item_id, alias, alias_lower, source) VALUES ('속옷', '쌍방울', '쌍방울', 'rule');
INSERT INTO aliases (item_id, alias, alias_lower, source) VALUES ('속옷', '언더웨어', '언더웨어', 'rule');
INSERT INTO aliases (item_id, alias, alias_lower, source) VALUES ('속옷', '이너웨어', '이너웨어', 'rule');
INSERT INTO aliases (item_id, alias, alias_lower, source) VALUES ('속옷', '트라이', '트라이', 'rule');
INSERT INTO aliases (item_id, alias, alias_lower, source) VALUES ('속옷', '트렁크', '트렁크', 'rule');
INSERT OR REPLACE INTO items (id, name, category, note, steps, confidence, source_url, source_name, source_grade, feature, caution, last_verified, region_variation, official_classification) VALUES ('손난로', '손난로', 'general', '· 겨울철 보온을 위하여 사용하는 손난로는 주로 철가루가 포함된 가루 손난로와 젤 형태의 액체형 손난로가 있습니다. · 가루 손난로는 철가루가 포함되어 있으나 금속으로 재활용하기 어려우므로 종량제봉투로 배출합니다. · 액체형 손난로는 플라스틱의 포장재와 젤 형태의 액상이 들어있어 재활용이 어려우므로 종량제봉투로 배출합니다. ※ 배출방법은 지역별로 차이가 있', '["손난로는 종량제봉투로 배출합니다."]', 'high', 'https://www.xn--oy2b29bd3a601b.kr/front/dischargeMethod/dictionaryView.do?niIdx=392', '분리배출.kr (한국폐기물협회·환경부)', 'A', '· 겨울철 보온을 위하여 사용하는 손난로는 주로 철가루가 포함된 가루 손난로와 젤 형태의 액체형 손난로가 있습니다. · 가루 손난로는 철가루가 포함되어 있으나 금속으로 재활용하기 어려우므로 종량제봉투로 배출합니다. · 액체형 손난로는 플라스틱의 포장재와 젤 형태의 액상이 들어있어 재활용이 어려우므로 종량제봉투로 배출합니다. ※ 배출방법은 지역별로 차이가 있을 수 있으니, 해당 지방자치단체에서...', '', '2026-05-18', 0, '["일반폐기물", "일반종량제폐기물"]');
INSERT INTO aliases (item_id, alias, alias_lower, source) VALUES ('손난로', '따끈따끈이', '따끈따끈이', 'rule');
INSERT INTO aliases (item_id, alias, alias_lower, source) VALUES ('손난로', '따끈이', '따끈이', 'rule');
INSERT INTO aliases (item_id, alias, alias_lower, source) VALUES ('손난로', '따뜻팩', '따뜻팩', 'rule');
INSERT INTO aliases (item_id, alias, alias_lower, source) VALUES ('손난로', '붙이는 손난로', '붙이는 손난로', 'rule');
INSERT INTO aliases (item_id, alias, alias_lower, source) VALUES ('손난로', '온열팩', '온열팩', 'rule');
INSERT INTO aliases (item_id, alias, alias_lower, source) VALUES ('손난로', '주머니난로', '주머니난로', 'rule');
INSERT INTO aliases (item_id, alias, alias_lower, source) VALUES ('손난로', '지포 손난로', '지포 손난로', 'rule');
INSERT INTO aliases (item_id, alias, alias_lower, source) VALUES ('손난로', '찜질팩', '찜질팩', 'rule');
INSERT INTO aliases (item_id, alias, alias_lower, source) VALUES ('손난로', '후끈이', '후끈이', 'rule');
INSERT OR REPLACE INTO items (id, name, category, note, steps, confidence, source_url, source_name, source_grade, feature, caution, last_verified, region_variation, official_classification) VALUES ('수영가방', '수영가방', 'general', '· 수영 가방은 크기가 다양하며, PVC, 타포린, PU, EVA 등 다양한 재질로 제작됩니다. · 가정에서 발생하는 PVC, 타포린, EVA 재질의 제품은 주로 소량으로 발생하며, 재활용이 어렵습니다. · PVC제품은 일반 플라스틱과 물성이 달라서 플라스틱으로 배출시 재활용이 되지 않습니다.', '["수영가방은 종량제봉투로 배출합니다."]', 'high', 'https://www.xn--oy2b29bd3a601b.kr/front/dischargeMethod/dictionaryView.do?niIdx=393', '분리배출.kr (한국폐기물협회·환경부)', 'A', '· 수영 가방은 크기가 다양하며, PVC, 타포린, PU, EVA 등 다양한 재질로 제작됩니다. · 가정에서 발생하는 PVC, 타포린, EVA 재질의 제품은 주로 소량으로 발생하며, 재활용이 어렵습니다. · PVC제품은 일반 플라스틱과 물성이 달라서 플라스틱으로 배출시 재활용이 되지 않습니다.', '·PVC 제품은 재활용이 어려워 종량제봉투 또는 대형폐기물로 배출', '2026-05-18', 0, '["일반폐기물", "일반종량제폐기물"]');
INSERT INTO aliases (item_id, alias, alias_lower, source) VALUES ('수영가방', '메쉬백', '메쉬백', 'rule');
INSERT INTO aliases (item_id, alias, alias_lower, source) VALUES ('수영가방', '물놀이가방', '물놀이가방', 'rule');
INSERT INTO aliases (item_id, alias, alias_lower, source) VALUES ('수영가방', '물놀이백', '물놀이백', 'rule');
INSERT INTO aliases (item_id, alias, alias_lower, source) VALUES ('수영가방', '비치가방', '비치가방', 'rule');
INSERT INTO aliases (item_id, alias, alias_lower, source) VALUES ('수영가방', '수영백', '수영백', 'rule');
INSERT INTO aliases (item_id, alias, alias_lower, source) VALUES ('수영가방', '수영이 가방', '수영이 가방', 'rule');
INSERT INTO aliases (item_id, alias, alias_lower, source) VALUES ('수영가방', '수영장가방', '수영장가방', 'rule');
INSERT INTO aliases (item_id, alias, alias_lower, source) VALUES ('수영가방', '스위밍백', '스위밍백', 'rule');
INSERT INTO aliases (item_id, alias, alias_lower, source) VALUES ('수영가방', '스윔백', '스윔백', 'rule');
INSERT INTO aliases (item_id, alias, alias_lower, source) VALUES ('수영가방', '스피도 수영가방', '스피도 수영가방', 'rule');
INSERT INTO aliases (item_id, alias, alias_lower, source) VALUES ('수영가방', '아레나 수영가방', '아레나 수영가방', 'rule');
INSERT INTO aliases (item_id, alias, alias_lower, source) VALUES ('수영가방', '워터스포츠백', '워터스포츠백', 'rule');
INSERT OR REPLACE INTO items (id, name, category, note, steps, confidence, source_url, source_name, source_grade, feature, caution, last_verified, region_variation, official_classification) VALUES ('볼펜', '볼펜', 'general', '· 볼펜은 플라스틱, 금속(스프링), 기타(잉크) 등이 혼합된 복합재질 제품으로 재활용이 어렵습니다.', '["볼펜은 종량제봉투로 배출합니다."]', 'high', 'https://www.xn--oy2b29bd3a601b.kr/front/dischargeMethod/dictionaryView.do?niIdx=394', '분리배출.kr (한국폐기물협회·환경부)', 'A', '· 볼펜은 플라스틱, 금속(스프링), 기타(잉크) 등이 혼합된 복합재질 제품으로 재활용이 어렵습니다.', '· 재질별로 분리하기 어려운 경우에는 제품 그대로 배출', '2026-05-18', 0, '["일반폐기물", "일반종량제폐기물"]');
INSERT INTO aliases (item_id, alias, alias_lower, source) VALUES ('볼펜', 'ballpoint', 'ballpoint', 'rule');
INSERT INTO aliases (item_id, alias, alias_lower, source) VALUES ('볼펜', 'ballpoint pen', 'ballpoint pen', 'rule');
INSERT INTO aliases (item_id, alias, alias_lower, source) VALUES ('볼펜', '검정펜', '검정펜', 'rule');
INSERT INTO aliases (item_id, alias, alias_lower, source) VALUES ('볼펜', '글씨펜', '글씨펜', 'rule');
INSERT INTO aliases (item_id, alias, alias_lower, source) VALUES ('볼펜', '동아펜', '동아펜', 'rule');
INSERT INTO aliases (item_id, alias, alias_lower, source) VALUES ('볼펜', '모나미', '모나미', 'rule');
INSERT INTO aliases (item_id, alias, alias_lower, source) VALUES ('볼펜', '볼포인트펜', '볼포인트펜', 'rule');
INSERT INTO aliases (item_id, alias, alias_lower, source) VALUES ('볼펜', '빅볼펜', '빅볼펜', 'rule');
INSERT INTO aliases (item_id, alias, alias_lower, source) VALUES ('볼펜', '제트스트림', '제트스트림', 'rule');
INSERT INTO aliases (item_id, alias, alias_lower, source) VALUES ('볼펜', '파란펜', '파란펜', 'rule');
INSERT INTO aliases (item_id, alias, alias_lower, source) VALUES ('볼펜', '필기펜', '필기펜', 'rule');
INSERT OR REPLACE INTO items (id, name, category, note, steps, confidence, source_url, source_name, source_grade, feature, caution, last_verified, region_variation, official_classification) VALUES ('샤워기', '샤워기', 'general', '· 샤워기는 플라스틱, 고무, 스테인리스(금속) 등이 혼합된 복합재질 제품으로 재활용이 어렵습니다.', '["샤워기는 종량제봉투로 배출합니다."]', 'high', 'https://www.xn--oy2b29bd3a601b.kr/front/dischargeMethod/dictionaryView.do?niIdx=395', '분리배출.kr (한국폐기물협회·환경부)', 'A', '· 샤워기는 플라스틱, 고무, 스테인리스(금속) 등이 혼합된 복합재질 제품으로 재활용이 어렵습니다.', '· 샤워기 호스는 감아서 묶어 배출', '2026-05-18', 0, '["일반폐기물", "일반종량제폐기물"]');
INSERT INTO aliases (item_id, alias, alias_lower, source) VALUES ('샤워기', 'shower', 'shower', 'rule');
INSERT INTO aliases (item_id, alias, alias_lower, source) VALUES ('샤워기', 'shower head', 'shower head', 'rule');
INSERT INTO aliases (item_id, alias, alias_lower, source) VALUES ('샤워기', '고정샤워', '고정샤워', 'rule');
INSERT INTO aliases (item_id, alias, alias_lower, source) VALUES ('샤워기', '목욕샤워', '목욕샤워', 'rule');
INSERT INTO aliases (item_id, alias, alias_lower, source) VALUES ('샤워기', '샤워', '샤워', 'rule');
INSERT INTO aliases (item_id, alias, alias_lower, source) VALUES ('샤워기', '샤워기 헤드', '샤워기 헤드', 'rule');
INSERT INTO aliases (item_id, alias, alias_lower, source) VALUES ('샤워기', '샤워꼭지', '샤워꼭지', 'rule');
INSERT INTO aliases (item_id, alias, alias_lower, source) VALUES ('샤워기', '샤워대', '샤워대', 'rule');
INSERT INTO aliases (item_id, alias, alias_lower, source) VALUES ('샤워기', '샤워헤드', '샤워헤드', 'rule');
INSERT INTO aliases (item_id, alias, alias_lower, source) VALUES ('샤워기', '욕실 샤워', '욕실 샤워', 'rule');
INSERT INTO aliases (item_id, alias, alias_lower, source) VALUES ('샤워기', '해바라기샤워', '해바라기샤워', 'rule');
INSERT INTO aliases (item_id, alias, alias_lower, source) VALUES ('샤워기', '핸드샤워', '핸드샤워', 'rule');
INSERT OR REPLACE INTO items (id, name, category, note, steps, confidence, source_url, source_name, source_grade, feature, caution, last_verified, region_variation, official_classification) VALUES ('배수구트랩', '배수구트랩', 'general', '· 배수구 트랩은 주로 하수구에서 올라오는 악취와 벌레를 차단하기 위해 사용하는 제품으로 주로 PVC, 스테인리스(금속) 등이 혼합된 복합재질 제품이며 크기가 작아 재활용이 어렵습니다. ※ 배출방법은 지역별로 차이가 있을 수 있으니, 해당 지방자치단체에서 정하는 방법이 있는 경우에는 해당 방법에 따라 배출하시기 바랍니다. 가까운 분리배출 장소를 확인해보세요', '["배수구트랩은 종량제봉투로 배출합니다."]', 'high', 'https://www.xn--oy2b29bd3a601b.kr/front/dischargeMethod/dictionaryView.do?niIdx=396', '분리배출.kr (한국폐기물협회·환경부)', 'A', '· 배수구 트랩은 주로 하수구에서 올라오는 악취와 벌레를 차단하기 위해 사용하는 제품으로 주로 PVC, 스테인리스(금속) 등이 혼합된 복합재질 제품이며 크기가 작아 재활용이 어렵습니다. ※ 배출방법은 지역별로 차이가 있을 수 있으니, 해당 지방자치단체에서 정하는 방법이 있는 경우에는 해당 방법에 따라 배출하시기 바랍니다. 가까운 분리배출 장소를 확인해보세요. 현재 위치에 가까운 배출장소가 없...', '', '2026-05-18', 0, '["일반폐기물", "일반종량제폐기물"]');
INSERT INTO aliases (item_id, alias, alias_lower, source) VALUES ('배수구트랩', 'P트랩', 'p트랩', 'rule');
INSERT INTO aliases (item_id, alias, alias_lower, source) VALUES ('배수구트랩', 'S트랩', 's트랩', 'rule');
INSERT INTO aliases (item_id, alias, alias_lower, source) VALUES ('배수구트랩', 'U트랩', 'u트랩', 'rule');
INSERT INTO aliases (item_id, alias, alias_lower, source) VALUES ('배수구트랩', 'drain trap', 'drain trap', 'rule');
INSERT INTO aliases (item_id, alias, alias_lower, source) VALUES ('배수구트랩', '냄새막이', '냄새막이', 'rule');
INSERT INTO aliases (item_id, alias, alias_lower, source) VALUES ('배수구트랩', '냄새차단트랩', '냄새차단트랩', 'rule');
INSERT INTO aliases (item_id, alias, alias_lower, source) VALUES ('배수구트랩', '배관트랩', '배관트랩', 'rule');
INSERT INTO aliases (item_id, alias, alias_lower, source) VALUES ('배수구트랩', '배수트랩', '배수트랩', 'rule');
INSERT INTO aliases (item_id, alias, alias_lower, source) VALUES ('배수구트랩', '벌레막이', '벌레막이', 'rule');
INSERT INTO aliases (item_id, alias, alias_lower, source) VALUES ('배수구트랩', '싱크트랩', '싱크트랩', 'rule');
INSERT INTO aliases (item_id, alias, alias_lower, source) VALUES ('배수구트랩', '트랩', '트랩', 'rule');
INSERT INTO aliases (item_id, alias, alias_lower, source) VALUES ('배수구트랩', '하수구트랩', '하수구트랩', 'rule');
INSERT OR REPLACE INTO items (id, name, category, note, steps, confidence, source_url, source_name, source_grade, feature, caution, last_verified, region_variation, official_classification) VALUES ('샤워캡', '샤워캡', 'plastic', '· 샤워캡은 섬유, 고무, 비닐 등이 혼합된 복합재질 제품입니다. · 샤워캡이 비닐 단일재질인 경우에는 비닐류수거함으로 배출하여 주시면 재활용이 가능합니다. · 그 밖에 섬유, 고무 등이 혼합된 경우에는 재활용이 어려우므로 종량제봉투로 배출하여야 합니다. ※ 배출방법은 지역별로 차이가 있을 수 있으니, 해당 지방자치단체에서 정하는 방법이 있는 경우에는 해당', '["샤워캡은 재질에 따라 배출합니다."]', 'high', 'https://www.xn--oy2b29bd3a601b.kr/front/dischargeMethod/dictionaryView.do?niIdx=397', '분리배출.kr (한국폐기물협회·환경부)', 'A', '· 샤워캡은 섬유, 고무, 비닐 등이 혼합된 복합재질 제품입니다. · 샤워캡이 비닐 단일재질인 경우에는 비닐류수거함으로 배출하여 주시면 재활용이 가능합니다. · 그 밖에 섬유, 고무 등이 혼합된 경우에는 재활용이 어려우므로 종량제봉투로 배출하여야 합니다. ※ 배출방법은 지역별로 차이가 있을 수 있으니, 해당 지방자치단체에서 정하는 방법이 있는 경우에는 해당 방법에 따라 배출하시기 바랍니다....', '', '2026-05-18', 0, '["일반폐기물", "일반종량제폐기물", "재활용폐기물", "합성수지 비닐류", "PET, PP, PS, PE, OTHER"]');
INSERT INTO aliases (item_id, alias, alias_lower, source) VALUES ('샤워캡', '머리 보호캡', '머리 보호캡', 'rule');
INSERT INTO aliases (item_id, alias, alias_lower, source) VALUES ('샤워캡', '머리 비닐', '머리 비닐', 'rule');
INSERT INTO aliases (item_id, alias, alias_lower, source) VALUES ('샤워캡', '목욕 비닐', '목욕 비닐', 'rule');
INSERT INTO aliases (item_id, alias, alias_lower, source) VALUES ('샤워캡', '목욕모자', '목욕모자', 'rule');
INSERT INTO aliases (item_id, alias, alias_lower, source) VALUES ('샤워캡', '방수모자', '방수모자', 'rule');
INSERT INTO aliases (item_id, alias, alias_lower, source) VALUES ('샤워캡', '배쓰캡', '배쓰캡', 'rule');
INSERT INTO aliases (item_id, alias, alias_lower, source) VALUES ('샤워캡', '비닐모자', '비닐모자', 'rule');
INSERT INTO aliases (item_id, alias, alias_lower, source) VALUES ('샤워캡', '샤워 캡', '샤워 캡', 'rule');
INSERT INTO aliases (item_id, alias, alias_lower, source) VALUES ('샤워캡', '샤워기', '샤워기', 'rule');
INSERT INTO aliases (item_id, alias, alias_lower, source) VALUES ('샤워캡', '샤워커튼', '샤워커튼', 'rule');
INSERT INTO aliases (item_id, alias, alias_lower, source) VALUES ('샤워캡', '샤캡', '샤캡', 'rule');
INSERT INTO aliases (item_id, alias, alias_lower, source) VALUES ('샤워캡', '위생모자', '위생모자', 'rule');
INSERT INTO aliases (item_id, alias, alias_lower, source) VALUES ('샤워캡', '일회용 모자', '일회용 모자', 'rule');
INSERT INTO aliases (item_id, alias, alias_lower, source) VALUES ('샤워캡', '헤어캡', '헤어캡', 'rule');
INSERT OR REPLACE INTO items (id, name, category, note, steps, confidence, source_url, source_name, source_grade, feature, caution, last_verified, region_variation, official_classification) VALUES ('샤워커튼', '샤워커튼', 'general', '· 샤워커튼은 면, 폴리에스테르, PVC, PEVA, 폴리에스터 등 다양한 재질이 혼합된 복합재질 제품으로 재활용이 어렵습니다. · PVC비닐은 일반 비닐과 물성이 달라서 비닐류 배출시 재활용이 되지 않습니다.', '["샤워커튼은 종량제봉투로 배출합니다."]', 'high', 'https://www.xn--oy2b29bd3a601b.kr/front/dischargeMethod/dictionaryView.do?niIdx=398', '분리배출.kr (한국폐기물협회·환경부)', 'A', '· 샤워커튼은 면, 폴리에스테르, PVC, PEVA, 폴리에스터 등 다양한 재질이 혼합된 복합재질 제품으로 재활용이 어렵습니다. · PVC비닐은 일반 비닐과 물성이 달라서 비닐류 배출시 재활용이 되지 않습니다.', '· 접어서 부피를 줄여서 배출', '2026-05-18', 0, '["일반폐기물", "일반종량제폐기물"]');
INSERT INTO aliases (item_id, alias, alias_lower, source) VALUES ('샤워커튼', 'PEVA 커튼', 'peva 커튼', 'rule');
INSERT INTO aliases (item_id, alias, alias_lower, source) VALUES ('샤워커튼', 'bath curtain', 'bath curtain', 'rule');
INSERT INTO aliases (item_id, alias, alias_lower, source) VALUES ('샤워커튼', 'shower curtain', 'shower curtain', 'rule');
INSERT INTO aliases (item_id, alias, alias_lower, source) VALUES ('샤워커튼', '목욕가리개', '목욕가리개', 'rule');
INSERT INTO aliases (item_id, alias, alias_lower, source) VALUES ('샤워커튼', '목욕커튼', '목욕커튼', 'rule');
INSERT INTO aliases (item_id, alias, alias_lower, source) VALUES ('샤워커튼', '방수커튼', '방수커튼', 'rule');
INSERT INTO aliases (item_id, alias, alias_lower, source) VALUES ('샤워커튼', '비닐커튼', '비닐커튼', 'rule');
INSERT INTO aliases (item_id, alias, alias_lower, source) VALUES ('샤워커튼', '샤워가리개', '샤워가리개', 'rule');
INSERT INTO aliases (item_id, alias, alias_lower, source) VALUES ('샤워커튼', '샤워막', '샤워막', 'rule');
INSERT INTO aliases (item_id, alias, alias_lower, source) VALUES ('샤워커튼', '욕실막', '욕실막', 'rule');
INSERT INTO aliases (item_id, alias, alias_lower, source) VALUES ('샤워커튼', '욕실커튼', '욕실커튼', 'rule');
INSERT INTO aliases (item_id, alias, alias_lower, source) VALUES ('샤워커튼', '패브릭 샤워커튼', '패브릭 샤워커튼', 'rule');
INSERT OR REPLACE INTO items (id, name, category, note, steps, confidence, source_url, source_name, source_grade, feature, caution, last_verified, region_variation, official_classification) VALUES ('가루세제', '가루세제', 'general', '· 가루로 된 세제는 하수로 배출하지 않고 종량제봉투로 배출해야 합니다.가정에서 배출하시는 세제의 양이 많아 무거워서 종량제봉투가 찢어질 우려가 있으시다면 나누어 담아 배출하시는 것이 좋습니다. · 가루세제 포장재는 비닐로 배출합니다.', '["가루세제는 흩날리지 않게 비닐에 담아서 종량제봉투로 배출합니다."]', 'high', 'https://www.xn--oy2b29bd3a601b.kr/front/dischargeMethod/dictionaryView.do?niIdx=399', '분리배출.kr (한국폐기물협회·환경부)', 'A', '· 가루로 된 세제는 하수로 배출하지 않고 종량제봉투로 배출해야 합니다.가정에서 배출하시는 세제의 양이 많아 무거워서 종량제봉투가 찢어질 우려가 있으시다면 나누어 담아 배출하시는 것이 좋습니다. · 가루세제 포장재는 비닐로 배출합니다.', '· 가루가 흩날리지 않도록 봉투에 담아 배출', '2026-05-18', 0, '["일반폐기물", "일반종량제폐기물"]');
INSERT INTO aliases (item_id, alias, alias_lower, source) VALUES ('가루세제', '가루비누', '가루비누', 'rule');
INSERT INTO aliases (item_id, alias, alias_lower, source) VALUES ('가루세제', '가루세', '가루세', 'rule');
INSERT INTO aliases (item_id, alias, alias_lower, source) VALUES ('가루세제', '분말세제', '분말세제', 'rule');
INSERT INTO aliases (item_id, alias, alias_lower, source) VALUES ('가루세제', '비트', '비트', 'rule');
INSERT INTO aliases (item_id, alias, alias_lower, source) VALUES ('가루세제', '빨래가루', '빨래가루', 'rule');
INSERT INTO aliases (item_id, alias, alias_lower, source) VALUES ('가루세제', '빨래세제', '빨래세제', 'rule');
INSERT INTO aliases (item_id, alias, alias_lower, source) VALUES ('가루세제', '세제가루', '세제가루', 'rule');
INSERT INTO aliases (item_id, alias, alias_lower, source) VALUES ('가루세제', '세탁 파우더', '세탁 파우더', 'rule');
INSERT INTO aliases (item_id, alias, alias_lower, source) VALUES ('가루세제', '세탁세제', '세탁세제', 'rule');
INSERT INTO aliases (item_id, alias, alias_lower, source) VALUES ('가루세제', '스파크', '스파크', 'rule');
INSERT INTO aliases (item_id, alias, alias_lower, source) VALUES ('가루세제', '테크', '테크', 'rule');
INSERT INTO aliases (item_id, alias, alias_lower, source) VALUES ('가루세제', '파우더세제', '파우더세제', 'rule');
INSERT OR REPLACE INTO items (id, name, category, note, steps, confidence, source_url, source_name, source_grade, feature, caution, last_verified, region_variation, official_classification) VALUES ('알약 포장재', '알약 포장재', 'general', '· 알약포장재는 플라스틱(윗면)과 알루미늄(아랫면)이 혼합된 복합재질 제품으로 재활용이 어렵습니다. ※ 배출방법은 지역별로 차이가 있을 수 있으니, 해당 지방자치단체에서 정하는 방법이 있는 경우에는 해당 방법에 따라 배출하시기 바랍니다. 가까운 분리배출 장소를 확인해보세요. 현재 위치에 가까운 배출장소가 없습니다. 근처의 다른 지역을 검색해보세요. 현 위치', '["알약 포장재는 종량제봉투로 배출합니다."]', 'high', 'https://www.xn--oy2b29bd3a601b.kr/front/dischargeMethod/dictionaryView.do?niIdx=400', '분리배출.kr (한국폐기물협회·환경부)', 'A', '· 알약포장재는 플라스틱(윗면)과 알루미늄(아랫면)이 혼합된 복합재질 제품으로 재활용이 어렵습니다. ※ 배출방법은 지역별로 차이가 있을 수 있으니, 해당 지방자치단체에서 정하는 방법이 있는 경우에는 해당 방법에 따라 배출하시기 바랍니다. 가까운 분리배출 장소를 확인해보세요. 현재 위치에 가까운 배출장소가 없습니다. 근처의 다른 지역을 검색해보세요. 현 위치 배출장소 전체보기 현 지도에서 검색...', '', '2026-05-18', 0, '["일반폐기물", "일반종량제폐기물"]');
INSERT INTO aliases (item_id, alias, alias_lower, source) VALUES ('알약 포장재', 'PTP', 'ptp', 'rule');
INSERT INTO aliases (item_id, alias, alias_lower, source) VALUES ('알약 포장재', 'PTP 포장재', 'ptp 포장재', 'rule');
INSERT INTO aliases (item_id, alias, alias_lower, source) VALUES ('알약 포장재', '개별 약포장', '개별 약포장', 'rule');
INSERT INTO aliases (item_id, alias, alias_lower, source) VALUES ('알약 포장재', '블리스터팩', '블리스터팩', 'rule');
INSERT INTO aliases (item_id, alias, alias_lower, source) VALUES ('알약 포장재', '알약 껍데기', '알약 껍데기', 'rule');
INSERT INTO aliases (item_id, alias, alias_lower, source) VALUES ('알약 포장재', '알약팩', '알약팩', 'rule');
INSERT INTO aliases (item_id, alias, alias_lower, source) VALUES ('알약 포장재', '알약포장재', '알약포장재', 'rule');
INSERT INTO aliases (item_id, alias, alias_lower, source) VALUES ('알약 포장재', '약 껍질', '약 껍질', 'rule');
INSERT INTO aliases (item_id, alias, alias_lower, source) VALUES ('알약 포장재', '약 포장', '약 포장', 'rule');
INSERT INTO aliases (item_id, alias, alias_lower, source) VALUES ('알약 포장재', '약 포장재', '약 포장재', 'rule');
INSERT INTO aliases (item_id, alias, alias_lower, source) VALUES ('알약 포장재', '은박 약포장', '은박 약포장', 'rule');
INSERT INTO aliases (item_id, alias, alias_lower, source) VALUES ('알약 포장재', '정제 포장재', '정제 포장재', 'rule');
INSERT OR REPLACE INTO items (id, name, category, note, steps, confidence, source_url, source_name, source_grade, feature, caution, last_verified, region_variation, official_classification) VALUES ('주사기', '주사기', 'general', '· 가정에서 발생하는 주사기는 폐의약품에 해당하지 않으며 의료폐기물에도 해당하지 않습니다. · 주사기는 주사기의 바늘이 외부로 노출되지 않도록 안전하게 밀봉한 후 배출합니다.', '["주사기는 충분히 감싼 후 종량제봉투로 배출합니다."]', 'high', 'https://www.xn--oy2b29bd3a601b.kr/front/dischargeMethod/dictionaryView.do?niIdx=401', '분리배출.kr (한국폐기물협회·환경부)', 'A', '· 가정에서 발생하는 주사기는 폐의약품에 해당하지 않으며 의료폐기물에도 해당하지 않습니다. · 주사기는 주사기의 바늘이 외부로 노출되지 않도록 안전하게 밀봉한 후 배출합니다.', '· 주사기의 날카로운 부분이 외부로 노출되어 사람이 찔리거나 베이지 않도록 용기에 담거나 신문지, 테이프 등을 활용하여 충분히 감싼 후 배출', '2026-05-18', 0, '["일반폐기물", "일반종량제폐기물", "생활계 유해폐기물", "기타"]');
INSERT INTO aliases (item_id, alias, alias_lower, source) VALUES ('주사기', '수액 주사기', '수액 주사기', 'rule');
INSERT INTO aliases (item_id, alias, alias_lower, source) VALUES ('주사기', '시린지', '시린지', 'rule');
INSERT INTO aliases (item_id, alias, alias_lower, source) VALUES ('주사기', '액체 주입기', '액체 주입기', 'rule');
INSERT INTO aliases (item_id, alias, alias_lower, source) VALUES ('주사기', '약 주사기', '약 주사기', 'rule');
INSERT INTO aliases (item_id, alias, alias_lower, source) VALUES ('주사기', '약물주입기', '약물주입기', 'rule');
INSERT INTO aliases (item_id, alias, alias_lower, source) VALUES ('주사기', '의료용 주사기', '의료용 주사기', 'rule');
INSERT INTO aliases (item_id, alias, alias_lower, source) VALUES ('주사기', '인젝터', '인젝터', 'rule');
INSERT INTO aliases (item_id, alias, alias_lower, source) VALUES ('주사기', '일회용 주사기', '일회용 주사기', 'rule');
INSERT INTO aliases (item_id, alias, alias_lower, source) VALUES ('주사기', '주사 도구', '주사 도구', 'rule');
INSERT INTO aliases (item_id, alias, alias_lower, source) VALUES ('주사기', '주삿대', '주삿대', 'rule');
INSERT INTO aliases (item_id, alias, alias_lower, source) VALUES ('주사기', '피하주사기', '피하주사기', 'rule');
INSERT INTO aliases (item_id, alias, alias_lower, source) VALUES ('주사기', '한약', '한약', 'rule');
INSERT OR REPLACE INTO items (id, name, category, note, steps, confidence, source_url, source_name, source_grade, feature, caution, last_verified, region_variation, official_classification) VALUES ('영양제', '영양제', 'general', '· 비타민 등 영양제는 의약외품, 건강기능식품이 있습니다. · 의약외품과 건강기능식품은 의약품에 해당하지 않으며 일반쓰레기로 배출합니다.', '["영양제는 종량제봉투로 배출합니다."]', 'high', 'https://www.xn--oy2b29bd3a601b.kr/front/dischargeMethod/dictionaryView.do?niIdx=402', '분리배출.kr (한국폐기물협회·환경부)', 'A', '· 비타민 등 영양제는 의약외품, 건강기능식품이 있습니다. · 의약외품과 건강기능식품은 의약품에 해당하지 않으며 일반쓰레기로 배출합니다.', '· 영양제가 의약품인 경우 폐의약품 수거함으로 배출', '2026-05-18', 0, '["일반폐기물", "일반종량제폐기물"]');
INSERT INTO aliases (item_id, alias, alias_lower, source) VALUES ('영양제', '건강기능식품', '건강기능식품', 'rule');
INSERT INTO aliases (item_id, alias, alias_lower, source) VALUES ('영양제', '건기식', '건기식', 'rule');
INSERT INTO aliases (item_id, alias, alias_lower, source) VALUES ('영양제', '루테인', '루테인', 'rule');
INSERT INTO aliases (item_id, alias, alias_lower, source) VALUES ('영양제', '비타민', '비타민', 'rule');
INSERT INTO aliases (item_id, alias, alias_lower, source) VALUES ('영양제', '비타민제', '비타민제', 'rule');
INSERT INTO aliases (item_id, alias, alias_lower, source) VALUES ('영양제', '서플리먼트', '서플리먼트', 'rule');
INSERT INTO aliases (item_id, alias, alias_lower, source) VALUES ('영양제', '영양보충제', '영양보충제', 'rule');
INSERT INTO aliases (item_id, alias, alias_lower, source) VALUES ('영양제', '오메가3', '오메가3', 'rule');
INSERT INTO aliases (item_id, alias, alias_lower, source) VALUES ('영양제', '종합비타민', '종합비타민', 'rule');
INSERT INTO aliases (item_id, alias, alias_lower, source) VALUES ('영양제', '캡슐', '캡슐', 'rule');
INSERT INTO aliases (item_id, alias, alias_lower, source) VALUES ('영양제', '태블릿', '태블릿', 'rule');
INSERT INTO aliases (item_id, alias, alias_lower, source) VALUES ('영양제', '홍삼', '홍삼', 'rule');
INSERT OR REPLACE INTO items (id, name, category, note, steps, confidence, source_url, source_name, source_grade, feature, caution, last_verified, region_variation, official_classification) VALUES ('깨끗한 염색약 용기', '깨끗한 염색약 용기', 'general', '· 염색약의 튜브 용기 및 캡은 내용물을 비우고 물로 헹군 후 플라스틱으로 배출합니다. · 염색약의 내용물은 재활용이 어렵습니다. · 염색약의 내용물이 소량으로 남아있는 경우에는 휴지, 키친타월 등으로 흡수시킨 후 일반쓰레기로 배출합니다. · 다량의 내용물이 남아 있어 휴지로 흡수시켜 내용물 제거가 어려운 경우 제품 그대로 일반쓰레기로 배출합니다. · 염색', '["깨끗한 염색약 용기는 플라스틱 수거함으로 배출합니다.", "내용물이 제거가 어려운 경우 종량제봉투로 배출합니다."]', 'high', 'https://www.xn--oy2b29bd3a601b.kr/front/dischargeMethod/dictionaryView.do?niIdx=403', '분리배출.kr (한국폐기물협회·환경부)', 'A', '· 염색약의 튜브 용기 및 캡은 내용물을 비우고 물로 헹군 후 플라스틱으로 배출합니다. · 염색약의 내용물은 재활용이 어렵습니다. · 염색약의 내용물이 소량으로 남아있는 경우에는 휴지, 키친타월 등으로 흡수시킨 후 일반쓰레기로 배출합니다. · 다량의 내용물이 남아 있어 휴지로 흡수시켜 내용물 제거가 어려운 경우 제품 그대로 일반쓰레기로 배출합니다. · 염색약을 미용실 등 대량 배출하는 경우에...', '', '2026-05-18', 0, '["재활용폐기물", "합성수지 용기류", "일반폐기물", "일반종량제폐기물"]');
INSERT INTO aliases (item_id, alias, alias_lower, source) VALUES ('깨끗한 염색약 용기', '깨끗한염색약용기', '깨끗한염색약용기', 'rule');
INSERT INTO aliases (item_id, alias, alias_lower, source) VALUES ('깨끗한 염색약 용기', '미쟝센 염색통', '미쟝센 염색통', 'rule');
INSERT INTO aliases (item_id, alias, alias_lower, source) VALUES ('깨끗한 염색약 용기', '염색병', '염색병', 'rule');
INSERT INTO aliases (item_id, alias, alias_lower, source) VALUES ('깨끗한 염색약 용기', '염색약 깍데기', '염색약 깍데기', 'rule');
INSERT INTO aliases (item_id, alias, alias_lower, source) VALUES ('깨끗한 염색약 용기', '염색약 통때기', '염색약 통때기', 'rule');
INSERT INTO aliases (item_id, alias, alias_lower, source) VALUES ('깨끗한 염색약 용기', '염색약병', '염색약병', 'rule');
INSERT INTO aliases (item_id, alias, alias_lower, source) VALUES ('깨끗한 염색약 용기', '염색약통', '염색약통', 'rule');
INSERT INTO aliases (item_id, alias, alias_lower, source) VALUES ('깨끗한 염색약 용기', '염색제 용기', '염색제 용기', 'rule');
INSERT INTO aliases (item_id, alias, alias_lower, source) VALUES ('깨끗한 염색약 용기', '염색통', '염색통', 'rule');
INSERT INTO aliases (item_id, alias, alias_lower, source) VALUES ('깨끗한 염색약 용기', '컬러링 보틀', '컬러링 보틀', 'rule');
INSERT INTO aliases (item_id, alias, alias_lower, source) VALUES ('깨끗한 염색약 용기', '푸딩 염색약 통', '푸딩 염색약 통', 'rule');
INSERT INTO aliases (item_id, alias, alias_lower, source) VALUES ('깨끗한 염색약 용기', '헤어 다이 보틀', '헤어 다이 보틀', 'rule');
INSERT INTO aliases (item_id, alias, alias_lower, source) VALUES ('깨끗한 염색약 용기', '헤어 스프레이', '헤어 스프레이', 'rule');
INSERT INTO aliases (item_id, alias, alias_lower, source) VALUES ('깨끗한 염색약 용기', '헤어컬러 용기', '헤어컬러 용기', 'rule');
INSERT OR REPLACE INTO items (id, name, category, note, steps, confidence, source_url, source_name, source_grade, feature, caution, last_verified, region_variation, official_classification) VALUES ('단백질 가루', '단백질 가루', 'general', '· 가루 형태의 건강보조 식품은 음식물류폐기물과 의약품에 해당하지 않으며 일반쓰레기로 배출합니다.', '["단백질 가루는 종량제봉투로 배출합니다."]', 'high', 'https://www.xn--oy2b29bd3a601b.kr/front/dischargeMethod/dictionaryView.do?niIdx=404', '분리배출.kr (한국폐기물협회·환경부)', 'A', '· 가루 형태의 건강보조 식품은 음식물류폐기물과 의약품에 해당하지 않으며 일반쓰레기로 배출합니다.', '· 가루가 흘러나오지 않도록 밀봉하여 배출', '2026-05-18', 0, '["일반폐기물", "일반종량제폐기물"]');
INSERT INTO aliases (item_id, alias, alias_lower, source) VALUES ('단백질 가루', 'protein powder', 'protein powder', 'rule');
INSERT INTO aliases (item_id, alias, alias_lower, source) VALUES ('단백질 가루', '게이너', '게이너', 'rule');
INSERT INTO aliases (item_id, alias, alias_lower, source) VALUES ('단백질 가루', '근육 가루', '근육 가루', 'rule');
INSERT INTO aliases (item_id, alias, alias_lower, source) VALUES ('단백질 가루', '근육 보충제', '근육 보충제', 'rule');
INSERT INTO aliases (item_id, alias, alias_lower, source) VALUES ('단백질 가루', '단가루', '단가루', 'rule');
INSERT INTO aliases (item_id, alias, alias_lower, source) VALUES ('단백질 가루', '단백질', '단백질', 'rule');
INSERT INTO aliases (item_id, alias, alias_lower, source) VALUES ('단백질 가루', '단백질 보충제', '단백질 보충제', 'rule');
INSERT INTO aliases (item_id, alias, alias_lower, source) VALUES ('단백질 가루', '단백질 파우더', '단백질 파우더', 'rule');
INSERT INTO aliases (item_id, alias, alias_lower, source) VALUES ('단백질 가루', '단백질가루', '단백질가루', 'rule');
INSERT INTO aliases (item_id, alias, alias_lower, source) VALUES ('단백질 가루', '웨이 프로틴', '웨이 프로틴', 'rule');
INSERT INTO aliases (item_id, alias, alias_lower, source) VALUES ('단백질 가루', '프로틴', '프로틴', 'rule');
INSERT INTO aliases (item_id, alias, alias_lower, source) VALUES ('단백질 가루', '프로틴 파우더', '프로틴 파우더', 'rule');
INSERT INTO aliases (item_id, alias, alias_lower, source) VALUES ('단백질 가루', '헬스 보충제', '헬스 보충제', 'rule');
INSERT OR REPLACE INTO items (id, name, category, note, steps, confidence, source_url, source_name, source_grade, feature, caution, last_verified, region_variation, official_classification) VALUES ('규조토 발매트', '규조토 발매트', 'general', '· 규조토 발매트는 불에 타지 않은 재질이므로 불연성폐기물로 배출합니다. ※ 배출방법은 지역별로 차이가 있을 수 있으니, 해당 지방자치단체에서 정하는 방법이 있는 경우에는 해당 방법에 따라 배출하시기 바랍니다. 가까운 분리배출 장소를 확인해보세요. 현재 위치에 가까운 배출장소가 없습니다. 근처의 다른 지역을 검색해보세요. 현 위치 배출장소 전체보기 현 지도', '["규조토 발매트는 불연성종량제봉투(특수규격마대)에 배출합니다."]', 'high', 'https://www.xn--oy2b29bd3a601b.kr/front/dischargeMethod/dictionaryView.do?niIdx=405', '분리배출.kr (한국폐기물협회·환경부)', 'A', '· 규조토 발매트는 불에 타지 않은 재질이므로 불연성폐기물로 배출합니다. ※ 배출방법은 지역별로 차이가 있을 수 있으니, 해당 지방자치단체에서 정하는 방법이 있는 경우에는 해당 방법에 따라 배출하시기 바랍니다. 가까운 분리배출 장소를 확인해보세요. 현재 위치에 가까운 배출장소가 없습니다. 근처의 다른 지역을 검색해보세요. 현 위치 배출장소 전체보기 현 지도에서 검색 장소 더보기 분리배출 장소...', '', '2026-05-18', 0, '["일반폐기물", "불연성종량제폐기물"]');
INSERT INTO aliases (item_id, alias, alias_lower, source) VALUES ('규조토 발매트', '건조 발매트', '건조 발매트', 'rule');
INSERT INTO aliases (item_id, alias, alias_lower, source) VALUES ('규조토 발매트', '규조토 깔판', '규조토 깔판', 'rule');
INSERT INTO aliases (item_id, alias, alias_lower, source) VALUES ('규조토 발매트', '규조토 매트', '규조토 매트', 'rule');
INSERT INTO aliases (item_id, alias, alias_lower, source) VALUES ('규조토 발매트', '규조토 바닥매트', '규조토 바닥매트', 'rule');
INSERT INTO aliases (item_id, alias, alias_lower, source) VALUES ('규조토 발매트', '규조토 발판', '규조토 발판', 'rule');
INSERT INTO aliases (item_id, alias, alias_lower, source) VALUES ('규조토 발매트', '규조토 풋매트', '규조토 풋매트', 'rule');
INSERT INTO aliases (item_id, alias, alias_lower, source) VALUES ('규조토 발매트', '규조토발매트', '규조토발매트', 'rule');
INSERT INTO aliases (item_id, alias, alias_lower, source) VALUES ('규조토 발매트', '규조토판', '규조토판', 'rule');
INSERT INTO aliases (item_id, alias, alias_lower, source) VALUES ('규조토 발매트', '다이아토마이트 매트', '다이아토마이트 매트', 'rule');
INSERT INTO aliases (item_id, alias, alias_lower, source) VALUES ('규조토 발매트', '대리석 상판', '대리석 상판', 'rule');
INSERT INTO aliases (item_id, alias, alias_lower, source) VALUES ('규조토 발매트', '디아토매트', '디아토매트', 'rule');
INSERT INTO aliases (item_id, alias, alias_lower, source) VALUES ('규조토 발매트', '벽돌', '벽돌', 'rule');
INSERT INTO aliases (item_id, alias, alias_lower, source) VALUES ('규조토 발매트', '석고방향제', '석고방향제', 'rule');
INSERT INTO aliases (item_id, alias, alias_lower, source) VALUES ('규조토 발매트', '숨쉬는 발매트', '숨쉬는 발매트', 'rule');
INSERT INTO aliases (item_id, alias, alias_lower, source) VALUES ('규조토 발매트', '흙 발매트', '흙 발매트', 'rule');
INSERT INTO aliases (item_id, alias, alias_lower, source) VALUES ('규조토 발매트', '흡수성 발매트', '흡수성 발매트', 'rule');
INSERT OR REPLACE INTO items (id, name, category, note, steps, confidence, source_url, source_name, source_grade, feature, caution, last_verified, region_variation, official_classification) VALUES ('선글라스', '선글라스', 'general', '· 선글라스는 유리, 플라스틱, 금속 등이 혼합된 복합재질 제품으로 재활용이 어렵습니다. ※ 배출방법은 지역별로 차이가 있을 수 있으니, 해당 지방자치단체에서 정하는 방법이 있는 경우에는 해당 방법에 따라 배출하시기 바랍니다. 가까운 분리배출 장소를 확인해보세요. 현재 위치에 가까운 배출장소가 없습니다. 근처의 다른 지역을 검색해보세요. 현 위치 배출장소', '["선글라스는 종량제봉투로 배출합니다."]', 'high', 'https://www.xn--oy2b29bd3a601b.kr/front/dischargeMethod/dictionaryView.do?niIdx=407', '분리배출.kr (한국폐기물협회·환경부)', 'A', '· 선글라스는 유리, 플라스틱, 금속 등이 혼합된 복합재질 제품으로 재활용이 어렵습니다. ※ 배출방법은 지역별로 차이가 있을 수 있으니, 해당 지방자치단체에서 정하는 방법이 있는 경우에는 해당 방법에 따라 배출하시기 바랍니다. 가까운 분리배출 장소를 확인해보세요. 현재 위치에 가까운 배출장소가 없습니다. 근처의 다른 지역을 검색해보세요. 현 위치 배출장소 전체보기 현 지도에서 검색 장소 더보...', '', '2026-05-18', 0, '["일반폐기물", "일반종량제폐기물"]');
INSERT INTO aliases (item_id, alias, alias_lower, source) VALUES ('선글라스', 'shades', 'shades', 'rule');
INSERT INTO aliases (item_id, alias, alias_lower, source) VALUES ('선글라스', 'sunglasses', 'sunglasses', 'rule');
INSERT INTO aliases (item_id, alias, alias_lower, source) VALUES ('선글라스', '망원경', '망원경', 'rule');
INSERT INTO aliases (item_id, alias, alias_lower, source) VALUES ('선글라스', '보잉 선글라스', '보잉 선글라스', 'rule');
INSERT INTO aliases (item_id, alias, alias_lower, source) VALUES ('선글라스', '스포츠 선글라스', '스포츠 선글라스', 'rule');
INSERT INTO aliases (item_id, alias, alias_lower, source) VALUES ('선글라스', '썬그리', '썬그리', 'rule');
INSERT INTO aliases (item_id, alias, alias_lower, source) VALUES ('선글라스', '썬글', '썬글', 'rule');
INSERT INTO aliases (item_id, alias, alias_lower, source) VALUES ('선글라스', '썬글라스', '썬글라스', 'rule');
INSERT INTO aliases (item_id, alias, alias_lower, source) VALUES ('선글라스', '안경', '안경', 'rule');
INSERT INTO aliases (item_id, alias, alias_lower, source) VALUES ('선글라스', '오클리', '오클리', 'rule');
INSERT INTO aliases (item_id, alias, alias_lower, source) VALUES ('선글라스', '차양 안경', '차양 안경', 'rule');
INSERT INTO aliases (item_id, alias, alias_lower, source) VALUES ('선글라스', '천체망원경', '천체망원경', 'rule');
INSERT INTO aliases (item_id, alias, alias_lower, source) VALUES ('선글라스', '햇빛안경', '햇빛안경', 'rule');
INSERT INTO aliases (item_id, alias, alias_lower, source) VALUES ('선글라스', '현미경', '현미경', 'rule');
INSERT OR REPLACE INTO items (id, name, category, note, steps, confidence, source_url, source_name, source_grade, feature, caution, last_verified, region_variation, official_classification) VALUES ('찜질팩', '찜질팩', 'general', '· 찜질팩은 포장재(면, PVC시트 등)와 내용물(허브, 황토, 폴리머겔 등)로 구성된 복합재질 제품으로 재활용이 어렵습니다. ※ 배출방법은 지역별로 차이가 있을 수 있으니, 해당 지방자치단체에서 정하는 방법이 있는 경우에는 해당 방법에 따라 배출하시기 바랍니다. 가까운 분리배출 장소를 확인해보세요. 현재 위치에 가까운 배출장소가 없습니다. 근처의 다른 지', '["찜질팩은 종량제봉투로 배출합니다."]', 'high', 'https://www.xn--oy2b29bd3a601b.kr/front/dischargeMethod/dictionaryView.do?niIdx=408', '분리배출.kr (한국폐기물협회·환경부)', 'A', '· 찜질팩은 포장재(면, PVC시트 등)와 내용물(허브, 황토, 폴리머겔 등)로 구성된 복합재질 제품으로 재활용이 어렵습니다. ※ 배출방법은 지역별로 차이가 있을 수 있으니, 해당 지방자치단체에서 정하는 방법이 있는 경우에는 해당 방법에 따라 배출하시기 바랍니다. 가까운 분리배출 장소를 확인해보세요. 현재 위치에 가까운 배출장소가 없습니다. 근처의 다른 지역을 검색해보세요. 현 위치 배출장소...', '', '2026-05-18', 0, '["일반폐기물", "일반종량제폐기물"]');
INSERT INTO aliases (item_id, alias, alias_lower, source) VALUES ('찜질팩', '미니핫팩', '미니핫팩', 'rule');
INSERT INTO aliases (item_id, alias, alias_lower, source) VALUES ('찜질팩', '붙이는 핫팩', '붙이는 핫팩', 'rule');
INSERT INTO aliases (item_id, alias, alias_lower, source) VALUES ('찜질팩', '온찜질팩', '온찜질팩', 'rule');
INSERT INTO aliases (item_id, alias, alias_lower, source) VALUES ('찜질팩', '워머', '워머', 'rule');
INSERT INTO aliases (item_id, alias, alias_lower, source) VALUES ('찜질팩', '일회용 손난로', '일회용 손난로', 'rule');
INSERT INTO aliases (item_id, alias, alias_lower, source) VALUES ('찜질팩', '전자레인지 찜질팩', '전자레인지 찜질팩', 'rule');
INSERT INTO aliases (item_id, alias, alias_lower, source) VALUES ('찜질팩', '찜팩', '찜팩', 'rule');
INSERT INTO aliases (item_id, alias, alias_lower, source) VALUES ('찜질팩', '충전식 찜질팩', '충전식 찜질팩', 'rule');
INSERT INTO aliases (item_id, alias, alias_lower, source) VALUES ('찜질팩', '핫패드', '핫패드', 'rule');
INSERT INTO aliases (item_id, alias, alias_lower, source) VALUES ('찜질팩', '히팅팩', '히팅팩', 'rule');
INSERT OR REPLACE INTO items (id, name, category, note, steps, confidence, source_url, source_name, source_grade, feature, caution, last_verified, region_variation, official_classification) VALUES ('개껌', '개껌', 'general', '·개껌은 대부분 뼈나 가죽을 가공하여 만든 제품입니다. ·개껌은 음식물류폐기물에 해당하지 않으므로 일반쓰레기로 배출합니다. ※ 배출방법은 지역별로 차이가 있을 수 있으니, 해당 지방자치단체에서 정하는 방법이 있는 경우에는 해당 방법에 따라 배출하시기 바랍니다. 가까운 분리배출 장소를 확인해보세요. 현재 위치에 가까운 배출장소가 없습니다. 근처의 다른 지역을', '["개껌은 종량제봉투로 배출합니다."]', 'high', 'https://www.xn--oy2b29bd3a601b.kr/front/dischargeMethod/dictionaryView.do?niIdx=411', '분리배출.kr (한국폐기물협회·환경부)', 'A', '·개껌은 대부분 뼈나 가죽을 가공하여 만든 제품입니다. ·개껌은 음식물류폐기물에 해당하지 않으므로 일반쓰레기로 배출합니다. ※ 배출방법은 지역별로 차이가 있을 수 있으니, 해당 지방자치단체에서 정하는 방법이 있는 경우에는 해당 방법에 따라 배출하시기 바랍니다. 가까운 분리배출 장소를 확인해보세요. 현재 위치에 가까운 배출장소가 없습니다. 근처의 다른 지역을 검색해보세요. 현 위치 배출장소 전...', '', '2026-05-18', 0, '["일반폐기물", "일반종량제폐기물"]');
INSERT INTO aliases (item_id, alias, alias_lower, source) VALUES ('개껌', '강아지간식', '강아지간식', 'rule');
INSERT INTO aliases (item_id, alias, alias_lower, source) VALUES ('개껌', '강아지껌', '강아지껌', 'rule');
INSERT INTO aliases (item_id, alias, alias_lower, source) VALUES ('개껌', '개간식', '개간식', 'rule');
INSERT INTO aliases (item_id, alias, alias_lower, source) VALUES ('개껌', '댕댕이껌', '댕댕이껌', 'rule');
INSERT INTO aliases (item_id, alias, alias_lower, source) VALUES ('개껌', '덴탈껌', '덴탈껌', 'rule');
INSERT INTO aliases (item_id, alias, alias_lower, source) VALUES ('개껌', '도그츄', '도그츄', 'rule');
INSERT INTO aliases (item_id, alias, alias_lower, source) VALUES ('개껌', '도그트릿', '도그트릿', 'rule');
INSERT INTO aliases (item_id, alias, alias_lower, source) VALUES ('개껌', '멍멍이껌', '멍멍이껌', 'rule');
INSERT INTO aliases (item_id, alias, alias_lower, source) VALUES ('개껌', '뼈다귀껌', '뼈다귀껌', 'rule');
INSERT INTO aliases (item_id, alias, alias_lower, source) VALUES ('개껌', '애견껌', '애견껌', 'rule');
INSERT INTO aliases (item_id, alias, alias_lower, source) VALUES ('개껌', '육포껌', '육포껌', 'rule');
INSERT INTO aliases (item_id, alias, alias_lower, source) VALUES ('개껌', '펫스낵', '펫스낵', 'rule');
INSERT OR REPLACE INTO items (id, name, category, note, steps, confidence, source_url, source_name, source_grade, feature, caution, last_verified, region_variation, official_classification) VALUES ('잉크나 토너', '잉크나 토너', 'plastic', '· 프린터 잉크는 세척공정을 거쳐 카트리지로 재사용하고 있습니다. · 카트리지는 프린터 구입업체 또는 카트리지 재활용전문업체를 통해 배출합니다. · 가정에서 직접 배출시에는 프린터 잉크가 외부로 유출되지 않도록 비닐 봉투 등에 담아 일반쓰레기로 배출합니다. ※ 배출방법은 지역별로 차이가 있을 수 있으니, 해당 지방자치단체에서 정하는 방법이 있는 경우에는 해', '["잉크나 토너가 깨끗하게 분리될 경우 플라스틱 수거함에 배출합니다.", "분리가 어려울 경우 잉크나 토너가 흘러내리지 않도록 밀봉한 후 종량제봉투로 배출합니다."]', 'high', 'https://www.xn--oy2b29bd3a601b.kr/front/dischargeMethod/dictionaryView.do?niIdx=412', '분리배출.kr (한국폐기물협회·환경부)', 'A', '· 프린터 잉크는 세척공정을 거쳐 카트리지로 재사용하고 있습니다. · 카트리지는 프린터 구입업체 또는 카트리지 재활용전문업체를 통해 배출합니다. · 가정에서 직접 배출시에는 프린터 잉크가 외부로 유출되지 않도록 비닐 봉투 등에 담아 일반쓰레기로 배출합니다. ※ 배출방법은 지역별로 차이가 있을 수 있으니, 해당 지방자치단체에서 정하는 방법이 있는 경우에는 해당 방법에 따라 배출하시기 바랍니다....', '', '2026-05-18', 0, '["일반폐기물", "일반종량제폐기물", "재활용폐기물", "합성수지 용기류"]');
INSERT INTO aliases (item_id, alias, alias_lower, source) VALUES ('잉크나 토너', '잉크나토너', '잉크나토너', 'rule');
INSERT OR REPLACE INTO items (id, name, category, note, steps, confidence, source_url, source_name, source_grade, feature, caution, last_verified, region_variation, official_classification) VALUES ('인라인 스케이트', '인라인 스케이트', 'furniture', '· 인라인 스케이트는 플라스틱과 섬유 등 다양한 재질이 혼합된 복합재질 제품으로 재활용이 어렵습니다.', '["인라인 스케이트는 종량제봉투로 배출합니다.", "크기가 커 종량제봉투로 배출하기 어려운 경우에는 대형폐기물로 배출합니다."]', 'high', 'https://www.xn--oy2b29bd3a601b.kr/front/dischargeMethod/dictionaryView.do?niIdx=413', '분리배출.kr (한국폐기물협회·환경부)', 'A', '· 인라인 스케이트는 플라스틱과 섬유 등 다양한 재질이 혼합된 복합재질 제품으로 재활용이 어렵습니다.', '· 의류수거함에 배출 불가능', '2026-05-18', 0, '["일반폐기물", "일반종량제폐기물", "대형폐기물"]');
INSERT INTO aliases (item_id, alias, alias_lower, source) VALUES ('인라인 스케이트', 'K2 인라인', 'k2 인라인', 'rule');
INSERT INTO aliases (item_id, alias, alias_lower, source) VALUES ('인라인 스케이트', 'inline skate', 'inline skate', 'rule');
INSERT INTO aliases (item_id, alias, alias_lower, source) VALUES ('인라인 스케이트', 'inlineskate', 'inlineskate', 'rule');
INSERT INTO aliases (item_id, alias, alias_lower, source) VALUES ('인라인 스케이트', '롤러', '롤러', 'rule');
INSERT INTO aliases (item_id, alias, alias_lower, source) VALUES ('인라인 스케이트', '롤러블레이드', '롤러블레이드', 'rule');
INSERT INTO aliases (item_id, alias, alias_lower, source) VALUES ('인라인 스케이트', '롤러스케이트', '롤러스케이트', 'rule');
INSERT INTO aliases (item_id, alias, alias_lower, source) VALUES ('인라인 스케이트', '바퀴 신발', '바퀴 신발', 'rule');
INSERT INTO aliases (item_id, alias, alias_lower, source) VALUES ('인라인 스케이트', '블레이드', '블레이드', 'rule');
INSERT INTO aliases (item_id, alias, alias_lower, source) VALUES ('인라인 스케이트', '살로몬 인라인', '살로몬 인라인', 'rule');
INSERT INTO aliases (item_id, alias, alias_lower, source) VALUES ('인라인 스케이트', '씽씽이', '씽씽이', 'rule');
INSERT INTO aliases (item_id, alias, alias_lower, source) VALUES ('인라인 스케이트', '인라', '인라', 'rule');
INSERT INTO aliases (item_id, alias, alias_lower, source) VALUES ('인라인 스케이트', '인라인', '인라인', 'rule');
INSERT INTO aliases (item_id, alias, alias_lower, source) VALUES ('인라인 스케이트', '인라인스케이트', '인라인스케이트', 'rule');
INSERT OR REPLACE INTO items (id, name, category, note, steps, confidence, source_url, source_name, source_grade, feature, caution, last_verified, region_variation, official_classification) VALUES ('다 쓴 매니큐어 용기', '다 쓴 매니큐어 용기', 'general', '· 내용물을 모두 사용한 화장품 용기는 EPR 대상에 해당하므로 물로 헹구는 등 이물질을 제거한 후 재질에 따라 플라스틱이나 유리로 배출합니다. · 매니큐어는 합성수지, 색소, 가소제, 용제(아세톤, 알코올 등)으로 만든 제품으로 매니큐어의 내용물은 재활용이 어렵습니다. · 내용물이 남아 있거나 굳어 있어 제거하기 곤란한 경우에는 제품 그대로 종량제봉투에', '["다 쓴 매니큐어 용기는 재질에 맞게 유리병 수거함 또는 플라스틱 수거함으로 배출합니다.", "용기의 내용물 제거가 어려운 경우에는 종량제봉투로 배출합니다."]', 'high', 'https://www.xn--oy2b29bd3a601b.kr/front/dischargeMethod/dictionaryView.do?niIdx=414', '분리배출.kr (한국폐기물협회·환경부)', 'A', '· 내용물을 모두 사용한 화장품 용기는 EPR 대상에 해당하므로 물로 헹구는 등 이물질을 제거한 후 재질에 따라 플라스틱이나 유리로 배출합니다. · 매니큐어는 합성수지, 색소, 가소제, 용제(아세톤, 알코올 등)으로 만든 제품으로 매니큐어의 내용물은 재활용이 어렵습니다. · 내용물이 남아 있거나 굳어 있어 제거하기 곤란한 경우에는 제품 그대로 종량제봉투에 담아 배출합니다. ※ 배출방법은 지역...', '', '2026-05-18', 0, '["재활용폐기물", "유리병", "합성수지 용기류", "일반폐기물"]');
INSERT INTO aliases (item_id, alias, alias_lower, source) VALUES ('다 쓴 매니큐어 용기', '네일 통', '네일 통', 'rule');
INSERT INTO aliases (item_id, alias, alias_lower, source) VALUES ('다 쓴 매니큐어 용기', '네일락커 병', '네일락커 병', 'rule');
INSERT INTO aliases (item_id, alias, alias_lower, source) VALUES ('다 쓴 매니큐어 용기', '네일병', '네일병', 'rule');
INSERT INTO aliases (item_id, alias, alias_lower, source) VALUES ('다 쓴 매니큐어 용기', '네일폴리쉬 보틀', '네일폴리쉬 보틀', 'rule');
INSERT INTO aliases (item_id, alias, alias_lower, source) VALUES ('다 쓴 매니큐어 용기', '네일폴리시병', '네일폴리시병', 'rule');
INSERT INTO aliases (item_id, alias, alias_lower, source) VALUES ('다 쓴 매니큐어 용기', '다쓴 네일', '다쓴 네일', 'rule');
INSERT INTO aliases (item_id, alias, alias_lower, source) VALUES ('다 쓴 매니큐어 용기', '다쓴매니큐어용기', '다쓴매니큐어용기', 'rule');
INSERT INTO aliases (item_id, alias, alias_lower, source) VALUES ('다 쓴 매니큐어 용기', '매니큐어 보틀', '매니큐어 보틀', 'rule');
INSERT INTO aliases (item_id, alias, alias_lower, source) VALUES ('다 쓴 매니큐어 용기', '매니큐어 통', '매니큐어 통', 'rule');
INSERT INTO aliases (item_id, alias, alias_lower, source) VALUES ('다 쓴 매니큐어 용기', '매니큐어병', '매니큐어병', 'rule');
INSERT INTO aliases (item_id, alias, alias_lower, source) VALUES ('다 쓴 매니큐어 용기', '베이스코트 병', '베이스코트 병', 'rule');
INSERT INTO aliases (item_id, alias, alias_lower, source) VALUES ('다 쓴 매니큐어 용기', '빈 매니큐어', '빈 매니큐어', 'rule');
INSERT INTO aliases (item_id, alias, alias_lower, source) VALUES ('다 쓴 매니큐어 용기', '속눈썹 영양제', '속눈썹 영양제', 'rule');
INSERT INTO aliases (item_id, alias, alias_lower, source) VALUES ('다 쓴 매니큐어 용기', '탑코트 병', '탑코트 병', 'rule');
INSERT OR REPLACE INTO items (id, name, category, note, steps, confidence, source_url, source_name, source_grade, feature, caution, last_verified, region_variation, official_classification) VALUES ('워터댐', '워터댐', 'general', '· 워터댐은 물을 흡수하고 팽창하는 고흡수성수지가 내장되어 있고 이것을 폐기할때 고흡수성수지를 하수로 배출하면 하수관로의 흐름에 장애가 되기 때문에 고흡수성수지가 내장되어 있는 것을 배출할 때에는 건조하여 배출하거나 그대로 배출합니다. · 워터댐을 배출할 때 가정에서 소량 배출하는 경우에는 종량제봉투에 담아 배출하시고, 만약 다량으로 배출하는 경우에는 해당', '["워터댐은 종량제봉투로 배출합니다."]', 'high', 'https://www.xn--oy2b29bd3a601b.kr/front/dischargeMethod/dictionaryView.do?niIdx=415', '분리배출.kr (한국폐기물협회·환경부)', 'A', '· 워터댐은 물을 흡수하고 팽창하는 고흡수성수지가 내장되어 있고 이것을 폐기할때 고흡수성수지를 하수로 배출하면 하수관로의 흐름에 장애가 되기 때문에 고흡수성수지가 내장되어 있는 것을 배출할 때에는 건조하여 배출하거나 그대로 배출합니다. · 워터댐을 배출할 때 가정에서 소량 배출하는 경우에는 종량제봉투에 담아 배출하시고, 만약 다량으로 배출하는 경우에는 해당 지자체에 문의하여 배출하시기 바랍니...', '', '2026-05-18', 0, '["일반폐기물", "일반종량제폐기물"]');
INSERT INTO aliases (item_id, alias, alias_lower, source) VALUES ('워터댐', 'water dam', 'water dam', 'rule');
INSERT INTO aliases (item_id, alias, alias_lower, source) VALUES ('워터댐', '물꾹꾹이', '물꾹꾹이', 'rule');
INSERT INTO aliases (item_id, alias, alias_lower, source) VALUES ('워터댐', '물막는거', '물막는거', 'rule');
INSERT INTO aliases (item_id, alias, alias_lower, source) VALUES ('워터댐', '물막이판', '물막이판', 'rule');
INSERT INTO aliases (item_id, alias, alias_lower, source) VALUES ('워터댐', '물샘방지캡', '물샘방지캡', 'rule');
INSERT INTO aliases (item_id, alias, alias_lower, source) VALUES ('워터댐', '물지킴이', '물지킴이', 'rule');
INSERT INTO aliases (item_id, alias, alias_lower, source) VALUES ('워터댐', '방수댐', '방수댐', 'rule');
INSERT INTO aliases (item_id, alias, alias_lower, source) VALUES ('워터댐', '배수구마개', '배수구마개', 'rule');
INSERT INTO aliases (item_id, alias, alias_lower, source) VALUES ('워터댐', '아쿠아스탑', '아쿠아스탑', 'rule');
INSERT INTO aliases (item_id, alias, alias_lower, source) VALUES ('워터댐', '워터마개', '워터마개', 'rule');
INSERT INTO aliases (item_id, alias, alias_lower, source) VALUES ('워터댐', '워터블록', '워터블록', 'rule');
INSERT INTO aliases (item_id, alias, alias_lower, source) VALUES ('워터댐', '하이드로가드', '하이드로가드', 'rule');
INSERT OR REPLACE INTO items (id, name, category, note, steps, confidence, source_url, source_name, source_grade, feature, caution, last_verified, region_variation, official_classification) VALUES ('깨끗한 아이스크림 숟가락', '깨끗한 아이스크림 숟가락', 'plastic', '· 아이스크림 숟가락와 같이 크기가 작은 플라스틱은 이물질이 묻어 있지 않은 경우 플라스틱으로 배출합니다. ※ 배출방법은 지역별로 차이가 있을 수 있으니, 해당 지방자치단체에서 정하는 방법이 있는 경우에는 해당 방법에 따라 배출하시기 바랍니다. 가까운 분리배출 장소를 확인해보세요. 현재 위치에 가까운 배출장소가 없습니다. 근처의 다른 지역을 검색해보세요.', '["깨끗한 아이스크림 숟가락은 플라스틱 수거함으로 배출합니다."]', 'high', 'https://www.xn--oy2b29bd3a601b.kr/front/dischargeMethod/dictionaryView.do?niIdx=416', '분리배출.kr (한국폐기물협회·환경부)', 'A', '· 아이스크림 숟가락와 같이 크기가 작은 플라스틱은 이물질이 묻어 있지 않은 경우 플라스틱으로 배출합니다. ※ 배출방법은 지역별로 차이가 있을 수 있으니, 해당 지방자치단체에서 정하는 방법이 있는 경우에는 해당 방법에 따라 배출하시기 바랍니다. 가까운 분리배출 장소를 확인해보세요. 현재 위치에 가까운 배출장소가 없습니다. 근처의 다른 지역을 검색해보세요. 현 위치 배출장소 전체보기 현 지도에...', '', '2026-05-18', 0, '["재활용폐기물", "합성수지 용기류"]');
INSERT INTO aliases (item_id, alias, alias_lower, source) VALUES ('깨끗한 아이스크림 숟가락', '깨끗한아이스크림숟가락', '깨끗한아이스크림숟가락', 'rule');
INSERT INTO aliases (item_id, alias, alias_lower, source) VALUES ('깨끗한 아이스크림 숟가락', '디저트 스푼', '디저트 스푼', 'rule');
INSERT INTO aliases (item_id, alias, alias_lower, source) VALUES ('깨끗한 아이스크림 숟가락', '맥도날드 스푼', '맥도날드 스푼', 'rule');
INSERT INTO aliases (item_id, alias, alias_lower, source) VALUES ('깨끗한 아이스크림 숟가락', '베스킨 숟가락', '베스킨 숟가락', 'rule');
INSERT INTO aliases (item_id, alias, alias_lower, source) VALUES ('깨끗한 아이스크림 숟가락', '아슈크림 숟가락', '아슈크림 숟가락', 'rule');
INSERT INTO aliases (item_id, alias, alias_lower, source) VALUES ('깨끗한 아이스크림 숟가락', '아이스 스푼', '아이스 스푼', 'rule');
INSERT INTO aliases (item_id, alias, alias_lower, source) VALUES ('깨끗한 아이스크림 숟가락', '아이스크림 먹는 숟가락', '아이스크림 먹는 숟가락', 'rule');
INSERT INTO aliases (item_id, alias, alias_lower, source) VALUES ('깨끗한 아이스크림 숟가락', '아이스크림 숟갈', '아이스크림 숟갈', 'rule');
INSERT INTO aliases (item_id, alias, alias_lower, source) VALUES ('깨끗한 아이스크림 숟가락', '아이스크림 스푼', '아이스크림 스푼', 'rule');
INSERT INTO aliases (item_id, alias, alias_lower, source) VALUES ('깨끗한 아이스크림 숟가락', '일회용 스푼', '일회용 스푼', 'rule');
INSERT INTO aliases (item_id, alias, alias_lower, source) VALUES ('깨끗한 아이스크림 숟가락', '작은 아이스크림 숟가락', '작은 아이스크림 숟가락', 'rule');
INSERT INTO aliases (item_id, alias, alias_lower, source) VALUES ('깨끗한 아이스크림 숟가락', '플라스틱 스푼', '플라스틱 스푼', 'rule');
INSERT INTO aliases (item_id, alias, alias_lower, source) VALUES ('깨끗한 아이스크림 숟가락', '플라스틱 아이스크림 스푼', '플라스틱 아이스크림 스푼', 'rule');
INSERT OR REPLACE INTO items (id, name, category, note, steps, confidence, source_url, source_name, source_grade, feature, caution, last_verified, region_variation, official_classification) VALUES ('일회용 인공눈물 용기', '일회용 인공눈물 용기', 'plastic', '· 일회용 인공눈물 용기는 플라스틱(LDPE) 재질입니다. · 일회용 인공눈물 용기와 같이 크기가 작은 플라스틱은 이물질이 묻어 있지 않은 경우에는 플라스틱으로 배출합니다. ※ 배출방법은 지역별로 차이가 있을 수 있으니, 해당 지방자치단체에서 정하는 방법이 있는 경우에는 해당 방법에 따라 배출하시기 바랍니다. 가까운 분리배출 장소를 확인해보세요. 현재 위치', '["일회용 인공눈물 용기는 플라스틱 수거함으로 배출합니다."]', 'high', 'https://www.xn--oy2b29bd3a601b.kr/front/dischargeMethod/dictionaryView.do?niIdx=417', '분리배출.kr (한국폐기물협회·환경부)', 'A', '· 일회용 인공눈물 용기는 플라스틱(LDPE) 재질입니다. · 일회용 인공눈물 용기와 같이 크기가 작은 플라스틱은 이물질이 묻어 있지 않은 경우에는 플라스틱으로 배출합니다. ※ 배출방법은 지역별로 차이가 있을 수 있으니, 해당 지방자치단체에서 정하는 방법이 있는 경우에는 해당 방법에 따라 배출하시기 바랍니다. 가까운 분리배출 장소를 확인해보세요. 현재 위치에 가까운 배출장소가 없습니다. 근처...', '', '2026-05-18', 0, '["재활용폐기물", "합성수지 용기류"]');
INSERT INTO aliases (item_id, alias, alias_lower, source) VALUES ('일회용 인공눈물 용기', '눈물약 용기', '눈물약 용기', 'rule');
INSERT INTO aliases (item_id, alias, alias_lower, source) VALUES ('일회용 인공눈물 용기', '아이드롭 용기', '아이드롭 용기', 'rule');
INSERT INTO aliases (item_id, alias, alias_lower, source) VALUES ('일회용 인공눈물 용기', '아이드롭 플라스틱', '아이드롭 플라스틱', 'rule');
INSERT INTO aliases (item_id, alias, alias_lower, source) VALUES ('일회용 인공눈물 용기', '인공눈물 통', '인공눈물 통', 'rule');
INSERT INTO aliases (item_id, alias, alias_lower, source) VALUES ('일회용 인공눈물 용기', '인공눈물 튜브', '인공눈물 튜브', 'rule');
INSERT INTO aliases (item_id, alias, alias_lower, source) VALUES ('일회용 인공눈물 용기', '인공눈물 플라스틱 용기', '인공눈물 플라스틱 용기', 'rule');
INSERT INTO aliases (item_id, alias, alias_lower, source) VALUES ('일회용 인공눈물 용기', '인공눈물병', '인공눈물병', 'rule');
INSERT INTO aliases (item_id, alias, alias_lower, source) VALUES ('일회용 인공눈물 용기', '일회용 눈물 통', '일회용 눈물 통', 'rule');
INSERT INTO aliases (item_id, alias, alias_lower, source) VALUES ('일회용 인공눈물 용기', '일회용 눈약 통', '일회용 눈약 통', 'rule');
INSERT INTO aliases (item_id, alias, alias_lower, source) VALUES ('일회용 인공눈물 용기', '일회용 점안액 용기', '일회용 점안액 용기', 'rule');
INSERT INTO aliases (item_id, alias, alias_lower, source) VALUES ('일회용 인공눈물 용기', '일회용인공눈물용기', '일회용인공눈물용기', 'rule');
INSERT INTO aliases (item_id, alias, alias_lower, source) VALUES ('일회용 인공눈물 용기', '점안액 통', '점안액 통', 'rule');
INSERT INTO aliases (item_id, alias, alias_lower, source) VALUES ('일회용 인공눈물 용기', '점안액 플라스틱', '점안액 플라스틱', 'rule');
INSERT OR REPLACE INTO items (id, name, category, note, steps, confidence, source_url, source_name, source_grade, feature, caution, last_verified, region_variation, official_classification) VALUES ('다리미판', '다리미판', 'furniture', '· 다리미판은 나무, 섬유, 플라스틱, 고철 등 다양한 재질이 혼합된 복합재질 제품으로 재활용이 어렵습니다. ※ 배출방법은 지역별로 차이가 있을 수 있으니, 해당 지방자치단체에서 정하는 방법이 있는 경우에는 해당 방법에 따라 배출하시기 바랍니다. 가까운 분리배출 장소를 확인해보세요. 현재 위치에 가까운 배출장소가 없습니다. 근처의 다른 지역을 검색해보세요.', '["다리미판은 종량제봉투로 배출합니다.", "크기가 커 종량제봉투로 배출하기 어려운 경우에는 대형폐기물로 배출합니다."]', 'high', 'https://www.xn--oy2b29bd3a601b.kr/front/dischargeMethod/dictionaryView.do?niIdx=418', '분리배출.kr (한국폐기물협회·환경부)', 'A', '· 다리미판은 나무, 섬유, 플라스틱, 고철 등 다양한 재질이 혼합된 복합재질 제품으로 재활용이 어렵습니다. ※ 배출방법은 지역별로 차이가 있을 수 있으니, 해당 지방자치단체에서 정하는 방법이 있는 경우에는 해당 방법에 따라 배출하시기 바랍니다. 가까운 분리배출 장소를 확인해보세요. 현재 위치에 가까운 배출장소가 없습니다. 근처의 다른 지역을 검색해보세요. 현 위치 배출장소 전체보기 현 지도...', '', '2026-05-18', 0, '["일반폐기물", "일반종량제폐기물", "대형폐기물"]');
INSERT INTO aliases (item_id, alias, alias_lower, source) VALUES ('다리미판', 'ironing board', 'ironing board', 'rule');
INSERT INTO aliases (item_id, alias, alias_lower, source) VALUES ('다리미판', '다리미대', '다리미대', 'rule');
INSERT INTO aliases (item_id, alias, alias_lower, source) VALUES ('다리미판', '다리미받침대', '다리미받침대', 'rule');
INSERT INTO aliases (item_id, alias, alias_lower, source) VALUES ('다리미판', '다림판', '다림판', 'rule');
INSERT INTO aliases (item_id, alias, alias_lower, source) VALUES ('다리미판', '미니 다리미판', '미니 다리미판', 'rule');
INSERT INTO aliases (item_id, alias, alias_lower, source) VALUES ('다리미판', '스탠드다리미판', '스탠드다리미판', 'rule');
INSERT INTO aliases (item_id, alias, alias_lower, source) VALUES ('다리미판', '스팀다리미판', '스팀다리미판', 'rule');
INSERT INTO aliases (item_id, alias, alias_lower, source) VALUES ('다리미판', '아이론보드', '아이론보드', 'rule');
INSERT INTO aliases (item_id, alias, alias_lower, source) VALUES ('다리미판', '아이롱보드', '아이롱보드', 'rule');
INSERT INTO aliases (item_id, alias, alias_lower, source) VALUES ('다리미판', '옷다림판', '옷다림판', 'rule');
INSERT INTO aliases (item_id, alias, alias_lower, source) VALUES ('다리미판', '접이식다리미판', '접이식다리미판', 'rule');
INSERT INTO aliases (item_id, alias, alias_lower, source) VALUES ('다리미판', '탁상다리미판', '탁상다리미판', 'rule');
INSERT OR REPLACE INTO items (id, name, category, note, steps, confidence, source_url, source_name, source_grade, feature, caution, last_verified, region_variation, official_classification) VALUES ('녹차잎', '녹차잎', 'general', '· 녹차잎 등 차류 및 한약의 찌꺼기는 영양성분이 거의 남아있지 않아 재활용품(사료, 퇴비)의 가치가 떨어지므로 일반쓰레기로 배출합니다.', '["녹차잎은 종량제봉투로 배출합니다."]', 'high', 'https://www.xn--oy2b29bd3a601b.kr/front/dischargeMethod/dictionaryView.do?niIdx=420', '분리배출.kr (한국폐기물협회·환경부)', 'A', '· 녹차잎 등 차류 및 한약의 찌꺼기는 영양성분이 거의 남아있지 않아 재활용품(사료, 퇴비)의 가치가 떨어지므로 일반쓰레기로 배출합니다.', '· 음식물류폐기물로 배출 불가능', '2026-05-18', 0, '["일반폐기물", "일반종량제폐기물"]');
INSERT INTO aliases (item_id, alias, alias_lower, source) VALUES ('녹차잎', '생선가시', '생선가시', 'rule');
INSERT OR REPLACE INTO items (id, name, category, note, steps, confidence, source_url, source_name, source_grade, feature, caution, last_verified, region_variation, official_classification) VALUES ('팬캡', '팬캡', 'general', '· 과일을 포장할 때 사용하는 팬캡, 그물망은 EPE 재질로 된 발포합성수지입니다. · EPE는 재활용업체수가 적고 EPS와 분리하여 수집과 선별하기가 어려워서 가정에서 소량으로 발생하는 경우에는 일반쓰레기로 배출합니다. ※ 배출방법은 지역별로 차이가 있을 수 있으니, 해당 지방자치단체에서 정하는 방법이 있는 경우에는 해당 방법에 따라 배출하시기 바랍니다.', '["팬캡은 종량제봉투로 배출합니다."]', 'high', 'https://www.xn--oy2b29bd3a601b.kr/front/dischargeMethod/dictionaryView.do?niIdx=421', '분리배출.kr (한국폐기물협회·환경부)', 'A', '· 과일을 포장할 때 사용하는 팬캡, 그물망은 EPE 재질로 된 발포합성수지입니다. · EPE는 재활용업체수가 적고 EPS와 분리하여 수집과 선별하기가 어려워서 가정에서 소량으로 발생하는 경우에는 일반쓰레기로 배출합니다. ※ 배출방법은 지역별로 차이가 있을 수 있으니, 해당 지방자치단체에서 정하는 방법이 있는 경우에는 해당 방법에 따라 배출하시기 바랍니다. 가까운 분리배출 장소를 확인해보세요...', '', '2026-05-18', 0, '["일반폐기물", "일반종량제폐기물"]');
INSERT INTO aliases (item_id, alias, alias_lower, source) VALUES ('팬캡', '감귤망', '감귤망', 'rule');
INSERT INTO aliases (item_id, alias, alias_lower, source) VALUES ('팬캡', '과일그물망', '과일그물망', 'rule');
INSERT INTO aliases (item_id, alias, alias_lower, source) VALUES ('팬캡', '과일덮개', '과일덮개', 'rule');
INSERT INTO aliases (item_id, alias, alias_lower, source) VALUES ('팬캡', '과일싸개', '과일싸개', 'rule');
INSERT INTO aliases (item_id, alias, alias_lower, source) VALUES ('팬캡', '과일옷', '과일옷', 'rule');
INSERT INTO aliases (item_id, alias, alias_lower, source) VALUES ('팬캡', '과일포장', '과일포장', 'rule');
INSERT INTO aliases (item_id, alias, alias_lower, source) VALUES ('팬캡', '과일포장망', '과일포장망', 'rule');
INSERT INTO aliases (item_id, alias, alias_lower, source) VALUES ('팬캡', '발포그물망', '발포그물망', 'rule');
INSERT INTO aliases (item_id, alias, alias_lower, source) VALUES ('팬캡', '완충망', '완충망', 'rule');
INSERT INTO aliases (item_id, alias, alias_lower, source) VALUES ('팬캡', '폼넷', '폼넷', 'rule');
INSERT INTO aliases (item_id, alias, alias_lower, source) VALUES ('팬캡', '프루트넷', '프루트넷', 'rule');
INSERT OR REPLACE INTO items (id, name, category, note, steps, confidence, source_url, source_name, source_grade, feature, caution, last_verified, region_variation, official_classification) VALUES ('옥수수대', '옥수수대', 'general', '· 옥수수대는 기계고장의 원인이 될 수 있고, 동물의 사료로 적합하지 않기 때문에 일반쓰레기로 배출합니다.', '["옥수수대는 종량제봉투로 배출합니다."]', 'high', 'https://www.xn--oy2b29bd3a601b.kr/front/dischargeMethod/dictionaryView.do?niIdx=422', '분리배출.kr (한국폐기물협회·환경부)', 'A', '· 옥수수대는 기계고장의 원인이 될 수 있고, 동물의 사료로 적합하지 않기 때문에 일반쓰레기로 배출합니다.', '·음식물류폐기물로 배출 불가능', '2026-05-18', 0, '["일반폐기물", "일반종량제폐기물"]');
INSERT INTO aliases (item_id, alias, alias_lower, source) VALUES ('옥수수대', 'corn stalk', 'corn stalk', 'rule');
INSERT INTO aliases (item_id, alias, alias_lower, source) VALUES ('옥수수대', '강냉이 줄기', '강냉이 줄기', 'rule');
INSERT INTO aliases (item_id, alias, alias_lower, source) VALUES ('옥수수대', '강냉이대', '강냉이대', 'rule');
INSERT INTO aliases (item_id, alias, alias_lower, source) VALUES ('옥수수대', '마른 옥수수대', '마른 옥수수대', 'rule');
INSERT INTO aliases (item_id, alias, alias_lower, source) VALUES ('옥수수대', '식물 줄기', '식물 줄기', 'rule');
INSERT INTO aliases (item_id, alias, alias_lower, source) VALUES ('옥수수대', '쑤수대', '쑤수대', 'rule');
INSERT INTO aliases (item_id, alias, alias_lower, source) VALUES ('옥수수대', '옥대', '옥대', 'rule');
INSERT INTO aliases (item_id, alias, alias_lower, source) VALUES ('옥수수대', '옥수수 잔여물', '옥수수 잔여물', 'rule');
INSERT INTO aliases (item_id, alias, alias_lower, source) VALUES ('옥수수대', '옥수수 줄기', '옥수수 줄기', 'rule');
INSERT INTO aliases (item_id, alias, alias_lower, source) VALUES ('옥수수대', '옥수숫대', '옥수숫대', 'rule');
INSERT INTO aliases (item_id, alias, alias_lower, source) VALUES ('옥수수대', '콘 스토크', '콘 스토크', 'rule');
INSERT INTO aliases (item_id, alias, alias_lower, source) VALUES ('옥수수대', '콘대', '콘대', 'rule');
INSERT OR REPLACE INTO items (id, name, category, note, steps, confidence, source_url, source_name, source_grade, feature, caution, last_verified, region_variation, official_classification) VALUES ('신용카드', '신용카드', 'general', '· 신용카드는 PVC 등 재활용이 어려운 종류의 플라스틱 재질로 되어 있고 마그네틱 전자장치 등이 삽입된 복합재질로 재활용이 어려워 일반쓰레기로 배출합니다.', '["신용카드는 종량제봉투로 배출합니다."]', 'high', 'https://www.xn--oy2b29bd3a601b.kr/front/dischargeMethod/dictionaryView.do?niIdx=424', '분리배출.kr (한국폐기물협회·환경부)', 'A', '· 신용카드는 PVC 등 재활용이 어려운 종류의 플라스틱 재질로 되어 있고 마그네틱 전자장치 등이 삽입된 복합재질로 재활용이 어려워 일반쓰레기로 배출합니다.', '· 카드번호 등 개인정보가 외부 유출되지 않도록 가위 등을 활용하여 자른 후 배출', '2026-05-18', 0, '["일반폐기물", "일반종량제폐기물"]');
INSERT INTO aliases (item_id, alias, alias_lower, source) VALUES ('신용카드', 'credit card', 'credit card', 'rule');
INSERT INTO aliases (item_id, alias, alias_lower, source) VALUES ('신용카드', '결제카드', '결제카드', 'rule');
INSERT INTO aliases (item_id, alias, alias_lower, source) VALUES ('신용카드', '긁는카드', '긁는카드', 'rule');
INSERT INTO aliases (item_id, alias, alias_lower, source) VALUES ('신용카드', '돈카드', '돈카드', 'rule');
INSERT INTO aliases (item_id, alias, alias_lower, source) VALUES ('신용카드', '마스터카드', '마스터카드', 'rule');
INSERT INTO aliases (item_id, alias, alias_lower, source) VALUES ('신용카드', '비자카드', '비자카드', 'rule');
INSERT INTO aliases (item_id, alias, alias_lower, source) VALUES ('신용카드', '삼성카드', '삼성카드', 'rule');
INSERT INTO aliases (item_id, alias, alias_lower, source) VALUES ('신용카드', '신카', '신카', 'rule');
INSERT INTO aliases (item_id, alias, alias_lower, source) VALUES ('신용카드', '카드', '카드', 'rule');
INSERT INTO aliases (item_id, alias, alias_lower, source) VALUES ('신용카드', '크레딧카드', '크레딧카드', 'rule');
INSERT INTO aliases (item_id, alias, alias_lower, source) VALUES ('신용카드', '할부카드', '할부카드', 'rule');
INSERT INTO aliases (item_id, alias, alias_lower, source) VALUES ('신용카드', '현대카드', '현대카드', 'rule');
INSERT OR REPLACE INTO items (id, name, category, note, steps, confidence, source_url, source_name, source_grade, feature, caution, last_verified, region_variation, official_classification) VALUES ('조개 껍데기', '조개 껍데기', 'general', '· 조개류 껍데기는 기계고장의 원인이 될 수 있고, 동물의 사료로 적합하지 않기 때문에 일반쓰레기로 배출합니다.', '["조개 껍데기는 종량제봉투로 배출합니다."]', 'high', 'https://www.xn--oy2b29bd3a601b.kr/front/dischargeMethod/dictionaryView.do?niIdx=425', '분리배출.kr (한국폐기물협회·환경부)', 'A', '· 조개류 껍데기는 기계고장의 원인이 될 수 있고, 동물의 사료로 적합하지 않기 때문에 일반쓰레기로 배출합니다.', '· 음식물류폐기물로 배출 불가능', '2026-05-18', 0, '["일반폐기물", "일반종량제폐기물"]');
INSERT INTO aliases (item_id, alias, alias_lower, source) VALUES ('조개 껍데기', '게 껍데기', '게 껍데기', 'rule');
INSERT INTO aliases (item_id, alias, alias_lower, source) VALUES ('조개 껍데기', '계란껍질(달걀껍질)', '계란껍질(달걀껍질)', 'rule');
INSERT INTO aliases (item_id, alias, alias_lower, source) VALUES ('조개 껍데기', '닭뼈', '닭뼈', 'rule');
INSERT INTO aliases (item_id, alias, alias_lower, source) VALUES ('조개 껍데기', '돼지 뼈', '돼지 뼈', 'rule');
INSERT INTO aliases (item_id, alias, alias_lower, source) VALUES ('조개 껍데기', '바다 조개 껍데기', '바다 조개 껍데기', 'rule');
INSERT INTO aliases (item_id, alias, alias_lower, source) VALUES ('조개 껍데기', '복숭아 씨', '복숭아 씨', 'rule');
INSERT INTO aliases (item_id, alias, alias_lower, source) VALUES ('조개 껍데기', '소라 껍데기', '소라 껍데기', 'rule');
INSERT INTO aliases (item_id, alias, alias_lower, source) VALUES ('조개 껍데기', '시셸', '시셸', 'rule');
INSERT INTO aliases (item_id, alias, alias_lower, source) VALUES ('조개 껍데기', '아보카도씨', '아보카도씨', 'rule');
INSERT INTO aliases (item_id, alias, alias_lower, source) VALUES ('조개 껍데기', '어패류 껍데기', '어패류 껍데기', 'rule');
INSERT INTO aliases (item_id, alias, alias_lower, source) VALUES ('조개 껍데기', '옥수수껍질', '옥수수껍질', 'rule');
INSERT INTO aliases (item_id, alias, alias_lower, source) VALUES ('조개 껍데기', '옥수수대', '옥수수대', 'rule');
INSERT INTO aliases (item_id, alias, alias_lower, source) VALUES ('조개 껍데기', '조개껍', '조개껍', 'rule');
INSERT INTO aliases (item_id, alias, alias_lower, source) VALUES ('조개 껍데기', '조개껍데기', '조개껍데기', 'rule');
INSERT INTO aliases (item_id, alias, alias_lower, source) VALUES ('조개 껍데기', '조개껍질', '조개껍질', 'rule');
INSERT INTO aliases (item_id, alias, alias_lower, source) VALUES ('조개 껍데기', '조개딱지', '조개딱지', 'rule');
INSERT INTO aliases (item_id, alias, alias_lower, source) VALUES ('조개 껍데기', '조개류 껍질', '조개류 껍질', 'rule');
INSERT INTO aliases (item_id, alias, alias_lower, source) VALUES ('조개 껍데기', '클램 셸', '클램 셸', 'rule');
INSERT INTO aliases (item_id, alias, alias_lower, source) VALUES ('조개 껍데기', '해산물 껍데기', '해산물 껍데기', 'rule');
INSERT INTO aliases (item_id, alias, alias_lower, source) VALUES ('조개 껍데기', '호두 껍데기', '호두 껍데기', 'rule');
INSERT OR REPLACE INTO items (id, name, category, note, steps, confidence, source_url, source_name, source_grade, feature, caution, last_verified, region_variation, official_classification) VALUES ('게 껍데기', '게 껍데기', 'general', '· 게, 가재 등 갑각류 껍데기는 기계고장의 원인이 될 수 있고, 동물의 사료로 적합하지 않기 때문에 일반쓰레기로 배출합니다.', '["게 껍데기는 종량제봉투로 배출합니다."]', 'high', 'https://www.xn--oy2b29bd3a601b.kr/front/dischargeMethod/dictionaryView.do?niIdx=426', '분리배출.kr (한국폐기물협회·환경부)', 'A', '· 게, 가재 등 갑각류 껍데기는 기계고장의 원인이 될 수 있고, 동물의 사료로 적합하지 않기 때문에 일반쓰레기로 배출합니다.', '· 음식물류폐기물로 배출 불가능', '2026-05-18', 0, '["일반폐기물", "일반종량제폐기물"]');
INSERT INTO aliases (item_id, alias, alias_lower, source) VALUES ('게 껍데기', '갑각류 껍데기', '갑각류 껍데기', 'rule');
INSERT INTO aliases (item_id, alias, alias_lower, source) VALUES ('게 껍데기', '갑각류 껍질', '갑각류 껍질', 'rule');
INSERT INTO aliases (item_id, alias, alias_lower, source) VALUES ('게 껍데기', '게 껍질', '게 껍질', 'rule');
INSERT INTO aliases (item_id, alias, alias_lower, source) VALUES ('게 껍데기', '게 등딱지', '게 등딱지', 'rule');
INSERT INTO aliases (item_id, alias, alias_lower, source) VALUES ('게 껍데기', '게껍다구', '게껍다구', 'rule');
INSERT INTO aliases (item_id, alias, alias_lower, source) VALUES ('게 껍데기', '게껍데기', '게껍데기', 'rule');
INSERT INTO aliases (item_id, alias, alias_lower, source) VALUES ('게 껍데기', '게딱지', '게딱지', 'rule');
INSERT INTO aliases (item_id, alias, alias_lower, source) VALUES ('게 껍데기', '게뚜껑', '게뚜껑', 'rule');
INSERT INTO aliases (item_id, alias, alias_lower, source) VALUES ('게 껍데기', '대게 껍데기', '대게 껍데기', 'rule');
INSERT INTO aliases (item_id, alias, alias_lower, source) VALUES ('게 껍데기', '크랩 쉘', '크랩 쉘', 'rule');
INSERT INTO aliases (item_id, alias, alias_lower, source) VALUES ('게 껍데기', '킹크랩 껍데기', '킹크랩 껍데기', 'rule');
INSERT INTO aliases (item_id, alias, alias_lower, source) VALUES ('게 껍데기', '홍게 껍데기', '홍게 껍데기', 'rule');
INSERT OR REPLACE INTO items (id, name, category, note, steps, confidence, source_url, source_name, source_grade, feature, caution, last_verified, region_variation, official_classification) VALUES ('커튼', '커튼', 'furniture', '· 커튼은 부속품(고철 등)을 제거한 후 일반쓰레기로 배출하며, 크기가 커 종량제봉투로 배출하기 어려운 경우에는 대형폐기물로 배출합니다. · 지자체에 따라 손상이 심하지 않은 커튼은 의류수거함으로 배출하는 경우도 있으니 확인하신 후 배출하여 주시기 바랍니다.', '["커튼은 종량제봉투로 배출합니다.", "크기가 커 종량제봉투로 배출하기 어려운 경우에는 대형폐기물로 배출합니다.", "상태가 좋은 커튼은 의류수거함으로 배출할 수 있으므로 지자체에 문의하여 배출합니다."]', 'high', 'https://www.xn--oy2b29bd3a601b.kr/front/dischargeMethod/dictionaryView.do?niIdx=427', '분리배출.kr (한국폐기물협회·환경부)', 'A', '· 커튼은 부속품(고철 등)을 제거한 후 일반쓰레기로 배출하며, 크기가 커 종량제봉투로 배출하기 어려운 경우에는 대형폐기물로 배출합니다. · 지자체에 따라 손상이 심하지 않은 커튼은 의류수거함으로 배출하는 경우도 있으니 확인하신 후 배출하여 주시기 바랍니다.', '· 의류수거함으로 배출할 수 있는 제품은 정해져 있으므로 배출가능 대상 품목을 확인한 후 배출', '2026-05-18', 0, '["일반폐기물", "일반종량제폐기물", "재활용폐기물", "의류 및 원단", "대형폐기물"]');
INSERT INTO aliases (item_id, alias, alias_lower, source) VALUES ('커튼', '드레이프', '드레이프', 'rule');
INSERT INTO aliases (item_id, alias, alias_lower, source) VALUES ('커튼', '문발', '문발', 'rule');
INSERT INTO aliases (item_id, alias, alias_lower, source) VALUES ('커튼', '블라인드', '블라인드', 'rule');
INSERT INTO aliases (item_id, alias, alias_lower, source) VALUES ('커튼', '쉐이드', '쉐이드', 'rule');
INSERT INTO aliases (item_id, alias, alias_lower, source) VALUES ('커튼', '쉬폰커튼', '쉬폰커튼', 'rule');
INSERT INTO aliases (item_id, alias, alias_lower, source) VALUES ('커튼', '암막커튼', '암막커튼', 'rule');
INSERT INTO aliases (item_id, alias, alias_lower, source) VALUES ('커튼', '윈도우 커버', '윈도우 커버', 'rule');
INSERT INTO aliases (item_id, alias, alias_lower, source) VALUES ('커튼', '창가리개', '창가리개', 'rule');
INSERT INTO aliases (item_id, alias, alias_lower, source) VALUES ('커튼', '창막', '창막', 'rule');
INSERT INTO aliases (item_id, alias, alias_lower, source) VALUES ('커튼', '창문 가리개', '창문 가리개', 'rule');
INSERT INTO aliases (item_id, alias, alias_lower, source) VALUES ('커튼', '창문막이', '창문막이', 'rule');
INSERT INTO aliases (item_id, alias, alias_lower, source) VALUES ('커튼', '커텐', '커텐', 'rule');
INSERT INTO aliases (item_id, alias, alias_lower, source) VALUES ('커튼', '커튼천', '커튼천', 'rule');
INSERT INTO aliases (item_id, alias, alias_lower, source) VALUES ('커튼', '패브릭 커튼', '패브릭 커튼', 'rule');
INSERT OR REPLACE INTO items (id, name, category, note, steps, confidence, source_url, source_name, source_grade, feature, caution, last_verified, region_variation, official_classification) VALUES ('카펫', '카펫', 'furniture', '· 카펫은 면, 울, 합성섬유, 나일론 등 다양한 섬유재질로 제작됩니다. · 대형폐기물은 크기, 부피 등이 커 종량제봉투로 배출하기 어려운 폐기물을 말합니다. 대형폐기물로 배출된 폐기물은 가연성, 목재제품, 플라스틱, 전자제품 등으로 선별한 후 처리업체로 이송되어 처리하고 있습니다.', '["카펫은 종량제봉투로 배출합니다.", "종량제봉투에 담기 어려운 경우에는 대형폐기물로 배출합니다"]', 'high', 'https://www.xn--oy2b29bd3a601b.kr/front/dischargeMethod/dictionaryView.do?niIdx=428', '분리배출.kr (한국폐기물협회·환경부)', 'A', '· 카펫은 면, 울, 합성섬유, 나일론 등 다양한 섬유재질로 제작됩니다. · 대형폐기물은 크기, 부피 등이 커 종량제봉투로 배출하기 어려운 폐기물을 말합니다. 대형폐기물로 배출된 폐기물은 가연성, 목재제품, 플라스틱, 전자제품 등으로 선별한 후 처리업체로 이송되어 처리하고 있습니다.', '·크기가 큰 카펫을 배출할 때에는 보행자에게 불편을 주지 않도록 끈으로 묶어서 배출', '2026-05-18', 0, '["일반폐기물", "일반종량제폐기물", "대형폐기물"]');
INSERT INTO aliases (item_id, alias, alias_lower, source) VALUES ('카펫', 'carpet', 'carpet', 'rule');
INSERT INTO aliases (item_id, alias, alias_lower, source) VALUES ('카펫', 'rug', 'rug', 'rule');
INSERT INTO aliases (item_id, alias, alias_lower, source) VALUES ('카펫', '거실 러그', '거실 러그', 'rule');
INSERT INTO aliases (item_id, alias, alias_lower, source) VALUES ('카펫', '놀이방 매트', '놀이방 매트', 'rule');
INSERT INTO aliases (item_id, alias, alias_lower, source) VALUES ('카펫', '바닥 깔개', '바닥 깔개', 'rule');
INSERT INTO aliases (item_id, alias, alias_lower, source) VALUES ('카펫', '양탄자', '양탄자', 'rule');
INSERT INTO aliases (item_id, alias, alias_lower, source) VALUES ('카펫', '융단', '융단', 'rule');
INSERT INTO aliases (item_id, alias, alias_lower, source) VALUES ('카펫', '카페트', '카페트', 'rule');
INSERT INTO aliases (item_id, alias, alias_lower, source) VALUES ('카펫', '카펫 타일', '카펫 타일', 'rule');
INSERT OR REPLACE INTO items (id, name, category, note, steps, confidence, source_url, source_name, source_grade, feature, caution, last_verified, region_variation, official_classification) VALUES ('헤어롤', '헤어롤', 'general', '· 헤어롤은 플라스틱, 나일론, 알루미늄 등 복합재질로 재활용이 어려워 일반쓰레기로 배출합니다. ※ 배출방법은 지역별로 차이가 있을 수 있으니, 해당 지방자치단체에서 정하는 방법이 있는 경우에는 해당 방법에 따라 배출하시기 바랍니다. 가까운 분리배출 장소를 확인해보세요. 현재 위치에 가까운 배출장소가 없습니다. 근처의 다른 지역을 검색해보세요. 현 위치 배', '["헤어롤은 종량제봉투로 배출합니다."]', 'high', 'https://www.xn--oy2b29bd3a601b.kr/front/dischargeMethod/dictionaryView.do?niIdx=429', '분리배출.kr (한국폐기물협회·환경부)', 'A', '· 헤어롤은 플라스틱, 나일론, 알루미늄 등 복합재질로 재활용이 어려워 일반쓰레기로 배출합니다. ※ 배출방법은 지역별로 차이가 있을 수 있으니, 해당 지방자치단체에서 정하는 방법이 있는 경우에는 해당 방법에 따라 배출하시기 바랍니다. 가까운 분리배출 장소를 확인해보세요. 현재 위치에 가까운 배출장소가 없습니다. 근처의 다른 지역을 검색해보세요. 현 위치 배출장소 전체보기 현 지도에서 검색 장...', '', '2026-05-18', 0, '["일반폐기물", "일반종량제폐기물"]');
INSERT INTO aliases (item_id, alias, alias_lower, source) VALUES ('헤어롤', 'curlers', 'curlers', 'rule');
INSERT INTO aliases (item_id, alias, alias_lower, source) VALUES ('헤어롤', 'hair roll', 'hair roll', 'rule');
INSERT INTO aliases (item_id, alias, alias_lower, source) VALUES ('헤어롤', 'rollers', 'rollers', 'rule');
INSERT INTO aliases (item_id, alias, alias_lower, source) VALUES ('헤어롤', 'velcro roll', 'velcro roll', 'rule');
INSERT INTO aliases (item_id, alias, alias_lower, source) VALUES ('헤어롤', '구루프', '구루프', 'rule');
INSERT INTO aliases (item_id, alias, alias_lower, source) VALUES ('헤어롤', '머리 마는 거', '머리 마는 거', 'rule');
INSERT INTO aliases (item_id, alias, alias_lower, source) VALUES ('헤어롤', '머리 마는 도구', '머리 마는 도구', 'rule');
INSERT INTO aliases (item_id, alias, alias_lower, source) VALUES ('헤어롤', '머리말이', '머리말이', 'rule');
INSERT INTO aliases (item_id, alias, alias_lower, source) VALUES ('헤어롤', '앞머리롤', '앞머리롤', 'rule');
INSERT INTO aliases (item_id, alias, alias_lower, source) VALUES ('헤어롤', '찍찍이롤', '찍찍이롤', 'rule');
INSERT INTO aliases (item_id, alias, alias_lower, source) VALUES ('헤어롤', '헤어롤러', '헤어롤러', 'rule');
INSERT INTO aliases (item_id, alias, alias_lower, source) VALUES ('헤어롤', '헤어컬', '헤어컬', 'rule');
INSERT OR REPLACE INTO items (id, name, category, note, steps, confidence, source_url, source_name, source_grade, feature, caution, last_verified, region_variation, official_classification) VALUES ('화초', '화초', 'general', '· 화초는 최대한 흙을 털어낸 후 일반쓰레기로 배출합니다. ※ 배출방법은 지역별로 차이가 있을 수 있으니, 해당 지방자치단체에서 정하는 방법이 있는 경우에는 해당 방법에 따라 배출하시기 바랍니다. 가까운 분리배출 장소를 확인해보세요. 현재 위치에 가까운 배출장소가 없습니다. 근처의 다른 지역을 검색해보세요. 현 위치 배출장소 전체보기 현 지도에서 검색 장소', '["화초는 종량제봉투로 배출합니다."]', 'high', 'https://www.xn--oy2b29bd3a601b.kr/front/dischargeMethod/dictionaryView.do?niIdx=430', '분리배출.kr (한국폐기물협회·환경부)', 'A', '· 화초는 최대한 흙을 털어낸 후 일반쓰레기로 배출합니다. ※ 배출방법은 지역별로 차이가 있을 수 있으니, 해당 지방자치단체에서 정하는 방법이 있는 경우에는 해당 방법에 따라 배출하시기 바랍니다. 가까운 분리배출 장소를 확인해보세요. 현재 위치에 가까운 배출장소가 없습니다. 근처의 다른 지역을 검색해보세요. 현 위치 배출장소 전체보기 현 지도에서 검색 장소 더보기 분리배출 장소 선택 배출장소...', '', '2026-05-18', 0, '["일반폐기물", "일반종량제폐기물"]');
INSERT INTO aliases (item_id, alias, alias_lower, source) VALUES ('화초', '꽃나무', '꽃나무', 'rule');
INSERT INTO aliases (item_id, alias, alias_lower, source) VALUES ('화초', '난초', '난초', 'rule');
INSERT INTO aliases (item_id, alias, alias_lower, source) VALUES ('화초', '반려식물', '반려식물', 'rule');
INSERT INTO aliases (item_id, alias, alias_lower, source) VALUES ('화초', '선인장', '선인장', 'rule');
INSERT INTO aliases (item_id, alias, alias_lower, source) VALUES ('화초', '플랜트', '플랜트', 'rule');
INSERT INTO aliases (item_id, alias, alias_lower, source) VALUES ('화초', '허브', '허브', 'rule');
INSERT INTO aliases (item_id, alias, alias_lower, source) VALUES ('화초', '화분식물', '화분식물', 'rule');
INSERT OR REPLACE INTO items (id, name, category, note, steps, confidence, source_url, source_name, source_grade, feature, caution, last_verified, region_variation, official_classification) VALUES ('우쿨렐레', '우쿨렐레', 'furniture', '· 우쿨렐레는 나무재질에 나일론, 카본 등 여러가지 재질로 구성되어 있어 복합재질이므로 재활용이 어렵습니다. · 크기가 큰 기타, 첼로는 대형폐기물로 배출합니다. ※ 배출방법은 지역별로 차이가 있을 수 있으니, 해당 지방자치단체에서 정하는 방법이 있는 경우에는 해당 방법에 따라 배출하시기 바랍니다. 가까운 분리배출 장소를 확인해보세요. 현재 위치에 가까운', '["우쿨렐레는 종량제봉투로 배출합니다.", "종량제봉투에 담기 어려운 경우에는 대형폐기물로 배출합니다"]', 'high', 'https://www.xn--oy2b29bd3a601b.kr/front/dischargeMethod/dictionaryView.do?niIdx=431', '분리배출.kr (한국폐기물협회·환경부)', 'A', '· 우쿨렐레는 나무재질에 나일론, 카본 등 여러가지 재질로 구성되어 있어 복합재질이므로 재활용이 어렵습니다. · 크기가 큰 기타, 첼로는 대형폐기물로 배출합니다. ※ 배출방법은 지역별로 차이가 있을 수 있으니, 해당 지방자치단체에서 정하는 방법이 있는 경우에는 해당 방법에 따라 배출하시기 바랍니다. 가까운 분리배출 장소를 확인해보세요. 현재 위치에 가까운 배출장소가 없습니다. 근처의 다른 지...', '', '2026-05-18', 0, '["일반폐기물", "일반종량제폐기물", "대형폐기물"]');
INSERT INTO aliases (item_id, alias, alias_lower, source) VALUES ('우쿨렐레', '단소', '단소', 'rule');
INSERT INTO aliases (item_id, alias, alias_lower, source) VALUES ('우쿨렐레', '리코더', '리코더', 'rule');
INSERT INTO aliases (item_id, alias, alias_lower, source) VALUES ('우쿨렐레', '멜로디언', '멜로디언', 'rule');
INSERT INTO aliases (item_id, alias, alias_lower, source) VALUES ('우쿨렐레', '바이올린', '바이올린', 'rule');
INSERT INTO aliases (item_id, alias, alias_lower, source) VALUES ('우쿨렐레', '장난감 피아노', '장난감 피아노', 'rule');
INSERT INTO aliases (item_id, alias, alias_lower, source) VALUES ('우쿨렐레', '피아노', '피아노', 'rule');
INSERT OR REPLACE INTO items (id, name, category, note, steps, confidence, source_url, source_name, source_grade, feature, caution, last_verified, region_variation, official_classification) VALUES ('스테이플러', '스테이플러', 'general', '· 스테이플러는 플라스틱, 고철, 고무 등이 혼합된 복합재질 제품이며 재질별 분리가 어려우므로 일반쓰레기로 배출합니다. ※ 배출방법은 지역별로 차이가 있을 수 있으니, 해당 지방자치단체에서 정하는 방법이 있는 경우에는 해당 방법에 따라 배출하시기 바랍니다. 가까운 분리배출 장소를 확인해보세요. 현재 위치에 가까운 배출장소가 없습니다. 근처의 다른 지역을 검', '["스테이플러는 종량제봉투로 배출합니다."]', 'high', 'https://www.xn--oy2b29bd3a601b.kr/front/dischargeMethod/dictionaryView.do?niIdx=434', '분리배출.kr (한국폐기물협회·환경부)', 'A', '· 스테이플러는 플라스틱, 고철, 고무 등이 혼합된 복합재질 제품이며 재질별 분리가 어려우므로 일반쓰레기로 배출합니다. ※ 배출방법은 지역별로 차이가 있을 수 있으니, 해당 지방자치단체에서 정하는 방법이 있는 경우에는 해당 방법에 따라 배출하시기 바랍니다. 가까운 분리배출 장소를 확인해보세요. 현재 위치에 가까운 배출장소가 없습니다. 근처의 다른 지역을 검색해보세요. 현 위치 배출장소 전체보...', '', '2026-05-18', 0, '["일반폐기물", "일반종량제폐기물"]');
INSERT INTO aliases (item_id, alias, alias_lower, source) VALUES ('스테이플러', 'stapler', 'stapler', 'rule');
INSERT INTO aliases (item_id, alias, alias_lower, source) VALUES ('스테이플러', '문서철', '문서철', 'rule');
INSERT INTO aliases (item_id, alias, alias_lower, source) VALUES ('스테이플러', '사무용 스테이플러', '사무용 스테이플러', 'rule');
INSERT INTO aliases (item_id, alias, alias_lower, source) VALUES ('스테이플러', '스태플러', '스태플러', 'rule');
INSERT INTO aliases (item_id, alias, alias_lower, source) VALUES ('스테이플러', '스테이플', '스테이플', 'rule');
INSERT INTO aliases (item_id, alias, alias_lower, source) VALUES ('스테이플러', '스테플러', '스테플러', 'rule');
INSERT INTO aliases (item_id, alias, alias_lower, source) VALUES ('스테이플러', '종이철', '종이철', 'rule');
INSERT INTO aliases (item_id, alias, alias_lower, source) VALUES ('스테이플러', '철심박이', '철심박이', 'rule');
INSERT INTO aliases (item_id, alias, alias_lower, source) VALUES ('스테이플러', '철심총', '철심총', 'rule');
INSERT INTO aliases (item_id, alias, alias_lower, source) VALUES ('스테이플러', '콕콕이', '콕콕이', 'rule');
INSERT INTO aliases (item_id, alias, alias_lower, source) VALUES ('스테이플러', '호치', '호치', 'rule');
INSERT INTO aliases (item_id, alias, alias_lower, source) VALUES ('스테이플러', '호치키스', '호치키스', 'rule');
INSERT OR REPLACE INTO items (id, name, category, note, steps, confidence, source_url, source_name, source_grade, feature, caution, last_verified, region_variation, official_classification) VALUES ('석고 방향제', '석고 방향제', 'general', '· 석고 제품은 재활용이 되지 않으므로 일반쓰레기로 배출합니다. · 만약 다량으로 배출하는 경우에는 불연성종량제폐기물로 배출합니다.', '["석고 방향제는 종량제봉투로 배출합니다."]', 'high', 'https://www.xn--oy2b29bd3a601b.kr/front/dischargeMethod/dictionaryView.do?niIdx=435', '분리배출.kr (한국폐기물협회·환경부)', 'A', '· 석고 제품은 재활용이 되지 않으므로 일반쓰레기로 배출합니다. · 만약 다량으로 배출하는 경우에는 불연성종량제폐기물로 배출합니다.', '· 배출양에 따라 종량제봉투 또는 불연성종량제봉투(특수규격마대)에 배출', '2026-05-18', 0, '["일반폐기물", "일반종량제폐기물", "불연성종량제폐기물"]');
INSERT INTO aliases (item_id, alias, alias_lower, source) VALUES ('석고 방향제', '방향 석고', '방향 석고', 'rule');
INSERT INTO aliases (item_id, alias, alias_lower, source) VALUES ('석고 방향제', '석고 디퓨저', '석고 디퓨저', 'rule');
INSERT INTO aliases (item_id, alias, alias_lower, source) VALUES ('석고 방향제', '석고 방향', '석고 방향', 'rule');
INSERT INTO aliases (item_id, alias, alias_lower, source) VALUES ('석고 방향제', '석고방', '석고방', 'rule');
INSERT INTO aliases (item_id, alias, alias_lower, source) VALUES ('석고 방향제', '석고향', '석고향', 'rule');
INSERT INTO aliases (item_id, alias, alias_lower, source) VALUES ('석고 방향제', '센티드 석고', '센티드 석고', 'rule');
INSERT INTO aliases (item_id, alias, alias_lower, source) VALUES ('석고 방향제', '아로마 석고', '아로마 석고', 'rule');
INSERT INTO aliases (item_id, alias, alias_lower, source) VALUES ('석고 방향제', '차량 석고', '차량 석고', 'rule');
INSERT INTO aliases (item_id, alias, alias_lower, source) VALUES ('석고 방향제', '프래그런스 석고', '프래그런스 석고', 'rule');
INSERT INTO aliases (item_id, alias, alias_lower, source) VALUES ('석고 방향제', '플라스터 방향제', '플라스터 방향제', 'rule');
INSERT INTO aliases (item_id, alias, alias_lower, source) VALUES ('석고 방향제', '향기 석고', '향기 석고', 'rule');
INSERT INTO aliases (item_id, alias, alias_lower, source) VALUES ('석고 방향제', '향기나는 돌', '향기나는 돌', 'rule');
INSERT OR REPLACE INTO items (id, name, category, note, steps, confidence, source_url, source_name, source_grade, feature, caution, last_verified, region_variation, official_classification) VALUES ('고무장화', '고무장화', 'general', '· 고무장화는 대부분 EVA, PVC 재질의 제품입니다. · 가정에서 사용하는 EVA는 주로 샌달, 구두창 등의 제품으로 사용하고 있으며, 주로 소량으로 발생되어 재활용이 어렵습니다. · PVC제품은 일반 플라스틱과 물성이 달라서 플라스틱으로 배출시 재활용이 되지 않습니다.', '["고무장화는 종량제봉투로 배출합니다."]', 'high', 'https://www.xn--oy2b29bd3a601b.kr/front/dischargeMethod/dictionaryView.do?niIdx=436', '분리배출.kr (한국폐기물협회·환경부)', 'A', '· 고무장화는 대부분 EVA, PVC 재질의 제품입니다. · 가정에서 사용하는 EVA는 주로 샌달, 구두창 등의 제품으로 사용하고 있으며, 주로 소량으로 발생되어 재활용이 어렵습니다. · PVC제품은 일반 플라스틱과 물성이 달라서 플라스틱으로 배출시 재활용이 되지 않습니다.', '· 의류수거함에 배출 불가능', '2026-05-18', 0, '["일반폐기물", "일반종량제폐기물"]');
INSERT INTO aliases (item_id, alias, alias_lower, source) VALUES ('고무장화', '락피쉬', '락피쉬', 'rule');
INSERT INTO aliases (item_id, alias, alias_lower, source) VALUES ('고무장화', '러버부츠', '러버부츠', 'rule');
INSERT INTO aliases (item_id, alias, alias_lower, source) VALUES ('고무장화', '레인부츠', '레인부츠', 'rule');
INSERT INTO aliases (item_id, alias, alias_lower, source) VALUES ('고무장화', '방수장화', '방수장화', 'rule');
INSERT INTO aliases (item_id, alias, alias_lower, source) VALUES ('고무장화', '비신발', '비신발', 'rule');
INSERT INTO aliases (item_id, alias, alias_lower, source) VALUES ('고무장화', '빗물장화', '빗물장화', 'rule');
INSERT INTO aliases (item_id, alias, alias_lower, source) VALUES ('고무장화', '작업장화', '작업장화', 'rule');
INSERT INTO aliases (item_id, alias, alias_lower, source) VALUES ('고무장화', '장화신', '장화신', 'rule');
INSERT INTO aliases (item_id, alias, alias_lower, source) VALUES ('고무장화', '진흙장화', '진흙장화', 'rule');
INSERT INTO aliases (item_id, alias, alias_lower, source) VALUES ('고무장화', '첨벙신발', '첨벙신발', 'rule');
INSERT INTO aliases (item_id, alias, alias_lower, source) VALUES ('고무장화', '헌터부츠', '헌터부츠', 'rule');
INSERT OR REPLACE INTO items (id, name, category, note, steps, confidence, source_url, source_name, source_grade, feature, caution, last_verified, region_variation, official_classification) VALUES ('고무신발', '고무신발', 'general', '· 고무신발은 대부분 EVA 재질의 제품입니다. · 가정에서 사용하는 EVA는 주로 샌달, 구두창 등의 제품으로 사용하고 있으며, 주로 소량으로 발생되어 재활용이 어렵습니다.', '["고무신발은 종량제봉투로 배출합니다."]', 'high', 'https://www.xn--oy2b29bd3a601b.kr/front/dischargeMethod/dictionaryView.do?niIdx=437', '분리배출.kr (한국폐기물협회·환경부)', 'A', '· 고무신발은 대부분 EVA 재질의 제품입니다. · 가정에서 사용하는 EVA는 주로 샌달, 구두창 등의 제품으로 사용하고 있으며, 주로 소량으로 발생되어 재활용이 어렵습니다.', '· 의류수거함에 배출 불가능', '2026-05-18', 0, '["일반폐기물", "일반종량제폐기물"]');
INSERT INTO aliases (item_id, alias, alias_lower, source) VALUES ('고무신발', '고무샌들', '고무샌들', 'rule');
INSERT INTO aliases (item_id, alias, alias_lower, source) VALUES ('고무신발', '고무슬리퍼', '고무슬리퍼', 'rule');
INSERT INTO aliases (item_id, alias, alias_lower, source) VALUES ('고무신발', '고무신', '고무신', 'rule');
INSERT INTO aliases (item_id, alias, alias_lower, source) VALUES ('고무신발', '고무운동화', '고무운동화', 'rule');
INSERT INTO aliases (item_id, alias, alias_lower, source) VALUES ('고무신발', '러버슈즈', '러버슈즈', 'rule');
INSERT INTO aliases (item_id, alias, alias_lower, source) VALUES ('고무신발', '물놀이신발', '물놀이신발', 'rule');
INSERT INTO aliases (item_id, alias, alias_lower, source) VALUES ('고무신발', '방수신발', '방수신발', 'rule');
INSERT INTO aliases (item_id, alias, alias_lower, source) VALUES ('고무신발', '아쿠아슈즈', '아쿠아슈즈', 'rule');
INSERT INTO aliases (item_id, alias, alias_lower, source) VALUES ('고무신발', '젤리슈즈', '젤리슈즈', 'rule');
INSERT INTO aliases (item_id, alias, alias_lower, source) VALUES ('고무신발', '크록스', '크록스', 'rule');
INSERT OR REPLACE INTO items (id, name, category, note, steps, confidence, source_url, source_name, source_grade, feature, caution, last_verified, region_variation, official_classification) VALUES ('우비', '우비', 'general', '· 우비는 대부분 EVA, PVC 재질의 제품으로 발수, 방수코팅이 되어 있어 재활용이 어려우므로 일반쓰레기로 배출합니다. · 가정에서 사용하는 EVA는 주로 샌달, 구두창 등의 제품으로 사용하고 있으며, 주로 소량으로 발생되어 재활용이 어렵습니다. · PVC비닐은 일반 비닐과 물성이 달라서 비닐류 배출시 재활용이 되지 않습니다.', '["우비는 종량제봉투로 배출합니다."]', 'high', 'https://www.xn--oy2b29bd3a601b.kr/front/dischargeMethod/dictionaryView.do?niIdx=439', '분리배출.kr (한국폐기물협회·환경부)', 'A', '· 우비는 대부분 EVA, PVC 재질의 제품으로 발수, 방수코팅이 되어 있어 재활용이 어려우므로 일반쓰레기로 배출합니다. · 가정에서 사용하는 EVA는 주로 샌달, 구두창 등의 제품으로 사용하고 있으며, 주로 소량으로 발생되어 재활용이 어렵습니다. · PVC비닐은 일반 비닐과 물성이 달라서 비닐류 배출시 재활용이 되지 않습니다.', '· 의류수거함에 배출 불가능', '2026-05-18', 0, '["일반폐기물", "일반종량제폐기물"]');
INSERT INTO aliases (item_id, alias, alias_lower, source) VALUES ('우비', 'raincoat', 'raincoat', 'rule');
INSERT INTO aliases (item_id, alias, alias_lower, source) VALUES ('우비', '등산 우비', '등산 우비', 'rule');
INSERT INTO aliases (item_id, alias, alias_lower, source) VALUES ('우비', '레인웨어', '레인웨어', 'rule');
INSERT INTO aliases (item_id, alias, alias_lower, source) VALUES ('우비', '레인재킷', '레인재킷', 'rule');
INSERT INTO aliases (item_id, alias, alias_lower, source) VALUES ('우비', '레인코트', '레인코트', 'rule');
INSERT INTO aliases (item_id, alias, alias_lower, source) VALUES ('우비', '방수복', '방수복', 'rule');
INSERT INTO aliases (item_id, alias, alias_lower, source) VALUES ('우비', '방수옷', '방수옷', 'rule');
INSERT INTO aliases (item_id, alias, alias_lower, source) VALUES ('우비', '비가림옷', '비가림옷', 'rule');
INSERT INTO aliases (item_id, alias, alias_lower, source) VALUES ('우비', '비옷', '비옷', 'rule');
INSERT INTO aliases (item_id, alias, alias_lower, source) VALUES ('우비', '우비옷', '우비옷', 'rule');
INSERT INTO aliases (item_id, alias, alias_lower, source) VALUES ('우비', '우의', '우의', 'rule');
INSERT INTO aliases (item_id, alias, alias_lower, source) VALUES ('우비', '일회용 우비', '일회용 우비', 'rule');
INSERT OR REPLACE INTO items (id, name, category, note, steps, confidence, source_url, source_name, source_grade, feature, caution, last_verified, region_variation, official_classification) VALUES ('아크릴판', '아크릴판', 'general', '· 아크릴(PMMA) 재질의 플라스틱은 재활용선별장에서 선별이 용이하지 않고 재활용이 어렵기 때문에 종량제봉투로 배출합니다. ※ 배출방법은 지역별로 차이가 있을 수 있으니, 해당 지방자치단체에서 정하는 방법이 있는 경우에는 해당 방법에 따라 배출하시기 바랍니다. 가까운 분리배출 장소를 확인해보세요. 현재 위치에 가까운 배출장소가 없습니다. 근처의 다른 지역', '["아크릴판은 종량제봉투로 배출합니다."]', 'high', 'https://www.xn--oy2b29bd3a601b.kr/front/dischargeMethod/dictionaryView.do?niIdx=440', '분리배출.kr (한국폐기물협회·환경부)', 'A', '· 아크릴(PMMA) 재질의 플라스틱은 재활용선별장에서 선별이 용이하지 않고 재활용이 어렵기 때문에 종량제봉투로 배출합니다. ※ 배출방법은 지역별로 차이가 있을 수 있으니, 해당 지방자치단체에서 정하는 방법이 있는 경우에는 해당 방법에 따라 배출하시기 바랍니다. 가까운 분리배출 장소를 확인해보세요. 현재 위치에 가까운 배출장소가 없습니다. 근처의 다른 지역을 검색해보세요. 현 위치 배출장소...', '', '2026-05-18', 0, '["일반폐기물", "일반종량제폐기물"]');
INSERT INTO aliases (item_id, alias, alias_lower, source) VALUES ('아크릴판', '아크릴', '아크릴', 'rule');
INSERT INTO aliases (item_id, alias, alias_lower, source) VALUES ('아크릴판', '아크릴 보드', '아크릴 보드', 'rule');
INSERT INTO aliases (item_id, alias, alias_lower, source) VALUES ('아크릴판', '아크릴 시트', '아크릴 시트', 'rule');
INSERT INTO aliases (item_id, alias, alias_lower, source) VALUES ('아크릴판', '아크릴 유리', '아크릴 유리', 'rule');
INSERT INTO aliases (item_id, alias, alias_lower, source) VALUES ('아크릴판', '아크릴 재질', '아크릴 재질', 'rule');
INSERT INTO aliases (item_id, alias, alias_lower, source) VALUES ('아크릴판', '아크릴 판재', '아크릴 판재', 'rule');
INSERT INTO aliases (item_id, alias, alias_lower, source) VALUES ('아크릴판', '아크릴 패널', '아크릴 패널', 'rule');
INSERT INTO aliases (item_id, alias, alias_lower, source) VALUES ('아크릴판', '투명 아크릴', '투명 아크릴', 'rule');
INSERT INTO aliases (item_id, alias, alias_lower, source) VALUES ('아크릴판', '투명 플라스틱', '투명 플라스틱', 'rule');
INSERT INTO aliases (item_id, alias, alias_lower, source) VALUES ('아크릴판', '플라스틱 시트', '플라스틱 시트', 'rule');
INSERT INTO aliases (item_id, alias, alias_lower, source) VALUES ('아크릴판', '플라스틱 판', '플라스틱 판', 'rule');
INSERT INTO aliases (item_id, alias, alias_lower, source) VALUES ('아크릴판', '플렉시글라스', '플렉시글라스', 'rule');
INSERT OR REPLACE INTO items (id, name, category, note, steps, confidence, source_url, source_name, source_grade, feature, caution, last_verified, region_variation, official_classification) VALUES ('녹말이쑤시개', '녹말이쑤시개', 'general', '· 녹말 이쑤시개는 녹말과 소르비톨, 색소 등을 혼합하여 제조한 위생용품이며, 일정한 조건에서 미생물이나 효소에 의해 분해되는 생분해성수지제품입니다. · 생분해성수지 제품은 일반 플라스틱과는 성질이 달라 플라스틱으로 배출 시 재활용을 저해하므로 종량제봉투로 배출합니다. ※ 배출방법은 지역별로 차이가 있을 수 있으니, 해당 지방자치단체에서 정하는 방법이 있는', '["녹말이쑤시개는 종량제봉투로 배출합니다."]', 'high', 'https://www.xn--oy2b29bd3a601b.kr/front/dischargeMethod/dictionaryView.do?niIdx=441', '분리배출.kr (한국폐기물협회·환경부)', 'A', '· 녹말 이쑤시개는 녹말과 소르비톨, 색소 등을 혼합하여 제조한 위생용품이며, 일정한 조건에서 미생물이나 효소에 의해 분해되는 생분해성수지제품입니다. · 생분해성수지 제품은 일반 플라스틱과는 성질이 달라 플라스틱으로 배출 시 재활용을 저해하므로 종량제봉투로 배출합니다. ※ 배출방법은 지역별로 차이가 있을 수 있으니, 해당 지방자치단체에서 정하는 방법이 있는 경우에는 해당 방법에 따라 배출하시...', '', '2026-05-18', 0, '["일반폐기물", "일반종량제폐기물"]');
INSERT INTO aliases (item_id, alias, alias_lower, source) VALUES ('녹말이쑤시개', 'biodegradable toothpick', 'biodegradable toothpick', 'rule');
INSERT INTO aliases (item_id, alias, alias_lower, source) VALUES ('녹말이쑤시개', '녹말쑤시개', '녹말쑤시개', 'rule');
INSERT INTO aliases (item_id, alias, alias_lower, source) VALUES ('녹말이쑤시개', '먹는 이쑤시개', '먹는 이쑤시개', 'rule');
INSERT INTO aliases (item_id, alias, alias_lower, source) VALUES ('녹말이쑤시개', '생분해이쑤시개', '생분해이쑤시개', 'rule');
INSERT INTO aliases (item_id, alias, alias_lower, source) VALUES ('녹말이쑤시개', '스타치 이쑤시개', '스타치 이쑤시개', 'rule');
INSERT INTO aliases (item_id, alias, alias_lower, source) VALUES ('녹말이쑤시개', '옥수수쑤시개', '옥수수쑤시개', 'rule');
INSERT INTO aliases (item_id, alias, alias_lower, source) VALUES ('녹말이쑤시개', '옥수수이쑤시개', '옥수수이쑤시개', 'rule');
INSERT INTO aliases (item_id, alias, alias_lower, source) VALUES ('녹말이쑤시개', '이쑤개', '이쑤개', 'rule');
INSERT INTO aliases (item_id, alias, alias_lower, source) VALUES ('녹말이쑤시개', '자연분해 이쑤시개', '자연분해 이쑤시개', 'rule');
INSERT INTO aliases (item_id, alias, alias_lower, source) VALUES ('녹말이쑤시개', '전분이쑤시개', '전분이쑤시개', 'rule');
INSERT INTO aliases (item_id, alias, alias_lower, source) VALUES ('녹말이쑤시개', '친환경이쑤시개', '친환경이쑤시개', 'rule');
INSERT INTO aliases (item_id, alias, alias_lower, source) VALUES ('녹말이쑤시개', '환경 이쑤시개', '환경 이쑤시개', 'rule');
INSERT OR REPLACE INTO items (id, name, category, note, steps, confidence, source_url, source_name, source_grade, feature, caution, last_verified, region_variation, official_classification) VALUES ('유산지', '유산지', 'general', '· 유산지는 종이에 내수성, 내유성 등이 있도록 코팅이 되어 있어 일반 종이와 해리시간이 차이가 있어 별도로 모아 배출해야 재활용이 가능합니다. · 가정에서는 소량으로 배출되는 경우가 많아 재활용이 어렵습니다. · 포장지에 기름이나 음식물이 묻어 있는 경우에는 재활용이 어려우므로 일반쓰레기로 배출합니다. ※ 배출방법은 지역별로 차이가 있을 수 있으니, 해당', '["유산지는 종량제봉투로 배출합니다."]', 'high', 'https://www.xn--oy2b29bd3a601b.kr/front/dischargeMethod/dictionaryView.do?niIdx=442', '분리배출.kr (한국폐기물협회·환경부)', 'A', '· 유산지는 종이에 내수성, 내유성 등이 있도록 코팅이 되어 있어 일반 종이와 해리시간이 차이가 있어 별도로 모아 배출해야 재활용이 가능합니다. · 가정에서는 소량으로 배출되는 경우가 많아 재활용이 어렵습니다. · 포장지에 기름이나 음식물이 묻어 있는 경우에는 재활용이 어려우므로 일반쓰레기로 배출합니다. ※ 배출방법은 지역별로 차이가 있을 수 있으니, 해당 지방자치단체에서 정하는 방법이 있는...', '', '2026-05-18', 0, '["일반폐기물", "일반종량제폐기물"]');
INSERT INTO aliases (item_id, alias, alias_lower, source) VALUES ('유산지', '굽는 종이', '굽는 종이', 'rule');
INSERT INTO aliases (item_id, alias, alias_lower, source) VALUES ('유산지', '그리스프루프 페이퍼', '그리스프루프 페이퍼', 'rule');
INSERT INTO aliases (item_id, alias, alias_lower, source) VALUES ('유산지', '깔개 종이', '깔개 종이', 'rule');
INSERT INTO aliases (item_id, alias, alias_lower, source) VALUES ('유산지', '다이소 유산지', '다이소 유산지', 'rule');
INSERT INTO aliases (item_id, alias, alias_lower, source) VALUES ('유산지', '마트 유산지', '마트 유산지', 'rule');
INSERT INTO aliases (item_id, alias, alias_lower, source) VALUES ('유산지', '베이킹 시트', '베이킹 시트', 'rule');
INSERT INTO aliases (item_id, alias, alias_lower, source) VALUES ('유산지', '베이킹 페이퍼', '베이킹 페이퍼', 'rule');
INSERT INTO aliases (item_id, alias, alias_lower, source) VALUES ('유산지', '베이킹지', '베이킹지', 'rule');
INSERT INTO aliases (item_id, alias, alias_lower, source) VALUES ('유산지', '오븐 시트', '오븐 시트', 'rule');
INSERT INTO aliases (item_id, alias, alias_lower, source) VALUES ('유산지', '종이 호일', '종이 호일', 'rule');
INSERT INTO aliases (item_id, alias, alias_lower, source) VALUES ('유산지', '쿠킹 시트', '쿠킹 시트', 'rule');
INSERT INTO aliases (item_id, alias, alias_lower, source) VALUES ('유산지', '파치먼트 페이퍼', '파치먼트 페이퍼', 'rule');
INSERT OR REPLACE INTO items (id, name, category, note, steps, confidence, source_url, source_name, source_grade, feature, caution, last_verified, region_variation, official_classification) VALUES ('아쿠아덤벨', '아쿠아덤벨', 'general', '· 아쿠아덤벨은 대부분 EVA 재질로 된 제품으로 재활용이 어려우므로 일반쓰레기로 배출합니다. ※ 배출방법은 지역별로 차이가 있을 수 있으니, 해당 지방자치단체에서 정하는 방법이 있는 경우에는 해당 방법에 따라 배출하시기 바랍니다. 가까운 분리배출 장소를 확인해보세요. 현재 위치에 가까운 배출장소가 없습니다. 근처의 다른 지역을 검색해보세요. 현 위치 배출', '["아쿠아덤벨은 종량제봉투로 배출합니다."]', 'high', 'https://www.xn--oy2b29bd3a601b.kr/front/dischargeMethod/dictionaryView.do?niIdx=443', '분리배출.kr (한국폐기물협회·환경부)', 'A', '· 아쿠아덤벨은 대부분 EVA 재질로 된 제품으로 재활용이 어려우므로 일반쓰레기로 배출합니다. ※ 배출방법은 지역별로 차이가 있을 수 있으니, 해당 지방자치단체에서 정하는 방법이 있는 경우에는 해당 방법에 따라 배출하시기 바랍니다. 가까운 분리배출 장소를 확인해보세요. 현재 위치에 가까운 배출장소가 없습니다. 근처의 다른 지역을 검색해보세요. 현 위치 배출장소 전체보기 현 지도에서 검색 장소...', '', '2026-05-18', 0, '["일반폐기물", "일반종량제폐기물"]');
INSERT INTO aliases (item_id, alias, alias_lower, source) VALUES ('아쿠아덤벨', 'aqua dumbbell', 'aqua dumbbell', 'rule');
INSERT INTO aliases (item_id, alias, alias_lower, source) VALUES ('아쿠아덤벨', 'aquatic dumbbell', 'aquatic dumbbell', 'rule');
INSERT INTO aliases (item_id, alias, alias_lower, source) VALUES ('아쿠아덤벨', 'pool dumbbell', 'pool dumbbell', 'rule');
INSERT INTO aliases (item_id, alias, alias_lower, source) VALUES ('아쿠아덤벨', 'water dumbbell', 'water dumbbell', 'rule');
INSERT INTO aliases (item_id, alias, alias_lower, source) VALUES ('아쿠아덤벨', '물 덤벨', '물 덤벨', 'rule');
INSERT INTO aliases (item_id, alias, alias_lower, source) VALUES ('아쿠아덤벨', '물 헬스 용품', '물 헬스 용품', 'rule');
INSERT INTO aliases (item_id, alias, alias_lower, source) VALUES ('아쿠아덤벨', '물속 운동 아령', '물속 운동 아령', 'rule');
INSERT INTO aliases (item_id, alias, alias_lower, source) VALUES ('아쿠아덤벨', '수영장 덤벨', '수영장 덤벨', 'rule');
INSERT INTO aliases (item_id, alias, alias_lower, source) VALUES ('아쿠아덤벨', '수중 덤벨', '수중 덤벨', 'rule');
INSERT INTO aliases (item_id, alias, alias_lower, source) VALUES ('아쿠아덤벨', '수중 아령', '수중 아령', 'rule');
INSERT INTO aliases (item_id, alias, alias_lower, source) VALUES ('아쿠아덤벨', '수중 운동 기구', '수중 운동 기구', 'rule');
INSERT INTO aliases (item_id, alias, alias_lower, source) VALUES ('아쿠아덤벨', '아쿠아 아령', '아쿠아 아령', 'rule');
INSERT OR REPLACE INTO items (id, name, category, note, steps, confidence, source_url, source_name, source_grade, feature, caution, last_verified, region_variation, official_classification) VALUES ('실리콘 주걱', '실리콘 주걱', 'general', '· 실리콘 수지는 열에 잘 변형되지 않는 열경화성 수지 제품으로 주로 조리도구, 유아용품 등에 사용됩니다. · 합성수지 제품(플라스틱 제품)은 선별압축-파쇄-세척-용융압출 등의 과정을 거쳐 재활용하고 있습니다. · 열경화성 수지 제품의 경우 열에 쉽게 변형되지 않아 재활용이 어렵습니다. ※ 배출방법은 지역별로 차이가 있을 수 있으니, 해당 지방자치단체에서', '["실리콘 주걱은 종량제봉투로 배출합니다."]', 'high', 'https://www.xn--oy2b29bd3a601b.kr/front/dischargeMethod/dictionaryView.do?niIdx=444', '분리배출.kr (한국폐기물협회·환경부)', 'A', '· 실리콘 수지는 열에 잘 변형되지 않는 열경화성 수지 제품으로 주로 조리도구, 유아용품 등에 사용됩니다. · 합성수지 제품(플라스틱 제품)은 선별압축-파쇄-세척-용융압출 등의 과정을 거쳐 재활용하고 있습니다. · 열경화성 수지 제품의 경우 열에 쉽게 변형되지 않아 재활용이 어렵습니다. ※ 배출방법은 지역별로 차이가 있을 수 있으니, 해당 지방자치단체에서 정하는 방법이 있는 경우에는 해당 방...', '', '2026-05-18', 0, '["일반폐기물", "일반종량제폐기물"]');
INSERT INTO aliases (item_id, alias, alias_lower, source) VALUES ('실리콘 주걱', '베이킹주걱', '베이킹주걱', 'rule');
INSERT INTO aliases (item_id, alias, alias_lower, source) VALUES ('실리콘 주걱', '스패츌라', '스패츌라', 'rule');
INSERT INTO aliases (item_id, alias, alias_lower, source) VALUES ('실리콘 주걱', '실리콘 긁개', '실리콘 긁개', 'rule');
INSERT INTO aliases (item_id, alias, alias_lower, source) VALUES ('실리콘 주걱', '실리콘 뒤집개', '실리콘 뒤집개', 'rule');
INSERT INTO aliases (item_id, alias, alias_lower, source) VALUES ('실리콘 주걱', '실리콘 볶음주걱', '실리콘 볶음주걱', 'rule');
INSERT INTO aliases (item_id, alias, alias_lower, source) VALUES ('실리콘 주걱', '실리콘 스패츌라', '실리콘 스패츌라', 'rule');
INSERT INTO aliases (item_id, alias, alias_lower, source) VALUES ('실리콘 주걱', '실리콘 요리도구', '실리콘 요리도구', 'rule');
INSERT INTO aliases (item_id, alias, alias_lower, source) VALUES ('실리콘 주걱', '실리콘 조리도구', '실리콘 조리도구', 'rule');
INSERT INTO aliases (item_id, alias, alias_lower, source) VALUES ('실리콘 주걱', '실리콘 터너', '실리콘 터너', 'rule');
INSERT INTO aliases (item_id, alias, alias_lower, source) VALUES ('실리콘 주걱', '실리콘주걱', '실리콘주걱', 'rule');
INSERT INTO aliases (item_id, alias, alias_lower, source) VALUES ('실리콘 주걱', '실주걱', '실주걱', 'rule');
INSERT INTO aliases (item_id, alias, alias_lower, source) VALUES ('실리콘 주걱', '요리주걱', '요리주걱', 'rule');
INSERT INTO aliases (item_id, alias, alias_lower, source) VALUES ('실리콘 주걱', '조리주걱', '조리주걱', 'rule');
INSERT OR REPLACE INTO items (id, name, category, note, steps, confidence, source_url, source_name, source_grade, feature, caution, last_verified, region_variation, official_classification) VALUES ('잠자리채', '잠자리채', 'general', '· 잠자리채는 플라스틱, 섬유, 금속 등이 혼합된 복합재질로 구성되어 있기 때문에 재활용이 어려우므로 일반쓰레기로 배출합니다. 금속을 분리할 수 있다면 금속은 고철수거함으로 배출합니다.', '["잠자리채는 종량제봉투로 배출합니다."]', 'high', 'https://www.xn--oy2b29bd3a601b.kr/front/dischargeMethod/dictionaryView.do?niIdx=445', '분리배출.kr (한국폐기물협회·환경부)', 'A', '· 잠자리채는 플라스틱, 섬유, 금속 등이 혼합된 복합재질로 구성되어 있기 때문에 재활용이 어려우므로 일반쓰레기로 배출합니다. 금속을 분리할 수 있다면 금속은 고철수거함으로 배출합니다.', '· 금속을 분리할 수 있는 경우에는 분리한 후 배출', '2026-05-18', 0, '["일반폐기물", "일반종량제폐기물"]');
INSERT INTO aliases (item_id, alias, alias_lower, source) VALUES ('잠자리채', '곤충 잡는 망', '곤충 잡는 망', 'rule');
INSERT INTO aliases (item_id, alias, alias_lower, source) VALUES ('잠자리채', '곤충 잡는 채', '곤충 잡는 채', 'rule');
INSERT INTO aliases (item_id, alias, alias_lower, source) VALUES ('잠자리채', '곤충채', '곤충채', 'rule');
INSERT INTO aliases (item_id, alias, alias_lower, source) VALUES ('잠자리채', '버터플라이 넷', '버터플라이 넷', 'rule');
INSERT INTO aliases (item_id, alias, alias_lower, source) VALUES ('잠자리채', '벌레잡이채', '벌레잡이채', 'rule');
INSERT INTO aliases (item_id, alias, alias_lower, source) VALUES ('잠자리채', '인섹트 넷', '인섹트 넷', 'rule');
INSERT INTO aliases (item_id, alias, alias_lower, source) VALUES ('잠자리채', '잠자리 잡는 거', '잠자리 잡는 거', 'rule');
INSERT INTO aliases (item_id, alias, alias_lower, source) VALUES ('잠자리채', '잠자리그물', '잠자리그물', 'rule');
INSERT INTO aliases (item_id, alias, alias_lower, source) VALUES ('잠자리채', '잠자리망', '잠자리망', 'rule');
INSERT INTO aliases (item_id, alias, alias_lower, source) VALUES ('잠자리채', '채집망', '채집망', 'rule');
INSERT INTO aliases (item_id, alias, alias_lower, source) VALUES ('잠자리채', '포충망', '포충망', 'rule');
INSERT OR REPLACE INTO items (id, name, category, note, steps, confidence, source_url, source_name, source_grade, feature, caution, last_verified, region_variation, official_classification) VALUES ('pvc배관', 'pvc배관', 'furniture', '· 폴리염화비닐(PCV) 재질로 된 관은 EPR 대상 품목으로 지정되어 재활용이 됩니다. · 사업장에서 발생하는 경우 PVC재활용업체에 위탁하여 처리합니다. 가정에서 배출하는 경우에는 수거와 선별이 곤란하기 때문에 종량제봉투 또는 대형폐기물로 배출합니다. ※ 배출방법은 지역별로 차이가 있을 수 있으니, 해당 지방자치단체에서 정하는 방법이 있는 경우에는 해당', '["pvc배관은 종량제봉투로 배출합니다.", "크기가 커 종량제봉투로 배출하기 어려운 경우에는 대형폐기물로 배출합니다."]', 'high', 'https://www.xn--oy2b29bd3a601b.kr/front/dischargeMethod/dictionaryView.do?niIdx=446', '분리배출.kr (한국폐기물협회·환경부)', 'A', '· 폴리염화비닐(PCV) 재질로 된 관은 EPR 대상 품목으로 지정되어 재활용이 됩니다. · 사업장에서 발생하는 경우 PVC재활용업체에 위탁하여 처리합니다. 가정에서 배출하는 경우에는 수거와 선별이 곤란하기 때문에 종량제봉투 또는 대형폐기물로 배출합니다. ※ 배출방법은 지역별로 차이가 있을 수 있으니, 해당 지방자치단체에서 정하는 방법이 있는 경우에는 해당 방법에 따라 배출하시기 바랍니다....', '', '2026-05-18', 0, '["일반폐기물", "일반종량제폐기물", "대형폐기물"]');
INSERT OR REPLACE INTO items (id, name, category, note, steps, confidence, source_url, source_name, source_grade, feature, caution, last_verified, region_variation, official_classification) VALUES ('파렛트(플라스틱)', '파렛트(플라스틱)', 'furniture', '· 플라스틱 재질의 파렛트는 EPR 대상 품목으로서 재활용이 됩니다. · 사업장에서 발생하는 경우 재활용업체에 위탁하여 처리합니다. 가정에서 배출하는 경우에는 수거와 선별이 곤란하기 때문에 종량제봉투 또는 대형폐기물로 배출합니다. ※ 배출방법은 지역별로 차이가 있을 수 있으니, 해당 지방자치단체에서 정하는 방법이 있는 경우에는 해당 방법에 따라 배출하시기', '["파렛트(플라스틱)는 종량제봉투로 배출합니다.", "크기가 커 종량제봉투로 배출하기 어려운 경우에는 대형폐기물로 배출합니다."]', 'high', 'https://www.xn--oy2b29bd3a601b.kr/front/dischargeMethod/dictionaryView.do?niIdx=447', '분리배출.kr (한국폐기물협회·환경부)', 'A', '· 플라스틱 재질의 파렛트는 EPR 대상 품목으로서 재활용이 됩니다. · 사업장에서 발생하는 경우 재활용업체에 위탁하여 처리합니다. 가정에서 배출하는 경우에는 수거와 선별이 곤란하기 때문에 종량제봉투 또는 대형폐기물로 배출합니다. ※ 배출방법은 지역별로 차이가 있을 수 있으니, 해당 지방자치단체에서 정하는 방법이 있는 경우에는 해당 방법에 따라 배출하시기 바랍니다. 가까운 분리배출 장소를 확...', '', '2026-05-18', 0, '["일반폐기물", "일반종량제폐기물", "대형폐기물"]');
INSERT INTO aliases (item_id, alias, alias_lower, source) VALUES ('파렛트(플라스틱)', 'pallet', 'pallet', 'rule');
INSERT INTO aliases (item_id, alias, alias_lower, source) VALUES ('파렛트(플라스틱)', 'plastic pallet', 'plastic pallet', 'rule');
INSERT INTO aliases (item_id, alias, alias_lower, source) VALUES ('파렛트(플라스틱)', '물류 파렛트', '물류 파렛트', 'rule');
INSERT INTO aliases (item_id, alias, alias_lower, source) VALUES ('파렛트(플라스틱)', '운반용 깔판', '운반용 깔판', 'rule');
INSERT INTO aliases (item_id, alias, alias_lower, source) VALUES ('파렛트(플라스틱)', '적재용 받침대', '적재용 받침대', 'rule');
INSERT INTO aliases (item_id, alias, alias_lower, source) VALUES ('파렛트(플라스틱)', '창고 깔판', '창고 깔판', 'rule');
INSERT INTO aliases (item_id, alias, alias_lower, source) VALUES ('파렛트(플라스틱)', '파렛트 판', '파렛트 판', 'rule');
INSERT INTO aliases (item_id, alias, alias_lower, source) VALUES ('파렛트(플라스틱)', '플라스틱 깔판', '플라스틱 깔판', 'rule');
INSERT INTO aliases (item_id, alias, alias_lower, source) VALUES ('파렛트(플라스틱)', '플라스틱 운반대', '플라스틱 운반대', 'rule');
INSERT INTO aliases (item_id, alias, alias_lower, source) VALUES ('파렛트(플라스틱)', '플라스틱 짐판', '플라스틱 짐판', 'rule');
INSERT INTO aliases (item_id, alias, alias_lower, source) VALUES ('파렛트(플라스틱)', '플라스틱 파레트', '플라스틱 파레트', 'rule');
INSERT INTO aliases (item_id, alias, alias_lower, source) VALUES ('파렛트(플라스틱)', '플라스틱 팔레트', '플라스틱 팔레트', 'rule');
INSERT OR REPLACE INTO items (id, name, category, note, steps, confidence, source_url, source_name, source_grade, feature, caution, last_verified, region_variation, official_classification) VALUES ('깨끗한 손소독제 용기', '깨끗한 손소독제 용기', 'plastic', '· 손소독제는 에탄올 등 성분으로 손이나 피부의 살균소소독을 목적으로 사용하는 의약외품입니다. · 내용물을 모두 사용한 용기는 물로 헹구는 등 이물질을 제거한 후 플라스틱 수거함으로 배출하며, 펌프는 일반쓰레기로 배출합니다. · 소독제 내용물이 소량으로 남아있는 경우에는 휴지, 키친타월 등으로 흡수시킨 후 종량제봉투로 배출합니다. · 다량의 양이 남아 있어', '["깨끗한 손소독제 용기는 플라스틱 수거함으로 배출합니다.", "내용물 제거가 어려운 경우 종량제봉투로 배출합니다."]', 'high', 'https://www.xn--oy2b29bd3a601b.kr/front/dischargeMethod/dictionaryView.do?niIdx=448', '분리배출.kr (한국폐기물협회·환경부)', 'A', '· 손소독제는 에탄올 등 성분으로 손이나 피부의 살균소소독을 목적으로 사용하는 의약외품입니다. · 내용물을 모두 사용한 용기는 물로 헹구는 등 이물질을 제거한 후 플라스틱 수거함으로 배출하며, 펌프는 일반쓰레기로 배출합니다. · 소독제 내용물이 소량으로 남아있는 경우에는 휴지, 키친타월 등으로 흡수시킨 후 종량제봉투로 배출합니다. · 다량의 양이 남아 있어 휴지로 흡수시키기 어려운 경우에는...', '', '2026-05-18', 0, '["일반폐기물", "일반종량제폐기물", "재활용폐기물", "합성수지 용기류"]');
INSERT INTO aliases (item_id, alias, alias_lower, source) VALUES ('깨끗한 손소독제 용기', '깨끗한손소독제용기', '깨끗한손소독제용기', 'rule');
INSERT INTO aliases (item_id, alias, alias_lower, source) VALUES ('깨끗한 손소독제 용기', '새니타이저통', '새니타이저통', 'rule');
INSERT INTO aliases (item_id, alias, alias_lower, source) VALUES ('깨끗한 손소독제 용기', '세정제통', '세정제통', 'rule');
INSERT INTO aliases (item_id, alias, alias_lower, source) VALUES ('깨끗한 손소독제 용기', '소독제용기', '소독제용기', 'rule');
INSERT INTO aliases (item_id, alias, alias_lower, source) VALUES ('깨끗한 손소독제 용기', '소독통', '소독통', 'rule');
INSERT INTO aliases (item_id, alias, alias_lower, source) VALUES ('깨끗한 손소독제 용기', '손세정제통', '손세정제통', 'rule');
INSERT INTO aliases (item_id, alias, alias_lower, source) VALUES ('깨끗한 손소독제 용기', '손소독제통', '손소독제통', 'rule');
INSERT INTO aliases (item_id, alias, alias_lower, source) VALUES ('깨끗한 손소독제 용기', '손소독통', '손소독통', 'rule');
INSERT INTO aliases (item_id, alias, alias_lower, source) VALUES ('깨끗한 손소독제 용기', '알코올소독제용기', '알코올소독제용기', 'rule');
INSERT INTO aliases (item_id, alias, alias_lower, source) VALUES ('깨끗한 손소독제 용기', '치약', '치약', 'rule');
INSERT INTO aliases (item_id, alias, alias_lower, source) VALUES ('깨끗한 손소독제 용기', '플라스틱보틀', '플라스틱보틀', 'rule');
INSERT INTO aliases (item_id, alias, alias_lower, source) VALUES ('깨끗한 손소독제 용기', '핸드새니타이저보틀', '핸드새니타이저보틀', 'rule');
INSERT OR REPLACE INTO items (id, name, category, note, steps, confidence, source_url, source_name, source_grade, feature, caution, last_verified, region_variation, official_classification) VALUES ('원목 블록', '원목 블록', 'general', '· 나무 재질의 장난감에는 원목 블록, 원목 퍼즐 등이 있습니다. · 가정에서 배출하는 목재류 제품은 재활용이 어려우므로 종량제봉투로 배출합니다. ※ 배출방법은 지역별로 차이가 있을 수 있으니, 해당 지방자치단체에서 정하는 방법이 있는 경우에는 해당 방법에 따라 배출하시기 바랍니다. 가까운 분리배출 장소를 확인해보세요. 현재 위치에 가까운 배출장소가 없습니', '["원목 블록은 종량제봉투로 배출합니다."]', 'high', 'https://www.xn--oy2b29bd3a601b.kr/front/dischargeMethod/dictionaryView.do?niIdx=449', '분리배출.kr (한국폐기물협회·환경부)', 'A', '· 나무 재질의 장난감에는 원목 블록, 원목 퍼즐 등이 있습니다. · 가정에서 배출하는 목재류 제품은 재활용이 어려우므로 종량제봉투로 배출합니다. ※ 배출방법은 지역별로 차이가 있을 수 있으니, 해당 지방자치단체에서 정하는 방법이 있는 경우에는 해당 방법에 따라 배출하시기 바랍니다. 가까운 분리배출 장소를 확인해보세요. 현재 위치에 가까운 배출장소가 없습니다. 근처의 다른 지역을 검색해보세요...', '', '2026-05-18', 0, '["일반폐기물", "일반종량제폐기물"]');
INSERT INTO aliases (item_id, alias, alias_lower, source) VALUES ('원목 블록', '나무 블록', '나무 블록', 'rule');
INSERT INTO aliases (item_id, alias, alias_lower, source) VALUES ('원목 블록', '나무 장난감 블록', '나무 장난감 블록', 'rule');
INSERT INTO aliases (item_id, alias, alias_lower, source) VALUES ('원목 블록', '나무 토막', '나무 토막', 'rule');
INSERT INTO aliases (item_id, alias, alias_lower, source) VALUES ('원목 블록', '나무덩이', '나무덩이', 'rule');
INSERT INTO aliases (item_id, alias, alias_lower, source) VALUES ('원목 블록', '나무블럭', '나무블럭', 'rule');
INSERT INTO aliases (item_id, alias, alias_lower, source) VALUES ('원목 블록', '나무블록이', '나무블록이', 'rule');
INSERT INTO aliases (item_id, alias, alias_lower, source) VALUES ('원목 블록', '목재 블록', '목재 블록', 'rule');
INSERT INTO aliases (item_id, alias, alias_lower, source) VALUES ('원목 블록', '우드 블록', '우드 블록', 'rule');
INSERT INTO aliases (item_id, alias, alias_lower, source) VALUES ('원목 블록', '우든 블록', '우든 블록', 'rule');
INSERT INTO aliases (item_id, alias, alias_lower, source) VALUES ('원목 블록', '원목 쌓기 블록', '원목 쌓기 블록', 'rule');
INSERT INTO aliases (item_id, alias, alias_lower, source) VALUES ('원목 블록', '원목 조각', '원목 조각', 'rule');
INSERT INTO aliases (item_id, alias, alias_lower, source) VALUES ('원목 블록', '원목블록', '원목블록', 'rule');
INSERT INTO aliases (item_id, alias, alias_lower, source) VALUES ('원목 블록', '원블록', '원블록', 'rule');
INSERT OR REPLACE INTO items (id, name, category, note, steps, confidence, source_url, source_name, source_grade, feature, caution, last_verified, region_variation, official_classification) VALUES ('액자 프레임', '액자 프레임', 'can', '· 액자 프레임이 금속(알루미늄)인 경우에는 고철 수거함으로 배출합니다. · 액자 프레임이 나무 재질로 되어 있거나 나무, 플라스틱 등 다른 재질이 포함되어 있는 경우에는 일반쓰레기로 배출합니다. · 종량제봉투로 배출하기 어려운 대형액자는 대형폐기물로 배출합니다. · 액자 유리는 불에 타지 않는 폐기물로 불연성 종량제 마대로 배출합니다.', '["액자 프레임이 금속 재질인 경우에는 고철수거함으로 배출합니다.", "목재제품이거나 복합재질인 경우에는 종량제봉투로 배출합니다.", "크기가 커 종량제봉투로 배출하기 어려운 경우에는 대형폐기물로 배출합니다."]', 'high', 'https://www.xn--oy2b29bd3a601b.kr/front/dischargeMethod/dictionaryView.do?niIdx=450', '분리배출.kr (한국폐기물협회·환경부)', 'A', '· 액자 프레임이 금속(알루미늄)인 경우에는 고철 수거함으로 배출합니다. · 액자 프레임이 나무 재질로 되어 있거나 나무, 플라스틱 등 다른 재질이 포함되어 있는 경우에는 일반쓰레기로 배출합니다. · 종량제봉투로 배출하기 어려운 대형액자는 대형폐기물로 배출합니다. · 액자 유리는 불에 타지 않는 폐기물로 불연성 종량제 마대로 배출합니다.', '· 재질에 맞게 배출', '2026-05-18', 0, '["일반폐기물", "일반종량제폐기물", "재활용폐기물", "금속류", "고철"]');
INSERT INTO aliases (item_id, alias, alias_lower, source) VALUES ('액자 프레임', '그림액자', '그림액자', 'rule');
INSERT INTO aliases (item_id, alias, alias_lower, source) VALUES ('액자 프레임', '그림틀', '그림틀', 'rule');
INSERT INTO aliases (item_id, alias, alias_lower, source) VALUES ('액자 프레임', '금속액자', '금속액자', 'rule');
INSERT INTO aliases (item_id, alias, alias_lower, source) VALUES ('액자 프레임', '사진액자', '사진액자', 'rule');
INSERT INTO aliases (item_id, alias, alias_lower, source) VALUES ('액자 프레임', '사진틀', '사진틀', 'rule');
INSERT INTO aliases (item_id, alias, alias_lower, source) VALUES ('액자 프레임', '액자곽', '액자곽', 'rule');
INSERT INTO aliases (item_id, alias, alias_lower, source) VALUES ('액자 프레임', '액자테', '액자테', 'rule');
INSERT INTO aliases (item_id, alias, alias_lower, source) VALUES ('액자 프레임', '액자프레임', '액자프레임', 'rule');
INSERT INTO aliases (item_id, alias, alias_lower, source) VALUES ('액자 프레임', '원목액자', '원목액자', 'rule');
INSERT INTO aliases (item_id, alias, alias_lower, source) VALUES ('액자 프레임', '포토프레임', '포토프레임', 'rule');
INSERT INTO aliases (item_id, alias, alias_lower, source) VALUES ('액자 프레임', '프레임', '프레임', 'rule');
INSERT INTO aliases (item_id, alias, alias_lower, source) VALUES ('액자 프레임', '픽쳐프레임', '픽쳐프레임', 'rule');
INSERT INTO aliases (item_id, alias, alias_lower, source) VALUES ('액자 프레임', '화이트보드', '화이트보드', 'rule');
INSERT OR REPLACE INTO items (id, name, category, note, steps, confidence, source_url, source_name, source_grade, feature, caution, last_verified, region_variation, official_classification) VALUES ('태블릿 케이스', '태블릿 케이스', 'general', '· 태블릿 케이스는 가죽, 섬유, 플라스틱, 실리콘 등이 혼합된 복합재질 제품으로 재활용이 어렵습니다. ※ 배출방법은 지역별로 차이가 있을 수 있으니, 해당 지방자치단체에서 정하는 방법이 있는 경우에는 해당 방법에 따라 배출하시기 바랍니다. 가까운 분리배출 장소를 확인해보세요. 현재 위치에 가까운 배출장소가 없습니다. 근처의 다른 지역을 검색해보세요. 현', '["태블릿 케이스는 종량제봉투로 배출합니다."]', 'high', 'https://www.xn--oy2b29bd3a601b.kr/front/dischargeMethod/dictionaryView.do?niIdx=451', '분리배출.kr (한국폐기물협회·환경부)', 'A', '· 태블릿 케이스는 가죽, 섬유, 플라스틱, 실리콘 등이 혼합된 복합재질 제품으로 재활용이 어렵습니다. ※ 배출방법은 지역별로 차이가 있을 수 있으니, 해당 지방자치단체에서 정하는 방법이 있는 경우에는 해당 방법에 따라 배출하시기 바랍니다. 가까운 분리배출 장소를 확인해보세요. 현재 위치에 가까운 배출장소가 없습니다. 근처의 다른 지역을 검색해보세요. 현 위치 배출장소 전체보기 현 지도에서...', '', '2026-05-18', 0, '["일반폐기물", "일반종량제폐기물"]');
INSERT INTO aliases (item_id, alias, alias_lower, source) VALUES ('태블릿 케이스', 'Tablet sleeve', 'tablet sleeve', 'rule');
INSERT INTO aliases (item_id, alias, alias_lower, source) VALUES ('태블릿 케이스', '보호 케이스', '보호 케이스', 'rule');
INSERT INTO aliases (item_id, alias, alias_lower, source) VALUES ('태블릿 케이스', '스마트폰 액세서리', '스마트폰 액세서리', 'rule');
INSERT INTO aliases (item_id, alias, alias_lower, source) VALUES ('태블릿 케이스', '태블릿 껍데기', '태블릿 껍데기', 'rule');
INSERT INTO aliases (item_id, alias, alias_lower, source) VALUES ('태블릿 케이스', '태블릿 덮개', '태블릿 덮개', 'rule');
INSERT INTO aliases (item_id, alias, alias_lower, source) VALUES ('태블릿 케이스', '태블릿 보호대', '태블릿 보호대', 'rule');
INSERT INTO aliases (item_id, alias, alias_lower, source) VALUES ('태블릿 케이스', '태블릿 커버', '태블릿 커버', 'rule');
INSERT INTO aliases (item_id, alias, alias_lower, source) VALUES ('태블릿 케이스', '태블릿 파우치', '태블릿 파우치', 'rule');
INSERT INTO aliases (item_id, alias, alias_lower, source) VALUES ('태블릿 케이스', '태블릿케이스', '태블릿케이스', 'rule');
INSERT INTO aliases (item_id, alias, alias_lower, source) VALUES ('태블릿 케이스', '탭 케이스', '탭 케이스', 'rule');
INSERT INTO aliases (item_id, alias, alias_lower, source) VALUES ('태블릿 케이스', '탭케', '탭케', 'rule');
INSERT INTO aliases (item_id, alias, alias_lower, source) VALUES ('태블릿 케이스', '패드 케이스', '패드 케이스', 'rule');
INSERT INTO aliases (item_id, alias, alias_lower, source) VALUES ('태블릿 케이스', '패드케', '패드케', 'rule');
INSERT INTO aliases (item_id, alias, alias_lower, source) VALUES ('태블릿 케이스', '핸드폰 케이스', '핸드폰 케이스', 'rule');
INSERT OR REPLACE INTO items (id, name, category, note, steps, confidence, source_url, source_name, source_grade, feature, caution, last_verified, region_variation, official_classification) VALUES ('폭죽', '폭죽', 'general', '· 유효기간이 지나거나 미사용한 폭죽은 수거 과정에서 화재 위험을 예방하기 위해 물에 충분히 담가서 적신 후 일반쓰레기로 배출합니다. · 종량제봉투에 배출하여 소각로에 투입되면 폭죽에 의한 위험은 발생하지 않습니다.', '["폭죽은 종량제봉투로 배출합니다."]', 'high', 'https://www.xn--oy2b29bd3a601b.kr/front/dischargeMethod/dictionaryView.do?niIdx=452', '분리배출.kr (한국폐기물협회·환경부)', 'A', '· 유효기간이 지나거나 미사용한 폭죽은 수거 과정에서 화재 위험을 예방하기 위해 물에 충분히 담가서 적신 후 일반쓰레기로 배출합니다. · 종량제봉투에 배출하여 소각로에 투입되면 폭죽에 의한 위험은 발생하지 않습니다.', '· 물에 적신 후 배출', '2026-05-18', 0, '["일반폐기물", "일반종량제폐기물"]');
INSERT INTO aliases (item_id, alias, alias_lower, source) VALUES ('폭죽', '양초', '양초', 'rule');
INSERT OR REPLACE INTO items (id, name, category, note, steps, confidence, source_url, source_name, source_grade, feature, caution, last_verified, region_variation, official_classification) VALUES ('고무볼', '고무볼', 'general', '· 고무볼은 팩의 재료를 믹스할때 사용하는 용기로 고무, 실리콘 재질로 재활용이 어려워 일반쓰레기로 배출합니다. ※ 배출방법은 지역별로 차이가 있을 수 있으니, 해당 지방자치단체에서 정하는 방법이 있는 경우에는 해당 방법에 따라 배출하시기 바랍니다. 가까운 분리배출 장소를 확인해보세요. 현재 위치에 가까운 배출장소가 없습니다. 근처의 다른 지역을 검색해보세', '["고무볼은 종량제봉투로 배출합니다."]', 'high', 'https://www.xn--oy2b29bd3a601b.kr/front/dischargeMethod/dictionaryView.do?niIdx=453', '분리배출.kr (한국폐기물협회·환경부)', 'A', '· 고무볼은 팩의 재료를 믹스할때 사용하는 용기로 고무, 실리콘 재질로 재활용이 어려워 일반쓰레기로 배출합니다. ※ 배출방법은 지역별로 차이가 있을 수 있으니, 해당 지방자치단체에서 정하는 방법이 있는 경우에는 해당 방법에 따라 배출하시기 바랍니다. 가까운 분리배출 장소를 확인해보세요. 현재 위치에 가까운 배출장소가 없습니다. 근처의 다른 지역을 검색해보세요. 현 위치 배출장소 전체보기 현...', '', '2026-05-18', 0, '["일반폐기물", "일반종량제폐기물"]');
INSERT INTO aliases (item_id, alias, alias_lower, source) VALUES ('고무볼', '공공', '공공', 'rule');
INSERT INTO aliases (item_id, alias, alias_lower, source) VALUES ('고무볼', '놀이공', '놀이공', 'rule');
INSERT INTO aliases (item_id, alias, alias_lower, source) VALUES ('고무볼', '러버볼', '러버볼', 'rule');
INSERT INTO aliases (item_id, alias, alias_lower, source) VALUES ('고무볼', '말랑볼', '말랑볼', 'rule');
INSERT INTO aliases (item_id, alias, alias_lower, source) VALUES ('고무볼', '바운스볼', '바운스볼', 'rule');
INSERT INTO aliases (item_id, alias, alias_lower, source) VALUES ('고무볼', '장난감공', '장난감공', 'rule');
INSERT INTO aliases (item_id, alias, alias_lower, source) VALUES ('고무볼', '탱볼', '탱볼', 'rule');
INSERT INTO aliases (item_id, alias, alias_lower, source) VALUES ('고무볼', '탱탱볼', '탱탱볼', 'rule');
INSERT INTO aliases (item_id, alias, alias_lower, source) VALUES ('고무볼', '탱탱이', '탱탱이', 'rule');
INSERT INTO aliases (item_id, alias, alias_lower, source) VALUES ('고무볼', '통통볼', '통통볼', 'rule');
INSERT OR REPLACE INTO items (id, name, category, note, steps, confidence, source_url, source_name, source_grade, feature, caution, last_verified, region_variation, official_classification) VALUES ('흡수패드', '흡수패드', 'general', '· 육류, 생선 등의 핏물, 물기를 흡수하여 사용하는 포장재로 종이,부직포, 고흡수성수지(SAP) 등이 혼합된 복합재질 제품으로 재활용이 어렵습니다. 또한 이물질 등이 묻어있는 경우가 많아 재활용이 어렵습니다. ※ 배출방법은 지역별로 차이가 있을 수 있으니, 해당 지방자치단체에서 정하는 방법이 있는 경우에는 해당 방법에 따라 배출하시기 바랍니다. 가까운 분', '["흡수패드는 종량제봉투로 배출합니다."]', 'high', 'https://www.xn--oy2b29bd3a601b.kr/front/dischargeMethod/dictionaryView.do?niIdx=454', '분리배출.kr (한국폐기물협회·환경부)', 'A', '· 육류, 생선 등의 핏물, 물기를 흡수하여 사용하는 포장재로 종이,부직포, 고흡수성수지(SAP) 등이 혼합된 복합재질 제품으로 재활용이 어렵습니다. 또한 이물질 등이 묻어있는 경우가 많아 재활용이 어렵습니다. ※ 배출방법은 지역별로 차이가 있을 수 있으니, 해당 지방자치단체에서 정하는 방법이 있는 경우에는 해당 방법에 따라 배출하시기 바랍니다. 가까운 분리배출 장소를 확인해보세요. 현재 위...', '', '2026-05-18', 0, '["일반폐기물", "일반종량제폐기물"]');
INSERT INTO aliases (item_id, alias, alias_lower, source) VALUES ('흡수패드', 'absorbent pad', 'absorbent pad', 'rule');
INSERT INTO aliases (item_id, alias, alias_lower, source) VALUES ('흡수패드', '기저귀 패드', '기저귀 패드', 'rule');
INSERT INTO aliases (item_id, alias, alias_lower, source) VALUES ('흡수패드', '성인용 패드', '성인용 패드', 'rule');
INSERT INTO aliases (item_id, alias, alias_lower, source) VALUES ('흡수패드', '쉬야 패드', '쉬야 패드', 'rule');
INSERT INTO aliases (item_id, alias, alias_lower, source) VALUES ('흡수패드', '쉬패드', '쉬패드', 'rule');
INSERT INTO aliases (item_id, alias, alias_lower, source) VALUES ('흡수패드', '애견패드', '애견패드', 'rule');
INSERT INTO aliases (item_id, alias, alias_lower, source) VALUES ('흡수패드', '요실금 패드', '요실금 패드', 'rule');
INSERT INTO aliases (item_id, alias, alias_lower, source) VALUES ('흡수패드', '위생패드', '위생패드', 'rule');
INSERT INTO aliases (item_id, alias, alias_lower, source) VALUES ('흡수패드', '일회용 패드', '일회용 패드', 'rule');
INSERT OR REPLACE INTO items (id, name, category, note, steps, confidence, source_url, source_name, source_grade, feature, caution, last_verified, region_variation, official_classification) VALUES ('복숭아 씨', '복숭아 씨', 'general', '· 복숭아, 감, 아보카도 등 단단한 씨앗은 분쇄시설의 고장을 유발할 수 있어 일반쓰레기로 배출합니다. ※ 배출방법은 지역별로 차이가 있을 수 있으니, 해당 지방자치단체에서 정하는 방법이 있는 경우에는 해당 방법에 따라 배출하시기 바랍니다. 가까운 분리배출 장소를 확인해보세요. 현재 위치에 가까운 배출장소가 없습니다. 근처의 다른 지역을 검색해보세요. 현', '["복숭아 씨는 종량제봉투로 배출합니다."]', 'high', 'https://www.xn--oy2b29bd3a601b.kr/front/dischargeMethod/dictionaryView.do?niIdx=455', '분리배출.kr (한국폐기물협회·환경부)', 'A', '· 복숭아, 감, 아보카도 등 단단한 씨앗은 분쇄시설의 고장을 유발할 수 있어 일반쓰레기로 배출합니다. ※ 배출방법은 지역별로 차이가 있을 수 있으니, 해당 지방자치단체에서 정하는 방법이 있는 경우에는 해당 방법에 따라 배출하시기 바랍니다. 가까운 분리배출 장소를 확인해보세요. 현재 위치에 가까운 배출장소가 없습니다. 근처의 다른 지역을 검색해보세요. 현 위치 배출장소 전체보기 현 지도에서...', '', '2026-05-18', 0, '["일반폐기물", "일반종량제폐기물"]');
INSERT OR REPLACE INTO items (id, name, category, note, steps, confidence, source_url, source_name, source_grade, feature, caution, last_verified, region_variation, official_classification) VALUES ('호두 껍데기', '호두 껍데기', 'general', '· 호두, 은행, 파인애플 등 단단한 껍데기는 분쇄시설의 고장을 유발할 수 있어 일반쓰레기로 배출합니다. ※ 배출방법은 지역별로 차이가 있을 수 있으니, 해당 지방자치단체에서 정하는 방법이 있는 경우에는 해당 방법에 따라 배출하시기 바랍니다. 가까운 분리배출 장소를 확인해보세요. 현재 위치에 가까운 배출장소가 없습니다. 근처의 다른 지역을 검색해보세요. 현', '["호두 껍데기는 종량제봉투로 배출합니다."]', 'high', 'https://www.xn--oy2b29bd3a601b.kr/front/dischargeMethod/dictionaryView.do?niIdx=456', '분리배출.kr (한국폐기물협회·환경부)', 'A', '· 호두, 은행, 파인애플 등 단단한 껍데기는 분쇄시설의 고장을 유발할 수 있어 일반쓰레기로 배출합니다. ※ 배출방법은 지역별로 차이가 있을 수 있으니, 해당 지방자치단체에서 정하는 방법이 있는 경우에는 해당 방법에 따라 배출하시기 바랍니다. 가까운 분리배출 장소를 확인해보세요. 현재 위치에 가까운 배출장소가 없습니다. 근처의 다른 지역을 검색해보세요. 현 위치 배출장소 전체보기 현 지도에서...', '', '2026-05-18', 0, '["일반폐기물", "일반종량제폐기물"]');
INSERT INTO aliases (item_id, alias, alias_lower, source) VALUES ('호두 껍데기', 'walnut husk', 'walnut husk', 'rule');
INSERT INTO aliases (item_id, alias, alias_lower, source) VALUES ('호두 껍데기', 'walnut shell', 'walnut shell', 'rule');
INSERT INTO aliases (item_id, alias, alias_lower, source) VALUES ('호두 껍데기', '호두 겉', '호두 겉', 'rule');
INSERT INTO aliases (item_id, alias, alias_lower, source) VALUES ('호두 껍데기', '호두 겉껍질', '호두 겉껍질', 'rule');
INSERT INTO aliases (item_id, alias, alias_lower, source) VALUES ('호두 껍데기', '호두 껍질', '호두 껍질', 'rule');
INSERT INTO aliases (item_id, alias, alias_lower, source) VALUES ('호두 껍데기', '호두 껍질 파편', '호두 껍질 파편', 'rule');
INSERT INTO aliases (item_id, alias, alias_lower, source) VALUES ('호두 껍데기', '호두 딱지', '호두 딱지', 'rule');
INSERT INTO aliases (item_id, alias, alias_lower, source) VALUES ('호두 껍데기', '호두 부스러기', '호두 부스러기', 'rule');
INSERT INTO aliases (item_id, alias, alias_lower, source) VALUES ('호두 껍데기', '호두 조각', '호두 조각', 'rule');
INSERT INTO aliases (item_id, alias, alias_lower, source) VALUES ('호두 껍데기', '호두껍', '호두껍', 'rule');
INSERT INTO aliases (item_id, alias, alias_lower, source) VALUES ('호두 껍데기', '호두껍데기', '호두껍데기', 'rule');
INSERT INTO aliases (item_id, alias, alias_lower, source) VALUES ('호두 껍데기', '호두외피', '호두외피', 'rule');
INSERT INTO aliases (item_id, alias, alias_lower, source) VALUES ('호두 껍데기', '호두피', '호두피', 'rule');
INSERT OR REPLACE INTO items (id, name, category, note, steps, confidence, source_url, source_name, source_grade, feature, caution, last_verified, region_variation, official_classification) VALUES ('방습제', '방습제', 'general', '· 방습제는 식품용 제습제로 주로 사용됩니다. 실리카겔, 비닐, 부직포 등이 혼합된 복합재질 제품으로 재활용이 어렵습니다. ※ 배출방법은 지역별로 차이가 있을 수 있으니, 해당 지방자치단체에서 정하는 방법이 있는 경우에는 해당 방법에 따라 배출하시기 바랍니다. 가까운 분리배출 장소를 확인해보세요. 현재 위치에 가까운 배출장소가 없습니다. 근처의 다른 지역을', '["방습제는 종량제봉투로 배출합니다."]', 'high', 'https://www.xn--oy2b29bd3a601b.kr/front/dischargeMethod/dictionaryView.do?niIdx=457', '분리배출.kr (한국폐기물협회·환경부)', 'A', '· 방습제는 식품용 제습제로 주로 사용됩니다. 실리카겔, 비닐, 부직포 등이 혼합된 복합재질 제품으로 재활용이 어렵습니다. ※ 배출방법은 지역별로 차이가 있을 수 있으니, 해당 지방자치단체에서 정하는 방법이 있는 경우에는 해당 방법에 따라 배출하시기 바랍니다. 가까운 분리배출 장소를 확인해보세요. 현재 위치에 가까운 배출장소가 없습니다. 근처의 다른 지역을 검색해보세요. 현 위치 배출장소 전...', '', '2026-05-18', 0, '["일반폐기물", "일반종량제폐기물"]');
INSERT INTO aliases (item_id, alias, alias_lower, source) VALUES ('방습제', 'desiccant', 'desiccant', 'rule');
INSERT INTO aliases (item_id, alias, alias_lower, source) VALUES ('방습제', '건조제', '건조제', 'rule');
INSERT INTO aliases (item_id, alias, alias_lower, source) VALUES ('방습제', '물 먹는 거', '물 먹는 거', 'rule');
INSERT INTO aliases (item_id, alias, alias_lower, source) VALUES ('방습제', '물먹이', '물먹이', 'rule');
INSERT INTO aliases (item_id, alias, alias_lower, source) VALUES ('방습제', '뽀송이', '뽀송이', 'rule');
INSERT INTO aliases (item_id, alias, alias_lower, source) VALUES ('방습제', '습기 먹는 거', '습기 먹는 거', 'rule');
INSERT INTO aliases (item_id, alias, alias_lower, source) VALUES ('방습제', '습기잡이', '습기잡이', 'rule');
INSERT INTO aliases (item_id, alias, alias_lower, source) VALUES ('방습제', '습기제거제', '습기제거제', 'rule');
INSERT INTO aliases (item_id, alias, alias_lower, source) VALUES ('방습제', '습기흡수제', '습기흡수제', 'rule');
INSERT INTO aliases (item_id, alias, alias_lower, source) VALUES ('방습제', '실리카겔', '실리카겔', 'rule');
INSERT INTO aliases (item_id, alias, alias_lower, source) VALUES ('방습제', '육수팩', '육수팩', 'rule');
INSERT INTO aliases (item_id, alias, alias_lower, source) VALUES ('방습제', '티백', '티백', 'rule');
INSERT INTO aliases (item_id, alias, alias_lower, source) VALUES ('방습제', '하마', '하마', 'rule');
INSERT OR REPLACE INTO items (id, name, category, note, steps, confidence, source_url, source_name, source_grade, feature, caution, last_verified, region_variation, official_classification) VALUES ('액정보호 필름', '액정보호 필름', 'general', '· 액정보호필름은 휴대용 전자제품의 화면에 부착하여 화면을 보호하는 용도로 사용되며 주로 유리, 우레탄 재질로 재활용이 어려워 일반쓰레기로 배출합니다. ※ 배출방법은 지역별로 차이가 있을 수 있으니, 해당 지방자치단체에서 정하는 방법이 있는 경우에는 해당 방법에 따라 배출하시기 바랍니다. 가까운 분리배출 장소를 확인해보세요. 현재 위치에 가까운 배출장소가', '["액정보호 필름은 종량제봉투로 배출합니다."]', 'high', 'https://www.xn--oy2b29bd3a601b.kr/front/dischargeMethod/dictionaryView.do?niIdx=458', '분리배출.kr (한국폐기물협회·환경부)', 'A', '· 액정보호필름은 휴대용 전자제품의 화면에 부착하여 화면을 보호하는 용도로 사용되며 주로 유리, 우레탄 재질로 재활용이 어려워 일반쓰레기로 배출합니다. ※ 배출방법은 지역별로 차이가 있을 수 있으니, 해당 지방자치단체에서 정하는 방법이 있는 경우에는 해당 방법에 따라 배출하시기 바랍니다. 가까운 분리배출 장소를 확인해보세요. 현재 위치에 가까운 배출장소가 없습니다. 근처의 다른 지역을 검색해...', '', '2026-05-18', 0, '["일반폐기물", "일반종량제폐기물"]');
INSERT INTO aliases (item_id, alias, alias_lower, source) VALUES ('액정보호 필름', '강화유리', '강화유리', 'rule');
INSERT INTO aliases (item_id, alias, alias_lower, source) VALUES ('액정보호 필름', '강화필름', '강화필름', 'rule');
INSERT INTO aliases (item_id, alias, alias_lower, source) VALUES ('액정보호 필름', '보호유리', '보호유리', 'rule');
INSERT INTO aliases (item_id, alias, alias_lower, source) VALUES ('액정보호 필름', '보호필름', '보호필름', 'rule');
INSERT INTO aliases (item_id, alias, alias_lower, source) VALUES ('액정보호 필름', '스크린 프로텍터', '스크린 프로텍터', 'rule');
INSERT INTO aliases (item_id, alias, alias_lower, source) VALUES ('액정보호 필름', '액보필름', '액보필름', 'rule');
INSERT INTO aliases (item_id, alias, alias_lower, source) VALUES ('액정보호 필름', '액정 보호막', '액정 보호막', 'rule');
INSERT INTO aliases (item_id, alias, alias_lower, source) VALUES ('액정보호 필름', '액정필름', '액정필름', 'rule');
INSERT INTO aliases (item_id, alias, alias_lower, source) VALUES ('액정보호 필름', '폰필름', '폰필름', 'rule');
INSERT INTO aliases (item_id, alias, alias_lower, source) VALUES ('액정보호 필름', '필름', '필름', 'rule');
INSERT INTO aliases (item_id, alias, alias_lower, source) VALUES ('액정보호 필름', '핸드폰 보호필름', '핸드폰 보호필름', 'rule');
INSERT INTO aliases (item_id, alias, alias_lower, source) VALUES ('액정보호 필름', '핸드폰 충전기', '핸드폰 충전기', 'rule');
INSERT INTO aliases (item_id, alias, alias_lower, source) VALUES ('액정보호 필름', '화면보호필름', '화면보호필름', 'rule');
INSERT OR REPLACE INTO items (id, name, category, note, steps, confidence, source_url, source_name, source_grade, feature, caution, last_verified, region_variation, official_classification) VALUES ('빵끈', '빵끈', 'general', '· 빵끈은 철심을 종이나 비닐로 깜싼 것으로 빵 봉지 등 봉지와 같은 용기의 입구를 묶는 데 사용됩니다. · 빵끈은 크기가 작고 금속과 분리하는데 어려움이 있기 때문에 일반쓰레기로 배출합니다. ※ 배출방법은 지역별로 차이가 있을 수 있으니, 해당 지방자치단체에서 정하는 방법이 있는 경우에는 해당 방법에 따라 배출하시기 바랍니다. 가까운 분리배출 장소를 확인', '["빵끈은 종량제봉투로 배출합니다."]', 'high', 'https://www.xn--oy2b29bd3a601b.kr/front/dischargeMethod/dictionaryView.do?niIdx=459', '분리배출.kr (한국폐기물협회·환경부)', 'A', '· 빵끈은 철심을 종이나 비닐로 깜싼 것으로 빵 봉지 등 봉지와 같은 용기의 입구를 묶는 데 사용됩니다. · 빵끈은 크기가 작고 금속과 분리하는데 어려움이 있기 때문에 일반쓰레기로 배출합니다. ※ 배출방법은 지역별로 차이가 있을 수 있으니, 해당 지방자치단체에서 정하는 방법이 있는 경우에는 해당 방법에 따라 배출하시기 바랍니다. 가까운 분리배출 장소를 확인해보세요. 현재 위치에 가까운 배출장...', '', '2026-05-18', 0, '["일반폐기물", "일반종량제폐기물"]');
INSERT INTO aliases (item_id, alias, alias_lower, source) VALUES ('빵끈', '봉투 묶음 끈', '봉투 묶음 끈', 'rule');
INSERT INTO aliases (item_id, alias, alias_lower, source) VALUES ('빵끈', '브레드 타이', '브레드 타이', 'rule');
INSERT INTO aliases (item_id, alias, alias_lower, source) VALUES ('빵끈', '비닐노끈', '비닐노끈', 'rule');
INSERT INTO aliases (item_id, alias, alias_lower, source) VALUES ('빵끈', '빵 묶는 끈', '빵 묶는 끈', 'rule');
INSERT INTO aliases (item_id, alias, alias_lower, source) VALUES ('빵끈', '빵 묶는 철사', '빵 묶는 철사', 'rule');
INSERT INTO aliases (item_id, alias, alias_lower, source) VALUES ('빵끈', '빵 봉투 끈', '빵 봉투 끈', 'rule');
INSERT INTO aliases (item_id, alias, alias_lower, source) VALUES ('빵끈', '빵끈이', '빵끈이', 'rule');
INSERT INTO aliases (item_id, alias, alias_lower, source) VALUES ('빵끈', '빵묶는거', '빵묶는거', 'rule');
INSERT INTO aliases (item_id, alias, alias_lower, source) VALUES ('빵끈', '빵철사', '빵철사', 'rule');
INSERT INTO aliases (item_id, alias, alias_lower, source) VALUES ('빵끈', '식빵 끈', '식빵 끈', 'rule');
INSERT INTO aliases (item_id, alias, alias_lower, source) VALUES ('빵끈', '와이어 타이', '와이어 타이', 'rule');
INSERT INTO aliases (item_id, alias, alias_lower, source) VALUES ('빵끈', '칼라타이', '칼라타이', 'rule');
INSERT INTO aliases (item_id, alias, alias_lower, source) VALUES ('빵끈', '트위스트 타이', '트위스트 타이', 'rule');
INSERT INTO aliases (item_id, alias, alias_lower, source) VALUES ('빵끈', '플라스틱 노끈', '플라스틱 노끈', 'rule');
INSERT OR REPLACE INTO items (id, name, category, note, steps, confidence, source_url, source_name, source_grade, feature, caution, last_verified, region_variation, official_classification) VALUES ('짐볼', '짐볼', 'general', '· 짐볼은 주로 PVC(폴리염화비닐) 재질입니다. · PVC제품은 일반 플라스틱과 물성이 달라서 플라스틱으로 배출시 재활용이 되지 않습니다.', '["짐볼은 내용물(공기)를 제거하여 부피를 줄여 종량제봉투로 배출합니다."]', 'high', 'https://www.xn--oy2b29bd3a601b.kr/front/dischargeMethod/dictionaryView.do?niIdx=460', '분리배출.kr (한국폐기물협회·환경부)', 'A', '· 짐볼은 주로 PVC(폴리염화비닐) 재질입니다. · PVC제품은 일반 플라스틱과 물성이 달라서 플라스틱으로 배출시 재활용이 되지 않습니다.', '· 공기를 제거하여 최대한 부피를 줄인 후 배출', '2026-05-18', 0, '["일반폐기물", "일반종량제폐기물"]');
INSERT INTO aliases (item_id, alias, alias_lower, source) VALUES ('짐볼', 'exercise ball', 'exercise ball', 'rule');
INSERT INTO aliases (item_id, alias, alias_lower, source) VALUES ('짐볼', 'gym ball', 'gym ball', 'rule');
INSERT INTO aliases (item_id, alias, alias_lower, source) VALUES ('짐볼', 'stability ball', 'stability ball', 'rule');
INSERT INTO aliases (item_id, alias, alias_lower, source) VALUES ('짐볼', '요가볼', '요가볼', 'rule');
INSERT INTO aliases (item_id, alias, alias_lower, source) VALUES ('짐볼', '운동볼', '운동볼', 'rule');
INSERT INTO aliases (item_id, alias, alias_lower, source) VALUES ('짐볼', '운동용볼', '운동용볼', 'rule');
INSERT INTO aliases (item_id, alias, alias_lower, source) VALUES ('짐볼', '짐볼공', '짐볼공', 'rule');
INSERT INTO aliases (item_id, alias, alias_lower, source) VALUES ('짐볼', '코어볼', '코어볼', 'rule');
INSERT INTO aliases (item_id, alias, alias_lower, source) VALUES ('짐볼', '큰공', '큰공', 'rule');
INSERT INTO aliases (item_id, alias, alias_lower, source) VALUES ('짐볼', '필라테스볼', '필라테스볼', 'rule');
INSERT INTO aliases (item_id, alias, alias_lower, source) VALUES ('짐볼', '휘트니스볼', '휘트니스볼', 'rule');
INSERT OR REPLACE INTO items (id, name, category, note, steps, confidence, source_url, source_name, source_grade, feature, caution, last_verified, region_variation, official_classification) VALUES ('밸런스볼', '밸런스볼', 'furniture', '· 밸런스볼은 주로 PVC, ABS 재질이며, 가정에서 배출하는 PVC, ABS 재질은 주로 소량으로 배출되어 재활용하기에 어려움이 있습니다. · 폴리염화비닐(PVC)은 다른 합성수지와 혼합되어 재활용될 경우 재활용제품의 강도가 떨어지고 재활용과정에서 염화수소와 같은 유해화학물질이 발생하는 등 다양한 문제를 일으키고 있어 재활용이 어렵습니다.', '["밸런스볼은 내용물(공기)를 제거한 후 종량제봉투로 배출합니다.", "크기가 큰 밸런스볼는 대형폐기물로 배출합니다."]', 'high', 'https://www.xn--oy2b29bd3a601b.kr/front/dischargeMethod/dictionaryView.do?niIdx=461', '분리배출.kr (한국폐기물협회·환경부)', 'A', '· 밸런스볼은 주로 PVC, ABS 재질이며, 가정에서 배출하는 PVC, ABS 재질은 주로 소량으로 배출되어 재활용하기에 어려움이 있습니다. · 폴리염화비닐(PVC)은 다른 합성수지와 혼합되어 재활용될 경우 재활용제품의 강도가 떨어지고 재활용과정에서 염화수소와 같은 유해화학물질이 발생하는 등 다양한 문제를 일으키고 있어 재활용이 어렵습니다.', '· 공기를 제거하여 최대한 부피를 줄인 후 배출', '2026-05-18', 0, '["일반폐기물", "일반종량제폐기물", "대형폐기물"]');
INSERT INTO aliases (item_id, alias, alias_lower, source) VALUES ('밸런스볼', 'balance ball', 'balance ball', 'rule');
INSERT INTO aliases (item_id, alias, alias_lower, source) VALUES ('밸런스볼', '균형 공', '균형 공', 'rule');
INSERT INTO aliases (item_id, alias, alias_lower, source) VALUES ('밸런스볼', '말랑 공', '말랑 공', 'rule');
INSERT INTO aliases (item_id, alias, alias_lower, source) VALUES ('밸런스볼', '밸볼', '밸볼', 'rule');
INSERT INTO aliases (item_id, alias, alias_lower, source) VALUES ('밸런스볼', '운동 공', '운동 공', 'rule');
INSERT OR REPLACE INTO items (id, name, category, note, steps, confidence, source_url, source_name, source_grade, feature, caution, last_verified, region_variation, official_classification) VALUES ('전자시계', '전자시계', 'electronics', '· 전자시계 등 시계류는 일부 소형가전제품은 환경성보장제도 대상품목에 해당되지 않습니다. · 환경성보장제도에 포함되지 않은 전기전자제품이어도 무상방문수거서비스를 이용할 때 함께 배출할 수 있으며, 가까운 소형전기전자제품 전용수거함으로 배출할 수도 있습니다. · 또한, 지자체에 따라 소형가전제품을 수거하는 경우도 있으니 확인하신 후 배출하시는 것이 좋습니다', '["전자시계는 소형전기전자제품 전용수거함으로 배출합니다.", "인근에 전용수거함이 없는 경우에는 지자체에 문의한 후 배출하여 주시기 바랍니다."]', 'high', 'https://www.xn--oy2b29bd3a601b.kr/front/dischargeMethod/dictionaryView.do?niIdx=462', '분리배출.kr (한국폐기물협회·환경부)', 'A', '· 전자시계 등 시계류는 일부 소형가전제품은 환경성보장제도 대상품목에 해당되지 않습니다. · 환경성보장제도에 포함되지 않은 전기전자제품이어도 무상방문수거서비스를 이용할 때 함께 배출할 수 있으며, 가까운 소형전기전자제품 전용수거함으로 배출할 수도 있습니다. · 또한, 지자체에 따라 소형가전제품을 수거하는 경우도 있으니 확인하신 후 배출하시는 것이 좋습니다 ※ 배출방법은 지역별로 차이가 있을...', '', '2026-05-18', 0, '["재활용폐기물", "전기전자 제품류"]');
INSERT INTO aliases (item_id, alias, alias_lower, source) VALUES ('전자시계', '갤럭시 워치', '갤럭시 워치', 'rule');
INSERT INTO aliases (item_id, alias, alias_lower, source) VALUES ('전자시계', '디지털 시계', '디지털 시계', 'rule');
INSERT INTO aliases (item_id, alias, alias_lower, source) VALUES ('전자시계', '디지털 워치', '디지털 워치', 'rule');
INSERT INTO aliases (item_id, alias, alias_lower, source) VALUES ('전자시계', '스마트워치', '스마트워치', 'rule');
INSERT INTO aliases (item_id, alias, alias_lower, source) VALUES ('전자시계', '애플워치', '애플워치', 'rule');
INSERT INTO aliases (item_id, alias, alias_lower, source) VALUES ('전자시계', '웨어러블 시계', '웨어러블 시계', 'rule');
INSERT INTO aliases (item_id, alias, alias_lower, source) VALUES ('전자시계', '전시계', '전시계', 'rule');
INSERT INTO aliases (item_id, alias, alias_lower, source) VALUES ('전자시계', '전자 손목시계', '전자 손목시계', 'rule');
INSERT INTO aliases (item_id, alias, alias_lower, source) VALUES ('전자시계', '전자식 시계', '전자식 시계', 'rule');
INSERT INTO aliases (item_id, alias, alias_lower, source) VALUES ('전자시계', '전파시계', '전파시계', 'rule');
INSERT INTO aliases (item_id, alias, alias_lower, source) VALUES ('전자시계', '지샥', '지샥', 'rule');
INSERT INTO aliases (item_id, alias, alias_lower, source) VALUES ('전자시계', '카시오 시계', '카시오 시계', 'rule');
INSERT OR REPLACE INTO items (id, name, category, note, steps, confidence, source_url, source_name, source_grade, feature, caution, last_verified, region_variation, official_classification) VALUES ('합지벽지', '합지벽지', 'general', '· 합지벽지는 여러겹의 종이를 붙여 제작하므로 종이로 재활용이 가능하며, 다른 종이와 섞이지 않게 묶어서 배출합니다. · 다만 이물질(접착제, 곰팡이 등)이 묻어 있는 경우에는 재활용이 어려우므로 종량제봉투로 배출합니다. · 실크벽지는 종이 위에 PVC코팅이 되어 있어 재활용이 어려우므로 일반쓰레기로 배출합니다. · 인테리어 공사 등에서 발생한 폐기물은 공', '["합지벽지는 종이류로 배출합니다.", "실크벽지는 종량제봉투로 배출합니다.", "다량으로 배출할 때에는 지자체에 문의하여 공사장생활폐기물 전문 처리업체에 위탁하여 처리합니다."]', 'high', 'https://www.xn--oy2b29bd3a601b.kr/front/dischargeMethod/dictionaryView.do?niIdx=463', '분리배출.kr (한국폐기물협회·환경부)', 'A', '· 합지벽지는 여러겹의 종이를 붙여 제작하므로 종이로 재활용이 가능하며, 다른 종이와 섞이지 않게 묶어서 배출합니다. · 다만 이물질(접착제, 곰팡이 등)이 묻어 있는 경우에는 재활용이 어려우므로 종량제봉투로 배출합니다. · 실크벽지는 종이 위에 PVC코팅이 되어 있어 재활용이 어려우므로 일반쓰레기로 배출합니다. · 인테리어 공사 등에서 발생한 폐기물은 공사장생활폐기물에 해당되며, 폐기물 특...', '· 리모델링, 인테리어 공사 등 일련의 공사 또는 작업 등으로 전체 기간 동안 발생하는 5톤 미만의 폐기물은 공사장생활폐기물에 해당되며, 올바른 배출방법은 해당 지자체에 문의', '2026-05-18', 0, '["일반폐기물", "일반종량제폐기물", "재활용폐기물", "종이", "공사장 생활폐기물"]');
INSERT INTO aliases (item_id, alias, alias_lower, source) VALUES ('합지벽지', 'wall paper', 'wall paper', 'rule');
INSERT INTO aliases (item_id, alias, alias_lower, source) VALUES ('합지벽지', 'wallpaper', 'wallpaper', 'rule');
INSERT INTO aliases (item_id, alias, alias_lower, source) VALUES ('합지벽지', '개나리벽지', '개나리벽지', 'rule');
INSERT INTO aliases (item_id, alias, alias_lower, source) VALUES ('합지벽지', '공사장 생활폐기물', '공사장 생활폐기물', 'rule');
INSERT INTO aliases (item_id, alias, alias_lower, source) VALUES ('합지벽지', '도배쓰레기', '도배쓰레기', 'rule');
INSERT INTO aliases (item_id, alias, alias_lower, source) VALUES ('합지벽지', '도배지', '도배지', 'rule');
INSERT INTO aliases (item_id, alias, alias_lower, source) VALUES ('합지벽지', '벽지 떼어낸 것', '벽지 떼어낸 것', 'rule');
INSERT INTO aliases (item_id, alias, alias_lower, source) VALUES ('합지벽지', '벽지 조각', '벽지 조각', 'rule');
INSERT INTO aliases (item_id, alias, alias_lower, source) VALUES ('합지벽지', '벽지쓰레기', '벽지쓰레기', 'rule');
INSERT INTO aliases (item_id, alias, alias_lower, source) VALUES ('합지벽지', '비닐벽지', '비닐벽지', 'rule');
INSERT INTO aliases (item_id, alias, alias_lower, source) VALUES ('합지벽지', '실크벽지', '실크벽지', 'rule');
INSERT INTO aliases (item_id, alias, alias_lower, source) VALUES ('합지벽지', '전단지', '전단지', 'rule');
INSERT INTO aliases (item_id, alias, alias_lower, source) VALUES ('합지벽지', '종이벽지', '종이벽지', 'rule');
INSERT INTO aliases (item_id, alias, alias_lower, source) VALUES ('합지벽지', '카달로그', '카달로그', 'rule');
INSERT OR REPLACE INTO items (id, name, category, note, steps, confidence, source_url, source_name, source_grade, feature, caution, last_verified, region_variation, official_classification) VALUES ('껌종이', '껌종이', 'general', '· 껌종이는 종이와 알루미늄 박이 접합되어 있어 재활용이 어려우므로 일반쓰레기로 배출합니다. ※ 배출방법은 지역별로 차이가 있을 수 있으니, 해당 지방자치단체에서 정하는 방법이 있는 경우에는 해당 방법에 따라 배출하시기 바랍니다. 가까운 분리배출 장소를 확인해보세요. 현재 위치에 가까운 배출장소가 없습니다. 근처의 다른 지역을 검색해보세요. 현 위치 배출장', '["껌종이는 종량제봉투로 배출합니다."]', 'high', 'https://www.xn--oy2b29bd3a601b.kr/front/dischargeMethod/dictionaryView.do?niIdx=464', '분리배출.kr (한국폐기물협회·환경부)', 'A', '· 껌종이는 종이와 알루미늄 박이 접합되어 있어 재활용이 어려우므로 일반쓰레기로 배출합니다. ※ 배출방법은 지역별로 차이가 있을 수 있으니, 해당 지방자치단체에서 정하는 방법이 있는 경우에는 해당 방법에 따라 배출하시기 바랍니다. 가까운 분리배출 장소를 확인해보세요. 현재 위치에 가까운 배출장소가 없습니다. 근처의 다른 지역을 검색해보세요. 현 위치 배출장소 전체보기 현 지도에서 검색 장소...', '', '2026-05-18', 0, '["일반폐기물", "일반종량제폐기물"]');
INSERT INTO aliases (item_id, alias, alias_lower, source) VALUES ('껌종이', '껌 껍데기', '껌 껍데기', 'rule');
INSERT INTO aliases (item_id, alias, alias_lower, source) VALUES ('껌종이', '껌 껍질', '껌 껍질', 'rule');
INSERT INTO aliases (item_id, alias, alias_lower, source) VALUES ('껌종이', '껌 래퍼', '껌 래퍼', 'rule');
INSERT INTO aliases (item_id, alias, alias_lower, source) VALUES ('껌종이', '껌 싸개', '껌 싸개', 'rule');
INSERT INTO aliases (item_id, alias, alias_lower, source) VALUES ('껌종이', '껌 싸는 종이', '껌 싸는 종이', 'rule');
INSERT INTO aliases (item_id, alias, alias_lower, source) VALUES ('껌종이', '껌 페이퍼', '껌 페이퍼', 'rule');
INSERT INTO aliases (item_id, alias, alias_lower, source) VALUES ('껌종이', '껌 포장지', '껌 포장지', 'rule');
INSERT INTO aliases (item_id, alias, alias_lower, source) VALUES ('껌종이', '롯데껌종이', '롯데껌종이', 'rule');
INSERT INTO aliases (item_id, alias, alias_lower, source) VALUES ('껌종이', '씹는 껌 포장지', '씹는 껌 포장지', 'rule');
INSERT INTO aliases (item_id, alias, alias_lower, source) VALUES ('껌종이', '와우껌 포장지', '와우껌 포장지', 'rule');
INSERT INTO aliases (item_id, alias, alias_lower, source) VALUES ('껌종이', '자일리톨 껌 포장', '자일리톨 껌 포장', 'rule');
INSERT INTO aliases (item_id, alias, alias_lower, source) VALUES ('껌종이', '해태껌종이', '해태껌종이', 'rule');
INSERT OR REPLACE INTO items (id, name, category, note, steps, confidence, source_url, source_name, source_grade, feature, caution, last_verified, region_variation, official_classification) VALUES ('양초', '양초', 'general', '· 양초는 파라핀, 밀랍을 원료로 하며, 재활용이 어려우므로 일반쓰레기로 배출합니다. ※ 배출방법은 지역별로 차이가 있을 수 있으니, 해당 지방자치단체에서 정하는 방법이 있는 경우에는 해당 방법에 따라 배출하시기 바랍니다. 가까운 분리배출 장소를 확인해보세요. 현재 위치에 가까운 배출장소가 없습니다. 근처의 다른 지역을 검색해보세요. 현 위치 배출장소 전체', '["양초는 종량제봉투로 배출합니다."]', 'high', 'https://www.xn--oy2b29bd3a601b.kr/front/dischargeMethod/dictionaryView.do?niIdx=466', '분리배출.kr (한국폐기물협회·환경부)', 'A', '· 양초는 파라핀, 밀랍을 원료로 하며, 재활용이 어려우므로 일반쓰레기로 배출합니다. ※ 배출방법은 지역별로 차이가 있을 수 있으니, 해당 지방자치단체에서 정하는 방법이 있는 경우에는 해당 방법에 따라 배출하시기 바랍니다. 가까운 분리배출 장소를 확인해보세요. 현재 위치에 가까운 배출장소가 없습니다. 근처의 다른 지역을 검색해보세요. 현 위치 배출장소 전체보기 현 지도에서 검색 장소 더보기...', '', '2026-05-18', 0, '["일반폐기물", "일반종량제폐기물"]');
INSERT INTO aliases (item_id, alias, alias_lower, source) VALUES ('양초', 'candle', 'candle', 'rule');
INSERT INTO aliases (item_id, alias, alias_lower, source) VALUES ('양초', '기념초', '기념초', 'rule');
INSERT INTO aliases (item_id, alias, alias_lower, source) VALUES ('양초', '밀랍초', '밀랍초', 'rule');
INSERT INTO aliases (item_id, alias, alias_lower, source) VALUES ('양초', '봉초', '봉초', 'rule');
INSERT INTO aliases (item_id, alias, alias_lower, source) VALUES ('양초', '생일초', '생일초', 'rule');
INSERT INTO aliases (item_id, alias, alias_lower, source) VALUES ('양초', '소이캔들', '소이캔들', 'rule');
INSERT INTO aliases (item_id, alias, alias_lower, source) VALUES ('양초', '아로마캔들', '아로마캔들', 'rule');
INSERT INTO aliases (item_id, alias, alias_lower, source) VALUES ('양초', '제사용초', '제사용초', 'rule');
INSERT INTO aliases (item_id, alias, alias_lower, source) VALUES ('양초', '티라이트', '티라이트', 'rule');
INSERT INTO aliases (item_id, alias, alias_lower, source) VALUES ('양초', '파라핀초', '파라핀초', 'rule');
INSERT OR REPLACE INTO items (id, name, category, note, steps, confidence, source_url, source_name, source_grade, feature, caution, last_verified, region_variation, official_classification) VALUES ('폼롤러', '폼롤러', 'furniture', '· 필라테스, 요가 운동기구인 폼롤러는 대부분 EVA, EPP 재질이며, 가정에서 배출하는 EVA, EPP 재질은 주로 소량으로 배출되어 재활용하기에 어려움이 있습니다. ※ 배출방법은 지역별로 차이가 있을 수 있으니, 해당 지방자치단체에서 정하는 방법이 있는 경우에는 해당 방법에 따라 배출하시기 바랍니다. 가까운 분리배출 장소를 확인해보세요. 현재 위치에', '["폼롤러는 종량제봉투로 배출합니다.", "크기가 큰 폼롤러는 대형폐기물로 배출합니다."]', 'high', 'https://www.xn--oy2b29bd3a601b.kr/front/dischargeMethod/dictionaryView.do?niIdx=467', '분리배출.kr (한국폐기물협회·환경부)', 'A', '· 필라테스, 요가 운동기구인 폼롤러는 대부분 EVA, EPP 재질이며, 가정에서 배출하는 EVA, EPP 재질은 주로 소량으로 배출되어 재활용하기에 어려움이 있습니다. ※ 배출방법은 지역별로 차이가 있을 수 있으니, 해당 지방자치단체에서 정하는 방법이 있는 경우에는 해당 방법에 따라 배출하시기 바랍니다. 가까운 분리배출 장소를 확인해보세요. 현재 위치에 가까운 배출장소가 없습니다. 근처의...', '', '2026-05-18', 0, '["일반폐기물", "일반종량제폐기물", "대형폐기물"]');
INSERT INTO aliases (item_id, alias, alias_lower, source) VALUES ('폼롤러', 'Foam Roller', 'foam roller', 'rule');
INSERT INTO aliases (item_id, alias, alias_lower, source) VALUES ('폼롤러', '근육 이완 롤러', '근육 이완 롤러', 'rule');
INSERT INTO aliases (item_id, alias, alias_lower, source) VALUES ('폼롤러', '마사지 롤러', '마사지 롤러', 'rule');
INSERT INTO aliases (item_id, alias, alias_lower, source) VALUES ('폼롤러', '마사지봉', '마사지봉', 'rule');
INSERT INTO aliases (item_id, alias, alias_lower, source) VALUES ('폼롤러', '바디 롤러', '바디 롤러', 'rule');
INSERT INTO aliases (item_id, alias, alias_lower, source) VALUES ('폼롤러', '스트레칭 롤러', '스트레칭 롤러', 'rule');
INSERT INTO aliases (item_id, alias, alias_lower, source) VALUES ('폼롤러', '요가 롤러', '요가 롤러', 'rule');
INSERT INTO aliases (item_id, alias, alias_lower, source) VALUES ('폼롤러', '운동 롤러', '운동 롤러', 'rule');
INSERT INTO aliases (item_id, alias, alias_lower, source) VALUES ('폼롤러', '쭉쭉이', '쭉쭉이', 'rule');
INSERT INTO aliases (item_id, alias, alias_lower, source) VALUES ('폼롤러', '트리거포인트 롤러', '트리거포인트 롤러', 'rule');
INSERT INTO aliases (item_id, alias, alias_lower, source) VALUES ('폼롤러', '폼롤', '폼롤', 'rule');
INSERT OR REPLACE INTO items (id, name, category, note, steps, confidence, source_url, source_name, source_grade, feature, caution, last_verified, region_variation, official_classification) VALUES ('생선가시', '생선가시', 'general', '· 생선의 가시와 뼈는 동물의 사료로 적합하지 않기 때문에 종량제봉투로 배출해주시기 바랍니다. · 다만 소량 배출하는 경우에는 음식물류폐기물과 함께 배출하셔도 됩니다. ※ 배출방법은 지역별로 차이가 있을 수 있으니, 해당 지방자치단체에서 정하는 방법이 있는 경우에는 해당 방법에 따라 배출하시기 바랍니다. 가까운 분리배출 장소를 확인해보세요. 현재 위치에 가', '["생선가시는 종량제봉투로 배출합니다."]', 'high', 'https://www.xn--oy2b29bd3a601b.kr/front/dischargeMethod/dictionaryView.do?niIdx=468', '분리배출.kr (한국폐기물협회·환경부)', 'A', '· 생선의 가시와 뼈는 동물의 사료로 적합하지 않기 때문에 종량제봉투로 배출해주시기 바랍니다. · 다만 소량 배출하는 경우에는 음식물류폐기물과 함께 배출하셔도 됩니다. ※ 배출방법은 지역별로 차이가 있을 수 있으니, 해당 지방자치단체에서 정하는 방법이 있는 경우에는 해당 방법에 따라 배출하시기 바랍니다. 가까운 분리배출 장소를 확인해보세요. 현재 위치에 가까운 배출장소가 없습니다. 근처의 다...', '', '2026-05-18', 0, '["일반폐기물", "일반종량제폐기물"]');
INSERT INTO aliases (item_id, alias, alias_lower, source) VALUES ('생선가시', 'fish bone', 'fish bone', 'rule');
INSERT INTO aliases (item_id, alias, alias_lower, source) VALUES ('생선가시', '가시', '가시', 'rule');
INSERT INTO aliases (item_id, alias, alias_lower, source) VALUES ('생선가시', '가시뼈', '가시뼈', 'rule');
INSERT INTO aliases (item_id, alias, alias_lower, source) VALUES ('생선가시', '물고기 가시', '물고기 가시', 'rule');
INSERT INTO aliases (item_id, alias, alias_lower, source) VALUES ('생선가시', '물고기 뼈', '물고기 뼈', 'rule');
INSERT INTO aliases (item_id, alias, alias_lower, source) VALUES ('생선가시', '물고기 뼈 조각', '물고기 뼈 조각', 'rule');
INSERT INTO aliases (item_id, alias, alias_lower, source) VALUES ('생선가시', '생선 뼈다귀', '생선 뼈다귀', 'rule');
INSERT INTO aliases (item_id, alias, alias_lower, source) VALUES ('생선가시', '생선 잔해', '생선 잔해', 'rule');
INSERT INTO aliases (item_id, alias, alias_lower, source) VALUES ('생선가시', '생선 찌꺼기', '생선 찌꺼기', 'rule');
INSERT INTO aliases (item_id, alias, alias_lower, source) VALUES ('생선가시', '어골', '어골', 'rule');
INSERT INTO aliases (item_id, alias, alias_lower, source) VALUES ('생선가시', '피쉬본', '피쉬본', 'rule');
INSERT OR REPLACE INTO items (id, name, category, note, steps, confidence, source_url, source_name, source_grade, feature, caution, last_verified, region_variation, official_classification) VALUES ('아이스박스', '아이스박스', 'furniture', '· 아이스박스는 PP, PE, ABS 등 다양한 플라스틱 재질에 단열을 위한 스티로폼이 포함되어 있는 제품으로 재활용이 어려우므로 일반쓰레기로 배출합니다. ※ 배출방법은 지역별로 차이가 있을 수 있으니, 해당 지방자치단체에서 정하는 방법이 있는 경우에는 해당 방법에 따라 배출하시기 바랍니다. 가까운 분리배출 장소를 확인해보세요. 현재 위치에 가까운 배출장소', '["아이스박스는 종량제봉투로 배출합니다.", "크기가 커 종량제봉투로 배출하기 어려운 경우에는 대형폐기물로 배출합니다."]', 'high', 'https://www.xn--oy2b29bd3a601b.kr/front/dischargeMethod/dictionaryView.do?niIdx=469', '분리배출.kr (한국폐기물협회·환경부)', 'A', '· 아이스박스는 PP, PE, ABS 등 다양한 플라스틱 재질에 단열을 위한 스티로폼이 포함되어 있는 제품으로 재활용이 어려우므로 일반쓰레기로 배출합니다. ※ 배출방법은 지역별로 차이가 있을 수 있으니, 해당 지방자치단체에서 정하는 방법이 있는 경우에는 해당 방법에 따라 배출하시기 바랍니다. 가까운 분리배출 장소를 확인해보세요. 현재 위치에 가까운 배출장소가 없습니다. 근처의 다른 지역을 검...', '', '2026-05-18', 0, '["일반폐기물", "일반종량제폐기물", "대형폐기물"]');
INSERT INTO aliases (item_id, alias, alias_lower, source) VALUES ('아이스박스', 'cooler box', 'cooler box', 'rule');
INSERT INTO aliases (item_id, alias, alias_lower, source) VALUES ('아이스박스', '냉장상자', '냉장상자', 'rule');
INSERT INTO aliases (item_id, alias, alias_lower, source) VALUES ('아이스박스', '보냉상자', '보냉상자', 'rule');
INSERT INTO aliases (item_id, alias, alias_lower, source) VALUES ('아이스박스', '아박', '아박', 'rule');
INSERT INTO aliases (item_id, alias, alias_lower, source) VALUES ('아이스박스', '아이스체스트', '아이스체스트', 'rule');
INSERT INTO aliases (item_id, alias, alias_lower, source) VALUES ('아이스박스', '아이스통', '아이스통', 'rule');
INSERT INTO aliases (item_id, alias, alias_lower, source) VALUES ('아이스박스', '아이스팩', '아이스팩', 'rule');
INSERT INTO aliases (item_id, alias, alias_lower, source) VALUES ('아이스박스', '얼음통', '얼음통', 'rule');
INSERT INTO aliases (item_id, alias, alias_lower, source) VALUES ('아이스박스', '이동식 냉장고', '이동식 냉장고', 'rule');
INSERT INTO aliases (item_id, alias, alias_lower, source) VALUES ('아이스박스', '캠핑박스', '캠핑박스', 'rule');
INSERT INTO aliases (item_id, alias, alias_lower, source) VALUES ('아이스박스', '피크닉 박스', '피크닉 박스', 'rule');
INSERT INTO aliases (item_id, alias, alias_lower, source) VALUES ('아이스박스', '휴대용 냉장고', '휴대용 냉장고', 'rule');
INSERT OR REPLACE INTO items (id, name, category, note, steps, confidence, source_url, source_name, source_grade, feature, caution, last_verified, region_variation, official_classification) VALUES ('스팸슬라이서', '스팸슬라이서', 'general', '· 스팸슬라이서는 햄, 과일을 자르는 조리도구로 몸체는 플라스틱, 스테인리스 와이어가 포함된 복합재질 제품으로 재활용이 어렵습니다. ※ 배출방법은 지역별로 차이가 있을 수 있으니, 해당 지방자치단체에서 정하는 방법이 있는 경우에는 해당 방법에 따라 배출하시기 바랍니다. 가까운 분리배출 장소를 확인해보세요. 현재 위치에 가까운 배출장소가 없습니다. 근처의 다', '["스팸슬라이서는 종량제봉투로 배출합니다."]', 'high', 'https://www.xn--oy2b29bd3a601b.kr/front/dischargeMethod/dictionaryView.do?niIdx=470', '분리배출.kr (한국폐기물협회·환경부)', 'A', '· 스팸슬라이서는 햄, 과일을 자르는 조리도구로 몸체는 플라스틱, 스테인리스 와이어가 포함된 복합재질 제품으로 재활용이 어렵습니다. ※ 배출방법은 지역별로 차이가 있을 수 있으니, 해당 지방자치단체에서 정하는 방법이 있는 경우에는 해당 방법에 따라 배출하시기 바랍니다. 가까운 분리배출 장소를 확인해보세요. 현재 위치에 가까운 배출장소가 없습니다. 근처의 다른 지역을 검색해보세요. 현 위치 배...', '', '2026-05-18', 0, '["일반폐기물", "일반종량제폐기물"]');
INSERT INTO aliases (item_id, alias, alias_lower, source) VALUES ('스팸슬라이서', 'ham slicer', 'ham slicer', 'rule');
INSERT INTO aliases (item_id, alias, alias_lower, source) VALUES ('스팸슬라이서', 'spam slicer', 'spam slicer', 'rule');
INSERT INTO aliases (item_id, alias, alias_lower, source) VALUES ('스팸슬라이서', '스팸 자르개', '스팸 자르개', 'rule');
INSERT INTO aliases (item_id, alias, alias_lower, source) VALUES ('스팸슬라이서', '스팸 커터', '스팸 커터', 'rule');
INSERT INTO aliases (item_id, alias, alias_lower, source) VALUES ('스팸슬라이서', '스팸싹둑이', '스팸싹둑이', 'rule');
INSERT INTO aliases (item_id, alias, alias_lower, source) VALUES ('스팸슬라이서', '스팸칼', '스팸칼', 'rule');
INSERT INTO aliases (item_id, alias, alias_lower, source) VALUES ('스팸슬라이서', '슬라이서', '슬라이서', 'rule');
INSERT INTO aliases (item_id, alias, alias_lower, source) VALUES ('스팸슬라이서', '통조림햄 슬라이서', '통조림햄 슬라이서', 'rule');
INSERT INTO aliases (item_id, alias, alias_lower, source) VALUES ('스팸슬라이서', '햄 슬라이서', '햄 슬라이서', 'rule');
INSERT INTO aliases (item_id, alias, alias_lower, source) VALUES ('스팸슬라이서', '햄 자르개', '햄 자르개', 'rule');
INSERT INTO aliases (item_id, alias, alias_lower, source) VALUES ('스팸슬라이서', '햄 커터', '햄 커터', 'rule');
INSERT INTO aliases (item_id, alias, alias_lower, source) VALUES ('스팸슬라이서', '햄싹둑이', '햄싹둑이', 'rule');
INSERT OR REPLACE INTO items (id, name, category, note, steps, confidence, source_url, source_name, source_grade, feature, caution, last_verified, region_variation, official_classification) VALUES ('투명 가림막', '투명 가림막', 'furniture', '· 투명 가림막은 아크릴, PC(폴리카보네이트), PET, 혼합플라스틱 등이 있으며 대부분 아크릴 재질입니다. · 가정에서 배출하는 경우에는 가림막의 재질별로 수거와 선별이 곤란하기 때문에 종량제봉투 또는 대형폐기물로 배출합니다. · 학교, 사무실, 식당 등 사업소에서 배출하는 경우에는 합성수지 전문 재활용업체에 위탁처리해야 합니다. ※ 배출방법은 지역별로', '["투명 가림막은 종량제봉투로 배출합니다.", "크기가 커 종량제봉투로 배출하기 어려운 경우에는 대형폐기물로 배출합니다."]', 'high', 'https://www.xn--oy2b29bd3a601b.kr/front/dischargeMethod/dictionaryView.do?niIdx=471', '분리배출.kr (한국폐기물협회·환경부)', 'A', '· 투명 가림막은 아크릴, PC(폴리카보네이트), PET, 혼합플라스틱 등이 있으며 대부분 아크릴 재질입니다. · 가정에서 배출하는 경우에는 가림막의 재질별로 수거와 선별이 곤란하기 때문에 종량제봉투 또는 대형폐기물로 배출합니다. · 학교, 사무실, 식당 등 사업소에서 배출하는 경우에는 합성수지 전문 재활용업체에 위탁처리해야 합니다. ※ 배출방법은 지역별로 차이가 있을 수 있으니, 해당 지방...', '', '2026-05-18', 0, '["일반폐기물", "일반종량제폐기물", "대형폐기물"]');
INSERT INTO aliases (item_id, alias, alias_lower, source) VALUES ('투명 가림막', '데스크 파티션', '데스크 파티션', 'rule');
INSERT INTO aliases (item_id, alias, alias_lower, source) VALUES ('투명 가림막', '비말 차단막', '비말 차단막', 'rule');
INSERT INTO aliases (item_id, alias, alias_lower, source) VALUES ('투명 가림막', '사무실 가림막', '사무실 가림막', 'rule');
INSERT INTO aliases (item_id, alias, alias_lower, source) VALUES ('투명 가림막', '아크릴 가림막', '아크릴 가림막', 'rule');
INSERT INTO aliases (item_id, alias, alias_lower, source) VALUES ('투명 가림막', '코로나 가림막', '코로나 가림막', 'rule');
INSERT INTO aliases (item_id, alias, alias_lower, source) VALUES ('투명 가림막', '투명 스크린', '투명 스크린', 'rule');
INSERT INTO aliases (item_id, alias, alias_lower, source) VALUES ('투명 가림막', '투명 칸막이', '투명 칸막이', 'rule');
INSERT INTO aliases (item_id, alias, alias_lower, source) VALUES ('투명 가림막', '투명 파티션', '투명 파티션', 'rule');
INSERT INTO aliases (item_id, alias, alias_lower, source) VALUES ('투명 가림막', '투명 판', '투명 판', 'rule');
INSERT INTO aliases (item_id, alias, alias_lower, source) VALUES ('투명 가림막', '투명가림막', '투명가림막', 'rule');
INSERT INTO aliases (item_id, alias, alias_lower, source) VALUES ('투명 가림막', '투명막', '투명막', 'rule');
INSERT INTO aliases (item_id, alias, alias_lower, source) VALUES ('투명 가림막', '플라스틱 가림막', '플라스틱 가림막', 'rule');
INSERT OR REPLACE INTO items (id, name, category, note, steps, confidence, source_url, source_name, source_grade, feature, caution, last_verified, region_variation, official_classification) VALUES ('숯', '숯', 'general', '· 숯(열탄, 비장탄, 조개숯, 참숯 등)은 나무를 태워 만든 제품으로 재활용이 어렵습니다. ※ 배출방법은 지역별로 차이가 있을 수 있으니, 해당 지방자치단체에서 정하는 방법이 있는 경우에는 해당 방법에 따라 배출하시기 바랍니다. 가까운 분리배출 장소를 확인해보세요. 현재 위치에 가까운 배출장소가 없습니다. 근처의 다른 지역을 검색해보세요. 현 위치 배출장', '["숯은 종량제봉투로 배출합니다."]', 'high', 'https://www.xn--oy2b29bd3a601b.kr/front/dischargeMethod/dictionaryView.do?niIdx=472', '분리배출.kr (한국폐기물협회·환경부)', 'A', '· 숯(열탄, 비장탄, 조개숯, 참숯 등)은 나무를 태워 만든 제품으로 재활용이 어렵습니다. ※ 배출방법은 지역별로 차이가 있을 수 있으니, 해당 지방자치단체에서 정하는 방법이 있는 경우에는 해당 방법에 따라 배출하시기 바랍니다. 가까운 분리배출 장소를 확인해보세요. 현재 위치에 가까운 배출장소가 없습니다. 근처의 다른 지역을 검색해보세요. 현 위치 배출장소 전체보기 현 지도에서 검색 장소...', '', '2026-05-18', 0, '["일반폐기물", "일반종량제폐기물"]');
INSERT INTO aliases (item_id, alias, alias_lower, source) VALUES ('숯', 'Charcoal', 'charcoal', 'rule');
INSERT INTO aliases (item_id, alias, alias_lower, source) VALUES ('숯', '검은 숯', '검은 숯', 'rule');
INSERT INTO aliases (item_id, alias, alias_lower, source) VALUES ('숯', '목탄', '목탄', 'rule');
INSERT INTO aliases (item_id, alias, alias_lower, source) VALUES ('숯', '바베큐 숯', '바베큐 숯', 'rule');
INSERT INTO aliases (item_id, alias, alias_lower, source) VALUES ('숯', '백탄', '백탄', 'rule');
INSERT INTO aliases (item_id, alias, alias_lower, source) VALUES ('숯', '비장탄', '비장탄', 'rule');
INSERT INTO aliases (item_id, alias, alias_lower, source) VALUES ('숯', '숯가루', '숯가루', 'rule');
INSERT INTO aliases (item_id, alias, alias_lower, source) VALUES ('숯', '숯덩이', '숯덩이', 'rule');
INSERT INTO aliases (item_id, alias, alias_lower, source) VALUES ('숯', '야자숯', '야자숯', 'rule');
INSERT INTO aliases (item_id, alias, alias_lower, source) VALUES ('숯', '차콜', '차콜', 'rule');
INSERT INTO aliases (item_id, alias, alias_lower, source) VALUES ('숯', '참숯', '참숯', 'rule');
INSERT INTO aliases (item_id, alias, alias_lower, source) VALUES ('숯', '활성탄', '활성탄', 'rule');
INSERT OR REPLACE INTO items (id, name, category, note, steps, confidence, source_url, source_name, source_grade, feature, caution, last_verified, region_variation, official_classification) VALUES ('핸들커버', '핸들커버', 'general', '· 자동차 핸들커버는 가죽, 섬유 등 재질이 다양합니다. · 가죽, 섬유 제품은 재활용이 어려우므로 종량제봉투로 배출해야 합니다. ※ 배출방법은 지역별로 차이가 있을 수 있으니, 해당 지방자치단체에서 정하는 방법이 있는 경우에는 해당 방법에 따라 배출하시기 바랍니다. 가까운 분리배출 장소를 확인해보세요. 현재 위치에 가까운 배출장소가 없습니다. 근처의 다른', '["핸들커버는 종량제봉투로 배출합니다."]', 'high', 'https://www.xn--oy2b29bd3a601b.kr/front/dischargeMethod/dictionaryView.do?niIdx=473', '분리배출.kr (한국폐기물협회·환경부)', 'A', '· 자동차 핸들커버는 가죽, 섬유 등 재질이 다양합니다. · 가죽, 섬유 제품은 재활용이 어려우므로 종량제봉투로 배출해야 합니다. ※ 배출방법은 지역별로 차이가 있을 수 있으니, 해당 지방자치단체에서 정하는 방법이 있는 경우에는 해당 방법에 따라 배출하시기 바랍니다. 가까운 분리배출 장소를 확인해보세요. 현재 위치에 가까운 배출장소가 없습니다. 근처의 다른 지역을 검색해보세요. 현 위치 배출...', '', '2026-05-18', 0, '["일반폐기물", "일반종량제폐기물"]');
INSERT INTO aliases (item_id, alias, alias_lower, source) VALUES ('핸들커버', '그립 커버', '그립 커버', 'rule');
INSERT INTO aliases (item_id, alias, alias_lower, source) VALUES ('핸들커버', '목베개', '목베개', 'rule');
INSERT INTO aliases (item_id, alias, alias_lower, source) VALUES ('핸들커버', '베개커버', '베개커버', 'rule');
INSERT INTO aliases (item_id, alias, alias_lower, source) VALUES ('핸들커버', '손잡이 커버', '손잡이 커버', 'rule');
INSERT INTO aliases (item_id, alias, alias_lower, source) VALUES ('핸들커버', '스티어링 휠 커버', '스티어링 휠 커버', 'rule');
INSERT INTO aliases (item_id, alias, alias_lower, source) VALUES ('핸들커버', '운전대 씌우개', '운전대 씌우개', 'rule');
INSERT INTO aliases (item_id, alias, alias_lower, source) VALUES ('핸들커버', '운전대 커버', '운전대 커버', 'rule');
INSERT INTO aliases (item_id, alias, alias_lower, source) VALUES ('핸들커버', '자동차 핸들 커버', '자동차 핸들 커버', 'rule');
INSERT INTO aliases (item_id, alias, alias_lower, source) VALUES ('핸들커버', '침대커버', '침대커버', 'rule');
INSERT INTO aliases (item_id, alias, alias_lower, source) VALUES ('핸들커버', '쿠션', '쿠션', 'rule');
INSERT INTO aliases (item_id, alias, alias_lower, source) VALUES ('핸들커버', '핸들 그립', '핸들 그립', 'rule');
INSERT INTO aliases (item_id, alias, alias_lower, source) VALUES ('핸들커버', '핸들 덮개', '핸들 덮개', 'rule');
INSERT INTO aliases (item_id, alias, alias_lower, source) VALUES ('핸들커버', '핸들가리개', '핸들가리개', 'rule');
INSERT INTO aliases (item_id, alias, alias_lower, source) VALUES ('핸들커버', '핸들싸개', '핸들싸개', 'rule');
INSERT INTO aliases (item_id, alias, alias_lower, source) VALUES ('핸들커버', '핸들옷', '핸들옷', 'rule');
INSERT INTO aliases (item_id, alias, alias_lower, source) VALUES ('핸들커버', '핸커', '핸커', 'rule');
INSERT OR REPLACE INTO items (id, name, category, note, steps, confidence, source_url, source_name, source_grade, feature, caution, last_verified, region_variation, official_classification) VALUES ('죽부인', '죽부인', 'furniture', '· 죽부인은 대나무로 만든 제품입니다. · 가정에서 배출하는 목재제품은 재활용이 어려워 종량제봉투 또는 대형폐기물로 배출해야 합니다. ※ 배출방법은 지역별로 차이가 있을 수 있으니, 해당 지방자치단체에서 정하는 방법이 있는 경우에는 해당 방법에 따라 배출하시기 바랍니다. 가까운 분리배출 장소를 확인해보세요. 현재 위치에 가까운 배출장소가 없습니다. 근처의', '["죽부인은 종량제봉투로 배출합니다.", "크기가 커 종량제봉투로 배출하기 어려운 경우에는 대형폐기물로 배출합니다."]', 'high', 'https://www.xn--oy2b29bd3a601b.kr/front/dischargeMethod/dictionaryView.do?niIdx=474', '분리배출.kr (한국폐기물협회·환경부)', 'A', '· 죽부인은 대나무로 만든 제품입니다. · 가정에서 배출하는 목재제품은 재활용이 어려워 종량제봉투 또는 대형폐기물로 배출해야 합니다. ※ 배출방법은 지역별로 차이가 있을 수 있으니, 해당 지방자치단체에서 정하는 방법이 있는 경우에는 해당 방법에 따라 배출하시기 바랍니다. 가까운 분리배출 장소를 확인해보세요. 현재 위치에 가까운 배출장소가 없습니다. 근처의 다른 지역을 검색해보세요. 현 위치...', '', '2026-05-18', 0, '["일반폐기물", "일반종량제폐기물", "대형폐기물"]');
INSERT INTO aliases (item_id, alias, alias_lower, source) VALUES ('죽부인', '대나무 베개', '대나무 베개', 'rule');
INSERT INTO aliases (item_id, alias, alias_lower, source) VALUES ('죽부인', '대나무 인형', '대나무 인형', 'rule');
INSERT INTO aliases (item_id, alias, alias_lower, source) VALUES ('죽부인', '롱 베개', '롱 베개', 'rule');
INSERT INTO aliases (item_id, alias, alias_lower, source) VALUES ('죽부인', '바디 필로우', '바디 필로우', 'rule');
INSERT INTO aliases (item_id, alias, alias_lower, source) VALUES ('죽부인', '뱀부 와이프', '뱀부 와이프', 'rule');
INSERT INTO aliases (item_id, alias, alias_lower, source) VALUES ('죽부인', '시원한 베개', '시원한 베개', 'rule');
INSERT INTO aliases (item_id, alias, alias_lower, source) VALUES ('죽부인', '안는 베개', '안는 베개', 'rule');
INSERT INTO aliases (item_id, alias, alias_lower, source) VALUES ('죽부인', '여름 베개', '여름 베개', 'rule');
INSERT INTO aliases (item_id, alias, alias_lower, source) VALUES ('죽부인', '여름 친구', '여름 친구', 'rule');
INSERT INTO aliases (item_id, alias, alias_lower, source) VALUES ('죽부인', '죽 베개', '죽 베개', 'rule');
INSERT INTO aliases (item_id, alias, alias_lower, source) VALUES ('죽부인', '죽부', '죽부', 'rule');
INSERT INTO aliases (item_id, alias, alias_lower, source) VALUES ('죽부인', '쿨링 필로우', '쿨링 필로우', 'rule');
INSERT OR REPLACE INTO items (id, name, category, note, steps, confidence, source_url, source_name, source_grade, feature, caution, last_verified, region_variation, official_classification) VALUES ('깨끗한 물엿 용기', '깨끗한 물엿 용기', 'plastic', '· 물엿, 꿀 등은 물로 헹구어 하수로 배출합니다. · 라벨은 제거하여 비닐류로 배출하며, 용기는 플라스틱 수거함으로 배출합니다. · 내용물(물엿, 꿀 등) 제거가 어려운 경우에는 뚜껑을 닫아 제품 그대로 종량제봉투로 배출하여 주시기 바랍니다. ※ 배출방법은 지역별로 차이가 있을 수 있으니, 해당 지방자치단체에서 정하는 방법이 있는 경우에는 해당 방법에 따', '["깨끗한 물엿 용기는 플라스틱으로 배출합니다.", "내용물 제거가 어려운 경우 종량제봉투로 배출합니다."]', 'high', 'https://www.xn--oy2b29bd3a601b.kr/front/dischargeMethod/dictionaryView.do?niIdx=475', '분리배출.kr (한국폐기물협회·환경부)', 'A', '· 물엿, 꿀 등은 물로 헹구어 하수로 배출합니다. · 라벨은 제거하여 비닐류로 배출하며, 용기는 플라스틱 수거함으로 배출합니다. · 내용물(물엿, 꿀 등) 제거가 어려운 경우에는 뚜껑을 닫아 제품 그대로 종량제봉투로 배출하여 주시기 바랍니다. ※ 배출방법은 지역별로 차이가 있을 수 있으니, 해당 지방자치단체에서 정하는 방법이 있는 경우에는 해당 방법에 따라 배출하시기 바랍니다. 가까운 분리...', '', '2026-05-18', 0, '["일반폐기물", "일반종량제폐기물", "재활용폐기물", "합성수지 용기류"]');
INSERT INTO aliases (item_id, alias, alias_lower, source) VALUES ('깨끗한 물엿 용기', '깨끗한물엿용기', '깨끗한물엿용기', 'rule');
INSERT OR REPLACE INTO items (id, name, category, note, steps, confidence, source_url, source_name, source_grade, feature, caution, last_verified, region_variation, official_classification) VALUES ('키보드 스킨', '키보드 스킨', 'general', '· 키보드 스킨은 주로 실리콘 재질로 재활용이 어려우므로 일반쓰레기로 배출합니다. ※ 배출방법은 지역별로 차이가 있을 수 있으니, 해당 지방자치단체에서 정하는 방법이 있는 경우에는 해당 방법에 따라 배출하시기 바랍니다. 가까운 분리배출 장소를 확인해보세요. 현재 위치에 가까운 배출장소가 없습니다. 근처의 다른 지역을 검색해보세요. 현 위치 배출장소 전체보기', '["키보드 스킨은 종량제봉투로 배출합니다."]', 'high', 'https://www.xn--oy2b29bd3a601b.kr/front/dischargeMethod/dictionaryView.do?niIdx=476', '분리배출.kr (한국폐기물협회·환경부)', 'A', '· 키보드 스킨은 주로 실리콘 재질로 재활용이 어려우므로 일반쓰레기로 배출합니다. ※ 배출방법은 지역별로 차이가 있을 수 있으니, 해당 지방자치단체에서 정하는 방법이 있는 경우에는 해당 방법에 따라 배출하시기 바랍니다. 가까운 분리배출 장소를 확인해보세요. 현재 위치에 가까운 배출장소가 없습니다. 근처의 다른 지역을 검색해보세요. 현 위치 배출장소 전체보기 현 지도에서 검색 장소 더보기 분리...', '', '2026-05-18', 0, '["일반폐기물", "일반종량제폐기물"]');
INSERT INTO aliases (item_id, alias, alias_lower, source) VALUES ('키보드 스킨', '랩탑 키스킨', '랩탑 키스킨', 'rule');
INSERT INTO aliases (item_id, alias, alias_lower, source) VALUES ('키보드 스킨', '렌즈케이스', '렌즈케이스', 'rule');
INSERT INTO aliases (item_id, alias, alias_lower, source) VALUES ('키보드 스킨', '상장케이스', '상장케이스', 'rule');
INSERT INTO aliases (item_id, alias, alias_lower, source) VALUES ('키보드 스킨', '상패케이스', '상패케이스', 'rule');
INSERT INTO aliases (item_id, alias, alias_lower, source) VALUES ('키보드 스킨', '실리콘 키스킨', '실리콘 키스킨', 'rule');
INSERT INTO aliases (item_id, alias, alias_lower, source) VALUES ('키보드 스킨', '안경집', '안경집', 'rule');
INSERT INTO aliases (item_id, alias, alias_lower, source) VALUES ('키보드 스킨', '액정보호필름', '액정보호필름', 'rule');
INSERT INTO aliases (item_id, alias, alias_lower, source) VALUES ('키보드 스킨', '자판 덮개', '자판 덮개', 'rule');
INSERT INTO aliases (item_id, alias, alias_lower, source) VALUES ('키보드 스킨', '자판 보호대', '자판 보호대', 'rule');
INSERT INTO aliases (item_id, alias, alias_lower, source) VALUES ('키보드 스킨', '키보드 덮개', '키보드 덮개', 'rule');
INSERT INTO aliases (item_id, alias, alias_lower, source) VALUES ('키보드 스킨', '키보드 보호막', '키보드 보호막', 'rule');
INSERT INTO aliases (item_id, alias, alias_lower, source) VALUES ('키보드 스킨', '키보드 비닐', '키보드 비닐', 'rule');
INSERT INTO aliases (item_id, alias, alias_lower, source) VALUES ('키보드 스킨', '키보드 옷', '키보드 옷', 'rule');
INSERT INTO aliases (item_id, alias, alias_lower, source) VALUES ('키보드 스킨', '키보드 커버', '키보드 커버', 'rule');
INSERT INTO aliases (item_id, alias, alias_lower, source) VALUES ('키보드 스킨', '키보드 프로텍터', '키보드 프로텍터', 'rule');
INSERT INTO aliases (item_id, alias, alias_lower, source) VALUES ('키보드 스킨', '키보드스킨', '키보드스킨', 'rule');
INSERT INTO aliases (item_id, alias, alias_lower, source) VALUES ('키보드 스킨', '키스킨', '키스킨', 'rule');
INSERT INTO aliases (item_id, alias, alias_lower, source) VALUES ('키보드 스킨', '태블릿 케이스', '태블릿 케이스', 'rule');
INSERT INTO aliases (item_id, alias, alias_lower, source) VALUES ('키보드 스킨', '투명 키보드 덮개', '투명 키보드 덮개', 'rule');
INSERT OR REPLACE INTO items (id, name, category, note, steps, confidence, source_url, source_name, source_grade, feature, caution, last_verified, region_variation, official_classification) VALUES ('화이트보드', '화이트보드', 'furniture', '· 화이트보드는 프레임은 나무, 알루미늄 재질이며 보드는 법랑(세라믹 코팅), 유리재질입니다. · 화이트 보드의 재질별로 분리하기 어렵거나 혼합재질인 경우에는 일반쓰레기로 배출합니다. ※ 배출방법은 지역별로 차이가 있을 수 있으니, 해당 지방자치단체에서 정하는 방법이 있는 경우에는 해당 방법에 따라 배출하시기 바랍니다. 가까운 분리배출 장소를 확인해보세요.', '["화이트보드는 종량제봉투로 배출합니다.", "크기가 커 종량제봉투로 배출하기 어려운 경우에는 대형폐기물로 배출합니다."]', 'high', 'https://www.xn--oy2b29bd3a601b.kr/front/dischargeMethod/dictionaryView.do?niIdx=477', '분리배출.kr (한국폐기물협회·환경부)', 'A', '· 화이트보드는 프레임은 나무, 알루미늄 재질이며 보드는 법랑(세라믹 코팅), 유리재질입니다. · 화이트 보드의 재질별로 분리하기 어렵거나 혼합재질인 경우에는 일반쓰레기로 배출합니다. ※ 배출방법은 지역별로 차이가 있을 수 있으니, 해당 지방자치단체에서 정하는 방법이 있는 경우에는 해당 방법에 따라 배출하시기 바랍니다. 가까운 분리배출 장소를 확인해보세요. 현재 위치에 가까운 배출장소가 없습...', '', '2026-05-18', 0, '["일반폐기물", "일반종량제폐기물", "대형폐기물"]');
INSERT OR REPLACE INTO items (id, name, category, note, steps, confidence, source_url, source_name, source_grade, feature, caution, last_verified, region_variation, official_classification) VALUES ('자석교구', '자석교구', 'general', '· 자석교구는 플라스틱, 자석 등이 혼합된 복합재질입니다. · 자석교구의 재질별로 분리하기 어렵거나 혼합재질인 혼합재질인 경우에는 일반쓰레기로 배출합니다. ※ 배출방법은 지역별로 차이가 있을 수 있으니, 해당 지방자치단체에서 정하는 방법이 있는 경우에는 해당 방법에 따라 배출하시기 바랍니다. 가까운 분리배출 장소를 확인해보세요. 현재 위치에 가까운 배출장소', '["자석교구는 종량제봉투로 배출합니다."]', 'high', 'https://www.xn--oy2b29bd3a601b.kr/front/dischargeMethod/dictionaryView.do?niIdx=478', '분리배출.kr (한국폐기물협회·환경부)', 'A', '· 자석교구는 플라스틱, 자석 등이 혼합된 복합재질입니다. · 자석교구의 재질별로 분리하기 어렵거나 혼합재질인 혼합재질인 경우에는 일반쓰레기로 배출합니다. ※ 배출방법은 지역별로 차이가 있을 수 있으니, 해당 지방자치단체에서 정하는 방법이 있는 경우에는 해당 방법에 따라 배출하시기 바랍니다. 가까운 분리배출 장소를 확인해보세요. 현재 위치에 가까운 배출장소가 없습니다. 근처의 다른 지역을 검...', '', '2026-05-18', 0, '["일반폐기물", "일반종량제폐기물"]');
INSERT INTO aliases (item_id, alias, alias_lower, source) VALUES ('자석교구', '마그네틱 교구', '마그네틱 교구', 'rule');
INSERT INTO aliases (item_id, alias, alias_lower, source) VALUES ('자석교구', '마그네틱 토이', '마그네틱 토이', 'rule');
INSERT INTO aliases (item_id, alias, alias_lower, source) VALUES ('자석교구', '마그넷 블록', '마그넷 블록', 'rule');
INSERT INTO aliases (item_id, alias, alias_lower, source) VALUES ('자석교구', '마그넷 장난감', '마그넷 장난감', 'rule');
INSERT INTO aliases (item_id, alias, alias_lower, source) VALUES ('자석교구', '맥포머', '맥포머', 'rule');
INSERT INTO aliases (item_id, alias, alias_lower, source) VALUES ('자석교구', '맥포머스', '맥포머스', 'rule');
INSERT INTO aliases (item_id, alias, alias_lower, source) VALUES ('자석교구', '붙는 블록', '붙는 블록', 'rule');
INSERT INTO aliases (item_id, alias, alias_lower, source) VALUES ('자석교구', '자석 놀이', '자석 놀이', 'rule');
INSERT INTO aliases (item_id, alias, alias_lower, source) VALUES ('자석교구', '자석 블록', '자석 블록', 'rule');
INSERT INTO aliases (item_id, alias, alias_lower, source) VALUES ('자석교구', '자석 완구', '자석 완구', 'rule');
INSERT INTO aliases (item_id, alias, alias_lower, source) VALUES ('자석교구', '자석 장난감', '자석 장난감', 'rule');
INSERT INTO aliases (item_id, alias, alias_lower, source) VALUES ('자석교구', '자석블럭', '자석블럭', 'rule');
INSERT OR REPLACE INTO items (id, name, category, note, steps, confidence, source_url, source_name, source_grade, feature, caution, last_verified, region_variation, official_classification) VALUES ('옥수수식기', '옥수수식기', 'general', '· 옥수수 식기(숟가락, 포크, 칼, 빨대 등)는 생분해성수지제품입니다. · 생분해성수지 제품은 일반 플라스틱과는 성질이 달라 플라스틱으로 배출 시 재활용을 저해하므로 종량제봉투로 배출합니다. · 생분해성수지제품(PLA)는 일정한 조건에서 미생물이나 효소에 의해 분해되는 플라스틱 또는 비닐로 환경표지 인증을 받은 제품입니다.', '["옥수수식기는 종량제봉투로 배출합니다."]', 'high', 'https://www.xn--oy2b29bd3a601b.kr/front/dischargeMethod/dictionaryView.do?niIdx=479', '분리배출.kr (한국폐기물협회·환경부)', 'A', '· 옥수수 식기(숟가락, 포크, 칼, 빨대 등)는 생분해성수지제품입니다. · 생분해성수지 제품은 일반 플라스틱과는 성질이 달라 플라스틱으로 배출 시 재활용을 저해하므로 종량제봉투로 배출합니다. · 생분해성수지제품(PLA)는 일정한 조건에서 미생물이나 효소에 의해 분해되는 플라스틱 또는 비닐로 환경표지 인증을 받은 제품입니다.', '· 플라스틱 수거함으로 배출 불가', '2026-05-18', 0, '["일반폐기물", "일반종량제폐기물"]');
INSERT INTO aliases (item_id, alias, alias_lower, source) VALUES ('옥수수식기', 'PLA 식기', 'pla 식기', 'rule');
INSERT INTO aliases (item_id, alias, alias_lower, source) VALUES ('옥수수식기', '바이오 식기', '바이오 식기', 'rule');
INSERT INTO aliases (item_id, alias, alias_lower, source) VALUES ('옥수수식기', '생분해 식기', '생분해 식기', 'rule');
INSERT INTO aliases (item_id, alias, alias_lower, source) VALUES ('옥수수식기', '에코 식기', '에코 식기', 'rule');
INSERT INTO aliases (item_id, alias, alias_lower, source) VALUES ('옥수수식기', '옥수수 맘마그릇', '옥수수 맘마그릇', 'rule');
INSERT INTO aliases (item_id, alias, alias_lower, source) VALUES ('옥수수식기', '옥수수 소재 식기', '옥수수 소재 식기', 'rule');
INSERT INTO aliases (item_id, alias, alias_lower, source) VALUES ('옥수수식기', '옥수수 식판', '옥수수 식판', 'rule');
INSERT INTO aliases (item_id, alias, alias_lower, source) VALUES ('옥수수식기', '옥수수 접시', '옥수수 접시', 'rule');
INSERT INTO aliases (item_id, alias, alias_lower, source) VALUES ('옥수수식기', '옥수수그릇', '옥수수그릇', 'rule');
INSERT INTO aliases (item_id, alias, alias_lower, source) VALUES ('옥수수식기', '옥식기', '옥식기', 'rule');
INSERT INTO aliases (item_id, alias, alias_lower, source) VALUES ('옥수수식기', '친환경 식기', '친환경 식기', 'rule');
INSERT INTO aliases (item_id, alias, alias_lower, source) VALUES ('옥수수식기', '콘웨어', '콘웨어', 'rule');
INSERT OR REPLACE INTO items (id, name, category, note, steps, confidence, source_url, source_name, source_grade, feature, caution, last_verified, region_variation, official_classification) VALUES ('야구글러브', '야구글러브', 'general', '· 야구글러브는 주로 가죽 재질이며, 가죽제품은 재활용이 어려워 일반쓰레기로 배출합니다. ※ 배출방법은 지역별로 차이가 있을 수 있으니, 해당 지방자치단체에서 정하는 방법이 있는 경우에는 해당 방법에 따라 배출하시기 바랍니다. 가까운 분리배출 장소를 확인해보세요. 현재 위치에 가까운 배출장소가 없습니다. 근처의 다른 지역을 검색해보세요. 현 위치 배출장소', '["야구글러브는 종량제봉투로 배출합니다."]', 'high', 'https://www.xn--oy2b29bd3a601b.kr/front/dischargeMethod/dictionaryView.do?niIdx=480', '분리배출.kr (한국폐기물협회·환경부)', 'A', '· 야구글러브는 주로 가죽 재질이며, 가죽제품은 재활용이 어려워 일반쓰레기로 배출합니다. ※ 배출방법은 지역별로 차이가 있을 수 있으니, 해당 지방자치단체에서 정하는 방법이 있는 경우에는 해당 방법에 따라 배출하시기 바랍니다. 가까운 분리배출 장소를 확인해보세요. 현재 위치에 가까운 배출장소가 없습니다. 근처의 다른 지역을 검색해보세요. 현 위치 배출장소 전체보기 현 지도에서 검색 장소 더보...', '', '2026-05-18', 0, '["일반폐기물", "일반종량제폐기물"]');
INSERT INTO aliases (item_id, alias, alias_lower, source) VALUES ('야구글러브', 'baseball glove', 'baseball glove', 'rule');
INSERT INTO aliases (item_id, alias, alias_lower, source) VALUES ('야구글러브', '글러브', '글러브', 'rule');
INSERT INTO aliases (item_id, alias, alias_lower, source) VALUES ('야구글러브', '글럽', '글럽', 'rule');
INSERT INTO aliases (item_id, alias, alias_lower, source) VALUES ('야구글러브', '롤링스 글러브', '롤링스 글러브', 'rule');
INSERT INTO aliases (item_id, alias, alias_lower, source) VALUES ('야구글러브', '미즈노 글러브', '미즈노 글러브', 'rule');
INSERT INTO aliases (item_id, alias, alias_lower, source) VALUES ('야구글러브', '미트', '미트', 'rule');
INSERT INTO aliases (item_id, alias, alias_lower, source) VALUES ('야구글러브', '사회인 야구 글러브', '사회인 야구 글러브', 'rule');
INSERT INTO aliases (item_id, alias, alias_lower, source) VALUES ('야구글러브', '야구 손보호대', '야구 손보호대', 'rule');
INSERT INTO aliases (item_id, alias, alias_lower, source) VALUES ('야구글러브', '야구 장갑', '야구 장갑', 'rule');
INSERT INTO aliases (item_id, alias, alias_lower, source) VALUES ('야구글러브', '야구용 글러브', '야구용 글러브', 'rule');
INSERT INTO aliases (item_id, alias, alias_lower, source) VALUES ('야구글러브', '어린이 야구 글러브', '어린이 야구 글러브', 'rule');
INSERT INTO aliases (item_id, alias, alias_lower, source) VALUES ('야구글러브', '포수 글러브', '포수 글러브', 'rule');
INSERT OR REPLACE INTO items (id, name, category, note, steps, confidence, source_url, source_name, source_grade, feature, caution, last_verified, region_variation, official_classification) VALUES ('멜로디언', '멜로디언', 'furniture', '· 멜로디언 본체와 호스는 주로 ABS, PVC 재질입니다. 가정에서 배출하는 PVC, ABS 재질은 주로 소량으로 배출되어 재활용하기에 어려움이 있습니다. ※ 배출방법은 지역별로 차이가 있을 수 있으니, 해당 지방자치단체에서 정하는 방법이 있는 경우에는 해당 방법에 따라 배출하시기 바랍니다. 가까운 분리배출 장소를 확인해보세요. 현재 위치에 가까운 배출장', '["멜로디언은 종량제봉투로 배출합니다.", "종량제봉투에 담기 어려운 경우에는 대형폐기물로 배출합니다"]', 'high', 'https://www.xn--oy2b29bd3a601b.kr/front/dischargeMethod/dictionaryView.do?niIdx=481', '분리배출.kr (한국폐기물협회·환경부)', 'A', '· 멜로디언 본체와 호스는 주로 ABS, PVC 재질입니다. 가정에서 배출하는 PVC, ABS 재질은 주로 소량으로 배출되어 재활용하기에 어려움이 있습니다. ※ 배출방법은 지역별로 차이가 있을 수 있으니, 해당 지방자치단체에서 정하는 방법이 있는 경우에는 해당 방법에 따라 배출하시기 바랍니다. 가까운 분리배출 장소를 확인해보세요. 현재 위치에 가까운 배출장소가 없습니다. 근처의 다른 지역을...', '', '2026-05-18', 0, '["일반폐기물", "일반종량제폐기물", "대형폐기물"]');
INSERT INTO aliases (item_id, alias, alias_lower, source) VALUES ('멜로디언', '건반 하모니카', '건반 하모니카', 'rule');
INSERT INTO aliases (item_id, alias, alias_lower, source) VALUES ('멜로디언', '멜로디언 악기', '멜로디언 악기', 'rule');
INSERT INTO aliases (item_id, alias, alias_lower, source) VALUES ('멜로디언', '멜로디카', '멜로디카', 'rule');
INSERT INTO aliases (item_id, alias, alias_lower, source) VALUES ('멜로디언', '불어 건반', '불어 건반', 'rule');
INSERT INTO aliases (item_id, alias, alias_lower, source) VALUES ('멜로디언', '손풍금', '손풍금', 'rule');
INSERT INTO aliases (item_id, alias, alias_lower, source) VALUES ('멜로디언', '스즈키 멜로디언', '스즈키 멜로디언', 'rule');
INSERT INTO aliases (item_id, alias, alias_lower, source) VALUES ('멜로디언', '아기 멜로디언', '아기 멜로디언', 'rule');
INSERT INTO aliases (item_id, alias, alias_lower, source) VALUES ('멜로디언', '야마하 멜로디언', '야마하 멜로디언', 'rule');
INSERT INTO aliases (item_id, alias, alias_lower, source) VALUES ('멜로디언', '윈드 피아노', '윈드 피아노', 'rule');
INSERT INTO aliases (item_id, alias, alias_lower, source) VALUES ('멜로디언', '피아노 하모니카', '피아노 하모니카', 'rule');
INSERT INTO aliases (item_id, alias, alias_lower, source) VALUES ('멜로디언', '피아니카', '피아니카', 'rule');
INSERT INTO aliases (item_id, alias, alias_lower, source) VALUES ('멜로디언', '호너 멜로디언', '호너 멜로디언', 'rule');
INSERT OR REPLACE INTO items (id, name, category, note, steps, confidence, source_url, source_name, source_grade, feature, caution, last_verified, region_variation, official_classification) VALUES ('침낭', '침낭', 'furniture', '· 침낭은 천, 솜 등으로 구성되어져 있습니다. · 솜은 천연섬유, 합성섬유 등 다양한 소재가 있으며, 솜 제품은 사용시 오염이 많아 재사용이 어려워 의류수거함으로 배출하기 어려운 품목이며 일반쓰레기로 배출합니다. · 침낭의 크기가 커 종량제봉투로 배출하기 어려운 경우에는 대형폐기물로 배출합니다.', '["침낭은 종량제봉투로 배출합니다.", "크기가 커 종량제봉투로 배출하기 어려운 경우에는 대형폐기물로 배출합니다."]', 'high', 'https://www.xn--oy2b29bd3a601b.kr/front/dischargeMethod/dictionaryView.do?niIdx=482', '분리배출.kr (한국폐기물협회·환경부)', 'A', '· 침낭은 천, 솜 등으로 구성되어져 있습니다. · 솜은 천연섬유, 합성섬유 등 다양한 소재가 있으며, 솜 제품은 사용시 오염이 많아 재사용이 어려워 의류수거함으로 배출하기 어려운 품목이며 일반쓰레기로 배출합니다. · 침낭의 크기가 커 종량제봉투로 배출하기 어려운 경우에는 대형폐기물로 배출합니다.', '· 의류수거함에 배출 불가능', '2026-05-18', 0, '["일반폐기물", "일반종량제폐기물", "대형폐기물"]');
INSERT INTO aliases (item_id, alias, alias_lower, source) VALUES ('침낭', '간이침구', '간이침구', 'rule');
INSERT INTO aliases (item_id, alias, alias_lower, source) VALUES ('침낭', '구스다운 침낭', '구스다운 침낭', 'rule');
INSERT INTO aliases (item_id, alias, alias_lower, source) VALUES ('침낭', '덕다운 침낭', '덕다운 침낭', 'rule');
INSERT INTO aliases (item_id, alias, alias_lower, source) VALUES ('침낭', '동계침낭', '동계침낭', 'rule');
INSERT INTO aliases (item_id, alias, alias_lower, source) VALUES ('침낭', '수면주머니', '수면주머니', 'rule');
INSERT INTO aliases (item_id, alias, alias_lower, source) VALUES ('침낭', '슬리핑백', '슬리핑백', 'rule');
INSERT INTO aliases (item_id, alias, alias_lower, source) VALUES ('침낭', '야영침구', '야영침구', 'rule');
INSERT INTO aliases (item_id, alias, alias_lower, source) VALUES ('침낭', '잠주머니', '잠주머니', 'rule');
INSERT INTO aliases (item_id, alias, alias_lower, source) VALUES ('침낭', '침낭이', '침낭이', 'rule');
INSERT INTO aliases (item_id, alias, alias_lower, source) VALUES ('침낭', '캠핑이불', '캠핑이불', 'rule');
INSERT INTO aliases (item_id, alias, alias_lower, source) VALUES ('침낭', '하계침낭', '하계침낭', 'rule');
INSERT OR REPLACE INTO items (id, name, category, note, steps, confidence, source_url, source_name, source_grade, feature, caution, last_verified, region_variation, official_classification) VALUES ('통장', '통장', 'general', '· 통장은 종이재질로 재활용이 가능합니다. · 다만, 통장에는 이름, 계좌정보 등 개인 정보가 기재되어 있어 개인정보 보호를 위하여 찢은 후 종량제봉투로 배출하는 것이 좋습니다.', '["통장은 종이류로 배출하여야 하나, 개인정보 유출 등이 우려될 경우 종량제봉투로 배출합니다."]', 'high', 'https://www.xn--oy2b29bd3a601b.kr/front/dischargeMethod/dictionaryView.do?niIdx=483', '분리배출.kr (한국폐기물협회·환경부)', 'A', '· 통장은 종이재질로 재활용이 가능합니다. · 다만, 통장에는 이름, 계좌정보 등 개인 정보가 기재되어 있어 개인정보 보호를 위하여 찢은 후 종량제봉투로 배출하는 것이 좋습니다.', '· 통장은 종이로 재활용이 가능하나 개인정보보호를 위해 안전하게 종량제봉투로 배출', '2026-05-18', 0, '["일반폐기물", "일반종량제폐기물"]');
INSERT INTO aliases (item_id, alias, alias_lower, source) VALUES ('통장', '계좌통장', '계좌통장', 'rule');
INSERT INTO aliases (item_id, alias, alias_lower, source) VALUES ('통장', '돈장', '돈장', 'rule');
INSERT INTO aliases (item_id, alias, alias_lower, source) VALUES ('통장', '돈통장', '돈통장', 'rule');
INSERT INTO aliases (item_id, alias, alias_lower, source) VALUES ('통장', '뱅크북', '뱅크북', 'rule');
INSERT INTO aliases (item_id, alias, alias_lower, source) VALUES ('통장', '아기통장', '아기통장', 'rule');
INSERT INTO aliases (item_id, alias, alias_lower, source) VALUES ('통장', '예금통장', '예금통장', 'rule');
INSERT INTO aliases (item_id, alias, alias_lower, source) VALUES ('통장', '은행책', '은행책', 'rule');
INSERT INTO aliases (item_id, alias, alias_lower, source) VALUES ('통장', '입출금통장', '입출금통장', 'rule');
INSERT INTO aliases (item_id, alias, alias_lower, source) VALUES ('통장', '자유입출금통장', '자유입출금통장', 'rule');
INSERT INTO aliases (item_id, alias, alias_lower, source) VALUES ('통장', '저축통장', '저축통장', 'rule');
INSERT INTO aliases (item_id, alias, alias_lower, source) VALUES ('통장', '정기예금통장', '정기예금통장', 'rule');
INSERT INTO aliases (item_id, alias, alias_lower, source) VALUES ('통장', '패스북', '패스북', 'rule');
INSERT OR REPLACE INTO items (id, name, category, note, steps, confidence, source_url, source_name, source_grade, feature, caution, last_verified, region_variation, official_classification) VALUES ('핸드폰 케이스', '핸드폰 케이스', 'general', '· 핸드폰 케이스는 핸드폰을 보호하는 용도로 사용되며 주로 실리콘, 가죽, 플라스틱 등 다양한 재질이 혼합된 제품으로 재활용이 어려워 일반쓰레기로 배출합니다. ※ 배출방법은 지역별로 차이가 있을 수 있으니, 해당 지방자치단체에서 정하는 방법이 있는 경우에는 해당 방법에 따라 배출하시기 바랍니다. 가까운 분리배출 장소를 확인해보세요. 현재 위치에 가까운 배출', '["핸드폰 케이스는 종량제봉투로 배출합니다."]', 'high', 'https://www.xn--oy2b29bd3a601b.kr/front/dischargeMethod/dictionaryView.do?niIdx=484', '분리배출.kr (한국폐기물협회·환경부)', 'A', '· 핸드폰 케이스는 핸드폰을 보호하는 용도로 사용되며 주로 실리콘, 가죽, 플라스틱 등 다양한 재질이 혼합된 제품으로 재활용이 어려워 일반쓰레기로 배출합니다. ※ 배출방법은 지역별로 차이가 있을 수 있으니, 해당 지방자치단체에서 정하는 방법이 있는 경우에는 해당 방법에 따라 배출하시기 바랍니다. 가까운 분리배출 장소를 확인해보세요. 현재 위치에 가까운 배출장소가 없습니다. 근처의 다른 지역을...', '', '2026-05-18', 0, '["일반폐기물", "일반종량제폐기물"]');
INSERT INTO aliases (item_id, alias, alias_lower, source) VALUES ('핸드폰 케이스', 'mobile case', 'mobile case', 'rule');
INSERT INTO aliases (item_id, alias, alias_lower, source) VALUES ('핸드폰 케이스', 'phone case', 'phone case', 'rule');
INSERT INTO aliases (item_id, alias, alias_lower, source) VALUES ('핸드폰 케이스', '가죽케이스', '가죽케이스', 'rule');
INSERT INTO aliases (item_id, alias, alias_lower, source) VALUES ('핸드폰 케이스', '범퍼케이스', '범퍼케이스', 'rule');
INSERT INTO aliases (item_id, alias, alias_lower, source) VALUES ('핸드폰 케이스', '스마트폰 케이스', '스마트폰 케이스', 'rule');
INSERT INTO aliases (item_id, alias, alias_lower, source) VALUES ('핸드폰 케이스', '젤리케이스', '젤리케이스', 'rule');
INSERT INTO aliases (item_id, alias, alias_lower, source) VALUES ('핸드폰 케이스', '폰 커버', '폰 커버', 'rule');
INSERT INTO aliases (item_id, alias, alias_lower, source) VALUES ('핸드폰 케이스', '폰 케이스', '폰 케이스', 'rule');
INSERT INTO aliases (item_id, alias, alias_lower, source) VALUES ('핸드폰 케이스', '폰껍데기', '폰껍데기', 'rule');
INSERT INTO aliases (item_id, alias, alias_lower, source) VALUES ('핸드폰 케이스', '폰케', '폰케', 'rule');
INSERT INTO aliases (item_id, alias, alias_lower, source) VALUES ('핸드폰 케이스', '핸드폰케이스', '핸드폰케이스', 'rule');
INSERT INTO aliases (item_id, alias, alias_lower, source) VALUES ('핸드폰 케이스', '휴대폰 커버', '휴대폰 커버', 'rule');
INSERT INTO aliases (item_id, alias, alias_lower, source) VALUES ('핸드폰 케이스', '휴대폰 케이스', '휴대폰 케이스', 'rule');
INSERT OR REPLACE INTO items (id, name, category, note, steps, confidence, source_url, source_name, source_grade, feature, caution, last_verified, region_variation, official_classification) VALUES ('수세미', '수세미', 'general', '· 수세미는 그릇을 닦는데 사용하는 주방용품으로 아크릴, 부직포, 스펀지 등 복합재질 제품으로 재활용이 어려워 일반쓰레기로 배출합니다. ※ 배출방법은 지역별로 차이가 있을 수 있으니, 해당 지방자치단체에서 정하는 방법이 있는 경우에는 해당 방법에 따라 배출하시기 바랍니다. 가까운 분리배출 장소를 확인해보세요. 현재 위치에 가까운 배출장소가 없습니다. 근처의', '["수세미는 종량제봉투로 배출합니다."]', 'high', 'https://www.xn--oy2b29bd3a601b.kr/front/dischargeMethod/dictionaryView.do?niIdx=485', '분리배출.kr (한국폐기물협회·환경부)', 'A', '· 수세미는 그릇을 닦는데 사용하는 주방용품으로 아크릴, 부직포, 스펀지 등 복합재질 제품으로 재활용이 어려워 일반쓰레기로 배출합니다. ※ 배출방법은 지역별로 차이가 있을 수 있으니, 해당 지방자치단체에서 정하는 방법이 있는 경우에는 해당 방법에 따라 배출하시기 바랍니다. 가까운 분리배출 장소를 확인해보세요. 현재 위치에 가까운 배출장소가 없습니다. 근처의 다른 지역을 검색해보세요. 현 위치...', '', '2026-05-18', 0, '["일반폐기물", "일반종량제폐기물"]');
INSERT INTO aliases (item_id, alias, alias_lower, source) VALUES ('수세미', '가루세제', '가루세제', 'rule');
INSERT INTO aliases (item_id, alias, alias_lower, source) VALUES ('수세미', '락스', '락스', 'rule');
INSERT INTO aliases (item_id, alias, alias_lower, source) VALUES ('수세미', '욕실 세정제', '욕실 세정제', 'rule');
INSERT INTO aliases (item_id, alias, alias_lower, source) VALUES ('수세미', '청소 세제', '청소 세제', 'rule');
INSERT OR REPLACE INTO items (id, name, category, note, steps, confidence, source_url, source_name, source_grade, feature, caution, last_verified, region_variation, official_classification) VALUES ('헬멧', '헬멧', 'furniture', '· 헬멧은 철, 알루미늄, 스티로폼, 플라스틱 등 다양한 재질이 혼합된 복합재질 제품으로 재활용이 어렵습니다. ※ 배출방법은 지역별로 차이가 있을 수 있으니, 해당 지방자치단체에서 정하는 방법이 있는 경우에는 해당 방법에 따라 배출하시기 바랍니다. 가까운 분리배출 장소를 확인해보세요. 현재 위치에 가까운 배출장소가 없습니다. 근처의 다른 지역을 검색해보세요', '["헬멧은 종량제봉투로 배출합니다.", "크기가 커 종량제봉투로 배출하기 어려운 경우에는 대형폐기물로 배출합니다."]', 'high', 'https://www.xn--oy2b29bd3a601b.kr/front/dischargeMethod/dictionaryView.do?niIdx=486', '분리배출.kr (한국폐기물협회·환경부)', 'A', '· 헬멧은 철, 알루미늄, 스티로폼, 플라스틱 등 다양한 재질이 혼합된 복합재질 제품으로 재활용이 어렵습니다. ※ 배출방법은 지역별로 차이가 있을 수 있으니, 해당 지방자치단체에서 정하는 방법이 있는 경우에는 해당 방법에 따라 배출하시기 바랍니다. 가까운 분리배출 장소를 확인해보세요. 현재 위치에 가까운 배출장소가 없습니다. 근처의 다른 지역을 검색해보세요. 현 위치 배출장소 전체보기 현 지...', '', '2026-05-18', 0, '["일반폐기물", "일반종량제폐기물", "대형폐기물"]');
INSERT INTO aliases (item_id, alias, alias_lower, source) VALUES ('헬멧', 'helmet', 'helmet', 'rule');
INSERT INTO aliases (item_id, alias, alias_lower, source) VALUES ('헬멧', '라이딩 헬멧', '라이딩 헬멧', 'rule');
INSERT INTO aliases (item_id, alias, alias_lower, source) VALUES ('헬멧', '머리 뚜껑', '머리 뚜껑', 'rule');
INSERT INTO aliases (item_id, alias, alias_lower, source) VALUES ('헬멧', '머리 보호대', '머리 보호대', 'rule');
INSERT INTO aliases (item_id, alias, alias_lower, source) VALUES ('헬멧', '밀짚모자', '밀짚모자', 'rule');
INSERT INTO aliases (item_id, alias, alias_lower, source) VALUES ('헬멧', '보호모', '보호모', 'rule');
INSERT INTO aliases (item_id, alias, alias_lower, source) VALUES ('헬멧', '산업 안전모', '산업 안전모', 'rule');
INSERT INTO aliases (item_id, alias, alias_lower, source) VALUES ('헬멧', '세이프티 헬멧', '세이프티 헬멧', 'rule');
INSERT INTO aliases (item_id, alias, alias_lower, source) VALUES ('헬멧', '스키 헬멧', '스키 헬멧', 'rule');
INSERT INTO aliases (item_id, alias, alias_lower, source) VALUES ('헬멧', '안전모', '안전모', 'rule');
INSERT INTO aliases (item_id, alias, alias_lower, source) VALUES ('헬멧', '오토바이 헬멧', '오토바이 헬멧', 'rule');
INSERT INTO aliases (item_id, alias, alias_lower, source) VALUES ('헬멧', '자전거 헬멧', '자전거 헬멧', 'rule');
INSERT INTO aliases (item_id, alias, alias_lower, source) VALUES ('헬멧', '투구', '투구', 'rule');
INSERT OR REPLACE INTO items (id, name, category, note, steps, confidence, source_url, source_name, source_grade, feature, caution, last_verified, region_variation, official_classification) VALUES ('안경집', '안경집', 'general', '· 안경집은 플라스틱, 섬유, 가죽 등 다양한 재질이 혼합된 복합재질 제품으로 재활용이 어려워 일반쓰레기로 배출합니다. ※ 배출방법은 지역별로 차이가 있을 수 있으니, 해당 지방자치단체에서 정하는 방법이 있는 경우에는 해당 방법에 따라 배출하시기 바랍니다. 가까운 분리배출 장소를 확인해보세요. 현재 위치에 가까운 배출장소가 없습니다. 근처의 다른 지역을 검', '["안경집은 종량제봉투로 배출합니다."]', 'high', 'https://www.xn--oy2b29bd3a601b.kr/front/dischargeMethod/dictionaryView.do?niIdx=487', '분리배출.kr (한국폐기물협회·환경부)', 'A', '· 안경집은 플라스틱, 섬유, 가죽 등 다양한 재질이 혼합된 복합재질 제품으로 재활용이 어려워 일반쓰레기로 배출합니다. ※ 배출방법은 지역별로 차이가 있을 수 있으니, 해당 지방자치단체에서 정하는 방법이 있는 경우에는 해당 방법에 따라 배출하시기 바랍니다. 가까운 분리배출 장소를 확인해보세요. 현재 위치에 가까운 배출장소가 없습니다. 근처의 다른 지역을 검색해보세요. 현 위치 배출장소 전체보...', '', '2026-05-18', 0, '["일반폐기물", "일반종량제폐기물"]');
INSERT INTO aliases (item_id, alias, alias_lower, source) VALUES ('안경집', '글라스 케이스', '글라스 케이스', 'rule');
INSERT INTO aliases (item_id, alias, alias_lower, source) VALUES ('안경집', '선글라스 케이스', '선글라스 케이스', 'rule');
INSERT INTO aliases (item_id, alias, alias_lower, source) VALUES ('안경집', '선글라스집', '선글라스집', 'rule');
INSERT INTO aliases (item_id, alias, alias_lower, source) VALUES ('안경집', '소프트케이스', '소프트케이스', 'rule');
INSERT INTO aliases (item_id, alias, alias_lower, source) VALUES ('안경집', '아이웨어 케이스', '아이웨어 케이스', 'rule');
INSERT INTO aliases (item_id, alias, alias_lower, source) VALUES ('안경집', '안경 보관통', '안경 보관통', 'rule');
INSERT INTO aliases (item_id, alias, alias_lower, source) VALUES ('안경집', '안경 보관함', '안경 보관함', 'rule');
INSERT INTO aliases (item_id, alias, alias_lower, source) VALUES ('안경집', '안경 지갑', '안경 지갑', 'rule');
INSERT INTO aliases (item_id, alias, alias_lower, source) VALUES ('안경집', '안경 케이스', '안경 케이스', 'rule');
INSERT INTO aliases (item_id, alias, alias_lower, source) VALUES ('안경집', '안경 파우치', '안경 파우치', 'rule');
INSERT INTO aliases (item_id, alias, alias_lower, source) VALUES ('안경집', '안경통', '안경통', 'rule');
INSERT INTO aliases (item_id, alias, alias_lower, source) VALUES ('안경집', '하드케이스', '하드케이스', 'rule');
INSERT OR REPLACE INTO items (id, name, category, note, steps, confidence, source_url, source_name, source_grade, feature, caution, last_verified, region_variation, official_classification) VALUES ('인형', '인형', 'furniture', '· 인형은 천, 솜 등으로 구성되어져 있습니다. · 솜은 천연섬유, 합성섬유 등 다양한 소재가 있으며, 솜 제품은 사용시 오염이 많아 재사용이 어려워 의류수거함으로 배출하기 어려운 품목이며 일반쓰레기로 배출합니다. · 인형의 크기가 커 종량제봉투로 배출하기 어려운 경우에는 대형폐기물로 배출합니다.', '["인형은 종량제봉투로 배출합니다.", "크기가 커 종량제봉투로 배출하기 어려운 경우에는 대형폐기물로 배출합니다."]', 'high', 'https://www.xn--oy2b29bd3a601b.kr/front/dischargeMethod/dictionaryView.do?niIdx=488', '분리배출.kr (한국폐기물협회·환경부)', 'A', '· 인형은 천, 솜 등으로 구성되어져 있습니다. · 솜은 천연섬유, 합성섬유 등 다양한 소재가 있으며, 솜 제품은 사용시 오염이 많아 재사용이 어려워 의류수거함으로 배출하기 어려운 품목이며 일반쓰레기로 배출합니다. · 인형의 크기가 커 종량제봉투로 배출하기 어려운 경우에는 대형폐기물로 배출합니다.', '· 의류수거함에 배출 불가능', '2026-05-18', 0, '["일반폐기물", "일반종량제폐기물", "대형폐기물"]');
INSERT INTO aliases (item_id, alias, alias_lower, source) VALUES ('인형', '곰돌이', '곰돌이', 'rule');
INSERT INTO aliases (item_id, alias, alias_lower, source) VALUES ('인형', '바비 인형', '바비 인형', 'rule');
INSERT INTO aliases (item_id, alias, alias_lower, source) VALUES ('인형', '스터프드 애니멀', '스터프드 애니멀', 'rule');
INSERT INTO aliases (item_id, alias, alias_lower, source) VALUES ('인형', '아가 인형', '아가 인형', 'rule');
INSERT INTO aliases (item_id, alias, alias_lower, source) VALUES ('인형', '애착인형', '애착인형', 'rule');
INSERT INTO aliases (item_id, alias, alias_lower, source) VALUES ('인형', '인형이', '인형이', 'rule');
INSERT INTO aliases (item_id, alias, alias_lower, source) VALUES ('인형', '장난감 인형', '장난감 인형', 'rule');
INSERT INTO aliases (item_id, alias, alias_lower, source) VALUES ('인형', '캐릭터 인형', '캐릭터 인형', 'rule');
INSERT OR REPLACE INTO items (id, name, category, note, steps, confidence, source_url, source_name, source_grade, feature, caution, last_verified, region_variation, official_classification) VALUES ('채칼', '채칼', 'general', '· 가위, 칼, 채칼 등과 같은 날카로운 제품은 금속재질이더라도 배출자, 수거원 등이 다칠 우려가 있으므로 주의하여 종량제봉투로 배출해야 합니다. · 종량제봉투로 배출한 제품은 소각시설로 반입되어 소각처리되며, 이때 반입된 금속성분은 금속분리기에 의해 분리 및 선별되어 고철로 재활용합니다.', '["채칼는 신문지, 테이프 등을 활용하여 충분히 감싼 후 종량제봉투로 배출합니다."]', 'high', 'https://www.xn--oy2b29bd3a601b.kr/front/dischargeMethod/dictionaryView.do?niIdx=489', '분리배출.kr (한국폐기물협회·환경부)', 'A', '· 가위, 칼, 채칼 등과 같은 날카로운 제품은 금속재질이더라도 배출자, 수거원 등이 다칠 우려가 있으므로 주의하여 종량제봉투로 배출해야 합니다. · 종량제봉투로 배출한 제품은 소각시설로 반입되어 소각처리되며, 이때 반입된 금속성분은 금속분리기에 의해 분리 및 선별되어 고철로 재활용합니다.', '· 채칼과 같은 날카롭고 위험한 폐기물을 배출할 때에는 날카로운 부분이 외부로 노출되어 사람이 찔리거나 베이지 않도록 용기에 담거나 신문지, 테이프 등을 활용하여 충분히 감싼 후 배출', '2026-05-18', 0, '["일반폐기물", "일반종량제폐기물"]');
INSERT INTO aliases (item_id, alias, alias_lower, source) VALUES ('채칼', '다용도 채칼', '다용도 채칼', 'rule');
INSERT INTO aliases (item_id, alias, alias_lower, source) VALUES ('채칼', '만돌린', '만돌린', 'rule');
INSERT INTO aliases (item_id, alias, alias_lower, source) VALUES ('채칼', '베지 슬라이서', '베지 슬라이서', 'rule');
INSERT INTO aliases (item_id, alias, alias_lower, source) VALUES ('채칼', '야채 슬라이서', '야채 슬라이서', 'rule');
INSERT INTO aliases (item_id, alias, alias_lower, source) VALUES ('채칼', '위생도마', '위생도마', 'rule');
INSERT INTO aliases (item_id, alias, alias_lower, source) VALUES ('채칼', '주방 슬라이서', '주방 슬라이서', 'rule');
INSERT INTO aliases (item_id, alias, alias_lower, source) VALUES ('채칼', '채 썰기 도구', '채 썰기 도구', 'rule');
INSERT INTO aliases (item_id, alias, alias_lower, source) VALUES ('채칼', '채칼이', '채칼이', 'rule');
INSERT INTO aliases (item_id, alias, alias_lower, source) VALUES ('채칼', '칼날 채칼', '칼날 채칼', 'rule');
INSERT INTO aliases (item_id, alias, alias_lower, source) VALUES ('채칼', '트라이앵글 채칼', '트라이앵글 채칼', 'rule');
INSERT INTO aliases (item_id, alias, alias_lower, source) VALUES ('채칼', '핸드 슬라이서', '핸드 슬라이서', 'rule');
INSERT OR REPLACE INTO items (id, name, category, note, steps, confidence, source_url, source_name, source_grade, feature, caution, last_verified, region_variation, official_classification) VALUES ('크레파스', '크레파스', 'general', '· 크레파스는 그림을 그릴때 사용하는 그리기 도구 중 하나로 안료와 왁스, 오일을 등이 혼합된 복합재질 제품으로 재활용이 어렵습니다. ※ 배출방법은 지역별로 차이가 있을 수 있으니, 해당 지방자치단체에서 정하는 방법이 있는 경우에는 해당 방법에 따라 배출하시기 바랍니다. 가까운 분리배출 장소를 확인해보세요. 현재 위치에 가까운 배출장소가 없습니다. 근처의', '["크레파스는 종량제봉투로 배출합니다."]', 'high', 'https://www.xn--oy2b29bd3a601b.kr/front/dischargeMethod/dictionaryView.do?niIdx=490', '분리배출.kr (한국폐기물협회·환경부)', 'A', '· 크레파스는 그림을 그릴때 사용하는 그리기 도구 중 하나로 안료와 왁스, 오일을 등이 혼합된 복합재질 제품으로 재활용이 어렵습니다. ※ 배출방법은 지역별로 차이가 있을 수 있으니, 해당 지방자치단체에서 정하는 방법이 있는 경우에는 해당 방법에 따라 배출하시기 바랍니다. 가까운 분리배출 장소를 확인해보세요. 현재 위치에 가까운 배출장소가 없습니다. 근처의 다른 지역을 검색해보세요. 현 위치...', '', '2026-05-18', 0, '["일반폐기물", "일반종량제폐기물"]');
INSERT INTO aliases (item_id, alias, alias_lower, source) VALUES ('크레파스', 'Crayon', 'crayon', 'rule');
INSERT INTO aliases (item_id, alias, alias_lower, source) VALUES ('크레파스', '그림그리는거', '그림그리는거', 'rule');
INSERT INTO aliases (item_id, alias, alias_lower, source) VALUES ('크레파스', '그림도구', '그림도구', 'rule');
INSERT INTO aliases (item_id, alias, alias_lower, source) VALUES ('크레파스', '끼적이기', '끼적이기', 'rule');
INSERT INTO aliases (item_id, alias, alias_lower, source) VALUES ('크레파스', '마커펜', '마커펜', 'rule');
INSERT INTO aliases (item_id, alias, alias_lower, source) VALUES ('크레파스', '만년필', '만년필', 'rule');
INSERT INTO aliases (item_id, alias, alias_lower, source) VALUES ('크레파스', '모나미크레파스', '모나미크레파스', 'rule');
INSERT INTO aliases (item_id, alias, alias_lower, source) VALUES ('크레파스', '문교크레파스', '문교크레파스', 'rule');
INSERT INTO aliases (item_id, alias, alias_lower, source) VALUES ('크레파스', '볼펜', '볼펜', 'rule');
INSERT INTO aliases (item_id, alias, alias_lower, source) VALUES ('크레파스', '색연필', '색연필', 'rule');
INSERT INTO aliases (item_id, alias, alias_lower, source) VALUES ('크레파스', '색칠놀이', '색칠놀이', 'rule');
INSERT INTO aliases (item_id, alias, alias_lower, source) VALUES ('크레파스', '색칠도구', '색칠도구', 'rule');
INSERT INTO aliases (item_id, alias, alias_lower, source) VALUES ('크레파스', '색칠하는거', '색칠하는거', 'rule');
INSERT INTO aliases (item_id, alias, alias_lower, source) VALUES ('크레파스', '수채화 물감', '수채화 물감', 'rule');
INSERT INTO aliases (item_id, alias, alias_lower, source) VALUES ('크레파스', '오일파스텔', '오일파스텔', 'rule');
INSERT INTO aliases (item_id, alias, alias_lower, source) VALUES ('크레파스', '캔버스', '캔버스', 'rule');
INSERT INTO aliases (item_id, alias, alias_lower, source) VALUES ('크레파스', '파스텔', '파스텔', 'rule');
INSERT OR REPLACE INTO items (id, name, category, note, steps, confidence, source_url, source_name, source_grade, feature, caution, last_verified, region_variation, official_classification) VALUES ('수영복', '수영복', 'general', '· 수영복은 폴리우레탄, 폴리에스터, 나일론 등 여러 재질이 혼합되어 재활용이 어렵습니다. ※ 배출방법은 지역별로 차이가 있을 수 있으니, 해당 지방자치단체에서 정하는 방법이 있는 경우에는 해당 방법에 따라 배출하시기 바랍니다. 가까운 분리배출 장소를 확인해보세요. 현재 위치에 가까운 배출장소가 없습니다. 근처의 다른 지역을 검색해보세요. 현 위치 배출장소', '["수영복은 종량제봉투로 배출합니다."]', 'high', 'https://www.xn--oy2b29bd3a601b.kr/front/dischargeMethod/dictionaryView.do?niIdx=491', '분리배출.kr (한국폐기물협회·환경부)', 'A', '· 수영복은 폴리우레탄, 폴리에스터, 나일론 등 여러 재질이 혼합되어 재활용이 어렵습니다. ※ 배출방법은 지역별로 차이가 있을 수 있으니, 해당 지방자치단체에서 정하는 방법이 있는 경우에는 해당 방법에 따라 배출하시기 바랍니다. 가까운 분리배출 장소를 확인해보세요. 현재 위치에 가까운 배출장소가 없습니다. 근처의 다른 지역을 검색해보세요. 현 위치 배출장소 전체보기 현 지도에서 검색 장소 더...', '', '2026-05-18', 0, '["일반폐기물", "일반종량제폐기물"]');
INSERT INTO aliases (item_id, alias, alias_lower, source) VALUES ('수영복', '래시가드', '래시가드', 'rule');
INSERT INTO aliases (item_id, alias, alias_lower, source) VALUES ('수영복', '물놀이복', '물놀이복', 'rule');
INSERT INTO aliases (item_id, alias, alias_lower, source) VALUES ('수영복', '물놀이옷', '물놀이옷', 'rule');
INSERT INTO aliases (item_id, alias, alias_lower, source) VALUES ('수영복', '물옷', '물옷', 'rule');
INSERT INTO aliases (item_id, alias, alias_lower, source) VALUES ('수영복', '수영옷', '수영옷', 'rule');
INSERT INTO aliases (item_id, alias, alias_lower, source) VALUES ('수영복', '스윔수트', '스윔수트', 'rule');
INSERT INTO aliases (item_id, alias, alias_lower, source) VALUES ('수영복', '스윔웨어', '스윔웨어', 'rule');
INSERT INTO aliases (item_id, alias, alias_lower, source) VALUES ('수영복', '원피스 수영복', '원피스 수영복', 'rule');
INSERT INTO aliases (item_id, alias, alias_lower, source) VALUES ('수영복', '투피스 수영복', '투피스 수영복', 'rule');
INSERT INTO aliases (item_id, alias, alias_lower, source) VALUES ('수영복', '해수욕복', '해수욕복', 'rule');
INSERT OR REPLACE INTO items (id, name, category, note, steps, confidence, source_url, source_name, source_grade, feature, caution, last_verified, region_variation, official_classification) VALUES ('화장지', '화장지', 'general', '· 키친타월, 핸드타월 등 사용한 화장지는 이물질이 묻어있어 재활용이 어려워 일반쓰레기로 배출합니다. ※ 배출방법은 지역별로 차이가 있을 수 있으니, 해당 지방자치단체에서 정하는 방법이 있는 경우에는 해당 방법에 따라 배출하시기 바랍니다. 가까운 분리배출 장소를 확인해보세요. 현재 위치에 가까운 배출장소가 없습니다. 근처의 다른 지역을 검색해보세요. 현 위', '["화장지는 종량제봉투로 배출합니다."]', 'high', 'https://www.xn--oy2b29bd3a601b.kr/front/dischargeMethod/dictionaryView.do?niIdx=492', '분리배출.kr (한국폐기물협회·환경부)', 'A', '· 키친타월, 핸드타월 등 사용한 화장지는 이물질이 묻어있어 재활용이 어려워 일반쓰레기로 배출합니다. ※ 배출방법은 지역별로 차이가 있을 수 있으니, 해당 지방자치단체에서 정하는 방법이 있는 경우에는 해당 방법에 따라 배출하시기 바랍니다. 가까운 분리배출 장소를 확인해보세요. 현재 위치에 가까운 배출장소가 없습니다. 근처의 다른 지역을 검색해보세요. 현 위치 배출장소 전체보기 현 지도에서 검...', '', '2026-05-18', 0, '["일반폐기물", "일반종량제폐기물"]');
INSERT INTO aliases (item_id, alias, alias_lower, source) VALUES ('화장지', '각티슈', '각티슈', 'rule');
INSERT INTO aliases (item_id, alias, alias_lower, source) VALUES ('화장지', '각휴지', '각휴지', 'rule');
INSERT INTO aliases (item_id, alias, alias_lower, source) VALUES ('화장지', '껌종이', '껌종이', 'rule');
INSERT INTO aliases (item_id, alias, alias_lower, source) VALUES ('화장지', '롤티슈', '롤티슈', 'rule');
INSERT INTO aliases (item_id, alias, alias_lower, source) VALUES ('화장지', '미용티슈', '미용티슈', 'rule');
INSERT INTO aliases (item_id, alias, alias_lower, source) VALUES ('화장지', '응가 휴지', '응가 휴지', 'rule');
INSERT INTO aliases (item_id, alias, alias_lower, source) VALUES ('화장지', '잘풀리는집', '잘풀리는집', 'rule');
INSERT INTO aliases (item_id, alias, alias_lower, source) VALUES ('화장지', '크리넥스', '크리넥스', 'rule');
INSERT INTO aliases (item_id, alias, alias_lower, source) VALUES ('화장지', '토일렛 페이퍼', '토일렛 페이퍼', 'rule');
INSERT INTO aliases (item_id, alias, alias_lower, source) VALUES ('화장지', '티슈', '티슈', 'rule');
INSERT INTO aliases (item_id, alias, alias_lower, source) VALUES ('화장지', '파쇄지', '파쇄지', 'rule');
INSERT INTO aliases (item_id, alias, alias_lower, source) VALUES ('화장지', '화장실 휴지', '화장실 휴지', 'rule');
INSERT OR REPLACE INTO items (id, name, category, note, steps, confidence, source_url, source_name, source_grade, feature, caution, last_verified, region_variation, official_classification) VALUES ('보자기', '보자기', 'general', '· 보자기는 실크, 린넨 등의 재질로 물건을 포장하는데 사용하며, 가정에서 주로 소량으로 발생되어 일반쓰레기로 배출합니다.', '["보자기는 종량제봉투로 배출합니다."]', 'high', 'https://www.xn--oy2b29bd3a601b.kr/front/dischargeMethod/dictionaryView.do?niIdx=493', '분리배출.kr (한국폐기물협회·환경부)', 'A', '· 보자기는 실크, 린넨 등의 재질로 물건을 포장하는데 사용하며, 가정에서 주로 소량으로 발생되어 일반쓰레기로 배출합니다.', '· 의류수거함에 배출 불가능', '2026-05-18', 0, '["일반폐기물", "일반종량제폐기물"]');
INSERT INTO aliases (item_id, alias, alias_lower, source) VALUES ('보자기', 'fabric', 'fabric', 'rule');
INSERT INTO aliases (item_id, alias, alias_lower, source) VALUES ('보자기', 'wrapper', 'wrapper', 'rule');
INSERT INTO aliases (item_id, alias, alias_lower, source) VALUES ('보자기', '덮개천', '덮개천', 'rule');
INSERT INTO aliases (item_id, alias, alias_lower, source) VALUES ('보자기', '보자기 천', '보자기 천', 'rule');
INSERT INTO aliases (item_id, alias, alias_lower, source) VALUES ('보자기', '보재기', '보재기', 'rule');
INSERT INTO aliases (item_id, alias, alias_lower, source) VALUES ('보자기', '보지기', '보지기', 'rule');
INSERT INTO aliases (item_id, alias, alias_lower, source) VALUES ('보자기', '싸개', '싸개', 'rule');
INSERT INTO aliases (item_id, alias, alias_lower, source) VALUES ('보자기', '싸는 천', '싸는 천', 'rule');
INSERT INTO aliases (item_id, alias, alias_lower, source) VALUES ('보자기', '알루미늄 호일', '알루미늄 호일', 'rule');
INSERT INTO aliases (item_id, alias, alias_lower, source) VALUES ('보자기', '천 조각', '천 조각', 'rule');
INSERT INTO aliases (item_id, alias, alias_lower, source) VALUES ('보자기', '포장천', '포장천', 'rule');
INSERT INTO aliases (item_id, alias, alias_lower, source) VALUES ('보자기', '헝겊', '헝겊', 'rule');
INSERT OR REPLACE INTO items (id, name, category, note, steps, confidence, source_url, source_name, source_grade, feature, caution, last_verified, region_variation, official_classification) VALUES ('눈썹칼', '눈썹칼', 'general', '· 눈썹칼은 플라스틱과 금속재질이 혼합된 복합재질 제품으로재질별 분리가 어려우므로 일반쓰레기로 배출합니다. · 가위, 칼과 같은 날카로운 제품은 금속재질이더라도 배출자, 수거원 등이 다칠 우려가 있으므로 주의하여 종량제봉투로 배출해야 합니다. · 종량제봉투로 배출한 제품은 소각시설로 반입되어 소각처리되며, 이때 반입된 금속성분은 금속분리기에 의해 분리 및', '["눈썹칼은 신문지, 테이프 등을 활용하여 충분히 감싼 후 종량제봉투로 배출합니다."]', 'high', 'https://www.xn--oy2b29bd3a601b.kr/front/dischargeMethod/dictionaryView.do?niIdx=494', '분리배출.kr (한국폐기물협회·환경부)', 'A', '· 눈썹칼은 플라스틱과 금속재질이 혼합된 복합재질 제품으로재질별 분리가 어려우므로 일반쓰레기로 배출합니다. · 가위, 칼과 같은 날카로운 제품은 금속재질이더라도 배출자, 수거원 등이 다칠 우려가 있으므로 주의하여 종량제봉투로 배출해야 합니다. · 종량제봉투로 배출한 제품은 소각시설로 반입되어 소각처리되며, 이때 반입된 금속성분은 금속분리기에 의해 분리 및 선별되어 고철로 재활용합니다.', '· 칼과 같은 날카롭고 위험한 폐기물을 배출할 때에는 날카로운 부분이 외부로 노출되어 사람이 찔리거나 베이지 않도록 용기에 담거나 신문지, 테이프 등을 활용하여 충분히 감싼 후 배출', '2026-05-18', 0, '["일반폐기물", "일반종량제폐기물"]');
INSERT INTO aliases (item_id, alias, alias_lower, source) VALUES ('눈썹칼', '눈썹 다듬는 칼', '눈썹 다듬는 칼', 'rule');
INSERT INTO aliases (item_id, alias, alias_lower, source) VALUES ('눈썹칼', '눈썹 레이저', '눈썹 레이저', 'rule');
INSERT INTO aliases (item_id, alias, alias_lower, source) VALUES ('눈썹칼', '눈썹 면도칼', '눈썹 면도칼', 'rule');
INSERT INTO aliases (item_id, alias, alias_lower, source) VALUES ('눈썹칼', '눈썹 미는 칼', '눈썹 미는 칼', 'rule');
INSERT INTO aliases (item_id, alias, alias_lower, source) VALUES ('눈썹칼', '눈썹 쉐이버', '눈썹 쉐이버', 'rule');
INSERT INTO aliases (item_id, alias, alias_lower, source) VALUES ('눈썹칼', '눈썹 싹둑이', '눈썹 싹둑이', 'rule');
INSERT INTO aliases (item_id, alias, alias_lower, source) VALUES ('눈썹칼', '눈썹 정리칼', '눈썹 정리칼', 'rule');
INSERT INTO aliases (item_id, alias, alias_lower, source) VALUES ('눈썹칼', '눈썹 정리하는 도구', '눈썹 정리하는 도구', 'rule');
INSERT INTO aliases (item_id, alias, alias_lower, source) VALUES ('눈썹칼', '미용 눈썹칼', '미용 눈썹칼', 'rule');
INSERT INTO aliases (item_id, alias, alias_lower, source) VALUES ('눈썹칼', '아이브로우 쉐이버', '아이브로우 쉐이버', 'rule');
INSERT INTO aliases (item_id, alias, alias_lower, source) VALUES ('눈썹칼', '아이브로우 칼', '아이브로우 칼', 'rule');
INSERT INTO aliases (item_id, alias, alias_lower, source) VALUES ('눈썹칼', '휴대용 눈썹칼', '휴대용 눈썹칼', 'rule');
INSERT OR REPLACE INTO items (id, name, category, note, steps, confidence, source_url, source_name, source_grade, feature, caution, last_verified, region_variation, official_classification) VALUES ('레진', '레진', 'general', '· 레진아트 재료인 레진(2액형 레진, UV레진 등)은 폴리우레탄 수지로 재활용이 어렵습니다. · 액체 레진은 고체로 굳히거나, 내용물을 휴지 등으로 흡수시킨 후 종량제봉투로 배출합니다.', '["레진은 종량제봉투로 배출합니다."]', 'high', 'https://www.xn--oy2b29bd3a601b.kr/front/dischargeMethod/dictionaryView.do?niIdx=495', '분리배출.kr (한국폐기물협회·환경부)', 'A', '· 레진아트 재료인 레진(2액형 레진, UV레진 등)은 폴리우레탄 수지로 재활용이 어렵습니다. · 액체 레진은 고체로 굳히거나, 내용물을 휴지 등으로 흡수시킨 후 종량제봉투로 배출합니다.', '· 내용물을 하수구로 배출 불가', '2026-05-18', 0, '["일반폐기물", "일반종량제폐기물"]');
INSERT INTO aliases (item_id, alias, alias_lower, source) VALUES ('레진', 'Epoxy', 'epoxy', 'rule');
INSERT INTO aliases (item_id, alias, alias_lower, source) VALUES ('레진', 'UV레진', 'uv레진', 'rule');
INSERT INTO aliases (item_id, alias, alias_lower, source) VALUES ('레진', 'resin', 'resin', 'rule');
INSERT INTO aliases (item_id, alias, alias_lower, source) VALUES ('레진', '경화성 수지', '경화성 수지', 'rule');
INSERT INTO aliases (item_id, alias, alias_lower, source) VALUES ('레진', '공예용 레진', '공예용 레진', 'rule');
INSERT INTO aliases (item_id, alias, alias_lower, source) VALUES ('레진', '레진아트 재료', '레진아트 재료', 'rule');
INSERT INTO aliases (item_id, alias, alias_lower, source) VALUES ('레진', '레진액', '레진액', 'rule');
INSERT INTO aliases (item_id, alias, alias_lower, source) VALUES ('레진', '수지', '수지', 'rule');
INSERT INTO aliases (item_id, alias, alias_lower, source) VALUES ('레진', '액체플라스틱', '액체플라스틱', 'rule');
INSERT INTO aliases (item_id, alias, alias_lower, source) VALUES ('레진', '에폭시', '에폭시', 'rule');
INSERT INTO aliases (item_id, alias, alias_lower, source) VALUES ('레진', '주조용 수지', '주조용 수지', 'rule');
INSERT INTO aliases (item_id, alias, alias_lower, source) VALUES ('레진', '합성수지', '합성수지', 'rule');
INSERT OR REPLACE INTO items (id, name, category, note, steps, confidence, source_url, source_name, source_grade, feature, caution, last_verified, region_variation, official_classification) VALUES ('유리창', '유리창', 'general', '· 유리창과 같은 유리제품은 재활용이 어렵습니다. · 재활용이 어렵고 불에 타지 않는 불연성폐기물은 수거 후 매립장으로 운반되어 매립하고 있습니다. · 인테리어 공사 등에서 발생한 폐기물은 공사장생활폐기물에 해당되며, 폐기물 특성에 따라 종량제봉투, 불연성 마대, 재활용품 또는 대형폐기물로 배출하여야 합니다. 공사장생활폐기물을 다량으로 배출할 시 지자체에', '["유리창은 불연성종량제봉투(마대)로 배출합니다.", "크기가 크거나 무게가 무거운 제품은 대형폐기물로 배출합니다.", "다량으로 배출할 때에는 지자체에 문의하여 공사장생활폐기물 전문 처리업체에 위탁하여 처리합니다."]', 'high', 'https://www.xn--oy2b29bd3a601b.kr/front/dischargeMethod/dictionaryView.do?niIdx=496', '분리배출.kr (한국폐기물협회·환경부)', 'A', '· 유리창과 같은 유리제품은 재활용이 어렵습니다. · 재활용이 어렵고 불에 타지 않는 불연성폐기물은 수거 후 매립장으로 운반되어 매립하고 있습니다. · 인테리어 공사 등에서 발생한 폐기물은 공사장생활폐기물에 해당되며, 폐기물 특성에 따라 종량제봉투, 불연성 마대, 재활용품 또는 대형폐기물로 배출하여야 합니다. 공사장생활폐기물을 다량으로 배출할 시 지자체에 문의하여 공사장생활폐기물 전문 수거업...', '· 유리 제품은 배출, 운반과정에서 깨질 우려가 있으므로 가능한 주의하여 배출 · 깨진 유리는 날카로워 외부로 누출될 시 사람이 다칠 우려가 있으므로 베이지 않도록 신문지, 테이프 등을 활용하여 충분히 감싼 후 배출 · 리모델링, 인테리어 공사 등 일련의 공사 또는 작...', '2026-05-18', 0, '["일반폐기물", "불연성종량제폐기물", "대형폐기물", "공사장 생활폐기물"]');
INSERT INTO aliases (item_id, alias, alias_lower, source) VALUES ('유리창', '글라스', '글라스', 'rule');
INSERT INTO aliases (item_id, alias, alias_lower, source) VALUES ('유리창', '복층유리', '복층유리', 'rule');
INSERT INTO aliases (item_id, alias, alias_lower, source) VALUES ('유리창', '윈도우', '윈도우', 'rule');
INSERT INTO aliases (item_id, alias, alias_lower, source) VALUES ('유리창', '윈도우 글라스', '윈도우 글라스', 'rule');
INSERT INTO aliases (item_id, alias, alias_lower, source) VALUES ('유리창', '유리', '유리', 'rule');
INSERT INTO aliases (item_id, alias, alias_lower, source) VALUES ('유리창', '유리판', '유리판', 'rule');
INSERT INTO aliases (item_id, alias, alias_lower, source) VALUES ('유리창', '창문', '창문', 'rule');
INSERT INTO aliases (item_id, alias, alias_lower, source) VALUES ('유리창', '창문 유리', '창문 유리', 'rule');
INSERT INTO aliases (item_id, alias, alias_lower, source) VALUES ('유리창', '창문짝', '창문짝', 'rule');
INSERT INTO aliases (item_id, alias, alias_lower, source) VALUES ('유리창', '창유리', '창유리', 'rule');
INSERT INTO aliases (item_id, alias, alias_lower, source) VALUES ('유리창', '페어유리', '페어유리', 'rule');
INSERT OR REPLACE INTO items (id, name, category, note, steps, confidence, source_url, source_name, source_grade, feature, caution, last_verified, region_variation, official_classification) VALUES ('계량컵의 재질', '계량컵의 재질', 'can', '· 계량컵은 조리시 식재료의 계량을 위해 사용하는 제품으로 내열유리, 금속, 플라스틱 등 다양한 재질로 제작됩니다. · 플라스틱, 금속 등 단일재질 제품은 재활용이 가능하므로 전용수거함으로 배출합니다. · 내열유리로 만들어진 제품은 재활용이 어려우며 불에 타지 않는 불연성 폐기물로 전용봉투(마대)에 담아 배출합니다. · 재활용이 어렵고 불에 타지 않는 불연', '["계량컵의 재질에 맞게 고철수거함, 플라스틱 수거함 등으로 배출합니다.", "계량컵의 재질이 유리 재질인 경우에는 불연성 종량제봉투(마대)로 배출합니다."]', 'high', 'https://www.xn--oy2b29bd3a601b.kr/front/dischargeMethod/dictionaryView.do?niIdx=497', '분리배출.kr (한국폐기물협회·환경부)', 'A', '· 계량컵은 조리시 식재료의 계량을 위해 사용하는 제품으로 내열유리, 금속, 플라스틱 등 다양한 재질로 제작됩니다. · 플라스틱, 금속 등 단일재질 제품은 재활용이 가능하므로 전용수거함으로 배출합니다. · 내열유리로 만들어진 제품은 재활용이 어려우며 불에 타지 않는 불연성 폐기물로 전용봉투(마대)에 담아 배출합니다. · 재활용이 어렵고 불에 타지 않는 불연성종량제폐기물은 수거 후 매립장으로...', '· 재질에 맞게 배출', '2026-05-18', 0, '["일반폐기물", "불연성종량제폐기물", "재활용폐기물", "금속류", "고철"]');
INSERT INTO aliases (item_id, alias, alias_lower, source) VALUES ('계량컵의 재질', '계량컵의재질', '계량컵의재질', 'rule');
INSERT INTO aliases (item_id, alias, alias_lower, source) VALUES ('계량컵의 재질', '내열유리컵', '내열유리컵', 'rule');
INSERT OR REPLACE INTO items (id, name, category, note, steps, confidence, source_url, source_name, source_grade, feature, caution, last_verified, region_variation, official_classification) VALUES ('깨진유리', '깨진유리', 'general', '· 깨진 유리는 재활용이 어려우며 불에타지 않는 폐기물로 불연성폐기물에 해당됩니다. · 불연성폐기물은 불연성종량제 마대로 배출하며 수거 후 매립장으로 운반되어 매립하고 있습니다. · 가정에서 발생한 소량의 유리는 신문지, 테이프 등으로 감싼 후 종량제봉투로 배출하셔도 괜찮습니다.', '["깨진유리는 불연성 종량제 마대로 배출합니다."]', 'high', 'https://www.xn--oy2b29bd3a601b.kr/front/dischargeMethod/dictionaryView.do?niIdx=498', '분리배출.kr (한국폐기물협회·환경부)', 'A', '· 깨진 유리는 재활용이 어려우며 불에타지 않는 폐기물로 불연성폐기물에 해당됩니다. · 불연성폐기물은 불연성종량제 마대로 배출하며 수거 후 매립장으로 운반되어 매립하고 있습니다. · 가정에서 발생한 소량의 유리는 신문지, 테이프 등으로 감싼 후 종량제봉투로 배출하셔도 괜찮습니다.', '· 깨진 유리는 날카로워 외부로 누출될 시 사람이 다칠 우려가 있으므로 베이지 않도록 신문지, 테이프 등을 활용하여 충분히 감싼 후 배출', '2026-05-18', 0, '["일반폐기물", "불연성종량제폐기물"]');
INSERT INTO aliases (item_id, alias, alias_lower, source) VALUES ('깨진유리', '거울 조각', '거울 조각', 'rule');
INSERT INTO aliases (item_id, alias, alias_lower, source) VALUES ('깨진유리', '글라스 파편', '글라스 파편', 'rule');
INSERT INTO aliases (item_id, alias, alias_lower, source) VALUES ('깨진유리', '금간 유리', '금간 유리', 'rule');
INSERT INTO aliases (item_id, alias, alias_lower, source) VALUES ('깨진유리', '깨진 조각', '깨진 조각', 'rule');
INSERT INTO aliases (item_id, alias, alias_lower, source) VALUES ('깨진유리', '브로큰 글라스', '브로큰 글라스', 'rule');
INSERT INTO aliases (item_id, alias, alias_lower, source) VALUES ('깨진유리', '산산조각', '산산조각', 'rule');
INSERT INTO aliases (item_id, alias, alias_lower, source) VALUES ('깨진유리', '와장창', '와장창', 'rule');
INSERT INTO aliases (item_id, alias, alias_lower, source) VALUES ('깨진유리', '유리병 조각', '유리병 조각', 'rule');
INSERT INTO aliases (item_id, alias, alias_lower, source) VALUES ('깨진유리', '창문 조각', '창문 조각', 'rule');
INSERT INTO aliases (item_id, alias, alias_lower, source) VALUES ('깨진유리', '파손 유리', '파손 유리', 'rule');
INSERT OR REPLACE INTO items (id, name, category, note, steps, confidence, source_url, source_name, source_grade, feature, caution, last_verified, region_variation, official_classification) VALUES ('내열식기', '내열식기', 'general', '· 내열유리란 일반 유리와 달리 내열성이 강하고 급격한 온도변화에도 견딜 수 있는 유리를 말합니다. · 내열유리로 만들어진 제품은 재활용이 어려우며 불에 타지 않는 불연성 폐기물로 전용봉투(마대)에 담아 배출하여야 합니다. · 재활용이 어렵고 불에 타지 않는 불연성폐기물은 수거 후 매립장으로 운반되어 매립하고 있습니다. ※ 배출방법은 지역별로 차이가 있을', '["내열식기는 불연성 종량제봉투(마대)로 배출합니다."]', 'high', 'https://www.xn--oy2b29bd3a601b.kr/front/dischargeMethod/dictionaryView.do?niIdx=499', '분리배출.kr (한국폐기물협회·환경부)', 'A', '· 내열유리란 일반 유리와 달리 내열성이 강하고 급격한 온도변화에도 견딜 수 있는 유리를 말합니다. · 내열유리로 만들어진 제품은 재활용이 어려우며 불에 타지 않는 불연성 폐기물로 전용봉투(마대)에 담아 배출하여야 합니다. · 재활용이 어렵고 불에 타지 않는 불연성폐기물은 수거 후 매립장으로 운반되어 매립하고 있습니다. ※ 배출방법은 지역별로 차이가 있을 수 있으니, 해당 지방자치단체에서 정...', '', '2026-05-18', 0, '["일반폐기물", "불연성종량제폐기물"]');
INSERT INTO aliases (item_id, alias, alias_lower, source) VALUES ('내열식기', '내열그릇', '내열그릇', 'rule');
INSERT INTO aliases (item_id, alias, alias_lower, source) VALUES ('내열식기', '내열유리용기', '내열유리용기', 'rule');
INSERT INTO aliases (item_id, alias, alias_lower, source) VALUES ('내열식기', '내열접시', '내열접시', 'rule');
INSERT INTO aliases (item_id, alias, alias_lower, source) VALUES ('내열식기', '데우는그릇', '데우는그릇', 'rule');
INSERT INTO aliases (item_id, alias, alias_lower, source) VALUES ('내열식기', '돌솥', '돌솥', 'rule');
INSERT INTO aliases (item_id, alias, alias_lower, source) VALUES ('내열식기', '뜨거운그릇', '뜨거운그릇', 'rule');
INSERT INTO aliases (item_id, alias, alias_lower, source) VALUES ('내열식기', '오븐용기', '오븐용기', 'rule');
INSERT INTO aliases (item_id, alias, alias_lower, source) VALUES ('내열식기', '오븐웨어', '오븐웨어', 'rule');
INSERT INTO aliases (item_id, alias, alias_lower, source) VALUES ('내열식기', '전자레인지용기', '전자레인지용기', 'rule');
INSERT INTO aliases (item_id, alias, alias_lower, source) VALUES ('내열식기', '캐서롤', '캐서롤', 'rule');
INSERT INTO aliases (item_id, alias, alias_lower, source) VALUES ('내열식기', '파이렉스', '파이렉스', 'rule');
INSERT OR REPLACE INTO items (id, name, category, note, steps, confidence, source_url, source_name, source_grade, feature, caution, last_verified, region_variation, official_classification) VALUES ('내열냄비', '내열냄비', 'general', '· 내열유리란 일반 유리와 달리 내열성이 강하고 급격한 온도변화에도 견딜 수 있는 유리를 말합니다. · 내열유리로 만들어진 제품은 재활용이 어려우며 불에 타지 않는 불연성 폐기물로 전용봉투(마대)에 담아 배출하여야 합니다. · 재활용이 어렵고 불에 타지 않는 불연성폐기물은 수거 후 매립장으로 운반되어 매립하고 있습니다. ※ 배출방법은 지역별로 차이가 있을', '["내열냄비는 불연성 종량제봉투(마대)로 배출합니다."]', 'high', 'https://www.xn--oy2b29bd3a601b.kr/front/dischargeMethod/dictionaryView.do?niIdx=500', '분리배출.kr (한국폐기물협회·환경부)', 'A', '· 내열유리란 일반 유리와 달리 내열성이 강하고 급격한 온도변화에도 견딜 수 있는 유리를 말합니다. · 내열유리로 만들어진 제품은 재활용이 어려우며 불에 타지 않는 불연성 폐기물로 전용봉투(마대)에 담아 배출하여야 합니다. · 재활용이 어렵고 불에 타지 않는 불연성폐기물은 수거 후 매립장으로 운반되어 매립하고 있습니다. ※ 배출방법은 지역별로 차이가 있을 수 있으니, 해당 지방자치단체에서 정...', '', '2026-05-18', 0, '["일반폐기물", "불연성종량제폐기물"]');
INSERT INTO aliases (item_id, alias, alias_lower, source) VALUES ('내열냄비', '내열팟', '내열팟', 'rule');
INSERT INTO aliases (item_id, alias, alias_lower, source) VALUES ('내열냄비', '더치 오븐', '더치 오븐', 'rule');
INSERT INTO aliases (item_id, alias, alias_lower, source) VALUES ('내열냄비', '르크루제 냄비', '르크루제 냄비', 'rule');
INSERT INTO aliases (item_id, alias, alias_lower, source) VALUES ('내열냄비', '세라믹 냄비', '세라믹 냄비', 'rule');
INSERT INTO aliases (item_id, alias, alias_lower, source) VALUES ('내열냄비', '스타우브 냄비', '스타우브 냄비', 'rule');
INSERT INTO aliases (item_id, alias, alias_lower, source) VALUES ('내열냄비', '오븐 그릇', '오븐 그릇', 'rule');
INSERT INTO aliases (item_id, alias, alias_lower, source) VALUES ('내열냄비', '오븐용 냄비', '오븐용 냄비', 'rule');
INSERT INTO aliases (item_id, alias, alias_lower, source) VALUES ('내열냄비', '주물 냄비', '주물 냄비', 'rule');
INSERT OR REPLACE INTO items (id, name, category, note, steps, confidence, source_url, source_name, source_grade, feature, caution, last_verified, region_variation, official_classification) VALUES ('뚝배기', '뚝배기', 'general', '· 뚝배기는 찌개를 끓이거나 국을 담을 때 사용하는 오지그릇으로 재활용이 어렵고 불에 타지않는 폐기물로 불연성폐기물에 해당됩니다. · 불연성폐기물은 불연성종량제 마대로 배출하며 수거 후 매립장으로 운반되어 매립하고 있습니다. ※ 배출방법은 지역별로 차이가 있을 수 있으니, 해당 지방자치단체에서 정하는 방법이 있는 경우에는 해당 방법에 따라 배출하시기 바랍니', '["뚝배기는 불연성 종량제봉투(마대)로 배출합니다."]', 'high', 'https://www.xn--oy2b29bd3a601b.kr/front/dischargeMethod/dictionaryView.do?niIdx=501', '분리배출.kr (한국폐기물협회·환경부)', 'A', '· 뚝배기는 찌개를 끓이거나 국을 담을 때 사용하는 오지그릇으로 재활용이 어렵고 불에 타지않는 폐기물로 불연성폐기물에 해당됩니다. · 불연성폐기물은 불연성종량제 마대로 배출하며 수거 후 매립장으로 운반되어 매립하고 있습니다. ※ 배출방법은 지역별로 차이가 있을 수 있으니, 해당 지방자치단체에서 정하는 방법이 있는 경우에는 해당 방법에 따라 배출하시기 바랍니다. 가까운 분리배출 장소를 확인해보...', '', '2026-05-18', 0, '["일반폐기물", "불연성종량제폐기물"]');
INSERT INTO aliases (item_id, alias, alias_lower, source) VALUES ('뚝배기', '사기 그릇', '사기 그릇', 'rule');
INSERT OR REPLACE INTO items (id, name, category, note, steps, confidence, source_url, source_name, source_grade, feature, caution, last_verified, region_variation, official_classification) VALUES ('머그잔', '머그잔', 'general', '· 머그잔은 주로 가정에서 사용하는 잔으로 주로 사기 또는 도자기 재질로 되어있습니다. · 도자기, 사기재질의 제품은 재활용이 어렵고 불에 타지 않는 폐기물로 불연성폐기물에 해당됩니다. · 불연성폐기물은 불연성종량제 마대로 배출하며 수거 후 매립장으로 운반되어 매립하고 있습니다. ※ 배출방법은 지역별로 차이가 있을 수 있으니, 해당 지방자치단체에서 정하는', '["머그잔은 불연성 종량제봉투(마대)로 배출합니다."]', 'high', 'https://www.xn--oy2b29bd3a601b.kr/front/dischargeMethod/dictionaryView.do?niIdx=502', '분리배출.kr (한국폐기물협회·환경부)', 'A', '· 머그잔은 주로 가정에서 사용하는 잔으로 주로 사기 또는 도자기 재질로 되어있습니다. · 도자기, 사기재질의 제품은 재활용이 어렵고 불에 타지 않는 폐기물로 불연성폐기물에 해당됩니다. · 불연성폐기물은 불연성종량제 마대로 배출하며 수거 후 매립장으로 운반되어 매립하고 있습니다. ※ 배출방법은 지역별로 차이가 있을 수 있으니, 해당 지방자치단체에서 정하는 방법이 있는 경우에는 해당 방법에 따...', '', '2026-05-18', 0, '["일반폐기물", "불연성종량제폐기물"]');
INSERT INTO aliases (item_id, alias, alias_lower, source) VALUES ('머그잔', 'mug', 'mug', 'rule');
INSERT INTO aliases (item_id, alias, alias_lower, source) VALUES ('머그잔', '머그', '머그', 'rule');
INSERT INTO aliases (item_id, alias, alias_lower, source) VALUES ('머그잔', '물컵', '물컵', 'rule');
INSERT INTO aliases (item_id, alias, alias_lower, source) VALUES ('머그잔', '손잡이컵', '손잡이컵', 'rule');
INSERT INTO aliases (item_id, alias, alias_lower, source) VALUES ('머그잔', '스타벅스 머그', '스타벅스 머그', 'rule');
INSERT INTO aliases (item_id, alias, alias_lower, source) VALUES ('머그잔', '어항', '어항', 'rule');
INSERT INTO aliases (item_id, alias, alias_lower, source) VALUES ('머그잔', '이케아 컵', '이케아 컵', 'rule');
INSERT INTO aliases (item_id, alias, alias_lower, source) VALUES ('머그잔', '차잔', '차잔', 'rule');
INSERT INTO aliases (item_id, alias, alias_lower, source) VALUES ('머그잔', '컵컵', '컵컵', 'rule');
INSERT INTO aliases (item_id, alias, alias_lower, source) VALUES ('머그잔', '큰컵', '큰컵', 'rule');
INSERT OR REPLACE INTO items (id, name, category, note, steps, confidence, source_url, source_name, source_grade, feature, caution, last_verified, region_variation, official_classification) VALUES ('유리잔', '유리잔', 'general', '· 소주잔, 맥주잔과 같은 유리컵은 재활용이 어렵고 불에 타지 않는 폐기물로 불연성폐기물에 해당됩니다. · 불연성폐기물은 불연성종량제 마대로 배출하며 수거 후 매립장으로 운반되어 매립하고 있습니다. ·소량의 유리잔을 배출하실 때에는 제품이 깨지지 않도록 주의하여 종량제봉투로 배출하며, 유리잔이 깨진 경우에는 작업자, 수거원 등이 다치지 않도록 신문지, 테이', '["유리잔은 불연성 종량제봉투(마대)로 배출합니다."]', 'high', 'https://www.xn--oy2b29bd3a601b.kr/front/dischargeMethod/dictionaryView.do?niIdx=503', '분리배출.kr (한국폐기물협회·환경부)', 'A', '· 소주잔, 맥주잔과 같은 유리컵은 재활용이 어렵고 불에 타지 않는 폐기물로 불연성폐기물에 해당됩니다. · 불연성폐기물은 불연성종량제 마대로 배출하며 수거 후 매립장으로 운반되어 매립하고 있습니다. ·소량의 유리잔을 배출하실 때에는 제품이 깨지지 않도록 주의하여 종량제봉투로 배출하며, 유리잔이 깨진 경우에는 작업자, 수거원 등이 다치지 않도록 신문지, 테이프 등을 활용하여 충분히 감싼 후 배...', '· 깨진 유리는 날카로워 외부로 누출될 시 사람이 다칠 우려가 있으므로 베이지 않도록 신문지, 테이프 등을 활용하여 충분히 감싼 후 배출', '2026-05-18', 0, '["일반폐기물", "불연성종량제폐기물"]');
INSERT OR REPLACE INTO items (id, name, category, note, steps, confidence, source_url, source_name, source_grade, feature, caution, last_verified, region_variation, official_classification) VALUES ('크리스탈 재질의 메달', '크리스탈 재질의 메달', 'general', '· 메달(크리스탈)은 재활용이 어렵고 불에 타지 않는 폐기물로 불연성폐기물에 해당됩니다. · 불연성폐기물은 불연성종량제 마대로 배출하며 수거 후 매립장으로 운반되어 매립하고 있습니다. ※ 배출방법은 지역별로 차이가 있을 수 있으니, 해당 지방자치단체에서 정하는 방법이 있는 경우에는 해당 방법에 따라 배출하시기 바랍니다. 가까운 분리배출 장소를 확인해보세요.', '["크리스탈 재질의 메달은 불연성 종량제봉투(마대)로 배출합니다."]', 'high', 'https://www.xn--oy2b29bd3a601b.kr/front/dischargeMethod/dictionaryView.do?niIdx=504', '분리배출.kr (한국폐기물협회·환경부)', 'A', '· 메달(크리스탈)은 재활용이 어렵고 불에 타지 않는 폐기물로 불연성폐기물에 해당됩니다. · 불연성폐기물은 불연성종량제 마대로 배출하며 수거 후 매립장으로 운반되어 매립하고 있습니다. ※ 배출방법은 지역별로 차이가 있을 수 있으니, 해당 지방자치단체에서 정하는 방법이 있는 경우에는 해당 방법에 따라 배출하시기 바랍니다. 가까운 분리배출 장소를 확인해보세요. 현재 위치에 가까운 배출장소가 없습...', '', '2026-05-18', 0, '["일반폐기물", "불연성종량제폐기물"]');
INSERT INTO aliases (item_id, alias, alias_lower, source) VALUES ('크리스탈 재질의 메달', '메달(도금)', '메달(도금)', 'rule');
INSERT INTO aliases (item_id, alias, alias_lower, source) VALUES ('크리스탈 재질의 메달', '크리스탈재질의메달', '크리스탈재질의메달', 'rule');
INSERT OR REPLACE INTO items (id, name, category, note, steps, confidence, source_url, source_name, source_grade, feature, caution, last_verified, region_variation, official_classification) VALUES ('메트로놈', '메트로놈', 'general', '· 메트로놈은 태엽을 감는 아날로그 방식과 전지가 포함된 디지털 방식이 있습니다. · 메트로놈은 플라스틱, 고철, 목재 등이 혼합된 복합재질 제품으로 재활용이 어렵습니다. · 디지털 방식의 메트로놈을 배출하실 때에는 제품에 포함된 전지를 제거한 후 배출합니다.', '["메트로놈은 종량제봉투로 배출합니다."]', 'high', 'https://www.xn--oy2b29bd3a601b.kr/front/dischargeMethod/dictionaryView.do?niIdx=505', '분리배출.kr (한국폐기물협회·환경부)', 'A', '· 메트로놈은 태엽을 감는 아날로그 방식과 전지가 포함된 디지털 방식이 있습니다. · 메트로놈은 플라스틱, 고철, 목재 등이 혼합된 복합재질 제품으로 재활용이 어렵습니다. · 디지털 방식의 메트로놈을 배출하실 때에는 제품에 포함된 전지를 제거한 후 배출합니다.', '· 내장된 전지가 분리가 가능한 경우에는 제거 후 배출', '2026-05-18', 0, '["일반폐기물", "일반종량제폐기물"]');
INSERT INTO aliases (item_id, alias, alias_lower, source) VALUES ('메트로놈', 'metronome', 'metronome', 'rule');
INSERT INTO aliases (item_id, alias, alias_lower, source) VALUES ('메트로놈', '똑딱이', '똑딱이', 'rule');
INSERT INTO aliases (item_id, alias, alias_lower, source) VALUES ('메트로놈', '리듬키퍼', '리듬키퍼', 'rule');
INSERT INTO aliases (item_id, alias, alias_lower, source) VALUES ('메트로놈', '메트', '메트', 'rule');
INSERT INTO aliases (item_id, alias, alias_lower, source) VALUES ('메트로놈', '박자계', '박자계', 'rule');
INSERT INTO aliases (item_id, alias, alias_lower, source) VALUES ('메트로놈', '박자기', '박자기', 'rule');
INSERT INTO aliases (item_id, alias, alias_lower, source) VALUES ('메트로놈', '비트측정기', '비트측정기', 'rule');
INSERT INTO aliases (item_id, alias, alias_lower, source) VALUES ('메트로놈', '연습박자도우미', '연습박자도우미', 'rule');
INSERT INTO aliases (item_id, alias, alias_lower, source) VALUES ('메트로놈', '음악박자계', '음악박자계', 'rule');
INSERT INTO aliases (item_id, alias, alias_lower, source) VALUES ('메트로놈', '전자메트로놈', '전자메트로놈', 'rule');
INSERT INTO aliases (item_id, alias, alias_lower, source) VALUES ('메트로놈', '태엽메트로놈', '태엽메트로놈', 'rule');
INSERT INTO aliases (item_id, alias, alias_lower, source) VALUES ('메트로놈', '템포조절기', '템포조절기', 'rule');
INSERT OR REPLACE INTO items (id, name, category, note, steps, confidence, source_url, source_name, source_grade, feature, caution, last_verified, region_variation, official_classification) VALUES ('멜라민 그릇', '멜라민 그릇', 'general', '· 멜라민 수지는 열에 잘 변형되지 않는 열경화성 수지 제품으로 주로 고급 기계나 식기류, 건축용 장식판에 사용됩니다. · 합성수지 제품(플라스틱 제품)은 선별압축-파쇄-세척-용융압출 등의 과정을 거쳐 재활용하고 있습니다. · 열경화성 수지 제품의 경우 열에 쉽게 변형되지 않아 재활용이 어렵습니다. · 열경화성 수지에는 페놀수지, 실리콘수지, 에폭시 수지', '["멜라민 그릇은 종량제봉투로 배출합니다."]', 'high', 'https://www.xn--oy2b29bd3a601b.kr/front/dischargeMethod/dictionaryView.do?niIdx=506', '분리배출.kr (한국폐기물협회·환경부)', 'A', '· 멜라민 수지는 열에 잘 변형되지 않는 열경화성 수지 제품으로 주로 고급 기계나 식기류, 건축용 장식판에 사용됩니다. · 합성수지 제품(플라스틱 제품)은 선별압축-파쇄-세척-용융압출 등의 과정을 거쳐 재활용하고 있습니다. · 열경화성 수지 제품의 경우 열에 쉽게 변형되지 않아 재활용이 어렵습니다. · 열경화성 수지에는 페놀수지, 실리콘수지, 에폭시 수지 등이 있습니다.', '· 열경화성 수지 제품은 재활용이 어렵습니다.', '2026-05-18', 0, '["일반폐기물", "일반종량제폐기물"]');
INSERT INTO aliases (item_id, alias, alias_lower, source) VALUES ('멜라민 그릇', '강화플라스틱 그릇', '강화플라스틱 그릇', 'rule');
INSERT INTO aliases (item_id, alias, alias_lower, source) VALUES ('멜라민 그릇', '맘마그릇', '맘마그릇', 'rule');
INSERT INTO aliases (item_id, alias, alias_lower, source) VALUES ('멜라민 그릇', '멜그릇', '멜그릇', 'rule');
INSERT INTO aliases (item_id, alias, alias_lower, source) VALUES ('멜라민 그릇', '멜라민 디쉬', '멜라민 디쉬', 'rule');
INSERT INTO aliases (item_id, alias, alias_lower, source) VALUES ('멜라민 그릇', '멜라민 밥그릇', '멜라민 밥그릇', 'rule');
INSERT INTO aliases (item_id, alias, alias_lower, source) VALUES ('멜라민 그릇', '멜라민 보울', '멜라민 보울', 'rule');
INSERT INTO aliases (item_id, alias, alias_lower, source) VALUES ('멜라민 그릇', '멜라민 식기', '멜라민 식기', 'rule');
INSERT INTO aliases (item_id, alias, alias_lower, source) VALUES ('멜라민 그릇', '멜라민 접시', '멜라민 접시', 'rule');
INSERT INTO aliases (item_id, alias, alias_lower, source) VALUES ('멜라민 그릇', '멜라민그릇', '멜라민그릇', 'rule');
INSERT INTO aliases (item_id, alias, alias_lower, source) VALUES ('멜라민 그릇', '애기그릇', '애기그릇', 'rule');
INSERT INTO aliases (item_id, alias, alias_lower, source) VALUES ('멜라민 그릇', '어린이 식기', '어린이 식기', 'rule');
INSERT INTO aliases (item_id, alias, alias_lower, source) VALUES ('멜라민 그릇', '유아용 그릇', '유아용 그릇', 'rule');
INSERT INTO aliases (item_id, alias, alias_lower, source) VALUES ('멜라민 그릇', '캠핑 식기', '캠핑 식기', 'rule');
INSERT OR REPLACE INTO items (id, name, category, note, steps, confidence, source_url, source_name, source_grade, feature, caution, last_verified, region_variation, official_classification) VALUES ('벤토나이트 모래', '벤토나이트 모래', 'general', '· 고양이 배변모래로 주로 사용하는 제품으로 두부 모래, 벤토나이트 모래 등이있습니다. · 벤토나이트 모래는 재활용이 어렵고 불에 타지 않는 불연성폐기물에 해당됩니다. · 불연성폐기물은 불연성종량제 마대로 배출하며 수거 후 매립장으로 운반되어 매립하고 있습니다.', '["벤토나이트 모래는 불연성종량제봉투(마대)로 배출합니다."]', 'high', 'https://www.xn--oy2b29bd3a601b.kr/front/dischargeMethod/dictionaryView.do?niIdx=507', '분리배출.kr (한국폐기물협회·환경부)', 'A', '· 고양이 배변모래로 주로 사용하는 제품으로 두부 모래, 벤토나이트 모래 등이있습니다. · 벤토나이트 모래는 재활용이 어렵고 불에 타지 않는 불연성폐기물에 해당됩니다. · 불연성폐기물은 불연성종량제 마대로 배출하며 수거 후 매립장으로 운반되어 매립하고 있습니다.', '· 하수관이 막힐수 있으므로 변기, 하수구에 배출 금지', '2026-05-18', 0, '["일반폐기물", "불연성종량제폐기물"]');
INSERT INTO aliases (item_id, alias, alias_lower, source) VALUES ('벤토나이트 모래', 'Bentonite', 'bentonite', 'rule');
INSERT INTO aliases (item_id, alias, alias_lower, source) VALUES ('벤토나이트 모래', '고양이 배변 모래', '고양이 배변 모래', 'rule');
INSERT INTO aliases (item_id, alias, alias_lower, source) VALUES ('벤토나이트 모래', '고양이 화장실 모래', '고양이 화장실 모래', 'rule');
INSERT INTO aliases (item_id, alias, alias_lower, source) VALUES ('벤토나이트 모래', '냥이 모래', '냥이 모래', 'rule');
INSERT INTO aliases (item_id, alias, alias_lower, source) VALUES ('벤토나이트 모래', '벤토나이트 고양이 모래', '벤토나이트 고양이 모래', 'rule');
INSERT INTO aliases (item_id, alias, alias_lower, source) VALUES ('벤토나이트 모래', '벤토나이트 리터', '벤토나이트 리터', 'rule');
INSERT INTO aliases (item_id, alias, alias_lower, source) VALUES ('벤토나이트 모래', '벤토나이트 샌드', '벤토나이트 샌드', 'rule');
INSERT INTO aliases (item_id, alias, alias_lower, source) VALUES ('벤토나이트 모래', '벤토나이트모래', '벤토나이트모래', 'rule');
INSERT INTO aliases (item_id, alias, alias_lower, source) VALUES ('벤토나이트 모래', '야옹이 모래', '야옹이 모래', 'rule');
INSERT INTO aliases (item_id, alias, alias_lower, source) VALUES ('벤토나이트 모래', '응고 모래', '응고 모래', 'rule');
INSERT INTO aliases (item_id, alias, alias_lower, source) VALUES ('벤토나이트 모래', '응고형 모래', '응고형 모래', 'rule');
INSERT OR REPLACE INTO items (id, name, category, note, steps, confidence, source_url, source_name, source_grade, feature, caution, last_verified, region_variation, official_classification) VALUES ('벽돌', '벽돌', 'general', '· 벽돌은 진흙과 모래를 반죽한 후 구워 만든 건축재료로 시멘트, 콘크리트 등 종류가 다양합니다. · 벽돌은 재활용이 어렵고 불에타지 않은 폐기물로 불연성종량제봉투(마대)로 배출하여야 합니다. · 불연성폐기물은 불연성종량제 마대로 배출하며 수거 후 매립장으로 운반되어 매립하고 있습니다. · 인테리어 공사 등에서 발생한 폐기물은 공사장생활폐기물에 해당되며,', '["벽돌은 불연성종량제봉투(마대)로 배출합니다.", "다량으로 배출할 때에는 지자체에 문의하여 공사장생활폐기물 전문 처리업체에 위탁하여 처리합니다."]', 'high', 'https://www.xn--oy2b29bd3a601b.kr/front/dischargeMethod/dictionaryView.do?niIdx=508', '분리배출.kr (한국폐기물협회·환경부)', 'A', '· 벽돌은 진흙과 모래를 반죽한 후 구워 만든 건축재료로 시멘트, 콘크리트 등 종류가 다양합니다. · 벽돌은 재활용이 어렵고 불에타지 않은 폐기물로 불연성종량제봉투(마대)로 배출하여야 합니다. · 불연성폐기물은 불연성종량제 마대로 배출하며 수거 후 매립장으로 운반되어 매립하고 있습니다. · 인테리어 공사 등에서 발생한 폐기물은 공사장생활폐기물에 해당되며, 폐기물 특성에 따라 종량제봉투, 불연...', '· 리모델링, 인테리어 공사 등 일련의 공사 또는 작업 등으로 전체 기간 동안 발생하는 5톤 미만의 폐기물은 공사장생활폐기물에 해당되며, 올바른 배출방법은 해당 지자체에 문의', '2026-05-18', 0, '["일반폐기물", "불연성종량제폐기물", "공사장 생활폐기물"]');
INSERT INTO aliases (item_id, alias, alias_lower, source) VALUES ('벽돌', '깨진 벽돌', '깨진 벽돌', 'rule');
INSERT INTO aliases (item_id, alias, alias_lower, source) VALUES ('벽돌', '내화벽돌', '내화벽돌', 'rule');
INSERT INTO aliases (item_id, alias, alias_lower, source) VALUES ('벽돌', '붉은 벽돌', '붉은 벽돌', 'rule');
INSERT INTO aliases (item_id, alias, alias_lower, source) VALUES ('벽돌', '브릭', '브릭', 'rule');
INSERT INTO aliases (item_id, alias, alias_lower, source) VALUES ('벽돌', '블럭', '블럭', 'rule');
INSERT INTO aliases (item_id, alias, alias_lower, source) VALUES ('벽돌', '시멘트 벽돌', '시멘트 벽돌', 'rule');
INSERT INTO aliases (item_id, alias, alias_lower, source) VALUES ('벽돌', '적벽돌', '적벽돌', 'rule');
INSERT INTO aliases (item_id, alias, alias_lower, source) VALUES ('벽돌', '점토벽돌', '점토벽돌', 'rule');
INSERT INTO aliases (item_id, alias, alias_lower, source) VALUES ('벽돌', '치장벽돌', '치장벽돌', 'rule');
INSERT INTO aliases (item_id, alias, alias_lower, source) VALUES ('벽돌', '콘크리트 벽돌', '콘크리트 벽돌', 'rule');
INSERT INTO aliases (item_id, alias, alias_lower, source) VALUES ('벽돌', '흙벽돌', '흙벽돌', 'rule');
INSERT OR REPLACE INTO items (id, name, category, note, steps, confidence, source_url, source_name, source_grade, feature, caution, last_verified, region_variation, official_classification) VALUES ('사기 그릇', '사기 그릇', 'general', '· 사기 그릇은 고령토, 석영 등으로 빚어서 만든 흰 그릇으로 재활용이 어렵고 불에 타지 않은 불연성폐기물에 해당됩니다. · 불연성폐기물은 불연성종량제 마대로 배출하며 수거 후 매립장으로 운반되어 매립하고 있습니다. ※ 배출방법은 지역별로 차이가 있을 수 있으니, 해당 지방자치단체에서 정하는 방법이 있는 경우에는 해당 방법에 따라 배출하시기 바랍니다. 가까', '["사기 그릇은 불연성 종량제봉투(마대)로 배출합니다."]', 'high', 'https://www.xn--oy2b29bd3a601b.kr/front/dischargeMethod/dictionaryView.do?niIdx=509', '분리배출.kr (한국폐기물협회·환경부)', 'A', '· 사기 그릇은 고령토, 석영 등으로 빚어서 만든 흰 그릇으로 재활용이 어렵고 불에 타지 않은 불연성폐기물에 해당됩니다. · 불연성폐기물은 불연성종량제 마대로 배출하며 수거 후 매립장으로 운반되어 매립하고 있습니다. ※ 배출방법은 지역별로 차이가 있을 수 있으니, 해당 지방자치단체에서 정하는 방법이 있는 경우에는 해당 방법에 따라 배출하시기 바랍니다. 가까운 분리배출 장소를 확인해보세요. 현...', '', '2026-05-18', 0, '["일반폐기물", "불연성종량제폐기물"]');
INSERT INTO aliases (item_id, alias, alias_lower, source) VALUES ('사기 그릇', '사기그릇', '사기그릇', 'rule');
INSERT OR REPLACE INTO items (id, name, category, note, steps, confidence, source_url, source_name, source_grade, feature, caution, last_verified, region_variation, official_classification) VALUES ('와인병', '와인병', 'glass', '· 유리병은 3색(무색, 녹색, 갈색)으로 분류한 후 파쇄∙분쇄, 용융과정을 거쳐 재활용하고 있습니다. · 이 과정에서 와인병과 같은 이색(파란색, 검정색, 자주색 등) 유리병은 혼색 유리병으로 분류 및 분쇄 후 건설자재 등으로 재활용되고 있으므로 유리병으로 배출합니다.', '["와인병은 유리병 수거함에 배출합니다"]', 'high', 'https://xn--oy2b29bd3a601b.kr/front/dischargeMethod/index.do', '분리배출.kr (한국폐기물협회·환경부)', 'A', NULL, '·깨지지 않도록 주의', '2026-05-18', 0, NULL);
INSERT OR REPLACE INTO items (id, name, category, note, steps, confidence, source_url, source_name, source_grade, feature, caution, last_verified, region_variation, official_classification) VALUES ('화분 흙', '화분 흙', 'general', '· 흙은 불에 타지 않는 폐기물로 불연성폐기물에 해당됩니다. ※ 배출방법은 지역별로 차이가 있을 수 있으니, 해당 지방자치단체에서 정하는 방법이 있는 경우에는 해당 방법에 따라 배출하시기 바랍니다. 가까운 분리배출 장소를 확인해보세요. 현재 위치에 가까운 배출장소가 없습니다. 근처의 다른 지역을 검색해보세요. 현 위치 배출장소 전체보기 현 지도에서 검색 장', '["화분 흙은 불연성 종량제봉투(특수규격마대)로 배출합니다."]', 'high', 'https://www.xn--oy2b29bd3a601b.kr/front/dischargeMethod/dictionaryView.do?niIdx=512', '분리배출.kr (한국폐기물협회·환경부)', 'A', '· 흙은 불에 타지 않는 폐기물로 불연성폐기물에 해당됩니다. ※ 배출방법은 지역별로 차이가 있을 수 있으니, 해당 지방자치단체에서 정하는 방법이 있는 경우에는 해당 방법에 따라 배출하시기 바랍니다. 가까운 분리배출 장소를 확인해보세요. 현재 위치에 가까운 배출장소가 없습니다. 근처의 다른 지역을 검색해보세요. 현 위치 배출장소 전체보기 현 지도에서 검색 장소 더보기 분리배출 장소 선택 배출장...', '', '2026-05-18', 0, '["일반폐기물", "불연성종량제폐기물"]');
INSERT INTO aliases (item_id, alias, alias_lower, source) VALUES ('화분 흙', 'potting soil', 'potting soil', 'rule');
INSERT INTO aliases (item_id, alias, alias_lower, source) VALUES ('화분 흙', '배양토', '배양토', 'rule');
INSERT INTO aliases (item_id, alias, alias_lower, source) VALUES ('화분 흙', '분갈이 상토', '분갈이 상토', 'rule');
INSERT INTO aliases (item_id, alias, alias_lower, source) VALUES ('화분 흙', '분갈이 흙', '분갈이 흙', 'rule');
INSERT INTO aliases (item_id, alias, alias_lower, source) VALUES ('화분 흙', '상토', '상토', 'rule');
INSERT INTO aliases (item_id, alias, alias_lower, source) VALUES ('화분 흙', '식물 흙', '식물 흙', 'rule');
INSERT INTO aliases (item_id, alias, alias_lower, source) VALUES ('화분 흙', '식물용 흙', '식물용 흙', 'rule');
INSERT INTO aliases (item_id, alias, alias_lower, source) VALUES ('화분 흙', '영양 흙', '영양 흙', 'rule');
INSERT INTO aliases (item_id, alias, alias_lower, source) VALUES ('화분 흙', '원예용 흙', '원예용 흙', 'rule');
INSERT INTO aliases (item_id, alias, alias_lower, source) VALUES ('화분 흙', '재배 흙', '재배 흙', 'rule');
INSERT INTO aliases (item_id, alias, alias_lower, source) VALUES ('화분 흙', '화분 용토', '화분 용토', 'rule');
INSERT INTO aliases (item_id, alias, alias_lower, source) VALUES ('화분 흙', '화분흙', '화분흙', 'rule');
INSERT INTO aliases (item_id, alias, alias_lower, source) VALUES ('화분 흙', '화초 흙', '화초 흙', 'rule');
INSERT OR REPLACE INTO items (id, name, category, note, steps, confidence, source_url, source_name, source_grade, feature, caution, last_verified, region_variation, official_classification) VALUES ('어항', '어항', 'furniture', '· 어항은 대부분 유리제품으로 불에 타지 않은 재질이므로 불연성폐기물로 배출합니다. ※ 배출방법은 지역별로 차이가 있을 수 있으니, 해당 지방자치단체에서 정하는 방법이 있는 경우에는 해당 방법에 따라 배출하시기 바랍니다. 가까운 분리배출 장소를 확인해보세요. 현재 위치에 가까운 배출장소가 없습니다. 근처의 다른 지역을 검색해보세요. 현 위치 배출장소 전체보', '["어항은 불연성종량제봉투(특수규격마대)에 배출합니다.", "크기가 커 종량제봉투로 배출하기 어려운 경우에는 대형폐기물로 배출합니다."]', 'high', 'https://www.xn--oy2b29bd3a601b.kr/front/dischargeMethod/dictionaryView.do?niIdx=513', '분리배출.kr (한국폐기물협회·환경부)', 'A', '· 어항은 대부분 유리제품으로 불에 타지 않은 재질이므로 불연성폐기물로 배출합니다. ※ 배출방법은 지역별로 차이가 있을 수 있으니, 해당 지방자치단체에서 정하는 방법이 있는 경우에는 해당 방법에 따라 배출하시기 바랍니다. 가까운 분리배출 장소를 확인해보세요. 현재 위치에 가까운 배출장소가 없습니다. 근처의 다른 지역을 검색해보세요. 현 위치 배출장소 전체보기 현 지도에서 검색 장소 더보기 분...', '', '2026-05-18', 0, '["일반폐기물", "불연성종량제폐기물", "대형폐기물"]');
INSERT INTO aliases (item_id, alias, alias_lower, source) VALUES ('어항', '관상어항', '관상어항', 'rule');
INSERT INTO aliases (item_id, alias, alias_lower, source) VALUES ('어항', '금붕어항', '금붕어항', 'rule');
INSERT INTO aliases (item_id, alias, alias_lower, source) VALUES ('어항', '물고기집', '물고기집', 'rule');
INSERT INTO aliases (item_id, alias, alias_lower, source) VALUES ('어항', '물고기통', '물고기통', 'rule');
INSERT INTO aliases (item_id, alias, alias_lower, source) VALUES ('어항', '미니어항', '미니어항', 'rule');
INSERT INTO aliases (item_id, alias, alias_lower, source) VALUES ('어항', '베타어항', '베타어항', 'rule');
INSERT INTO aliases (item_id, alias, alias_lower, source) VALUES ('어항', '수조', '수조', 'rule');
INSERT INTO aliases (item_id, alias, alias_lower, source) VALUES ('어항', '아쿠아리움', '아쿠아리움', 'rule');
INSERT INTO aliases (item_id, alias, alias_lower, source) VALUES ('어항', '열대어항', '열대어항', 'rule');
INSERT INTO aliases (item_id, alias, alias_lower, source) VALUES ('어항', '유리어항', '유리어항', 'rule');
INSERT INTO aliases (item_id, alias, alias_lower, source) VALUES ('어항', '플라스틱어항', '플라스틱어항', 'rule');
INSERT INTO aliases (item_id, alias, alias_lower, source) VALUES ('어항', '피쉬탱크', '피쉬탱크', 'rule');
INSERT OR REPLACE INTO items (id, name, category, note, steps, confidence, source_url, source_name, source_grade, feature, caution, last_verified, region_variation, official_classification) VALUES ('타일', '타일', 'general', '·타일은 대리석 등 재질로 불에 타지 않은 재질이므로 불연성폐기물로 배출합니다. · 인테리어 공사 등에서 발생한 폐기물은 공사장생활폐기물에 해당되며, 폐기물 특성에 따라 종량제봉투, 불연성 마대, 재활용품 또는 대형폐기물로 배출하여야 합니다. 공사장생활폐기물을 다량으로 배출할 시 지자체에 문의하여 공사장생활폐기물 전문 수거업체에 연락하여 처리할 수 있습니다', '["타일은 불연성종량제봉투(특수규격마대)에 배출합니다.", "다량으로 배출할 때에는 지자체에 문의하여 공사장생활폐기물 전문 처리업체에 위탁하여 처리합니다."]', 'high', 'https://www.xn--oy2b29bd3a601b.kr/front/dischargeMethod/dictionaryView.do?niIdx=514', '분리배출.kr (한국폐기물협회·환경부)', 'A', '·타일은 대리석 등 재질로 불에 타지 않은 재질이므로 불연성폐기물로 배출합니다. · 인테리어 공사 등에서 발생한 폐기물은 공사장생활폐기물에 해당되며, 폐기물 특성에 따라 종량제봉투, 불연성 마대, 재활용품 또는 대형폐기물로 배출하여야 합니다. 공사장생활폐기물을 다량으로 배출할 시 지자체에 문의하여 공사장생활폐기물 전문 수거업체에 연락하여 처리할 수 있습니다.', '· 리모델링, 인테리어 공사 등 일련의 공사 또는 작업 등으로 전체 기간 동안 발생하는 5톤 미만의 폐기물은 공사장생활폐기물에 해당되며, 올바른 배출방법은 해당 지자체에 문의', '2026-05-18', 0, '["일반폐기물", "불연성종량제폐기물", "공사장 생활폐기물"]');
INSERT OR REPLACE INTO items (id, name, category, note, steps, confidence, source_url, source_name, source_grade, feature, caution, last_verified, region_variation, official_classification) VALUES ('MP3', 'MP3', 'electronics', '· MP3 등 일부 소형가전제품은 환경성보장제도 대상품목에 해당되지 않습니다. · 환경성보장제도에 포함되지 않은 전기전자제품이어도 무상방문수거서비스를 이용할 때 함께 배출할 수 있으며, 가까운 소형전기전자제품 전용수거함으로 배출할 수도 있습니다. · 또한, 지자체에 따라 소형가전제품을 수거하는 경우도 있으니 확인하신 후 배출하시는 것이 좋습니다. ※ 배출방', '["MP3는 소형전기전자제품 전용수거함으로 배출합니다.", "인근에 전용수거함이 없는 경우에는 지자체에 문의한 후 배출하여 주시기 바랍니다."]', 'high', 'https://www.xn--oy2b29bd3a601b.kr/front/dischargeMethod/dictionaryView.do?niIdx=516', '분리배출.kr (한국폐기물협회·환경부)', 'A', '· MP3 등 일부 소형가전제품은 환경성보장제도 대상품목에 해당되지 않습니다. · 환경성보장제도에 포함되지 않은 전기전자제품이어도 무상방문수거서비스를 이용할 때 함께 배출할 수 있으며, 가까운 소형전기전자제품 전용수거함으로 배출할 수도 있습니다. · 또한, 지자체에 따라 소형가전제품을 수거하는 경우도 있으니 확인하신 후 배출하시는 것이 좋습니다. ※ 배출방법은 지역별로 차이가 있을 수 있으니...', '', '2026-05-18', 0, '["재활용폐기물", "전기전자 제품류"]');
INSERT INTO aliases (item_id, alias, alias_lower, source) VALUES ('MP3', 'MP3 player', 'mp3 player', 'rule');
INSERT INTO aliases (item_id, alias, alias_lower, source) VALUES ('MP3', 'MP3 플레이어', 'mp3 플레이어', 'rule');
INSERT INTO aliases (item_id, alias, alias_lower, source) VALUES ('MP3', '디지털 오디오 플레이어', '디지털 오디오 플레이어', 'rule');
INSERT INTO aliases (item_id, alias, alias_lower, source) VALUES ('MP3', '아이리버', '아이리버', 'rule');
INSERT INTO aliases (item_id, alias, alias_lower, source) VALUES ('MP3', '엠피', '엠피', 'rule');
INSERT INTO aliases (item_id, alias, alias_lower, source) VALUES ('MP3', '엠피쓰리', '엠피쓰리', 'rule');
INSERT INTO aliases (item_id, alias, alias_lower, source) VALUES ('MP3', '오디오 플레이어', '오디오 플레이어', 'rule');
INSERT INTO aliases (item_id, alias, alias_lower, source) VALUES ('MP3', '워크맨', '워크맨', 'rule');
INSERT INTO aliases (item_id, alias, alias_lower, source) VALUES ('MP3', '음악 재생기', '음악 재생기', 'rule');
INSERT INTO aliases (item_id, alias, alias_lower, source) VALUES ('MP3', '음악감상기', '음악감상기', 'rule');
INSERT INTO aliases (item_id, alias, alias_lower, source) VALUES ('MP3', '코원', '코원', 'rule');
INSERT INTO aliases (item_id, alias, alias_lower, source) VALUES ('MP3', '휴대용 음악 플레이어', '휴대용 음악 플레이어', 'rule');
INSERT OR REPLACE INTO items (id, name, category, note, steps, confidence, source_url, source_name, source_grade, feature, caution, last_verified, region_variation, official_classification) VALUES ('붓', '붓', 'general', '· 붓은 글씨를 쓰거나 그림을 그릴 때 사용하는 도구로 주로 나무로된 자루 끝에 짐승의 털을 꽂아서 먹이나 물감을 찍어 사용합니다. · 붓은 나무와 털이 혼합된 복합재질 제품으로 재활용이 어렵습니다.', '["붓은 종량제봉투로 배출합니다."]', 'high', 'https://www.xn--oy2b29bd3a601b.kr/front/dischargeMethod/dictionaryView.do?niIdx=517', '분리배출.kr (한국폐기물협회·환경부)', 'A', '· 붓은 글씨를 쓰거나 그림을 그릴 때 사용하는 도구로 주로 나무로된 자루 끝에 짐승의 털을 꽂아서 먹이나 물감을 찍어 사용합니다. · 붓은 나무와 털이 혼합된 복합재질 제품으로 재활용이 어렵습니다.', '· 목재제품은 재활용이 어려우므로 종량제봉투로 배출', '2026-05-18', 0, '["일반폐기물", "일반종량제폐기물"]');
INSERT INTO aliases (item_id, alias, alias_lower, source) VALUES ('붓', '그림붓', '그림붓', 'rule');
INSERT INTO aliases (item_id, alias, alias_lower, source) VALUES ('붓', '대붓', '대붓', 'rule');
INSERT INTO aliases (item_id, alias, alias_lower, source) VALUES ('붓', '메이크업 브러쉬', '메이크업 브러쉬', 'rule');
INSERT INTO aliases (item_id, alias, alias_lower, source) VALUES ('붓', '분필', '분필', 'rule');
INSERT INTO aliases (item_id, alias, alias_lower, source) VALUES ('붓', '붓솔', '붓솔', 'rule');
INSERT INTO aliases (item_id, alias, alias_lower, source) VALUES ('붓', '브러쉬', '브러쉬', 'rule');
INSERT INTO aliases (item_id, alias, alias_lower, source) VALUES ('붓', '서예붓', '서예붓', 'rule');
INSERT INTO aliases (item_id, alias, alias_lower, source) VALUES ('붓', '세필', '세필', 'rule');
INSERT INTO aliases (item_id, alias, alias_lower, source) VALUES ('붓', '아기붓', '아기붓', 'rule');
INSERT INTO aliases (item_id, alias, alias_lower, source) VALUES ('붓', '연필', '연필', 'rule');
INSERT INTO aliases (item_id, alias, alias_lower, source) VALUES ('붓', '털붓', '털붓', 'rule');
INSERT INTO aliases (item_id, alias, alias_lower, source) VALUES ('붓', '페인트붓', '페인트붓', 'rule');
INSERT INTO aliases (item_id, alias, alias_lower, source) VALUES ('붓', '화장붓', '화장붓', 'rule');
INSERT INTO aliases (item_id, alias, alias_lower, source) VALUES ('붓', '화필', '화필', 'rule');
INSERT OR REPLACE INTO items (id, name, category, note, steps, confidence, source_url, source_name, source_grade, feature, caution, last_verified, region_variation, official_classification) VALUES ('캣타워', '캣타워', 'furniture', '· 캣타워는 나무, 섬유 등 복합재질로 재활용이 어려워 일반쓰레기로 배출합니다. ※ 배출방법은 지역별로 차이가 있을 수 있으니, 해당 지방자치단체에서 정하는 방법이 있는 경우에는 해당 방법에 따라 배출하시기 바랍니다. 가까운 분리배출 장소를 확인해보세요. 현재 위치에 가까운 배출장소가 없습니다. 근처의 다른 지역을 검색해보세요. 현 위치 배출장소 전체보기', '["캣타워는 종량제봉투로 배출합니다.", "크기가 커 종량제봉투로 배출하기 어려운 경우에는 대형폐기물로 배출합니다."]', 'high', 'https://www.xn--oy2b29bd3a601b.kr/front/dischargeMethod/dictionaryView.do?niIdx=518', '분리배출.kr (한국폐기물협회·환경부)', 'A', '· 캣타워는 나무, 섬유 등 복합재질로 재활용이 어려워 일반쓰레기로 배출합니다. ※ 배출방법은 지역별로 차이가 있을 수 있으니, 해당 지방자치단체에서 정하는 방법이 있는 경우에는 해당 방법에 따라 배출하시기 바랍니다. 가까운 분리배출 장소를 확인해보세요. 현재 위치에 가까운 배출장소가 없습니다. 근처의 다른 지역을 검색해보세요. 현 위치 배출장소 전체보기 현 지도에서 검색 장소 더보기 분리배...', '', '2026-05-18', 0, '["일반폐기물", "일반종량제폐기물", "대형폐기물"]');
INSERT INTO aliases (item_id, alias, alias_lower, source) VALUES ('캣타워', 'Cat Condo', 'cat condo', 'rule');
INSERT INTO aliases (item_id, alias, alias_lower, source) VALUES ('캣타워', 'Cat Tower', 'cat tower', 'rule');
INSERT INTO aliases (item_id, alias, alias_lower, source) VALUES ('캣타워', 'Cat Tree', 'cat tree', 'rule');
INSERT INTO aliases (item_id, alias, alias_lower, source) VALUES ('캣타워', '고양이 놀이터', '고양이 놀이터', 'rule');
INSERT INTO aliases (item_id, alias, alias_lower, source) VALUES ('캣타워', '고양이 두부모래', '고양이 두부모래', 'rule');
INSERT INTO aliases (item_id, alias, alias_lower, source) VALUES ('캣타워', '고양이 등반대', '고양이 등반대', 'rule');
INSERT INTO aliases (item_id, alias, alias_lower, source) VALUES ('캣타워', '고양이 스크래쳐', '고양이 스크래쳐', 'rule');
INSERT INTO aliases (item_id, alias, alias_lower, source) VALUES ('캣타워', '고양이 아파트', '고양이 아파트', 'rule');
INSERT INTO aliases (item_id, alias, alias_lower, source) VALUES ('캣타워', '고양이 탑', '고양이 탑', 'rule');
INSERT INTO aliases (item_id, alias, alias_lower, source) VALUES ('캣타워', '냥냥이 타워', '냥냥이 타워', 'rule');
INSERT INTO aliases (item_id, alias, alias_lower, source) VALUES ('캣타워', '냥타워', '냥타워', 'rule');
INSERT INTO aliases (item_id, alias, alias_lower, source) VALUES ('캣타워', '네트망', '네트망', 'rule');
INSERT INTO aliases (item_id, alias, alias_lower, source) VALUES ('캣타워', '반려동물 케이지', '반려동물 케이지', 'rule');
INSERT INTO aliases (item_id, alias, alias_lower, source) VALUES ('캣타워', '배변패드', '배변패드', 'rule');
INSERT INTO aliases (item_id, alias, alias_lower, source) VALUES ('캣타워', '안전가드', '안전가드', 'rule');
INSERT INTO aliases (item_id, alias, alias_lower, source) VALUES ('캣타워', '안전문', '안전문', 'rule');
INSERT INTO aliases (item_id, alias, alias_lower, source) VALUES ('캣타워', '야옹이 타워', '야옹이 타워', 'rule');
INSERT INTO aliases (item_id, alias, alias_lower, source) VALUES ('캣타워', '캣 트리', '캣 트리', 'rule');
INSERT INTO aliases (item_id, alias, alias_lower, source) VALUES ('캣타워', '캣타', '캣타', 'rule');
INSERT INTO aliases (item_id, alias, alias_lower, source) VALUES ('캣타워', '캣트리', '캣트리', 'rule');
INSERT INTO aliases (item_id, alias, alias_lower, source) VALUES ('캣타워', '파티션', '파티션', 'rule');
INSERT OR REPLACE INTO items (id, name, category, note, steps, confidence, source_url, source_name, source_grade, feature, caution, last_verified, region_variation, official_classification) VALUES ('약통 용기', '약통 용기', 'plastic', '· 약통 용기는 플라스틱(PE) 재질로 플라스틱 수거함으로 배출합니다. · 내용물인 약은 폐의약품이므로 가까운 약국이나 보건소, 주민센터 등에 비치된 폐의약품전용수거함으로 배출합니다. ※ 배출방법은 지역별로 차이가 있을 수 있으니, 해당 지방자치단체에서 정하는 방법이 있는 경우에는 해당 방법에 따라 배출하시기 바랍니다. 가까운 분리배출 장소를 확인해보세요.', '["약통 용기는 플라스틱 수거함으로 배출합니다."]', 'high', 'https://www.xn--oy2b29bd3a601b.kr/front/dischargeMethod/dictionaryView.do?niIdx=521', '분리배출.kr (한국폐기물협회·환경부)', 'A', '· 약통 용기는 플라스틱(PE) 재질로 플라스틱 수거함으로 배출합니다. · 내용물인 약은 폐의약품이므로 가까운 약국이나 보건소, 주민센터 등에 비치된 폐의약품전용수거함으로 배출합니다. ※ 배출방법은 지역별로 차이가 있을 수 있으니, 해당 지방자치단체에서 정하는 방법이 있는 경우에는 해당 방법에 따라 배출하시기 바랍니다. 가까운 분리배출 장소를 확인해보세요. 현재 위치에 가까운 배출장소가 없습...', '', '2026-05-18', 0, '["재활용폐기물", "합성수지 용기류"]');
INSERT INTO aliases (item_id, alias, alias_lower, source) VALUES ('약통 용기', '알약 포장재', '알약 포장재', 'rule');
INSERT INTO aliases (item_id, alias, alias_lower, source) VALUES ('약통 용기', '약통용기', '약통용기', 'rule');
INSERT INTO aliases (item_id, alias, alias_lower, source) VALUES ('약통 용기', '즉석밥 용기', '즉석밥 용기', 'rule');
INSERT OR REPLACE INTO items (id, name, category, note, steps, confidence, source_url, source_name, source_grade, feature, caution, last_verified, region_variation, official_classification) VALUES ('점착식 메모지', '점착식 메모지', 'general', '· 점착식 메모지는 종이에 점착제가 발려있어 쉽게 떼어낼 수 있는 메모지로 크기가 작고 재활용이 어렵습니다. ※ 배출방법은 지역별로 차이가 있을 수 있으니, 해당 지방자치단체에서 정하는 방법이 있는 경우에는 해당 방법에 따라 배출하시기 바랍니다. 가까운 분리배출 장소를 확인해보세요. 현재 위치에 가까운 배출장소가 없습니다. 근처의 다른 지역을 검색해보세요.', '["점착식 메모지는 종량제봉투로 배출합니다."]', 'high', 'https://www.xn--oy2b29bd3a601b.kr/front/dischargeMethod/dictionaryView.do?niIdx=522', '분리배출.kr (한국폐기물협회·환경부)', 'A', '· 점착식 메모지는 종이에 점착제가 발려있어 쉽게 떼어낼 수 있는 메모지로 크기가 작고 재활용이 어렵습니다. ※ 배출방법은 지역별로 차이가 있을 수 있으니, 해당 지방자치단체에서 정하는 방법이 있는 경우에는 해당 방법에 따라 배출하시기 바랍니다. 가까운 분리배출 장소를 확인해보세요. 현재 위치에 가까운 배출장소가 없습니다. 근처의 다른 지역을 검색해보세요. 현 위치 배출장소 전체보기 현 지도...', '', '2026-05-18', 0, '["일반폐기물", "일반종량제폐기물"]');
INSERT INTO aliases (item_id, alias, alias_lower, source) VALUES ('점착식 메모지', '공책', '공책', 'rule');
INSERT INTO aliases (item_id, alias, alias_lower, source) VALUES ('점착식 메모지', '메모노트', '메모노트', 'rule');
INSERT INTO aliases (item_id, alias, alias_lower, source) VALUES ('점착식 메모지', '메모지', '메모지', 'rule');
INSERT INTO aliases (item_id, alias, alias_lower, source) VALUES ('점착식 메모지', '수첩', '수첩', 'rule');
INSERT INTO aliases (item_id, alias, alias_lower, source) VALUES ('점착식 메모지', '점착식메모지', '점착식메모지', 'rule');
INSERT OR REPLACE INTO items (id, name, category, note, steps, confidence, source_url, source_name, source_grade, feature, caution, last_verified, region_variation, official_classification) VALUES ('보호대', '보호대', 'general', '· 손목, 발목, 무릎 등 보호대는 플라스틱, 폼, 섬유 등 다양한 재질이 혼합된 복합재질 제품으로 재활용이 어렵습니다. ※ 배출방법은 지역별로 차이가 있을 수 있으니, 해당 지방자치단체에서 정하는 방법이 있는 경우에는 해당 방법에 따라 배출하시기 바랍니다. 가까운 분리배출 장소를 확인해보세요. 현재 위치에 가까운 배출장소가 없습니다. 근처의 다른 지역을', '["보호대는 종량제봉투로 배출합니다."]', 'high', 'https://www.xn--oy2b29bd3a601b.kr/front/dischargeMethod/dictionaryView.do?niIdx=524', '분리배출.kr (한국폐기물협회·환경부)', 'A', '· 손목, 발목, 무릎 등 보호대는 플라스틱, 폼, 섬유 등 다양한 재질이 혼합된 복합재질 제품으로 재활용이 어렵습니다. ※ 배출방법은 지역별로 차이가 있을 수 있으니, 해당 지방자치단체에서 정하는 방법이 있는 경우에는 해당 방법에 따라 배출하시기 바랍니다. 가까운 분리배출 장소를 확인해보세요. 현재 위치에 가까운 배출장소가 없습니다. 근처의 다른 지역을 검색해보세요. 현 위치 배출장소 전체...', '', '2026-05-18', 0, '["일반폐기물", "일반종량제폐기물"]');
INSERT INTO aliases (item_id, alias, alias_lower, source) VALUES ('보호대', '가드', '가드', 'rule');
INSERT INTO aliases (item_id, alias, alias_lower, source) VALUES ('보호대', '목발', '목발', 'rule');
INSERT INTO aliases (item_id, alias, alias_lower, source) VALUES ('보호대', '밴드', '밴드', 'rule');
INSERT INTO aliases (item_id, alias, alias_lower, source) VALUES ('보호대', '보조기', '보조기', 'rule');
INSERT INTO aliases (item_id, alias, alias_lower, source) VALUES ('보호대', '보호장비', '보호장비', 'rule');
INSERT INTO aliases (item_id, alias, alias_lower, source) VALUES ('보호대', '브레이스', '브레이스', 'rule');
INSERT INTO aliases (item_id, alias, alias_lower, source) VALUES ('보호대', '서포트', '서포트', 'rule');
INSERT INTO aliases (item_id, alias, alias_lower, source) VALUES ('보호대', '슬리브', '슬리브', 'rule');
INSERT INTO aliases (item_id, alias, alias_lower, source) VALUES ('보호대', '아대', '아대', 'rule');
INSERT INTO aliases (item_id, alias, alias_lower, source) VALUES ('보호대', '안전장비', '안전장비', 'rule');
INSERT INTO aliases (item_id, alias, alias_lower, source) VALUES ('보호대', '지지대', '지지대', 'rule');
INSERT INTO aliases (item_id, alias, alias_lower, source) VALUES ('보호대', '프로텍터', '프로텍터', 'rule');
INSERT OR REPLACE INTO items (id, name, category, note, steps, confidence, source_url, source_name, source_grade, feature, caution, last_verified, region_variation, official_classification) VALUES ('고무신발 액세서리', '고무신발 액세서리', 'general', '· 고무신발 액세서리는 대부분 PVC재질의 제품입니다. · 가정에서 사용하는 EVA는 주로 샌달, 구두창 등의 제품으로 사용하고 있으며, 주로 소량으로 발생되어 재활용이 어렵습니다. · PVC제품은 일반 플라스틱과 물성이 달라서 플라스틱으로 배출시 재활용이 되지 않습니다. ※ 배출방법은 지역별로 차이가 있을 수 있으니, 해당 지방자치단체에서 정하는 방법이', '["고무신발 액세서리는 종량제봉투로 배출합니다."]', 'high', 'https://www.xn--oy2b29bd3a601b.kr/front/dischargeMethod/dictionaryView.do?niIdx=527', '분리배출.kr (한국폐기물협회·환경부)', 'A', '· 고무신발 액세서리는 대부분 PVC재질의 제품입니다. · 가정에서 사용하는 EVA는 주로 샌달, 구두창 등의 제품으로 사용하고 있으며, 주로 소량으로 발생되어 재활용이 어렵습니다. · PVC제품은 일반 플라스틱과 물성이 달라서 플라스틱으로 배출시 재활용이 되지 않습니다. ※ 배출방법은 지역별로 차이가 있을 수 있으니, 해당 지방자치단체에서 정하는 방법이 있는 경우에는 해당 방법에 따라 배출...', '', '2026-05-18', 0, '["일반폐기물", "일반종량제폐기물"]');
INSERT INTO aliases (item_id, alias, alias_lower, source) VALUES ('고무신발 액세서리', '고무 신발 꾸밈', '고무 신발 꾸밈', 'rule');
INSERT INTO aliases (item_id, alias, alias_lower, source) VALUES ('고무신발 액세서리', '고무 신발 장식품', '고무 신발 장식품', 'rule');
INSERT INTO aliases (item_id, alias, alias_lower, source) VALUES ('고무신발 액세서리', '고무 신발템', '고무 신발템', 'rule');
INSERT INTO aliases (item_id, alias, alias_lower, source) VALUES ('고무신발 액세서리', '고무신 장식', '고무신 장식', 'rule');
INSERT INTO aliases (item_id, alias, alias_lower, source) VALUES ('고무신발 액세서리', '고무신발액세서리', '고무신발액세서리', 'rule');
INSERT INTO aliases (item_id, alias, alias_lower, source) VALUES ('고무신발 액세서리', '슈참', '슈참', 'rule');
INSERT INTO aliases (item_id, alias, alias_lower, source) VALUES ('고무신발 액세서리', '신발 꾸미개', '신발 꾸미개', 'rule');
INSERT INTO aliases (item_id, alias, alias_lower, source) VALUES ('고무신발 액세서리', '신발 꾸밈용품', '신발 꾸밈용품', 'rule');
INSERT INTO aliases (item_id, alias, alias_lower, source) VALUES ('고무신발 액세서리', '신발 참', '신발 참', 'rule');
INSERT INTO aliases (item_id, alias, alias_lower, source) VALUES ('고무신발 액세서리', '신발용 고무 장식', '신발용 고무 장식', 'rule');
INSERT INTO aliases (item_id, alias, alias_lower, source) VALUES ('고무신발 액세서리', '지비츠', '지비츠', 'rule');
INSERT INTO aliases (item_id, alias, alias_lower, source) VALUES ('고무신발 액세서리', '크록스 참', '크록스 참', 'rule');
INSERT INTO aliases (item_id, alias, alias_lower, source) VALUES ('고무신발 액세서리', '클로그 악세사리', '클로그 악세사리', 'rule');
INSERT OR REPLACE INTO items (id, name, category, note, steps, confidence, source_url, source_name, source_grade, feature, caution, last_verified, region_variation, official_classification) VALUES ('일반팩과 멸균팩', '일반팩과 멸균팩', 'paper', '·종이팩은 일반팩(우유팩)과 멸균팩(두유팩, 소주팩, 주스팩)이 있습니다. ·일반팩은 안팎에 PE 필름이 첩합되어 있고, 멸균팩은 알루미늄 호일, PE 등이 첩합되어 있습니다.', '["일반팩과 멸균팩은 구분 없이 배출합니다.", "종이팩 수거함으로 배출하고, 수거함이 없는 경우 다른 종이류와 구분될 수 있도록 끈 등으로 묶어 종이류 수거함으로 배출합니다."]', 'high', 'https://www.xn--oy2b29bd3a601b.kr/front/dischargeMethod/dictionaryView.do?niIdx=529', '분리배출.kr (한국폐기물협회·환경부)', 'A', '·종이팩은 일반팩(우유팩)과 멸균팩(두유팩, 소주팩, 주스팩)이 있습니다. ·일반팩은 안팎에 PE 필름이 첩합되어 있고, 멸균팩은 알루미늄 호일, PE 등이 첩합되어 있습니다.', '·내용물, 빨대, 비닐을 제거하고 물로 헹군 후 배출 ·종이팩은 일반 종이와 구분하여 배출', '2026-05-18', 0, '["재활용폐기물", "종이팩", "일반팩"]');
INSERT INTO aliases (item_id, alias, alias_lower, source) VALUES ('일반팩과 멸균팩', '멸균우유팩', '멸균우유팩', 'rule');
INSERT INTO aliases (item_id, alias, alias_lower, source) VALUES ('일반팩과 멸균팩', '음료수팩', '음료수팩', 'rule');
INSERT INTO aliases (item_id, alias, alias_lower, source) VALUES ('일반팩과 멸균팩', '일반팩과멸균팩', '일반팩과멸균팩', 'rule');
INSERT OR REPLACE INTO items (id, name, category, note, steps, confidence, source_url, source_name, source_grade, feature, caution, last_verified, region_variation, official_classification) VALUES ('합성수지 또', '합성수지 또', 'plastic', '·혼합재질 플라스틱, 열경화성수지 제품, 오염된 용기는 일반종량제폐기물로 배출합니다. ·생분해성수지 제품은 플라스틱에 배출하지 않고 별도 배출합니다. ※ 배출방법은 지역별로 차이가 있을 수 있으니, 해당 지방자치단체에서 정하는 방법이 있는 경우에는 해당 방법에 따라 배출하시기 바랍니다. 가까운 분리배출 장소를 확인해보세요. 현재 위치에 가까운 배출장소가 없', '["합성수지 또는 플라스틱(Plastic)으로 제작된 용기 또는 트레이는 플라스틱 수거함으로 배출합니다. ·내용물과 이물질, 부속품을 제거하고 물로 헹군 후 배출합니다.", "PET, PP, PE, PS 등 재질 구분 없이 배출합니다.", "치약용기와 같이 물로 헹굴수 없는 경우 내용물만 비우고 배출합니다."]', 'high', 'https://www.xn--oy2b29bd3a601b.kr/front/dischargeMethod/dictionaryView.do?niIdx=531', '분리배출.kr (한국폐기물협회·환경부)', 'A', '·혼합재질 플라스틱, 열경화성수지 제품, 오염된 용기는 일반종량제폐기물로 배출합니다. ·생분해성수지 제품은 플라스틱에 배출하지 않고 별도 배출합니다. ※ 배출방법은 지역별로 차이가 있을 수 있으니, 해당 지방자치단체에서 정하는 방법이 있는 경우에는 해당 방법에 따라 배출하시기 바랍니다. 가까운 분리배출 장소를 확인해보세요. 현재 위치에 가까운 배출장소가 없습니다. 근처의 다른 지역을 검색해보...', '', '2026-05-18', 0, '["재활용폐기물", "합성수지 용기류"]');
INSERT INTO aliases (item_id, alias, alias_lower, source) VALUES ('합성수지 또', '리빙박스(섬유 재질)', '리빙박스(섬유 재질)', 'rule');
INSERT INTO aliases (item_id, alias, alias_lower, source) VALUES ('합성수지 또', '쌀통(플라스틱 재질)', '쌀통(플라스틱 재질)', 'rule');
INSERT INTO aliases (item_id, alias, alias_lower, source) VALUES ('합성수지 또', '아이스크림 숟가락', '아이스크림 숟가락', 'rule');
INSERT INTO aliases (item_id, alias, alias_lower, source) VALUES ('합성수지 또', '이동식 욕조(플라스틱 재질)', '이동식 욕조(플라스틱 재질)', 'rule');
INSERT INTO aliases (item_id, alias, alias_lower, source) VALUES ('합성수지 또', '합성수지또', '합성수지또', 'rule');
INSERT OR REPLACE INTO items (id, name, category, note, steps, confidence, source_url, source_name, source_grade, feature, caution, last_verified, region_variation, official_classification) VALUES ('깨끗한 발포합성수지 포장용기', '깨끗한 발포합성수지 포장용기', 'styrofoam', '· 발포합성수지는 PP, PE, PS 등의 합성수지를 증기로 부풀린 제품을 말하며, 대부분의 발포합성수지는 EPS이며 일명 스티로폼을 말합니다. · 발포합성수지의 종류로는 식품·과일·전자제품 등 포장용기, 단열재 등이 있습니다.', '["·깨끗한 발포합성수지 포장용기는 스티로폼 수거함으로 배출합니다.", "EPP, EPS, EPE 등 재질과 색상 구분 없이 배출합니다.(유색도 EPR 대상품목)", "TV, 컴퓨터 등 전자제품 구입시 발생한 발포합성수지는 가급적 구입처로 반납합니다."]', 'high', 'https://www.xn--oy2b29bd3a601b.kr/front/dischargeMethod/dictionaryView.do?niIdx=533', '분리배출.kr (한국폐기물협회·환경부)', 'A', '· 발포합성수지는 PP, PE, PS 등의 합성수지를 증기로 부풀린 제품을 말하며, 대부분의 발포합성수지는 EPS이며 일명 스티로폼을 말합니다. · 발포합성수지의 종류로는 식품·과일·전자제품 등 포장용기, 단열재 등이 있습니다.', '·부착상표, 테이프 등 스티로폼과 다른 재질은 제거한 배출', '2026-05-18', 0, '["재활용폐기물", "발포합성수지(스티로폼 등)"]');
INSERT INTO aliases (item_id, alias, alias_lower, source) VALUES ('깨끗한 발포합성수지 포장용기', '깨끗한발포합성수지포장용기', '깨끗한발포합성수지포장용기', 'rule');
INSERT INTO aliases (item_id, alias, alias_lower, source) VALUES ('깨끗한 발포합성수지 포장용기', '유색 스티로폼 용기', '유색 스티로폼 용기', 'rule');
INSERT OR REPLACE INTO items (id, name, category, note, steps, confidence, source_url, source_name, source_grade, feature, caution, last_verified, region_variation, official_classification) VALUES ('금속류', '금속류', 'can', '· 금속류의 종류에는 금속캔, 기타캔류, 고철이 있습니다. - 금속캔: 철캔, 알루미늄캔 - 기타캔류: 부탄가스, 살충제용기 등 - 고철: 철, 알루미늄, 스테인리스 등으로 제작된 금속제품 ·가위, 칼, 송곳 등 날카로운 금속은 종이와 테이프를 이용하여 안전하게 감싼 후 일반종량제 폐기물로 배출합니다. ·우산, 철삽, 스테이플러와 같이 나무, 플라스틱 등', '["금속류는 금속캔 수거함 또는 고철수거함으로 배출합니다. ·부탄가스, 살충제용기 등의 기타캔류는 폭발, 화재 예방을 위해 노즐을 눌러 가스를 제거한 후 배출합니다."]', 'high', 'https://www.xn--oy2b29bd3a601b.kr/front/dischargeMethod/dictionaryView.do?niIdx=535', '분리배출.kr (한국폐기물협회·환경부)', 'A', '· 금속류의 종류에는 금속캔, 기타캔류, 고철이 있습니다. - 금속캔: 철캔, 알루미늄캔 - 기타캔류: 부탄가스, 살충제용기 등 - 고철: 철, 알루미늄, 스테인리스 등으로 제작된 금속제품 ·가위, 칼, 송곳 등 날카로운 금속은 종이와 테이프를 이용하여 안전하게 감싼 후 일반종량제 폐기물로 배출합니다. ·우산, 철삽, 스테이플러와 같이 나무, 플라스틱 등 재질이 많이 섞인 경우 일반종량제폐기...', '·내용물을 비우고 물로 헹군 후 배출', '2026-05-18', 0, '["재활용폐기물", "금속류"]');
INSERT INTO aliases (item_id, alias, alias_lower, source) VALUES ('금속류', 'tin can', 'tin can', 'rule');
INSERT INTO aliases (item_id, alias, alias_lower, source) VALUES ('금속류', '고등어 캔', '고등어 캔', 'rule');
INSERT INTO aliases (item_id, alias, alias_lower, source) VALUES ('금속류', '골뱅이 캔', '골뱅이 캔', 'rule');
INSERT INTO aliases (item_id, alias, alias_lower, source) VALUES ('금속류', '맥주 캔', '맥주 캔', 'rule');
INSERT INTO aliases (item_id, alias, alias_lower, source) VALUES ('금속류', '사료 캔', '사료 캔', 'rule');
INSERT INTO aliases (item_id, alias, alias_lower, source) VALUES ('금속류', '스팸 캔', '스팸 캔', 'rule');
INSERT INTO aliases (item_id, alias, alias_lower, source) VALUES ('금속류', '참치캔', '참치캔', 'rule');
INSERT INTO aliases (item_id, alias, alias_lower, source) VALUES ('금속류', '통조림햄 캔', '통조림햄 캔', 'rule');
INSERT OR REPLACE INTO items (id, name, category, note, steps, confidence, source_url, source_name, source_grade, feature, caution, last_verified, region_variation, official_classification) VALUES ('대형폐기물', '대형폐기물', 'furniture', '· 대형폐기물은 종량제봉투에 담기 어려운 크기의 폐기물(가구, 침구류, 가전제품, 생활용품 등)입니다. ※ 배출방법은 지역별로 차이가 있을 수 있으니, 해당 지방자치단체에서 정하는 방법이 있는 경우에는 해당 방법에 따라 배출하시기 바랍니다. 가까운 분리배출 장소를 확인해보세요. 현재 위치에 가까운 배출장소가 없습니다. 근처의 다른 지역을 검색해보세요. 현', '["대형폐기물은 스티커 발급, 재활용센터 판매, 무상수거서비스를 이용하여 배출합니다. -읍·면·동 주민센터, 인터넷, 모바일 등을 이용하여 대형폐기물 스티커를 구매, 부착하여 배출-재사용이 가능한 제품을 지역 재활용센터에 판매-전기전자제품 대형폐기물의 경우 무상수거서비스(1599-0903) 이용"]', 'high', 'https://www.xn--oy2b29bd3a601b.kr/front/dischargeMethod/dictionaryView.do?niIdx=539', '분리배출.kr (한국폐기물협회·환경부)', 'A', '· 대형폐기물은 종량제봉투에 담기 어려운 크기의 폐기물(가구, 침구류, 가전제품, 생활용품 등)입니다. ※ 배출방법은 지역별로 차이가 있을 수 있으니, 해당 지방자치단체에서 정하는 방법이 있는 경우에는 해당 방법에 따라 배출하시기 바랍니다. 가까운 분리배출 장소를 확인해보세요. 현재 위치에 가까운 배출장소가 없습니다. 근처의 다른 지역을 검색해보세요. 현 위치 배출장소 전체보기 현 지도에서...', '', '2026-05-18', 0, '["대형폐기물"]');
INSERT INTO aliases (item_id, alias, alias_lower, source) VALUES ('대형폐기물', '가구', '가구', 'rule');
INSERT INTO aliases (item_id, alias, alias_lower, source) VALUES ('대형폐기물', '대형가구', '대형가구', 'rule');
INSERT INTO aliases (item_id, alias, alias_lower, source) VALUES ('대형폐기물', '서랍장', '서랍장', 'rule');
INSERT INTO aliases (item_id, alias, alias_lower, source) VALUES ('대형폐기물', '의자', '의자', 'rule');
INSERT INTO aliases (item_id, alias, alias_lower, source) VALUES ('대형폐기물', '장식장', '장식장', 'rule');
INSERT INTO aliases (item_id, alias, alias_lower, source) VALUES ('대형폐기물', '책상', '책상', 'rule');
INSERT INTO aliases (item_id, alias, alias_lower, source) VALUES ('대형폐기물', '책장', '책장', 'rule');
INSERT INTO aliases (item_id, alias, alias_lower, source) VALUES ('대형폐기물', '테이블 프레임', '테이블 프레임', 'rule');
INSERT INTO aliases (item_id, alias, alias_lower, source) VALUES ('대형폐기물', '퍼니처', '퍼니처', 'rule');
INSERT INTO aliases (item_id, alias, alias_lower, source) VALUES ('대형폐기물', '폐가구', '폐가구', 'rule');
INSERT OR REPLACE INTO items (id, name, category, note, steps, confidence, source_url, source_name, source_grade, feature, caution, last_verified, region_variation, official_classification) VALUES ('음식물류폐기물의 수분', '음식물류폐기물의 수분', 'food', '· 음식물류폐기물은 식재료 및 식품의 생산·유통·조리 등의 과정에서 발생하는 쓰레기와 남겨서 버려지는 음식물입니다. · 음식물류폐기물에는 곡식, 채소, 과일껍질, 상한음식, 남은 음식물이 해당됩니다.', '["음식물류폐기물의 수분을 줄이고 이물질을 제거한 후 음식물종량제 방식으로 배출합니다.", "음식물종량제 방식은 전용봉투, 전용칩, 전용스티커, RFID 방식이 있습니다."]', 'high', 'https://www.xn--oy2b29bd3a601b.kr/front/dischargeMethod/dictionaryView.do?niIdx=541', '분리배출.kr (한국폐기물협회·환경부)', 'A', '· 음식물류폐기물은 식재료 및 식품의 생산·유통·조리 등의 과정에서 발생하는 쓰레기와 남겨서 버려지는 음식물입니다. · 음식물류폐기물에는 곡식, 채소, 과일껍질, 상한음식, 남은 음식물이 해당됩니다.', '· 동물의 사료에 적합하지 않거나 기계설비의 고장을 일으킬 수 있는 음식물은 일반종량제폐기물로 배출', '2026-05-18', 0, '["음식물류폐기물"]');
INSERT INTO aliases (item_id, alias, alias_lower, source) VALUES ('음식물류폐기물의 수분', 'food waste moisture', 'food waste moisture', 'rule');
INSERT INTO aliases (item_id, alias, alias_lower, source) VALUES ('음식물류폐기물의 수분', 'food waste water', 'food waste water', 'rule');
INSERT INTO aliases (item_id, alias, alias_lower, source) VALUES ('음식물류폐기물의 수분', '음식물 물', '음식물 물', 'rule');
INSERT INTO aliases (item_id, alias, alias_lower, source) VALUES ('음식물류폐기물의 수분', '음식물 액체', '음식물 액체', 'rule');
INSERT INTO aliases (item_id, alias, alias_lower, source) VALUES ('음식물류폐기물의 수분', '음식물 함유 수분', '음식물 함유 수분', 'rule');
INSERT INTO aliases (item_id, alias, alias_lower, source) VALUES ('음식물류폐기물의 수분', '음식물류 폐기물 물기', '음식물류 폐기물 물기', 'rule');
INSERT INTO aliases (item_id, alias, alias_lower, source) VALUES ('음식물류폐기물의 수분', '음식물류폐기물의수분', '음식물류폐기물의수분', 'rule');
INSERT INTO aliases (item_id, alias, alias_lower, source) VALUES ('음식물류폐기물의 수분', '음식물쓰레기 물기', '음식물쓰레기 물기', 'rule');
INSERT INTO aliases (item_id, alias, alias_lower, source) VALUES ('음식물류폐기물의 수분', '음식물쓰레기 물성분', '음식물쓰레기 물성분', 'rule');
INSERT INTO aliases (item_id, alias, alias_lower, source) VALUES ('음식물류폐기물의 수분', '음식물쓰레기 젖은 정도', '음식물쓰레기 젖은 정도', 'rule');
INSERT INTO aliases (item_id, alias, alias_lower, source) VALUES ('음식물류폐기물의 수분', '음쓰 물', '음쓰 물', 'rule');
INSERT INTO aliases (item_id, alias, alias_lower, source) VALUES ('음식물류폐기물의 수분', '음쓰 물기', '음쓰 물기', 'rule');
INSERT INTO aliases (item_id, alias, alias_lower, source) VALUES ('음식물류폐기물의 수분', '음폐물 수분', '음폐물 수분', 'rule');
INSERT OR REPLACE INTO items (id, name, category, note, steps, confidence, source_url, source_name, source_grade, feature, caution, last_verified, region_variation, official_classification) VALUES ('재활용가능한 것', '재활용가능한 것', 'general', '· 일반종량제폐기물은 휴지, 나무제품, 플라스틱 조각, 고무제품 등 재활용이 어렵고 불에 타는 폐기물입니다. ※ 배출방법은 지역별로 차이가 있을 수 있으니, 해당 지방자치단체에서 정하는 방법이 있는 경우에는 해당 방법에 따라 배출하시기 바랍니다. 가까운 분리배출 장소를 확인해보세요. 현재 위치에 가까운 배출장소가 없습니다. 근처의 다른 지역을 검색해보세요.', '["재활용가능한 것을 최대한 분리한 후 일반가연성종량제봉투에 담아 배출합니다.", "봉투에 담기 어려운 폐기물은 대형폐기물로 배출합니다."]', 'high', 'https://www.xn--oy2b29bd3a601b.kr/front/dischargeMethod/dictionaryView.do?niIdx=542', '분리배출.kr (한국폐기물협회·환경부)', 'A', '· 일반종량제폐기물은 휴지, 나무제품, 플라스틱 조각, 고무제품 등 재활용이 어렵고 불에 타는 폐기물입니다. ※ 배출방법은 지역별로 차이가 있을 수 있으니, 해당 지방자치단체에서 정하는 방법이 있는 경우에는 해당 방법에 따라 배출하시기 바랍니다. 가까운 분리배출 장소를 확인해보세요. 현재 위치에 가까운 배출장소가 없습니다. 근처의 다른 지역을 검색해보세요. 현 위치 배출장소 전체보기 현 지도...', '', '2026-05-18', 0, '["일반폐기물", "일반종량제폐기물", "대형폐기물"]');
INSERT INTO aliases (item_id, alias, alias_lower, source) VALUES ('재활용가능한 것', 'CD', 'cd', 'rule');
INSERT INTO aliases (item_id, alias, alias_lower, source) VALUES ('재활용가능한 것', '가발', '가발', 'rule');
INSERT INTO aliases (item_id, alias, alias_lower, source) VALUES ('재활용가능한 것', '공갈젖꼭지', '공갈젖꼭지', 'rule');
INSERT INTO aliases (item_id, alias, alias_lower, source) VALUES ('재활용가능한 것', '공기청정기 필터', '공기청정기 필터', 'rule');
INSERT INTO aliases (item_id, alias, alias_lower, source) VALUES ('재활용가능한 것', '녹말이쑤시개', '녹말이쑤시개', 'rule');
INSERT INTO aliases (item_id, alias, alias_lower, source) VALUES ('재활용가능한 것', '레진', '레진', 'rule');
INSERT INTO aliases (item_id, alias, alias_lower, source) VALUES ('재활용가능한 것', '명함지갑', '명함지갑', 'rule');
INSERT INTO aliases (item_id, alias, alias_lower, source) VALUES ('재활용가능한 것', '바둑판', '바둑판', 'rule');
INSERT INTO aliases (item_id, alias, alias_lower, source) VALUES ('재활용가능한 것', '보자기', '보자기', 'rule');
INSERT INTO aliases (item_id, alias, alias_lower, source) VALUES ('재활용가능한 것', '쌀 마대자루', '쌀 마대자루', 'rule');
INSERT INTO aliases (item_id, alias, alias_lower, source) VALUES ('재활용가능한 것', '아크릴판', '아크릴판', 'rule');
INSERT INTO aliases (item_id, alias, alias_lower, source) VALUES ('재활용가능한 것', '영양제', '영양제', 'rule');
INSERT INTO aliases (item_id, alias, alias_lower, source) VALUES ('재활용가능한 것', '옥수수 식기', '옥수수 식기', 'rule');
INSERT INTO aliases (item_id, alias, alias_lower, source) VALUES ('재활용가능한 것', '워터댐', '워터댐', 'rule');
INSERT INTO aliases (item_id, alias, alias_lower, source) VALUES ('재활용가능한 것', '은박 접시', '은박 접시', 'rule');
INSERT INTO aliases (item_id, alias, alias_lower, source) VALUES ('재활용가능한 것', '자석교구', '자석교구', 'rule');
INSERT INTO aliases (item_id, alias, alias_lower, source) VALUES ('재활용가능한 것', '재활용가능한것', '재활용가능한것', 'rule');
INSERT INTO aliases (item_id, alias, alias_lower, source) VALUES ('재활용가능한 것', '주사기', '주사기', 'rule');
INSERT INTO aliases (item_id, alias, alias_lower, source) VALUES ('재활용가능한 것', '죽부인', '죽부인', 'rule');
INSERT INTO aliases (item_id, alias, alias_lower, source) VALUES ('재활용가능한 것', '투명 가림막', '투명 가림막', 'rule');
INSERT INTO aliases (item_id, alias, alias_lower, source) VALUES ('재활용가능한 것', '폭죽', '폭죽', 'rule');
INSERT INTO aliases (item_id, alias, alias_lower, source) VALUES ('재활용가능한 것', '폼보드', '폼보드', 'rule');
INSERT OR REPLACE INTO items (id, name, category, note, steps, confidence, source_url, source_name, source_grade, feature, caution, last_verified, region_variation, official_classification) VALUES ('불연성 특수규격마대', '불연성 특수규격마대', 'furniture', '·불연성종량제폐기물은 유리, 벽돌, 내열식기류, 도자기, 연탄재 등 재활용이 어렵고 불에 타지 않는 폐기물입니다.', '["불연성 특수규격마대에 담아 배출하거나, 대형폐기물로 배출합니다※ 연탄재는 지자체 조례에 따라 정하는 배출방법에 따라 배출합니다."]', 'high', 'https://www.xn--oy2b29bd3a601b.kr/front/dischargeMethod/dictionaryView.do?niIdx=543', '분리배출.kr (한국폐기물협회·환경부)', 'A', '·불연성종량제폐기물은 유리, 벽돌, 내열식기류, 도자기, 연탄재 등 재활용이 어렵고 불에 타지 않는 폐기물입니다.', '·특수규격마대는 지자체가 지정한 판매소에서 구매할 수 있음', '2026-05-18', 0, '["일반폐기물", "불연성종량제폐기물", "대형폐기물"]');
INSERT INTO aliases (item_id, alias, alias_lower, source) VALUES ('불연성 특수규격마대', 'Incombustible waste bag', 'incombustible waste bag', 'rule');
INSERT INTO aliases (item_id, alias, alias_lower, source) VALUES ('불연성 특수규격마대', 'Special disposal bag', 'special disposal bag', 'rule');
INSERT INTO aliases (item_id, alias, alias_lower, source) VALUES ('불연성 특수규격마대', '난연성 마대', '난연성 마대', 'rule');
INSERT INTO aliases (item_id, alias, alias_lower, source) VALUES ('불연성 특수규격마대', '단단한 쓰레기 마대', '단단한 쓰레기 마대', 'rule');
INSERT INTO aliases (item_id, alias, alias_lower, source) VALUES ('불연성 특수규격마대', '동사무소 마대', '동사무소 마대', 'rule');
INSERT INTO aliases (item_id, alias, alias_lower, source) VALUES ('불연성 특수규격마대', '마대 봉투', '마대 봉투', 'rule');
INSERT INTO aliases (item_id, alias, alias_lower, source) VALUES ('불연성 특수규격마대', '불연 마대', '불연 마대', 'rule');
INSERT INTO aliases (item_id, alias, alias_lower, source) VALUES ('불연성 특수규격마대', '불연성 폐기물 봉투', '불연성 폐기물 봉투', 'rule');
INSERT INTO aliases (item_id, alias, alias_lower, source) VALUES ('불연성 특수규격마대', '불연성특수규격마대', '불연성특수규격마대', 'rule');
INSERT INTO aliases (item_id, alias, alias_lower, source) VALUES ('불연성 특수규격마대', '연탄재', '연탄재', 'rule');
INSERT INTO aliases (item_id, alias, alias_lower, source) VALUES ('불연성 특수규격마대', '종량제 특수 마대', '종량제 특수 마대', 'rule');
INSERT INTO aliases (item_id, alias, alias_lower, source) VALUES ('불연성 특수규격마대', '타지 않는 쓰레기 봉투', '타지 않는 쓰레기 봉투', 'rule');
INSERT INTO aliases (item_id, alias, alias_lower, source) VALUES ('불연성 특수규격마대', '특수 마대', '특수 마대', 'rule');
INSERT INTO aliases (item_id, alias, alias_lower, source) VALUES ('불연성 특수규격마대', '특수 폐기물 마대', '특수 폐기물 마대', 'rule');
INSERT OR REPLACE INTO items (id, name, category, note, steps, confidence, source_url, source_name, source_grade, feature, caution, last_verified, region_variation, official_classification) VALUES ('공사장 생활폐기물', '공사장 생활폐기물', 'general', '· 공사장 생활폐기물은 리모델링 작업, 인테리어 공사 등의 과정에서 발생하는 폐기물(건설폐재류, 폐목재, 고철, 가연성폐기물 등으로서 5톤 미만인 경우)입니다. ※ 배출방법은 지역별로 차이가 있을 수 있으니, 해당 지방자치단체에서 정하는 방법이 있는 경우에는 해당 방법에 따라 배출하시기 바랍니다. 가까운 분리배출 장소를 확인해보세요. 현재 위치에 가까운 배', '["공사장 생활폐기물은 가연성, 불연성, 재활용가능성에 따라 분리합니다.", "성상에 따라 종량제, 대형폐기물, 재활용 등으로 배출합니다.", "종량제봉투나 대형폐기물로 배출하기 곤란한 경우에는 지자체가 지정한 공공선별장 또는 전문업체에 문의하여 수거를 신청하여 배출합니다. -일반종량제폐기물로 배출: 폐벽지, 소량의 폐합성수지 등 불에 타는 폐기물-불연성종량제폐기물 배출: 폐유리, 폐타일, 폐벽돌 등 불에 타지 않는 건설폐재-대형폐기물로 배출: 싱크대, 가구류(소파 등), 폐목재, 세면대, 변기, 장판 등 대형폐기물-재활용품으로 배출 : 고철, 플라스틱, 종이류 등 재활용"]', 'high', 'https://www.xn--oy2b29bd3a601b.kr/front/dischargeMethod/dictionaryView.do?niIdx=544', '분리배출.kr (한국폐기물협회·환경부)', 'A', '· 공사장 생활폐기물은 리모델링 작업, 인테리어 공사 등의 과정에서 발생하는 폐기물(건설폐재류, 폐목재, 고철, 가연성폐기물 등으로서 5톤 미만인 경우)입니다. ※ 배출방법은 지역별로 차이가 있을 수 있으니, 해당 지방자치단체에서 정하는 방법이 있는 경우에는 해당 방법에 따라 배출하시기 바랍니다. 가까운 분리배출 장소를 확인해보세요. 현재 위치에 가까운 배출장소가 없습니다. 근처의 다른 지역...', '', '2026-05-18', 0, '["공사장 생활폐기물", "일반종량제폐기물", "불연성종량제폐기물"]');
INSERT INTO aliases (item_id, alias, alias_lower, source) VALUES ('공사장 생활폐기물', 'construction waste', 'construction waste', 'rule');
INSERT INTO aliases (item_id, alias, alias_lower, source) VALUES ('공사장 생활폐기물', 'debris', 'debris', 'rule');
INSERT INTO aliases (item_id, alias, alias_lower, source) VALUES ('공사장 생활폐기물', 'renovation waste', 'renovation waste', 'rule');
INSERT INTO aliases (item_id, alias, alias_lower, source) VALUES ('공사장 생활폐기물', '공사쓰레기', '공사쓰레기', 'rule');
INSERT INTO aliases (item_id, alias, alias_lower, source) VALUES ('공사장 생활폐기물', '공사장생활폐기물', '공사장생활폐기물', 'rule');
INSERT INTO aliases (item_id, alias, alias_lower, source) VALUES ('공사장 생활폐기물', '리모델링폐기물', '리모델링폐기물', 'rule');
INSERT INTO aliases (item_id, alias, alias_lower, source) VALUES ('공사장 생활폐기물', '마루', '마루', 'rule');
INSERT INTO aliases (item_id, alias, alias_lower, source) VALUES ('공사장 생활폐기물', '유리창', '유리창', 'rule');
INSERT INTO aliases (item_id, alias, alias_lower, source) VALUES ('공사장 생활폐기물', '인테리어쓰레기', '인테리어쓰레기', 'rule');
INSERT INTO aliases (item_id, alias, alias_lower, source) VALUES ('공사장 생활폐기물', '인테리어폐기물', '인테리어폐기물', 'rule');
INSERT INTO aliases (item_id, alias, alias_lower, source) VALUES ('공사장 생활폐기물', '집수리폐기물', '집수리폐기물', 'rule');
INSERT INTO aliases (item_id, alias, alias_lower, source) VALUES ('공사장 생활폐기물', '철거폐기물', '철거폐기물', 'rule');
INSERT INTO aliases (item_id, alias, alias_lower, source) VALUES ('공사장 생활폐기물', '폐목재', '폐목재', 'rule');
INSERT INTO aliases (item_id, alias, alias_lower, source) VALUES ('공사장 생활폐기물', '폐타일', '폐타일', 'rule');
INSERT OR REPLACE INTO items (id, name, category, note, steps, confidence, source_url, source_name, source_grade, feature, caution, last_verified, region_variation, official_classification) VALUES ('생활계 유해폐기물 전용수거함', '생활계 유해폐기물 전용수거함', 'medicine', '· 생활계 유해폐기물은 폐기물의 배출, 수거 과정에서 외부에 유출되어 사람과 주변환경에 피해를 유발할 수 있는 생활폐기물입니다. ·생활계 유해폐기물은 농약, 페인트, 광택제, 접착제, 의약품, 수은함유폐기물(온도계, 혈압계 등), 천연방사성제품 생활폐기물 등이 해당됩니다.', '["생활계 유해폐기물 전용수거함에 배출합니다. -농약, 페인트,락카, 접착제, 광택제 : 파손으로 인하여 폐기물이 유출되지 않도록 밀봉한 후 전용수거함에 배출-폐의약품 : 약국, 보건소, 주민센터 등 전용수거함에 배출하거나 우정사업본부와 수거계약을 한 지자체는 우체통에 배출(물약 제외)-수은함유폐기물 :", "제품의 파손으로 인하여 수은이 유출되지 않도록 포장한 후 배출-천연방사성생활폐기물 : 생활주변방사선 정보서비스에 문의하여 방사선 측정을 실시하고 지자체에서 정하는 방법에 따라 배출 ·전용수거함이 없는 경우에는 밀봉 등의 조치를 한 후 일반종량제폐기물로 배출합니다."]', 'high', 'https://www.xn--oy2b29bd3a601b.kr/front/dischargeMethod/dictionaryView.do?niIdx=545', '분리배출.kr (한국폐기물협회·환경부)', 'A', '· 생활계 유해폐기물은 폐기물의 배출, 수거 과정에서 외부에 유출되어 사람과 주변환경에 피해를 유발할 수 있는 생활폐기물입니다. ·생활계 유해폐기물은 농약, 페인트, 광택제, 접착제, 의약품, 수은함유폐기물(온도계, 혈압계 등), 천연방사성제품 생활폐기물 등이 해당됩니다.', '', '2026-05-18', 0, '["생활계 유해폐기물", "폐농약", "폐의약품"]');
INSERT INTO aliases (item_id, alias, alias_lower, source) VALUES ('생활계 유해폐기물 전용수거함', 'Hazardous waste bin', 'hazardous waste bin', 'rule');
INSERT INTO aliases (item_id, alias, alias_lower, source) VALUES ('생활계 유해폐기물 전용수거함', 'Medicine disposal box', 'medicine disposal box', 'rule');
INSERT INTO aliases (item_id, alias, alias_lower, source) VALUES ('생활계 유해폐기물 전용수거함', '독성 폐기물 수거함', '독성 폐기물 수거함', 'rule');
INSERT INTO aliases (item_id, alias, alias_lower, source) VALUES ('생활계 유해폐기물 전용수거함', '생활 유해물 수거함', '생활 유해물 수거함', 'rule');
INSERT INTO aliases (item_id, alias, alias_lower, source) VALUES ('생활계 유해폐기물 전용수거함', '생활계유해폐기물전용수거함', '생활계유해폐기물전용수거함', 'rule');
INSERT INTO aliases (item_id, alias, alias_lower, source) VALUES ('생활계 유해폐기물 전용수거함', '약 버리는 통', '약 버리는 통', 'rule');
INSERT INTO aliases (item_id, alias, alias_lower, source) VALUES ('생활계 유해폐기물 전용수거함', '위험 쓰레기통', '위험 쓰레기통', 'rule');
INSERT INTO aliases (item_id, alias, alias_lower, source) VALUES ('생활계 유해폐기물 전용수거함', '유해물 처리함', '유해물 처리함', 'rule');
INSERT INTO aliases (item_id, alias, alias_lower, source) VALUES ('생활계 유해폐기물 전용수거함', '유해물통', '유해물통', 'rule');
INSERT INTO aliases (item_id, alias, alias_lower, source) VALUES ('생활계 유해폐기물 전용수거함', '유해폐기물 수거함', '유해폐기물 수거함', 'rule');
INSERT INTO aliases (item_id, alias, alias_lower, source) VALUES ('생활계 유해폐기물 전용수거함', '특수 폐기물함', '특수 폐기물함', 'rule');
INSERT INTO aliases (item_id, alias, alias_lower, source) VALUES ('생활계 유해폐기물 전용수거함', '폐의약품 수거함', '폐의약품 수거함', 'rule');
INSERT INTO aliases (item_id, alias, alias_lower, source) VALUES ('생활계 유해폐기물 전용수거함', '폐의약품 전용함', '폐의약품 전용함', 'rule');
INSERT OR REPLACE INTO items (id, name, category, note, steps, confidence, source_url, source_name, source_grade, feature, caution, last_verified, region_variation, official_classification) VALUES ('영농폐비닐 및 농약용기', '영농폐비닐 및 농약용기', 'general', '·영농폐기물은 영농폐비닐과 농약 용기입니다. ※ 배출방법은 지역별로 차이가 있을 수 있으니, 해당 지방자치단체에서 정하는 방법이 있는 경우에는 해당 방법에 따라 배출하시기 바랍니다. 가까운 분리배출 장소를 확인해보세요. 현재 위치에 가까운 배출장소가 없습니다. 근처의 다른 지역을 검색해보세요. 현 위치 배출장소 전체보기 현 지도에서 검색 장소 더보기 분리배', '["영농폐비닐 및 농약용기는 지자체 공동집하장에 배출하고 한국환경공단에서 처리합니다. -영농폐비닐은 흙, 자갈, 잡초 등 이물질을 제거한 후 재질별, 색상별로 구분하여 배출 지자체별, 마을별 공동집하장에 배출, 가까운 한국환경공단 운영수거사업소로 운반 가까운 한국환경공단 운영수거사업소로 운반 -농약용기는 농약을 완전히 사용한 후 재질별(유리병, 플라스틱, 비닐, 종이)로 구분하여 그물망 또는 마대 등에 모아 배출 지자체별, 마을별 공동집하장에 배출, 가까운 한국환경공단 운영수거사업소로 운반 농약과 살충제 잔유물은 생활계유해폐기물 배출방법에 따라 처리"]', 'high', 'https://www.xn--oy2b29bd3a601b.kr/front/dischargeMethod/dictionaryView.do?niIdx=546', '분리배출.kr (한국폐기물협회·환경부)', 'A', '·영농폐기물은 영농폐비닐과 농약 용기입니다. ※ 배출방법은 지역별로 차이가 있을 수 있으니, 해당 지방자치단체에서 정하는 방법이 있는 경우에는 해당 방법에 따라 배출하시기 바랍니다. 가까운 분리배출 장소를 확인해보세요. 현재 위치에 가까운 배출장소가 없습니다. 근처의 다른 지역을 검색해보세요. 현 위치 배출장소 전체보기 현 지도에서 검색 장소 더보기 분리배출 장소 선택 배출장소 전체보기 종량...', '', '2026-05-18', 0, '["기타"]');
INSERT INTO aliases (item_id, alias, alias_lower, source) VALUES ('영농폐비닐 및 농약용기', '영농폐비닐및농약용기', '영농폐비닐및농약용기', 'rule');
INSERT OR REPLACE INTO items (id, name, category, note, steps, confidence, source_url, source_name, source_grade, feature, caution, last_verified, region_variation, official_classification) VALUES ('라면 박스', '라면 박스', 'paper', '· 종이의 종류로는 골판지, 백판지, 백상지, 종이팩이 있습니다. · 종이를 배출할 때에는 골판지와 골판지 외 종이류(백판지, 백상지 등)으로 구분하여 배출합니다. · 라면박스는 골판지로 골판지 상자는 별도의 분리배출함(또는 마대)에 배출하거나 끈 등으로 묶어서 배출합니다. · 골판지 상자 등에 부착된 테이프는 제거하여 배출하여 주시기 바라며, 제거하기 어', '["라면 박스는 일반 종이와 구분하여 종이류수거함으로 배출합니다."]', 'high', 'https://www.xn--oy2b29bd3a601b.kr/front/dischargeMethod/dictionaryView.do?niIdx=547', '분리배출.kr (한국폐기물협회·환경부)', 'A', '· 종이의 종류로는 골판지, 백판지, 백상지, 종이팩이 있습니다. · 종이를 배출할 때에는 골판지와 골판지 외 종이류(백판지, 백상지 등)으로 구분하여 배출합니다. · 라면박스는 골판지로 골판지 상자는 별도의 분리배출함(또는 마대)에 배출하거나 끈 등으로 묶어서 배출합니다. · 골판지 상자 등에 부착된 테이프는 제거하여 배출하여 주시기 바라며, 제거하기 어려운 경우에는 칼 등을 이용하여 접선...', '· 상자에 부착된 테이프는 제거한 후 배출', '2026-05-18', 0, '["재활용폐기물", "종이"]');
INSERT INTO aliases (item_id, alias, alias_lower, source) VALUES ('라면 박스', '골판지 박스', '골판지 박스', 'rule');
INSERT INTO aliases (item_id, alias, alias_lower, source) VALUES ('라면 박스', '과자 박스', '과자 박스', 'rule');
INSERT INTO aliases (item_id, alias, alias_lower, source) VALUES ('라면 박스', '까까 상자', '까까 상자', 'rule');
INSERT INTO aliases (item_id, alias, alias_lower, source) VALUES ('라면 박스', '너구리 박스', '너구리 박스', 'rule');
INSERT INTO aliases (item_id, alias, alias_lower, source) VALUES ('라면 박스', '라면박스', '라면박스', 'rule');
INSERT INTO aliases (item_id, alias, alias_lower, source) VALUES ('라면 박스', '신라면 박스', '신라면 박스', 'rule');
INSERT INTO aliases (item_id, alias, alias_lower, source) VALUES ('라면 박스', '종이 박스', '종이 박스', 'rule');
INSERT INTO aliases (item_id, alias, alias_lower, source) VALUES ('라면 박스', '치킨 박스', '치킨 박스', 'rule');
INSERT INTO aliases (item_id, alias, alias_lower, source) VALUES ('라면 박스', '택배 박스', '택배 박스', 'rule');
INSERT INTO aliases (item_id, alias, alias_lower, source) VALUES ('라면 박스', '페이퍼 박스', '페이퍼 박스', 'rule');
INSERT INTO aliases (item_id, alias, alias_lower, source) VALUES ('라면 박스', '포장 상자', '포장 상자', 'rule');
INSERT INTO aliases (item_id, alias, alias_lower, source) VALUES ('라면 박스', '피자박스', '피자박스', 'rule');
INSERT OR REPLACE INTO items (id, name, category, note, steps, confidence, source_url, source_name, source_grade, feature, caution, last_verified, region_variation, official_classification) VALUES ('수첩', '수첩', 'paper', '· 종이의 종류로는 골판지, 백판지, 백상지, 종이팩이 있습니다. · 종이를 배출할 때에는 골판지와 골판지 외 종이류(백판지, 백상지 등)으로 구분하여 배출합니다. · 공책,수첩,노트는 색상과 관계없이 신문지, 백상지 등 기타 종이류와 함께 배출하며, 이때, 비닐 코팅된 종이, 공책의 스프링, 비닐포장지 등은 제거 후 배출합니다.', '["수첩은 종이류 수거함으로 배출합니다."]', 'high', 'https://xn--oy2b29bd3a601b.kr/front/dischargeMethod/index.do', '분리배출.kr (한국폐기물협회·환경부)', 'A', NULL, '· 코팅종이, 금박지, 은박지, 검은색 먹지 등은 제거하여 배출', '2026-05-18', 0, NULL);
INSERT INTO aliases (item_id, alias, alias_lower, source) VALUES ('수첩', '메모수첩', '메모수첩', 'rule');
INSERT INTO aliases (item_id, alias, alias_lower, source) VALUES ('수첩', '미니노트', '미니노트', 'rule');
INSERT INTO aliases (item_id, alias, alias_lower, source) VALUES ('수첩', '수기장', '수기장', 'rule');
INSERT INTO aliases (item_id, alias, alias_lower, source) VALUES ('수첩', '포켓노트', '포켓노트', 'rule');
INSERT INTO aliases (item_id, alias, alias_lower, source) VALUES ('수첩', '필기장', '필기장', 'rule');
INSERT OR REPLACE INTO items (id, name, category, note, steps, confidence, source_url, source_name, source_grade, feature, caution, last_verified, region_variation, official_classification) VALUES ('메모노트', '메모노트', 'paper', '· 크기가 작은 종이는 이물질이 묻어 있지 않은 경우에는 종이류로 배출합니다. · 메모노트와 같이 크기가 작은 종이는 묶음 그대로 배출하거나 낱개로 배출할 때에는 흩날리지 않도록 종이봉투 등에 담거나 신문지 등에 끼워서 종이로 배출할 수 있습니다. ※ 배출방법은 지역별로 차이가 있을 수 있으니, 해당 지방자치단체에서 정하는 방법이 있는 경우에는 해당 방법에', '["메모노트는 종이류 수거함으로 배출합니다."]', 'high', 'https://xn--oy2b29bd3a601b.kr/front/dischargeMethod/index.do', '분리배출.kr (한국폐기물협회·환경부)', 'A', NULL, '', '2026-05-18', 0, NULL);
INSERT INTO aliases (item_id, alias, alias_lower, source) VALUES ('메모노트', '꼬마노트', '꼬마노트', 'rule');
INSERT INTO aliases (item_id, alias, alias_lower, source) VALUES ('메모노트', '끄적노트', '끄적노트', 'rule');
INSERT INTO aliases (item_id, alias, alias_lower, source) VALUES ('메모노트', '낙서장', '낙서장', 'rule');
INSERT INTO aliases (item_id, alias, alias_lower, source) VALUES ('메모노트', '메모패드', '메모패드', 'rule');
INSERT INTO aliases (item_id, alias, alias_lower, source) VALUES ('메모노트', '모닝글로리 노트', '모닝글로리 노트', 'rule');
INSERT INTO aliases (item_id, alias, alias_lower, source) VALUES ('메모노트', '스티키 노트', '스티키 노트', 'rule');
INSERT OR REPLACE INTO items (id, name, category, note, steps, confidence, source_url, source_name, source_grade, feature, caution, last_verified, region_variation, official_classification) VALUES ('떡메모지', '떡메모지', 'paper', '· 크기가 작은 종이는 이물질이 묻어 있지 않은 경우에는 종이류로 배출합니다. · 떡메모지와 같이 크기가 작은 종이는 묶음 그대로 배출하거나 낱개로 배출할 때에는 흩날리지 않도록 종이봉투 등에 담거나 신문지 등에 끼워서 종이로 배출할 수 있습니다. ※ 배출방법은 지역별로 차이가 있을 수 있으니, 해당 지방자치단체에서 정하는 방법이 있는 경우에는 해당 방법에', '["떡메모지는 종이류수거함으로 배출합니다."]', 'high', 'https://www.xn--oy2b29bd3a601b.kr/front/dischargeMethod/dictionaryView.do?niIdx=550', '분리배출.kr (한국폐기물협회·환경부)', 'A', '· 크기가 작은 종이는 이물질이 묻어 있지 않은 경우에는 종이류로 배출합니다. · 떡메모지와 같이 크기가 작은 종이는 묶음 그대로 배출하거나 낱개로 배출할 때에는 흩날리지 않도록 종이봉투 등에 담거나 신문지 등에 끼워서 종이로 배출할 수 있습니다. ※ 배출방법은 지역별로 차이가 있을 수 있으니, 해당 지방자치단체에서 정하는 방법이 있는 경우에는 해당 방법에 따라 배출하시기 바랍니다. 가까운...', '', '2026-05-18', 0, '["재활용폐기물", "종이"]');
INSERT INTO aliases (item_id, alias, alias_lower, source) VALUES ('떡메모지', '떡메', '떡메', 'rule');
INSERT INTO aliases (item_id, alias, alias_lower, source) VALUES ('떡메모지', '메모 블럭', '메모 블럭', 'rule');
INSERT INTO aliases (item_id, alias, alias_lower, source) VALUES ('떡메모지', '메모 블록', '메모 블록', 'rule');
INSERT INTO aliases (item_id, alias, alias_lower, source) VALUES ('떡메모지', '메모지 묶음', '메모지 묶음', 'rule');
INSERT INTO aliases (item_id, alias, alias_lower, source) VALUES ('떡메모지', '문구 메모지', '문구 메모지', 'rule');
INSERT INTO aliases (item_id, alias, alias_lower, source) VALUES ('떡메모지', '블록 메모', '블록 메모', 'rule');
INSERT INTO aliases (item_id, alias, alias_lower, source) VALUES ('떡메모지', '종이 메모', '종이 메모', 'rule');
INSERT INTO aliases (item_id, alias, alias_lower, source) VALUES ('떡메모지', '페이퍼 블록', '페이퍼 블록', 'rule');
INSERT OR REPLACE INTO items (id, name, category, note, steps, confidence, source_url, source_name, source_grade, feature, caution, last_verified, region_variation, official_classification) VALUES ('염색된 정도에 따라 색도화지', '염색된 정도에 따라 색도화지', 'general', '· 일반 종이에 색을 들인 색도화지는 종이류로 배출하면 재활용이 가능합니다. · 다만, 검은색 먹지와 같이 종이의 겉면과 내면이 모두 염색된 종이는 재활용 시 제품 품질에 영향을 미치므로 일반폐기물로 배출하여 주시는 것이 좋습니다. · 이때, 염색 여부를 판단하는 기준은 색도화지를 찢었을 때 내면이 색이 입혀진 경우에는 염색된 종이이며, 내면이 하얀 종이인', '["염색된 정도에 따라 색도화지는 종이류 수거함 또는 종량제봉투로 배출합니다."]', 'high', 'https://www.xn--oy2b29bd3a601b.kr/front/dischargeMethod/dictionaryView.do?niIdx=552', '분리배출.kr (한국폐기물협회·환경부)', 'A', '· 일반 종이에 색을 들인 색도화지는 종이류로 배출하면 재활용이 가능합니다. · 다만, 검은색 먹지와 같이 종이의 겉면과 내면이 모두 염색된 종이는 재활용 시 제품 품질에 영향을 미치므로 일반폐기물로 배출하여 주시는 것이 좋습니다. · 이때, 염색 여부를 판단하는 기준은 색도화지를 찢었을 때 내면이 색이 입혀진 경우에는 염색된 종이이며, 내면이 하얀 종이인 경우에는 염색되지 않은 종이입니다....', '· 겉면과 내면이 모두 염색된 종이는 재활용이 어려우므로 종량제봉투로 배출', '2026-05-18', 0, '["재활용폐기물", "종이", "일반폐기물", "일반종량제폐기물"]');
INSERT INTO aliases (item_id, alias, alias_lower, source) VALUES ('염색된 정도에 따라 색도화지', '그림', '그림', 'rule');
INSERT INTO aliases (item_id, alias, alias_lower, source) VALUES ('염색된 정도에 따라 색도화지', '색종이', '색종이', 'rule');
INSERT INTO aliases (item_id, alias, alias_lower, source) VALUES ('염색된 정도에 따라 색도화지', '색지', '색지', 'rule');
INSERT INTO aliases (item_id, alias, alias_lower, source) VALUES ('염색된 정도에 따라 색도화지', '염색된정도에따라색도화지', '염색된정도에따라색도화지', 'rule');
INSERT INTO aliases (item_id, alias, alias_lower, source) VALUES ('염색된 정도에 따라 색도화지', '한지', '한지', 'rule');
INSERT OR REPLACE INTO items (id, name, category, note, steps, confidence, source_url, source_name, source_grade, feature, caution, last_verified, region_variation, official_classification) VALUES ('염색된 정도에 따라 색지', '염색된 정도에 따라 색지', 'general', '· 일반 종이에 색을 들인 색지는 종이류로 배출하면 재활용이 가능합니다. · 다만, 검은색 먹지와 같이 종이의 겉면과 내면이 모두 염색된 종이는 재활용 시 제품 품질에 영향을 미치므로 일반폐기물로 배출하여 주시는 것이 좋습니다. · 이때, 염색 여부를 판단하는 기준은 색지를 찢었을 때 내면이 색이 입혀진 경우에는 염색된 종이이며, 내면이 하얀 종이인 경우에', '["염색된 정도에 따라 색지는 종이류 수거함 또는 종량제봉투로 배출합니다."]', 'high', 'https://www.xn--oy2b29bd3a601b.kr/front/dischargeMethod/dictionaryView.do?niIdx=553', '분리배출.kr (한국폐기물협회·환경부)', 'A', '· 일반 종이에 색을 들인 색지는 종이류로 배출하면 재활용이 가능합니다. · 다만, 검은색 먹지와 같이 종이의 겉면과 내면이 모두 염색된 종이는 재활용 시 제품 품질에 영향을 미치므로 일반폐기물로 배출하여 주시는 것이 좋습니다. · 이때, 염색 여부를 판단하는 기준은 색지를 찢었을 때 내면이 색이 입혀진 경우에는 염색된 종이이며, 내면이 하얀 종이인 경우에는 염색되지 않은 종이입니다. · 색...', '· 겉면과 내면이 모두 염색된 종이는 재활용이 어려우므로 종량제봉투로 배출', '2026-05-18', 0, '["재활용폐기물", "종이", "일반폐기물", "일반종량제폐기물"]');
INSERT INTO aliases (item_id, alias, alias_lower, source) VALUES ('염색된 정도에 따라 색지', '염색된정도에따라색지', '염색된정도에따라색지', 'rule');
INSERT OR REPLACE INTO items (id, name, category, note, steps, confidence, source_url, source_name, source_grade, feature, caution, last_verified, region_variation, official_classification) VALUES ('백과사전', '백과사전', 'paper', '· 종이의 종류로는 골판지, 백판지, 백상지, 종이팩이 있습니다. · 종이를 배출할 때에는 골판지와 골판지 외 종이류(백판지, 백상지 등)으로 구분하여 배출합니다. · 백과사전은 신문지, 백상지 등 기타 종이류와 함께 배출합니다.', '["백과사전은 종이류 수거함으로 배출합니다."]', 'high', 'https://xn--oy2b29bd3a601b.kr/front/dischargeMethod/index.do', '분리배출.kr (한국폐기물협회·환경부)', 'A', NULL, '· 책을 다량으로 배출할 때에는 끈 등으로 묶은 후 배출', '2026-05-18', 0, NULL);
INSERT INTO aliases (item_id, alias, alias_lower, source) VALUES ('백과사전', 'encyclopedia', 'encyclopedia', 'rule');
INSERT INTO aliases (item_id, alias, alias_lower, source) VALUES ('백과사전', '대백과사전', '대백과사전', 'rule');
INSERT INTO aliases (item_id, alias, alias_lower, source) VALUES ('백과사전', '두산백과', '두산백과', 'rule');
INSERT INTO aliases (item_id, alias, alias_lower, source) VALUES ('백과사전', '레퍼런스북', '레퍼런스북', 'rule');
INSERT INTO aliases (item_id, alias, alias_lower, source) VALUES ('백과사전', '백과', '백과', 'rule');
INSERT INTO aliases (item_id, alias, alias_lower, source) VALUES ('백과사전', '백과사전책', '백과사전책', 'rule');
INSERT INTO aliases (item_id, alias, alias_lower, source) VALUES ('백과사전', '백과책', '백과책', 'rule');
INSERT INTO aliases (item_id, alias, alias_lower, source) VALUES ('백과사전', '브리태니커', '브리태니커', 'rule');
INSERT INTO aliases (item_id, alias, alias_lower, source) VALUES ('백과사전', '사전', '사전', 'rule');
INSERT INTO aliases (item_id, alias, alias_lower, source) VALUES ('백과사전', '어린이 백과', '어린이 백과', 'rule');
INSERT INTO aliases (item_id, alias, alias_lower, source) VALUES ('백과사전', '엔사이클로피디아', '엔사이클로피디아', 'rule');
INSERT INTO aliases (item_id, alias, alias_lower, source) VALUES ('백과사전', '지식사전', '지식사전', 'rule');
INSERT OR REPLACE INTO items (id, name, category, note, steps, confidence, source_url, source_name, source_grade, feature, caution, last_verified, region_variation, official_classification) VALUES ('화구통', '화구통', 'plastic', '· 화구통은 도면이나 그림 등을 휴대하기 위해 만들어진 제품입니다. · 플라스틱 화구통은 PP재질로 플라스틱 수거함으로 배출하고 종이 화구통은 크라프트지 재질로 골판지와 함께 배출합니다.', '["화구통은 재질에 맞게 종이류 수거함, 플라스틱 수거함으로 배출합니다."]', 'high', 'https://www.xn--oy2b29bd3a601b.kr/front/dischargeMethod/dictionaryView.do?niIdx=556', '분리배출.kr (한국폐기물협회·환경부)', 'A', '· 화구통은 도면이나 그림 등을 휴대하기 위해 만들어진 제품입니다. · 플라스틱 화구통은 PP재질로 플라스틱 수거함으로 배출하고 종이 화구통은 크라프트지 재질로 골판지와 함께 배출합니다.', '· 재질에 맞게 배출', '2026-05-18', 0, '["재활용폐기물", "종이", "합성수지 용기류"]');
INSERT INTO aliases (item_id, alias, alias_lower, source) VALUES ('화구통', '그림도구함', '그림도구함', 'rule');
INSERT INTO aliases (item_id, alias, alias_lower, source) VALUES ('화구통', '그림통', '그림통', 'rule');
INSERT INTO aliases (item_id, alias, alias_lower, source) VALUES ('화구통', '미술도구상자', '미술도구상자', 'rule');
INSERT INTO aliases (item_id, alias, alias_lower, source) VALUES ('화구통', '미술상자', '미술상자', 'rule');
INSERT INTO aliases (item_id, alias, alias_lower, source) VALUES ('화구통', '미술용품함', '미술용품함', 'rule');
INSERT INTO aliases (item_id, alias, alias_lower, source) VALUES ('화구통', '미술통', '미술통', 'rule');
INSERT INTO aliases (item_id, alias, alias_lower, source) VALUES ('화구통', '아트박스', '아트박스', 'rule');
INSERT INTO aliases (item_id, alias, alias_lower, source) VALUES ('화구통', '아트케이스', '아트케이스', 'rule');
INSERT INTO aliases (item_id, alias, alias_lower, source) VALUES ('화구통', '종이', '종이', 'rule');
INSERT INTO aliases (item_id, alias, alias_lower, source) VALUES ('화구통', '팔레트박스', '팔레트박스', 'rule');
INSERT INTO aliases (item_id, alias, alias_lower, source) VALUES ('화구통', '플라스틱 화구통', '플라스틱 화구통', 'rule');
INSERT INTO aliases (item_id, alias, alias_lower, source) VALUES ('화구통', '화구함', '화구함', 'rule');
INSERT INTO aliases (item_id, alias, alias_lower, source) VALUES ('화구통', '휴대용 화구통', '휴대용 화구통', 'rule');
INSERT OR REPLACE INTO items (id, name, category, note, steps, confidence, source_url, source_name, source_grade, feature, caution, last_verified, region_variation, official_classification) VALUES ('달력', '달력', 'paper', '· 달력은 종이로 배출하면 재활용이 가능합니다. · 달력의 금속 또는 플라스틱 링은 제거한 후 배출합니다.', '["달력은 종이류 수거함으로 배출합니다."]', 'high', 'https://xn--oy2b29bd3a601b.kr/front/dischargeMethod/index.do', '분리배출.kr (한국폐기물협회·환경부)', 'A', NULL, '· 스프링은 제거한 후 배출', '2026-05-18', 0, NULL);
INSERT INTO aliases (item_id, alias, alias_lower, source) VALUES ('달력', '계획표', '계획표', 'rule');
INSERT INTO aliases (item_id, alias, alias_lower, source) VALUES ('달력', '날짜그림', '날짜그림', 'rule');
INSERT INTO aliases (item_id, alias, alias_lower, source) VALUES ('달력', '날짜책', '날짜책', 'rule');
INSERT INTO aliases (item_id, alias, alias_lower, source) VALUES ('달력', '날짜표', '날짜표', 'rule');
INSERT INTO aliases (item_id, alias, alias_lower, source) VALUES ('달력', '벽걸이달력', '벽걸이달력', 'rule');
INSERT INTO aliases (item_id, alias, alias_lower, source) VALUES ('달력', '역서', '역서', 'rule');
INSERT INTO aliases (item_id, alias, alias_lower, source) VALUES ('달력', '연력', '연력', 'rule');
INSERT INTO aliases (item_id, alias, alias_lower, source) VALUES ('달력', '월력', '월력', 'rule');
INSERT INTO aliases (item_id, alias, alias_lower, source) VALUES ('달력', '일력', '일력', 'rule');
INSERT INTO aliases (item_id, alias, alias_lower, source) VALUES ('달력', '플래너', '플래너', 'rule');
INSERT OR REPLACE INTO items (id, name, category, note, steps, confidence, source_url, source_name, source_grade, feature, caution, last_verified, region_variation, official_classification) VALUES ('황화일', '황화일', 'paper', '· 황화일은 종이(크라프트지)로 제작되며 비닐이 코팅되어 있지 않아 재활용이 가능합니다. · 황화일에 문서를 보관할 수 있도록 하는 금속재질의 책철은 제거 후 배출합니다. ※ 배출방법은 지역별로 차이가 있을 수 있으니, 해당 지방자치단체에서 정하는 방법이 있는 경우에는 해당 방법에 따라 배출하시기 바랍니다. 가까운 분리배출 장소를 확인해보세요. 현재 위치에', '["황화일은 종이류 수거함으로 배출합니다."]', 'high', 'https://www.xn--oy2b29bd3a601b.kr/front/dischargeMethod/dictionaryView.do?niIdx=558', '분리배출.kr (한국폐기물협회·환경부)', 'A', '· 황화일은 종이(크라프트지)로 제작되며 비닐이 코팅되어 있지 않아 재활용이 가능합니다. · 황화일에 문서를 보관할 수 있도록 하는 금속재질의 책철은 제거 후 배출합니다. ※ 배출방법은 지역별로 차이가 있을 수 있으니, 해당 지방자치단체에서 정하는 방법이 있는 경우에는 해당 방법에 따라 배출하시기 바랍니다. 가까운 분리배출 장소를 확인해보세요. 현재 위치에 가까운 배출장소가 없습니다. 근처의...', '', '2026-05-18', 0, '["재활용폐기물", "종이"]');
INSERT INTO aliases (item_id, alias, alias_lower, source) VALUES ('황화일', '정부화일', '정부화일', 'rule');
INSERT OR REPLACE INTO items (id, name, category, note, steps, confidence, source_url, source_name, source_grade, feature, caution, last_verified, region_variation, official_classification) VALUES ('키친타올 심', '키친타올 심', 'paper', '· 키친타올 심은 키친타올을 고정하기 위하여 만들어진 제품으로 강도가 높은 크라프트지를 사용하고 있으며, 종이로 재활용이 가능합니다. · 다만, 동그랗고 부피가 크기 때문에 종이로 배출할 때에는 자르거나 압착하여 평평하게 하여 골판지로 배출합니다. · 종이의 종류로는 골판지, 백판지, 백상지, 종이팩이 있습니다. · 종이는 수거하여 종류별로 분류한 후 각각', '["키친타올 심은 종이류수거함으로 배출합니다."]', 'high', 'https://www.xn--oy2b29bd3a601b.kr/front/dischargeMethod/dictionaryView.do?niIdx=560', '분리배출.kr (한국폐기물협회·환경부)', 'A', '· 키친타올 심은 키친타올을 고정하기 위하여 만들어진 제품으로 강도가 높은 크라프트지를 사용하고 있으며, 종이로 재활용이 가능합니다. · 다만, 동그랗고 부피가 크기 때문에 종이로 배출할 때에는 자르거나 압착하여 평평하게 하여 골판지로 배출합니다. · 종이의 종류로는 골판지, 백판지, 백상지, 종이팩이 있습니다. · 종이는 수거하여 종류별로 분류한 후 각각의 제지공장으로 운반되어 해리, 정선...', '· 평평하게 하여 배출', '2026-05-18', 0, '["재활용폐기물", "종이"]');
INSERT INTO aliases (item_id, alias, alias_lower, source) VALUES ('키친타올 심', '돌돌이 심', '돌돌이 심', 'rule');
INSERT INTO aliases (item_id, alias, alias_lower, source) VALUES ('키친타올 심', '롤 코어', '롤 코어', 'rule');
INSERT INTO aliases (item_id, alias, alias_lower, source) VALUES ('키친타올 심', '종이 롤 심', '종이 롤 심', 'rule');
INSERT INTO aliases (item_id, alias, alias_lower, source) VALUES ('키친타올 심', '종이 원통', '종이 원통', 'rule');
INSERT INTO aliases (item_id, alias, alias_lower, source) VALUES ('키친타올 심', '주방타올 심', '주방타올 심', 'rule');
INSERT INTO aliases (item_id, alias, alias_lower, source) VALUES ('키친타올 심', '지관통', '지관통', 'rule');
INSERT INTO aliases (item_id, alias, alias_lower, source) VALUES ('키친타올 심', '키친심', '키친심', 'rule');
INSERT INTO aliases (item_id, alias, alias_lower, source) VALUES ('키친타올 심', '키친타월 롤 코어', '키친타월 롤 코어', 'rule');
INSERT INTO aliases (item_id, alias, alias_lower, source) VALUES ('키친타올 심', '키친타월 속심', '키친타월 속심', 'rule');
INSERT INTO aliases (item_id, alias, alias_lower, source) VALUES ('키친타올 심', '키친타월 종이심', '키친타월 종이심', 'rule');
INSERT INTO aliases (item_id, alias, alias_lower, source) VALUES ('키친타올 심', '타올심', '타올심', 'rule');
INSERT INTO aliases (item_id, alias, alias_lower, source) VALUES ('키친타올 심', '페이퍼 코어', '페이퍼 코어', 'rule');
INSERT INTO aliases (item_id, alias, alias_lower, source) VALUES ('키친타올 심', '화장지', '화장지', 'rule');
INSERT INTO aliases (item_id, alias, alias_lower, source) VALUES ('키친타올 심', '휴지심', '휴지심', 'rule');
INSERT OR REPLACE INTO items (id, name, category, note, steps, confidence, source_url, source_name, source_grade, feature, caution, last_verified, region_variation, official_classification) VALUES ('깨끗한 치킨박스', '깨끗한 치킨박스', 'paper', '· 종이는 수거하여 종류별로 분류한 후 각각의 제지공장으로 운반되어 해리, 정선, 농축, 고해 과정을 거친 후 펄프와 혼합하여 종이로 재활용하고 있습니다. · 피자박스, 치킨박스 등 음식포장박스는 내용물을 비우고 이물질이 묻지 않았다면 종이류로 배출합니다. · 이물질이 묻은 경우에는 종량제봉투로 배출합니다. ※ 배출방법은 지역별로 차이가 있을 수 있으니,', '["깨끗한 치킨박스는 종이류로 배출합니다."]', 'high', 'https://www.xn--oy2b29bd3a601b.kr/front/dischargeMethod/dictionaryView.do?niIdx=562', '분리배출.kr (한국폐기물협회·환경부)', 'A', '· 종이는 수거하여 종류별로 분류한 후 각각의 제지공장으로 운반되어 해리, 정선, 농축, 고해 과정을 거친 후 펄프와 혼합하여 종이로 재활용하고 있습니다. · 피자박스, 치킨박스 등 음식포장박스는 내용물을 비우고 이물질이 묻지 않았다면 종이류로 배출합니다. · 이물질이 묻은 경우에는 종량제봉투로 배출합니다. ※ 배출방법은 지역별로 차이가 있을 수 있으니, 해당 지방자치단체에서 정하는 방법이...', '', '2026-05-18', 0, '["재활용폐기물", "종이"]');
INSERT INTO aliases (item_id, alias, alias_lower, source) VALUES ('깨끗한 치킨박스', 'BBQ치킨 박스', 'bbq치킨 박스', 'rule');
INSERT INTO aliases (item_id, alias, alias_lower, source) VALUES ('깨끗한 치킨박스', 'chicken box', 'chicken box', 'rule');
INSERT INTO aliases (item_id, alias, alias_lower, source) VALUES ('깨끗한 치킨박스', '교촌치킨 박스', '교촌치킨 박스', 'rule');
INSERT INTO aliases (item_id, alias, alias_lower, source) VALUES ('깨끗한 치킨박스', '깨끗한치킨박스', '깨끗한치킨박스', 'rule');
INSERT INTO aliases (item_id, alias, alias_lower, source) VALUES ('깨끗한 치킨박스', '닭 박스', '닭 박스', 'rule');
INSERT INTO aliases (item_id, alias, alias_lower, source) VALUES ('깨끗한 치킨박스', '배달 치킨 상자', '배달 치킨 상자', 'rule');
INSERT INTO aliases (item_id, alias, alias_lower, source) VALUES ('깨끗한 치킨박스', '빈 치킨 박스', '빈 치킨 박스', 'rule');
INSERT INTO aliases (item_id, alias, alias_lower, source) VALUES ('깨끗한 치킨박스', '종이 치킨 박스', '종이 치킨 박스', 'rule');
INSERT INTO aliases (item_id, alias, alias_lower, source) VALUES ('깨끗한 치킨박스', '치킨 곽', '치킨 곽', 'rule');
INSERT INTO aliases (item_id, alias, alias_lower, source) VALUES ('깨끗한 치킨박스', '치킨 포장 상자', '치킨 포장 상자', 'rule');
INSERT INTO aliases (item_id, alias, alias_lower, source) VALUES ('깨끗한 치킨박스', '치킨통', '치킨통', 'rule');
INSERT INTO aliases (item_id, alias, alias_lower, source) VALUES ('깨끗한 치킨박스', '후라이드 치킨 박스', '후라이드 치킨 박스', 'rule');
INSERT OR REPLACE INTO items (id, name, category, note, steps, confidence, source_url, source_name, source_grade, feature, caution, last_verified, region_variation, official_classification) VALUES ('위생 봉투컵', '위생 봉투컵', 'paper', '· 음수대용 종이컵은 봉투형, 고깔형, 원기둥형 등이 있습니다. · 위생 봉투컵은 종류와 상관없이 압착하여 봉투에 넣거나 한데 묶어서 종이류 수거함으로 배출합니다. ※ 배출방법은 지역별로 차이가 있을 수 있으니, 해당 지방자치단체에서 정하는 방법이 있는 경우에는 해당 방법에 따라 배출하시기 바랍니다. 가까운 분리배출 장소를 확인해보세요. 현재 위치에 가까운', '["위생 봉투컵은 종이류수거함으로 배출합니다."]', 'high', 'https://www.xn--oy2b29bd3a601b.kr/front/dischargeMethod/dictionaryView.do?niIdx=563', '분리배출.kr (한국폐기물협회·환경부)', 'A', '· 음수대용 종이컵은 봉투형, 고깔형, 원기둥형 등이 있습니다. · 위생 봉투컵은 종류와 상관없이 압착하여 봉투에 넣거나 한데 묶어서 종이류 수거함으로 배출합니다. ※ 배출방법은 지역별로 차이가 있을 수 있으니, 해당 지방자치단체에서 정하는 방법이 있는 경우에는 해당 방법에 따라 배출하시기 바랍니다. 가까운 분리배출 장소를 확인해보세요. 현재 위치에 가까운 배출장소가 없습니다. 근처의 다른...', '', '2026-05-18', 0, '["재활용폐기물", "종이"]');
INSERT INTO aliases (item_id, alias, alias_lower, source) VALUES ('위생 봉투컵', '간편컵', '간편컵', 'rule');
INSERT INTO aliases (item_id, alias, alias_lower, source) VALUES ('위생 봉투컵', '봉지컵', '봉지컵', 'rule');
INSERT INTO aliases (item_id, alias, alias_lower, source) VALUES ('위생 봉투컵', '위생 종이컵', '위생 종이컵', 'rule');
INSERT INTO aliases (item_id, alias, alias_lower, source) VALUES ('위생 봉투컵', '위생봉투컵', '위생봉투컵', 'rule');
INSERT INTO aliases (item_id, alias, alias_lower, source) VALUES ('위생 봉투컵', '일회용 봉투컵', '일회용 봉투컵', 'rule');
INSERT INTO aliases (item_id, alias, alias_lower, source) VALUES ('위생 봉투컵', '접이식 종이컵', '접이식 종이컵', 'rule');
INSERT INTO aliases (item_id, alias, alias_lower, source) VALUES ('위생 봉투컵', '종이 봉투컵', '종이 봉투컵', 'rule');
INSERT INTO aliases (item_id, alias, alias_lower, source) VALUES ('위생 봉투컵', '클린컵', '클린컵', 'rule');
INSERT INTO aliases (item_id, alias, alias_lower, source) VALUES ('위생 봉투컵', '파우치컵', '파우치컵', 'rule');
INSERT INTO aliases (item_id, alias, alias_lower, source) VALUES ('위생 봉투컵', '페이퍼 봉투컵', '페이퍼 봉투컵', 'rule');
INSERT INTO aliases (item_id, alias, alias_lower, source) VALUES ('위생 봉투컵', '휴대용 봉투컵', '휴대용 봉투컵', 'rule');
INSERT OR REPLACE INTO items (id, name, category, note, steps, confidence, source_url, source_name, source_grade, feature, caution, last_verified, region_variation, official_classification) VALUES ('꼬깔형 생수컵', '꼬깔형 생수컵', 'paper', '· 음수대용 종이컵은 봉투형, 고깔형, 원기둥형 등이 있습니다. · 꼬깔형 생수컵은 종류와 상관없이 압착하여 봉투에 넣거나 한데 묶어서 종이류 수거함으로 배출합니다. ※ 배출방법은 지역별로 차이가 있을 수 있으니, 해당 지방자치단체에서 정하는 방법이 있는 경우에는 해당 방법에 따라 배출하시기 바랍니다. 가까운 분리배출 장소를 확인해보세요. 현재 위치에 가까', '["꼬깔형 생수컵은 종이류수거함으로 배출합니다."]', 'high', 'https://www.xn--oy2b29bd3a601b.kr/front/dischargeMethod/dictionaryView.do?niIdx=564', '분리배출.kr (한국폐기물협회·환경부)', 'A', '· 음수대용 종이컵은 봉투형, 고깔형, 원기둥형 등이 있습니다. · 꼬깔형 생수컵은 종류와 상관없이 압착하여 봉투에 넣거나 한데 묶어서 종이류 수거함으로 배출합니다. ※ 배출방법은 지역별로 차이가 있을 수 있으니, 해당 지방자치단체에서 정하는 방법이 있는 경우에는 해당 방법에 따라 배출하시기 바랍니다. 가까운 분리배출 장소를 확인해보세요. 현재 위치에 가까운 배출장소가 없습니다. 근처의 다른...', '', '2026-05-18', 0, '["재활용폐기물", "종이"]');
INSERT INTO aliases (item_id, alias, alias_lower, source) VALUES ('꼬깔형 생수컵', '급수대 종이컵', '급수대 종이컵', 'rule');
INSERT INTO aliases (item_id, alias, alias_lower, source) VALUES ('꼬깔형 생수컵', '꼬깔컵', '꼬깔컵', 'rule');
INSERT INTO aliases (item_id, alias, alias_lower, source) VALUES ('꼬깔형 생수컵', '꼬깔형생수컵', '꼬깔형생수컵', 'rule');
INSERT INTO aliases (item_id, alias, alias_lower, source) VALUES ('꼬깔형 생수컵', '디스펜서컵', '디스펜서컵', 'rule');
INSERT INTO aliases (item_id, alias, alias_lower, source) VALUES ('꼬깔형 생수컵', '워터컵', '워터컵', 'rule');
INSERT INTO aliases (item_id, alias, alias_lower, source) VALUES ('꼬깔형 생수컵', '원뿔형 종이컵', '원뿔형 종이컵', 'rule');
INSERT INTO aliases (item_id, alias, alias_lower, source) VALUES ('꼬깔형 생수컵', '위생 봉투컵', '위생 봉투컵', 'rule');
INSERT INTO aliases (item_id, alias, alias_lower, source) VALUES ('꼬깔형 생수컵', '음수대 종이컵', '음수대 종이컵', 'rule');
INSERT INTO aliases (item_id, alias, alias_lower, source) VALUES ('꼬깔형 생수컵', '음수대용 종이컵', '음수대용 종이컵', 'rule');
INSERT INTO aliases (item_id, alias, alias_lower, source) VALUES ('꼬깔형 생수컵', '일회용 생수컵', '일회용 생수컵', 'rule');
INSERT INTO aliases (item_id, alias, alias_lower, source) VALUES ('꼬깔형 생수컵', '정수기 종이컵', '정수기 종이컵', 'rule');
INSERT INTO aliases (item_id, alias, alias_lower, source) VALUES ('꼬깔형 생수컵', '정수기컵', '정수기컵', 'rule');
INSERT INTO aliases (item_id, alias, alias_lower, source) VALUES ('꼬깔형 생수컵', '코니컵', '코니컵', 'rule');
INSERT INTO aliases (item_id, alias, alias_lower, source) VALUES ('꼬깔형 생수컵', '콘컵', '콘컵', 'rule');
INSERT INTO aliases (item_id, alias, alias_lower, source) VALUES ('꼬깔형 생수컵', '페이퍼콘컵', '페이퍼콘컵', 'rule');
INSERT OR REPLACE INTO items (id, name, category, note, steps, confidence, source_url, source_name, source_grade, feature, caution, last_verified, region_variation, official_classification) VALUES ('프라이팬', '프라이팬', 'can', '· 냄비, 프라이팬 등은 대부분 금속으로 제작되어 있어 고철수거함으로 배출합니다. · 손잡이가 플라스틱 등인 경우 소량이며 제품 대부분이 금속 재질이므로 고철수거함으로 배출하면 재활용이 가능합니다. · 금속제품은 재활용 선별장에서 철캔, 알루미늄 캔, 생활철, 스테인리스 등으로 선별하여 제철소로 운반되며 이후 용융 과정을 거쳐 철판, 알루미늄 판 등으로 재', '["프라이팬은 고철 수거함으로 배출합니다."]', 'high', 'https://www.xn--oy2b29bd3a601b.kr/front/dischargeMethod/dictionaryView.do?niIdx=565', '분리배출.kr (한국폐기물협회·환경부)', 'A', '· 냄비, 프라이팬 등은 대부분 금속으로 제작되어 있어 고철수거함으로 배출합니다. · 손잡이가 플라스틱 등인 경우 소량이며 제품 대부분이 금속 재질이므로 고철수거함으로 배출하면 재활용이 가능합니다. · 금속제품은 재활용 선별장에서 철캔, 알루미늄 캔, 생활철, 스테인리스 등으로 선별하여 제철소로 운반되며 이후 용융 과정을 거쳐 철판, 알루미늄 판 등으로 재활용하고 있습니다.', '· 고철 외 다른 재질이 섞인 정도에 따라 고철 수거함 또는 종량제봉투로 배출', '2026-05-18', 0, '["재활용폐기물", "금속류", "고철"]');
INSERT INTO aliases (item_id, alias, alias_lower, source) VALUES ('프라이팬', 'frypan', 'frypan', 'rule');
INSERT INTO aliases (item_id, alias, alias_lower, source) VALUES ('프라이팬', 'pan', 'pan', 'rule');
INSERT INTO aliases (item_id, alias, alias_lower, source) VALUES ('프라이팬', '그리들', '그리들', 'rule');
INSERT INTO aliases (item_id, alias, alias_lower, source) VALUES ('프라이팬', '무쇠팬', '무쇠팬', 'rule');
INSERT INTO aliases (item_id, alias, alias_lower, source) VALUES ('프라이팬', '볶음팬', '볶음팬', 'rule');
INSERT INTO aliases (item_id, alias, alias_lower, source) VALUES ('프라이팬', '스킬렛', '스킬렛', 'rule');
INSERT INTO aliases (item_id, alias, alias_lower, source) VALUES ('프라이팬', '지지미', '지지미', 'rule');
INSERT INTO aliases (item_id, alias, alias_lower, source) VALUES ('프라이팬', '코팅팬', '코팅팬', 'rule');
INSERT INTO aliases (item_id, alias, alias_lower, source) VALUES ('프라이팬', '테팔팬', '테팔팬', 'rule');
INSERT INTO aliases (item_id, alias, alias_lower, source) VALUES ('프라이팬', '프라이', '프라이', 'rule');
INSERT INTO aliases (item_id, alias, alias_lower, source) VALUES ('프라이팬', '해피콜팬', '해피콜팬', 'rule');
INSERT INTO aliases (item_id, alias, alias_lower, source) VALUES ('프라이팬', '후라이펜', '후라이펜', 'rule');
INSERT OR REPLACE INTO items (id, name, category, note, steps, confidence, source_url, source_name, source_grade, feature, caution, last_verified, region_variation, official_classification) VALUES ('무쇠 주물냄비', '무쇠 주물냄비', 'can', '· 무쇠 주물냄비는 주로 철(무쇠)로 제작하고 있습니다. · 금속제품은 재활용 선별장에서 철캔, 알루미늄 캔, 생활철, 스테인리스 등으로 선별하여 제철소로 운반되며 이후 용융 과정을 거쳐 철판, 알루미늄 판 등으로 재활용하고 있습니다. ※ 배출방법은 지역별로 차이가 있을 수 있으니, 해당 지방자치단체에서 정하는 방법이 있는 경우에는 해당 방법에 따라 배출하', '["무쇠 주물냄비는 고철 수거함으로 배출합니다.", "무쇠 주물냄비의 크기, 무게가 커 고철 수거함으로 배출하기 어려운 경우에는 대형폐기물로 배출합니다."]', 'high', 'https://www.xn--oy2b29bd3a601b.kr/front/dischargeMethod/dictionaryView.do?niIdx=566', '분리배출.kr (한국폐기물협회·환경부)', 'A', '· 무쇠 주물냄비는 주로 철(무쇠)로 제작하고 있습니다. · 금속제품은 재활용 선별장에서 철캔, 알루미늄 캔, 생활철, 스테인리스 등으로 선별하여 제철소로 운반되며 이후 용융 과정을 거쳐 철판, 알루미늄 판 등으로 재활용하고 있습니다. ※ 배출방법은 지역별로 차이가 있을 수 있으니, 해당 지방자치단체에서 정하는 방법이 있는 경우에는 해당 방법에 따라 배출하시기 바랍니다. 가까운 분리배출 장소...', '', '2026-05-18', 0, '["재활용폐기물", "금속류", "고철"]');
INSERT INTO aliases (item_id, alias, alias_lower, source) VALUES ('무쇠 주물냄비', '무쇠주물냄비', '무쇠주물냄비', 'rule');
INSERT OR REPLACE INTO items (id, name, category, note, steps, confidence, source_url, source_name, source_grade, feature, caution, last_verified, region_variation, official_classification) VALUES ('스테인리스 솥', '스테인리스 솥', 'can', '· 스테인리스 솥은 금속 단일재질로 재활용이 가능합니다. · 손잡이가 플라스틱인 경우도 있으나 소량이며 제품 대부분이 금속 재질이므로 고철 수거함으로 배출하면 재활용이 가능합니다. · 금속제품은 재활용 선별장에서 철캔, 알루미늄 캔, 생활철, 스테인리스 등으로 선별하여 제철소로 운반되며 이후 용융 과정을 거쳐 철판, 알루미늄 판 등으로 재활용하고 있습니다.', '["스테인리스 솥은 고철 수거함으로 배출합니다.", "스테인리스 솥의 크기, 무게가 커 고철 수거함으로 배출하기 어려운 경우에는 대형폐기물로 배출합니다."]', 'high', 'https://www.xn--oy2b29bd3a601b.kr/front/dischargeMethod/dictionaryView.do?niIdx=567', '분리배출.kr (한국폐기물협회·환경부)', 'A', '· 스테인리스 솥은 금속 단일재질로 재활용이 가능합니다. · 손잡이가 플라스틱인 경우도 있으나 소량이며 제품 대부분이 금속 재질이므로 고철 수거함으로 배출하면 재활용이 가능합니다. · 금속제품은 재활용 선별장에서 철캔, 알루미늄 캔, 생활철, 스테인리스 등으로 선별하여 제철소로 운반되며 이후 용융 과정을 거쳐 철판, 알루미늄 판 등으로 재활용하고 있습니다.', '· 고철 외 다른 재질이 섞인 정도에 따라 고철 수거함 또는 종량제봉투로 배출', '2026-05-18', 0, '["재활용폐기물", "금속류", "고철"]');
INSERT INTO aliases (item_id, alias, alias_lower, source) VALUES ('스테인리스 솥', '곰솥', '곰솥', 'rule');
INSERT INTO aliases (item_id, alias, alias_lower, source) VALUES ('스테인리스 솥', '국솥', '국솥', 'rule');
INSERT INTO aliases (item_id, alias, alias_lower, source) VALUES ('스테인리스 솥', '솥단지', '솥단지', 'rule');
INSERT INTO aliases (item_id, alias, alias_lower, source) VALUES ('스테인리스 솥', '스뎅 냄비', '스뎅 냄비', 'rule');
INSERT INTO aliases (item_id, alias, alias_lower, source) VALUES ('스테인리스 솥', '스뎅 솥', '스뎅 솥', 'rule');
INSERT INTO aliases (item_id, alias, alias_lower, source) VALUES ('스테인리스 솥', '스테인리스 스틸 팟', '스테인리스 스틸 팟', 'rule');
INSERT INTO aliases (item_id, alias, alias_lower, source) VALUES ('스테인리스 솥', '스테인리스 압력솥', '스테인리스 압력솥', 'rule');
INSERT INTO aliases (item_id, alias, alias_lower, source) VALUES ('스테인리스 솥', '스테인리스솥', '스테인리스솥', 'rule');
INSERT INTO aliases (item_id, alias, alias_lower, source) VALUES ('스테인리스 솥', '스텐 냄비', '스텐 냄비', 'rule');
INSERT INTO aliases (item_id, alias, alias_lower, source) VALUES ('스테인리스 솥', '스텐 솥', '스텐 솥', 'rule');
INSERT INTO aliases (item_id, alias, alias_lower, source) VALUES ('스테인리스 솥', '스텐 팟', '스텐 팟', 'rule');
INSERT INTO aliases (item_id, alias, alias_lower, source) VALUES ('스테인리스 솥', '스텐레스 솥', '스텐레스 솥', 'rule');
INSERT OR REPLACE INTO items (id, name, category, note, steps, confidence, source_url, source_name, source_grade, feature, caution, last_verified, region_variation, official_classification) VALUES ('다량의 더블 클립', '다량의 더블 클립', 'can', '· 더블 클립은 금속 단일재질로 재활용이 가능합니다. · 다만, 더블 클립의 크기가 작아 낱개로 배출할 경우 선별시설에서 선별이 어려워 잔재물로 배출되는 경우가 많습니다. · 크기가 작은 고철제품은 낱개로 배출할 경우 종량제봉투로 배출하는 것이 좋으며, 종량제봉투로 배출한 제품은 소각시설로 반입되어 소각처리되며, 이때 반입된 금속성분은 금속분리기에 의해 분', '["다량의 더블 클립은 고철 수거함으로 배출합니다.", "낱개의 더블 클립은 종량제봉투로 배출합니다."]', 'high', 'https://www.xn--oy2b29bd3a601b.kr/front/dischargeMethod/dictionaryView.do?niIdx=568', '분리배출.kr (한국폐기물협회·환경부)', 'A', '· 더블 클립은 금속 단일재질로 재활용이 가능합니다. · 다만, 더블 클립의 크기가 작아 낱개로 배출할 경우 선별시설에서 선별이 어려워 잔재물로 배출되는 경우가 많습니다. · 크기가 작은 고철제품은 낱개로 배출할 경우 종량제봉투로 배출하는 것이 좋으며, 종량제봉투로 배출한 제품은 소각시설로 반입되어 소각처리되며, 이때 반입된 금속성분은 금속분리기에 의해 분리 및 선별되어 고철로 재활용합니다....', '', '2026-05-18', 0, '["재활용폐기물", "금속류", "고철"]');
INSERT INTO aliases (item_id, alias, alias_lower, source) VALUES ('다량의 더블 클립', '금속 집게 많이', '금속 집게 많이', 'rule');
INSERT INTO aliases (item_id, alias, alias_lower, source) VALUES ('다량의 더블 클립', '다량의더블클립', '다량의더블클립', 'rule');
INSERT INTO aliases (item_id, alias, alias_lower, source) VALUES ('다량의 더블 클립', '더블 클립 한 무더기', '더블 클립 한 무더기', 'rule');
INSERT INTO aliases (item_id, alias, alias_lower, source) VALUES ('다량의 더블 클립', '더블클립 뭉치', '더블클립 뭉치', 'rule');
INSERT INTO aliases (item_id, alias, alias_lower, source) VALUES ('다량의 더블 클립', '더블클립 잔뜩', '더블클립 잔뜩', 'rule');
INSERT INTO aliases (item_id, alias, alias_lower, source) VALUES ('다량의 더블 클립', '더블클립스', '더블클립스', 'rule');
INSERT INTO aliases (item_id, alias, alias_lower, source) VALUES ('다량의 더블 클립', '메탈 클립', '메탈 클립', 'rule');
INSERT INTO aliases (item_id, alias, alias_lower, source) VALUES ('다량의 더블 클립', '사무용 집게 묶음', '사무용 집게 묶음', 'rule');
INSERT INTO aliases (item_id, alias, alias_lower, source) VALUES ('다량의 더블 클립', '서류 집게 다수', '서류 집게 다수', 'rule');
INSERT INTO aliases (item_id, alias, alias_lower, source) VALUES ('다량의 더블 클립', '종이 집게 대량', '종이 집게 대량', 'rule');
INSERT INTO aliases (item_id, alias, alias_lower, source) VALUES ('다량의 더블 클립', '집게 클립 여러 개', '집게 클립 여러 개', 'rule');
INSERT INTO aliases (item_id, alias, alias_lower, source) VALUES ('다량의 더블 클립', '클립 무더기', '클립 무더기', 'rule');
INSERT OR REPLACE INTO items (id, name, category, note, steps, confidence, source_url, source_name, source_grade, feature, caution, last_verified, region_variation, official_classification) VALUES ('다량의 옷핀', '다량의 옷핀', 'can', '· 옷핀은 금속 단일재질로 재활용이 가능합니다. · 다만, 옷핀의 크기가 작아 낱개로 배출할 경우 선별시설에서 선별이 어려워 잔재물로 배출되는 경우가 많습니다. · 크기가 작은 고철제품은 낱개로 배출할 경우 종량제봉투로 배출하는 것이 좋으며, 종량제봉투로 배출한 제품은 소각시설로 반입되어 소각처리되며, 이때 반입된 금속성분은 금속분리기에 의해 분리 및 선별', '["다량의 옷핀은 고철 수거함으로 배출합니다.", "낱개의 옷핀은 종량제봉투로 배출합니다."]', 'high', 'https://www.xn--oy2b29bd3a601b.kr/front/dischargeMethod/dictionaryView.do?niIdx=569', '분리배출.kr (한국폐기물협회·환경부)', 'A', '· 옷핀은 금속 단일재질로 재활용이 가능합니다. · 다만, 옷핀의 크기가 작아 낱개로 배출할 경우 선별시설에서 선별이 어려워 잔재물로 배출되는 경우가 많습니다. · 크기가 작은 고철제품은 낱개로 배출할 경우 종량제봉투로 배출하는 것이 좋으며, 종량제봉투로 배출한 제품은 소각시설로 반입되어 소각처리되며, 이때 반입된 금속성분은 금속분리기에 의해 분리 및 선별되어 고철로 재활용합니다. · 다량으...', '', '2026-05-18', 0, '["재활용폐기물", "금속류", "고철"]');
INSERT INTO aliases (item_id, alias, alias_lower, source) VALUES ('다량의 옷핀', 'lots of pins', 'lots of pins', 'rule');
INSERT INTO aliases (item_id, alias, alias_lower, source) VALUES ('다량의 옷핀', 'safety pins', 'safety pins', 'rule');
INSERT INTO aliases (item_id, alias, alias_lower, source) VALUES ('다량의 옷핀', '다량의옷핀', '다량의옷핀', 'rule');
INSERT INTO aliases (item_id, alias, alias_lower, source) VALUES ('다량의 옷핀', '세이프티 핀즈', '세이프티 핀즈', 'rule');
INSERT INTO aliases (item_id, alias, alias_lower, source) VALUES ('다량의 옷핀', '수많은 옷핀', '수많은 옷핀', 'rule');
INSERT INTO aliases (item_id, alias, alias_lower, source) VALUES ('다량의 옷핀', '안전핀 뭉치', '안전핀 뭉치', 'rule');
INSERT INTO aliases (item_id, alias, alias_lower, source) VALUES ('다량의 옷핀', '옷핀 무더기', '옷핀 무더기', 'rule');
INSERT INTO aliases (item_id, alias, alias_lower, source) VALUES ('다량의 옷핀', '옷핀 한가득', '옷핀 한가득', 'rule');
INSERT INTO aliases (item_id, alias, alias_lower, source) VALUES ('다량의 옷핀', '옷핀들', '옷핀들', 'rule');
INSERT INTO aliases (item_id, alias, alias_lower, source) VALUES ('다량의 옷핀', '핀 다발', '핀 다발', 'rule');
INSERT INTO aliases (item_id, alias, alias_lower, source) VALUES ('다량의 옷핀', '핀 덩어리', '핀 덩어리', 'rule');
INSERT INTO aliases (item_id, alias, alias_lower, source) VALUES ('다량의 옷핀', '핀 잔뜩', '핀 잔뜩', 'rule');
INSERT INTO aliases (item_id, alias, alias_lower, source) VALUES ('다량의 옷핀', '핀떼기', '핀떼기', 'rule');
INSERT OR REPLACE INTO items (id, name, category, note, steps, confidence, source_url, source_name, source_grade, feature, caution, last_verified, region_variation, official_classification) VALUES ('커튼봉', '커튼봉', 'plastic', '· 커튼봉은 금속, 플라스틱, 목재 등이 혼합된 복합재질 제품으로 재활용이 어렵습니다. · 금속, 플라스틱 등 단일재질로 분리가 가능한 경우에는 각각 분리하여 금속은 고철 수거함에 배출하고, 플라스틱은 재활용품으로, 목재는 일반쓰레기로 배출합니다. · 재질별로 분리하기 어려운 제품은 종량제봉투로 배출하거나 크기가 큰 제품인 경우 대형폐기물로 배출합니다.', '["커튼봉은 분리한 후 재질에 맞게 고철 수거함, 플라스틱 수거함 등으로 배출합니다.", "재질별 분리가 어려운 경우에는 종량제봉투로 배출합니다.", "크기가 크거나 무게가 무거운 제품은 대형폐기물로 배출합니다."]', 'high', 'https://www.xn--oy2b29bd3a601b.kr/front/dischargeMethod/dictionaryView.do?niIdx=572', '분리배출.kr (한국폐기물협회·환경부)', 'A', '· 커튼봉은 금속, 플라스틱, 목재 등이 혼합된 복합재질 제품으로 재활용이 어렵습니다. · 금속, 플라스틱 등 단일재질로 분리가 가능한 경우에는 각각 분리하여 금속은 고철 수거함에 배출하고, 플라스틱은 재활용품으로, 목재는 일반쓰레기로 배출합니다. · 재질별로 분리하기 어려운 제품은 종량제봉투로 배출하거나 크기가 큰 제품인 경우 대형폐기물로 배출합니다.', '· 재질별로 분리가 가능하다면 가급적 분리한 후 재질에 맞게 배출', '2026-05-18', 0, '["재활용폐기물", "금속류", "고철", "합성수지 용기류"]');
INSERT INTO aliases (item_id, alias, alias_lower, source) VALUES ('커튼봉', '다이소 커튼봉', '다이소 커튼봉', 'rule');
INSERT INTO aliases (item_id, alias, alias_lower, source) VALUES ('커튼봉', '드레이퍼리 로드', '드레이퍼리 로드', 'rule');
INSERT INTO aliases (item_id, alias, alias_lower, source) VALUES ('커튼봉', '이케아 커튼봉', '이케아 커튼봉', 'rule');
INSERT INTO aliases (item_id, alias, alias_lower, source) VALUES ('커튼봉', '창문 막대기', '창문 막대기', 'rule');
INSERT INTO aliases (item_id, alias, alias_lower, source) VALUES ('커튼봉', '창문 커튼봉', '창문 커튼봉', 'rule');
INSERT INTO aliases (item_id, alias, alias_lower, source) VALUES ('커튼봉', '커봉', '커봉', 'rule');
INSERT INTO aliases (item_id, alias, alias_lower, source) VALUES ('커튼봉', '커튼 로드', '커튼 로드', 'rule');
INSERT INTO aliases (item_id, alias, alias_lower, source) VALUES ('커튼봉', '커튼 막대', '커튼 막대', 'rule');
INSERT INTO aliases (item_id, alias, alias_lower, source) VALUES ('커튼봉', '커튼 지지대', '커튼 지지대', 'rule');
INSERT INTO aliases (item_id, alias, alias_lower, source) VALUES ('커튼봉', '커튼 폴', '커튼 폴', 'rule');
INSERT INTO aliases (item_id, alias, alias_lower, source) VALUES ('커튼봉', '커튼대', '커튼대', 'rule');
INSERT INTO aliases (item_id, alias, alias_lower, source) VALUES ('커튼봉', '플라스틱 커튼봉', '플라스틱 커튼봉', 'rule');
INSERT OR REPLACE INTO items (id, name, category, note, steps, confidence, source_url, source_name, source_grade, feature, caution, last_verified, region_variation, official_classification) VALUES ('역기', '역기', 'furniture', '· 역기는 역기봉과 바벨로 구성된 제품입니다. · 제품이 대부분 크고 무거우므로 대형폐기물로 배출합니다. ※ 배출방법은 지역별로 차이가 있을 수 있으니, 해당 지방자치단체에서 정하는 방법이 있는 경우에는 해당 방법에 따라 배출하시기 바랍니다. 가까운 분리배출 장소를 확인해보세요. 현재 위치에 가까운 배출장소가 없습니다. 근처의 다른 지역을 검색해보세요. 현', '["역기는 대형폐기물로 배출합니다."]', 'high', 'https://www.xn--oy2b29bd3a601b.kr/front/dischargeMethod/dictionaryView.do?niIdx=573', '분리배출.kr (한국폐기물협회·환경부)', 'A', '· 역기는 역기봉과 바벨로 구성된 제품입니다. · 제품이 대부분 크고 무거우므로 대형폐기물로 배출합니다. ※ 배출방법은 지역별로 차이가 있을 수 있으니, 해당 지방자치단체에서 정하는 방법이 있는 경우에는 해당 방법에 따라 배출하시기 바랍니다. 가까운 분리배출 장소를 확인해보세요. 현재 위치에 가까운 배출장소가 없습니다. 근처의 다른 지역을 검색해보세요. 현 위치 배출장소 전체보기 현 지도에서...', '', '2026-05-18', 0, '["대형폐기물"]');
INSERT INTO aliases (item_id, alias, alias_lower, source) VALUES ('역기', '근력봉', '근력봉', 'rule');
INSERT INTO aliases (item_id, alias, alias_lower, source) VALUES ('역기', '무게봉', '무게봉', 'rule');
INSERT INTO aliases (item_id, alias, alias_lower, source) VALUES ('역기', '바벨', '바벨', 'rule');
INSERT INTO aliases (item_id, alias, alias_lower, source) VALUES ('역기', '바벨바', '바벨바', 'rule');
INSERT INTO aliases (item_id, alias, alias_lower, source) VALUES ('역기', '아령(덤벨)', '아령(덤벨)', 'rule');
INSERT INTO aliases (item_id, alias, alias_lower, source) VALUES ('역기', '역도봉', '역도봉', 'rule');
INSERT INTO aliases (item_id, alias, alias_lower, source) VALUES ('역기', '운동봉', '운동봉', 'rule');
INSERT INTO aliases (item_id, alias, alias_lower, source) VALUES ('역기', '웨이트봉', '웨이트봉', 'rule');
INSERT INTO aliases (item_id, alias, alias_lower, source) VALUES ('역기', '중량봉', '중량봉', 'rule');
INSERT INTO aliases (item_id, alias, alias_lower, source) VALUES ('역기', '프리웨이트 봉', '프리웨이트 봉', 'rule');
INSERT INTO aliases (item_id, alias, alias_lower, source) VALUES ('역기', '헬스봉', '헬스봉', 'rule');
INSERT INTO aliases (item_id, alias, alias_lower, source) VALUES ('역기', '홈트 봉', '홈트 봉', 'rule');
INSERT OR REPLACE INTO items (id, name, category, note, steps, confidence, source_url, source_name, source_grade, feature, caution, last_verified, region_variation, official_classification) VALUES ('벤치프레스', '벤치프레스', 'furniture', '· 벤치프레스는 의자와 역기로 구성된 제품입니다. · 제품이 대부분 크고 무거우므로 대형폐기물로 배출합니다. ※ 배출방법은 지역별로 차이가 있을 수 있으니, 해당 지방자치단체에서 정하는 방법이 있는 경우에는 해당 방법에 따라 배출하시기 바랍니다. 가까운 분리배출 장소를 확인해보세요. 현재 위치에 가까운 배출장소가 없습니다. 근처의 다른 지역을 검색해보세요.', '["벤치프레스는 대형폐기물로 배출합니다."]', 'high', 'https://www.xn--oy2b29bd3a601b.kr/front/dischargeMethod/dictionaryView.do?niIdx=574', '분리배출.kr (한국폐기물협회·환경부)', 'A', '· 벤치프레스는 의자와 역기로 구성된 제품입니다. · 제품이 대부분 크고 무거우므로 대형폐기물로 배출합니다. ※ 배출방법은 지역별로 차이가 있을 수 있으니, 해당 지방자치단체에서 정하는 방법이 있는 경우에는 해당 방법에 따라 배출하시기 바랍니다. 가까운 분리배출 장소를 확인해보세요. 현재 위치에 가까운 배출장소가 없습니다. 근처의 다른 지역을 검색해보세요. 현 위치 배출장소 전체보기 현 지도...', '', '2026-05-18', 0, '["대형폐기물"]');
INSERT INTO aliases (item_id, alias, alias_lower, source) VALUES ('벤치프레스', '가슴근육운동기', '가슴근육운동기', 'rule');
INSERT INTO aliases (item_id, alias, alias_lower, source) VALUES ('벤치프레스', '가슴운동기구', '가슴운동기구', 'rule');
INSERT INTO aliases (item_id, alias, alias_lower, source) VALUES ('벤치프레스', '근력운동벤치', '근력운동벤치', 'rule');
INSERT INTO aliases (item_id, alias, alias_lower, source) VALUES ('벤치프레스', '덤벨벤치', '덤벨벤치', 'rule');
INSERT INTO aliases (item_id, alias, alias_lower, source) VALUES ('벤치프레스', '바벨벤치', '바벨벤치', 'rule');
INSERT INTO aliases (item_id, alias, alias_lower, source) VALUES ('벤치프레스', '벤치프레스 머신', '벤치프레스 머신', 'rule');
INSERT INTO aliases (item_id, alias, alias_lower, source) VALUES ('벤치프레스', '벤프', '벤프', 'rule');
INSERT INTO aliases (item_id, alias, alias_lower, source) VALUES ('벤치프레스', '운동용 벤치', '운동용 벤치', 'rule');
INSERT INTO aliases (item_id, alias, alias_lower, source) VALUES ('벤치프레스', '웨이트벤치', '웨이트벤치', 'rule');
INSERT INTO aliases (item_id, alias, alias_lower, source) VALUES ('벤치프레스', '프레스벤치', '프레스벤치', 'rule');
INSERT INTO aliases (item_id, alias, alias_lower, source) VALUES ('벤치프레스', '헬스벤치', '헬스벤치', 'rule');
INSERT INTO aliases (item_id, alias, alias_lower, source) VALUES ('벤치프레스', '홈트벤치', '홈트벤치', 'rule');
INSERT OR REPLACE INTO items (id, name, category, note, steps, confidence, source_url, source_name, source_grade, feature, caution, last_verified, region_variation, official_classification) VALUES ('연결관의 재질', '연결관의 재질', 'general', '· 연결관은 스테인리스 강관이나 동관, PVC 등으로 제작하고 있습니다. · 금속재질의 연결관은 가급적 부피를 최소화한 후 이물질을 제거하여 고철수거함으로 배출하여 주시면 재활용이 가능합니다. · 플라스틱 관 또는 다양한 재질이 혼합된 복합재질 제품은 재활용이 어렵습니다. ※ 배출방법은 지역별로 차이가 있을 수 있으니, 해당 지방자치단체에서 정하는 방법이', '["연결관의 재질이 금속 단일재질인 경우에는 고철 수거함으로 배출합니다.", "연결관이 플라스틱, 고무 등 다양한 재질이 혼합된 경우에는 종량제봉투로 배출합니다."]', 'high', 'https://www.xn--oy2b29bd3a601b.kr/front/dischargeMethod/dictionaryView.do?niIdx=575', '분리배출.kr (한국폐기물협회·환경부)', 'A', '· 연결관은 스테인리스 강관이나 동관, PVC 등으로 제작하고 있습니다. · 금속재질의 연결관은 가급적 부피를 최소화한 후 이물질을 제거하여 고철수거함으로 배출하여 주시면 재활용이 가능합니다. · 플라스틱 관 또는 다양한 재질이 혼합된 복합재질 제품은 재활용이 어렵습니다. ※ 배출방법은 지역별로 차이가 있을 수 있으니, 해당 지방자치단체에서 정하는 방법이 있는 경우에는 해당 방법에 따라 배출...', '', '2026-05-18', 0, '["재활용폐기물", "금속류", "고철", "일반폐기물", "일반종량제폐기물"]');
INSERT INTO aliases (item_id, alias, alias_lower, source) VALUES ('연결관의 재질', '연결관의재질', '연결관의재질', 'rule');
INSERT OR REPLACE INTO items (id, name, category, note, steps, confidence, source_url, source_name, source_grade, feature, caution, last_verified, region_variation, official_classification) VALUES ('수도꼭지의 재질', '수도꼭지의 재질', 'general', '· 수도꼭지는 금속, 플라스틱, 고무 등이 혼합된 복합재질 제품입니다. · 가급적 재질에 맞게 분리하여 배출하고 분리가 어려운 경우에는 일반쓰레기로 배출합니다. ※ 배출방법은 지역별로 차이가 있을 수 있으니, 해당 지방자치단체에서 정하는 방법이 있는 경우에는 해당 방법에 따라 배출하시기 바랍니다. 가까운 분리배출 장소를 확인해보세요. 현재 위치에 가까운 배', '["수도꼭지의 재질이 금속 단일재질인 경우에는 고철 수거함으로 배출합니다.", "수도꼭지가 플라스틱, 고무 등 다양한 재질이 혼합된 경우에는 종량제봉투로 배출합니다."]', 'high', 'https://www.xn--oy2b29bd3a601b.kr/front/dischargeMethod/dictionaryView.do?niIdx=576', '분리배출.kr (한국폐기물협회·환경부)', 'A', '· 수도꼭지는 금속, 플라스틱, 고무 등이 혼합된 복합재질 제품입니다. · 가급적 재질에 맞게 분리하여 배출하고 분리가 어려운 경우에는 일반쓰레기로 배출합니다. ※ 배출방법은 지역별로 차이가 있을 수 있으니, 해당 지방자치단체에서 정하는 방법이 있는 경우에는 해당 방법에 따라 배출하시기 바랍니다. 가까운 분리배출 장소를 확인해보세요. 현재 위치에 가까운 배출장소가 없습니다. 근처의 다른 지역...', '', '2026-05-18', 0, '["재활용폐기물", "금속류", "고철", "일반폐기물", "일반종량제폐기물"]');
INSERT INTO aliases (item_id, alias, alias_lower, source) VALUES ('수도꼭지의 재질', 'pvc배관', 'pvc배관', 'rule');
INSERT INTO aliases (item_id, alias, alias_lower, source) VALUES ('수도꼭지의 재질', '배수구 트랩', '배수구 트랩', 'rule');
INSERT INTO aliases (item_id, alias, alias_lower, source) VALUES ('수도꼭지의 재질', '수도꼭지의재질', '수도꼭지의재질', 'rule');
INSERT INTO aliases (item_id, alias, alias_lower, source) VALUES ('수도꼭지의 재질', '수도배관', '수도배관', 'rule');
INSERT INTO aliases (item_id, alias, alias_lower, source) VALUES ('수도꼭지의 재질', '수전', '수전', 'rule');
INSERT INTO aliases (item_id, alias, alias_lower, source) VALUES ('수도꼭지의 재질', '연결관', '연결관', 'rule');
INSERT OR REPLACE INTO items (id, name, category, note, steps, confidence, source_url, source_name, source_grade, feature, caution, last_verified, region_variation, official_classification) VALUES ('욕실 코너선반', '욕실 코너선반', 'plastic', '· 욕실에 설치하는 코너선반은 플라스틱, 스테인리스 등으로 제작하고 있으며, 종류에 따라 크기가 다양합니다. · 스테인리스 재질의 코너선반은 고철 수거함으로 배출하고 플라스틱 재질은 플라스틱 수거함으로 배출합니다. · 재질별로 분리하기 어려운 제품은 종량제봉투로 배출하거나 크기가 큰 제품인 경우 대형폐기물로 배출합니다.', '["욕실 코너선반은 재질에 맞게 분리한 후 전용수거함으로 배출합니다.", "욕실 코너선반이 플라스틱, 목재 등 다양한 재질이 혼합된 경우에는 종량제봉투로 배출합니다.", "크기가 크거나 무게가 무거운 제품은 대형폐기물로 배출합니다."]', 'high', 'https://www.xn--oy2b29bd3a601b.kr/front/dischargeMethod/dictionaryView.do?niIdx=577', '분리배출.kr (한국폐기물협회·환경부)', 'A', '· 욕실에 설치하는 코너선반은 플라스틱, 스테인리스 등으로 제작하고 있으며, 종류에 따라 크기가 다양합니다. · 스테인리스 재질의 코너선반은 고철 수거함으로 배출하고 플라스틱 재질은 플라스틱 수거함으로 배출합니다. · 재질별로 분리하기 어려운 제품은 종량제봉투로 배출하거나 크기가 큰 제품인 경우 대형폐기물로 배출합니다.', '· 단일재질 제품이더라도 크기가 큰 제품은 대형폐기물로 배출', '2026-05-18', 0, '["재활용폐기물", "금속류", "고철", "합성수지 용기류"]');
INSERT INTO aliases (item_id, alias, alias_lower, source) VALUES ('욕실 코너선반', '다용도 코너 선반', '다용도 코너 선반', 'rule');
INSERT INTO aliases (item_id, alias, alias_lower, source) VALUES ('욕실 코너선반', '배스룸 코너 셸프', '배스룸 코너 셸프', 'rule');
INSERT INTO aliases (item_id, alias, alias_lower, source) VALUES ('욕실 코너선반', '벽걸이 코너 선반', '벽걸이 코너 선반', 'rule');
INSERT INTO aliases (item_id, alias, alias_lower, source) VALUES ('욕실 코너선반', '샤워 캐디', '샤워 캐디', 'rule');
INSERT INTO aliases (item_id, alias, alias_lower, source) VALUES ('욕실 코너선반', '샤워실 코너 수납대', '샤워실 코너 수납대', 'rule');
INSERT INTO aliases (item_id, alias, alias_lower, source) VALUES ('욕실 코너선반', '욕실 모서리 선반', '욕실 모서리 선반', 'rule');
INSERT INTO aliases (item_id, alias, alias_lower, source) VALUES ('욕실 코너선반', '욕실 코너 받침대', '욕실 코너 받침대', 'rule');
INSERT INTO aliases (item_id, alias, alias_lower, source) VALUES ('욕실 코너선반', '욕실 코너 진열대', '욕실 코너 진열대', 'rule');
INSERT INTO aliases (item_id, alias, alias_lower, source) VALUES ('욕실 코너선반', '욕실코너선반', '욕실코너선반', 'rule');
INSERT INTO aliases (item_id, alias, alias_lower, source) VALUES ('욕실 코너선반', '코너 랙', '코너 랙', 'rule');
INSERT INTO aliases (item_id, alias, alias_lower, source) VALUES ('욕실 코너선반', '코너 수납 선반', '코너 수납 선반', 'rule');
INSERT INTO aliases (item_id, alias, alias_lower, source) VALUES ('욕실 코너선반', '화장실 코너 정리대', '화장실 코너 정리대', 'rule');
INSERT INTO aliases (item_id, alias, alias_lower, source) VALUES ('욕실 코너선반', '흡착식 코너 선반', '흡착식 코너 선반', 'rule');
INSERT OR REPLACE INTO items (id, name, category, note, steps, confidence, source_url, source_name, source_grade, feature, caution, last_verified, region_variation, official_classification) VALUES ('그릴팬', '그릴팬', 'can', '· 그릴팬은 스테인리스, 무쇠 등으로 제작됩니다. · 손잡이가 플라스틱, 나무 등인 경우 소량이며 제품 대부분이 금속 재질이므로 고철 수거함으로 배출하면 재활용이 가능합니다. · 금속제품은 재활용 선별장에서 철캔, 알루미늄 캔, 생활철, 스테인리스 등으로 선별하여 제철소로 운반되며 이후 용융 과정을 거쳐 철판, 알루미늄 판 등으로 재활용하고 있습니다.', '["그릴팬은 고철 수거함으로 배출합니다."]', 'high', 'https://www.xn--oy2b29bd3a601b.kr/front/dischargeMethod/dictionaryView.do?niIdx=578', '분리배출.kr (한국폐기물협회·환경부)', 'A', '· 그릴팬은 스테인리스, 무쇠 등으로 제작됩니다. · 손잡이가 플라스틱, 나무 등인 경우 소량이며 제품 대부분이 금속 재질이므로 고철 수거함으로 배출하면 재활용이 가능합니다. · 금속제품은 재활용 선별장에서 철캔, 알루미늄 캔, 생활철, 스테인리스 등으로 선별하여 제철소로 운반되며 이후 용융 과정을 거쳐 철판, 알루미늄 판 등으로 재활용하고 있습니다.', '· 이물질을 제거한 후 배출', '2026-05-18', 0, '["재활용폐기물", "금속류", "고철"]');
INSERT INTO aliases (item_id, alias, alias_lower, source) VALUES ('그릴팬', 'grill', 'grill', 'rule');
INSERT INTO aliases (item_id, alias, alias_lower, source) VALUES ('그릴팬', 'grill pan', 'grill pan', 'rule');
INSERT INTO aliases (item_id, alias, alias_lower, source) VALUES ('그릴팬', '구이판', '구이판', 'rule');
INSERT INTO aliases (item_id, alias, alias_lower, source) VALUES ('그릴팬', '르크루제 그릴', '르크루제 그릴', 'rule');
INSERT INTO aliases (item_id, alias, alias_lower, source) VALUES ('그릴팬', '스테이크팬', '스테이크팬', 'rule');
INSERT INTO aliases (item_id, alias, alias_lower, source) VALUES ('그릴팬', '양면팬', '양면팬', 'rule');
INSERT INTO aliases (item_id, alias, alias_lower, source) VALUES ('그릴팬', '캐스트 아이언 팬', '캐스트 아이언 팬', 'rule');
INSERT INTO aliases (item_id, alias, alias_lower, source) VALUES ('그릴팬', '해피콜 그릴팬', '해피콜 그릴팬', 'rule');
INSERT OR REPLACE INTO items (id, name, category, note, steps, confidence, source_url, source_name, source_grade, feature, caution, last_verified, region_variation, official_classification) VALUES ('안전가드의 재질', '안전가드의 재질', 'furniture', '· 안전가드는 낙상 방지를 위해 침대에 설치하는 제품입니다. · 금속 단일재질로 되어 있는 경우에는 고철 수거함으로 배출합니다. · 크기가 큰 경우에는 대형폐기물로 배출합니다.', '["안전가드의 재질이 금속 단일재질인 경우에는 고철 수거함으로 배출합니다.", "크기가 크거나 무게가 무거운 제품은 대형폐기물로 배출합니다."]', 'high', 'https://www.xn--oy2b29bd3a601b.kr/front/dischargeMethod/dictionaryView.do?niIdx=579', '분리배출.kr (한국폐기물협회·환경부)', 'A', '· 안전가드는 낙상 방지를 위해 침대에 설치하는 제품입니다. · 금속 단일재질로 되어 있는 경우에는 고철 수거함으로 배출합니다. · 크기가 큰 경우에는 대형폐기물로 배출합니다.', '· 단일재질 제품이더라도 크기가 큰 제품은 대형폐기물로 배출', '2026-05-18', 0, '["재활용폐기물", "금속류", "고철", "대형폐기물"]');
INSERT INTO aliases (item_id, alias, alias_lower, source) VALUES ('안전가드의 재질', 'Guard material', 'guard material', 'rule');
INSERT INTO aliases (item_id, alias, alias_lower, source) VALUES ('안전가드의 재질', 'Material of safety guard', 'material of safety guard', 'rule');
INSERT INTO aliases (item_id, alias, alias_lower, source) VALUES ('안전가드의 재질', 'Safeguard material', 'safeguard material', 'rule');
INSERT INTO aliases (item_id, alias, alias_lower, source) VALUES ('안전가드의 재질', 'Safety guard material', 'safety guard material', 'rule');
INSERT INTO aliases (item_id, alias, alias_lower, source) VALUES ('안전가드의 재질', '가드 재질', '가드 재질', 'rule');
INSERT INTO aliases (item_id, alias, alias_lower, source) VALUES ('안전가드의 재질', '보호가드 재질', '보호가드 재질', 'rule');
INSERT INTO aliases (item_id, alias, alias_lower, source) VALUES ('안전가드의 재질', '보호대 재질', '보호대 재질', 'rule');
INSERT INTO aliases (item_id, alias, alias_lower, source) VALUES ('안전가드의 재질', '안전 재질', '안전 재질', 'rule');
INSERT INTO aliases (item_id, alias, alias_lower, source) VALUES ('안전가드의 재질', '안전가드 소재', '안전가드 소재', 'rule');
INSERT INTO aliases (item_id, alias, alias_lower, source) VALUES ('안전가드의 재질', '안전가드 재료', '안전가드 재료', 'rule');
INSERT INTO aliases (item_id, alias, alias_lower, source) VALUES ('안전가드의 재질', '안전가드의재질', '안전가드의재질', 'rule');
INSERT INTO aliases (item_id, alias, alias_lower, source) VALUES ('안전가드의 재질', '안전바 재질', '안전바 재질', 'rule');
INSERT INTO aliases (item_id, alias, alias_lower, source) VALUES ('안전가드의 재질', '안전장치 재질', '안전장치 재질', 'rule');
INSERT OR REPLACE INTO items (id, name, category, note, steps, confidence, source_url, source_name, source_grade, feature, caution, last_verified, region_variation, official_classification) VALUES ('네트망', '네트망', 'furniture', '· 네트망은 금속 단일재질로 재활용이 가능합니다. · 금속제품은 재활용 선별장에서 철캔, 알루미늄 캔, 생활철, 스테인리스 등으로 선별하여 제철소로 운반되며 이후 용융 과정을 거쳐 철판, 알루미늄 판 등으로 재활용하고 있습니다. · 크기가 큰 제품은 대형폐기물로 배출해야 하며, 일부 대형폐기물 품목에 기재되지 않은 물품은 종류 및 규격을 감안하여 유사한 품', '["네트망은 고철 수거함으로 배출합니다.", "크기가 커 수거함으로 배출하기 어려운 경우에는 대형폐기물로 배출합니다."]', 'high', 'https://www.xn--oy2b29bd3a601b.kr/front/dischargeMethod/dictionaryView.do?niIdx=580', '분리배출.kr (한국폐기물협회·환경부)', 'A', '· 네트망은 금속 단일재질로 재활용이 가능합니다. · 금속제품은 재활용 선별장에서 철캔, 알루미늄 캔, 생활철, 스테인리스 등으로 선별하여 제철소로 운반되며 이후 용융 과정을 거쳐 철판, 알루미늄 판 등으로 재활용하고 있습니다. · 크기가 큰 제품은 대형폐기물로 배출해야 하며, 일부 대형폐기물 품목에 기재되지 않은 물품은 종류 및 규격을 감안하여 유사한 품목 수수료에 준하여 책정하고 있습니다...', '· 단일재질 제품이더라도 크기가 큰 제품은 대형폐기물로 배출', '2026-05-18', 0, '["재활용폐기물", "금속류", "고철", "대형폐기물"]');
INSERT INTO aliases (item_id, alias, alias_lower, source) VALUES ('네트망', 'DIY 선반', 'diy 선반', 'rule');
INSERT INTO aliases (item_id, alias, alias_lower, source) VALUES ('네트망', '격자망', '격자망', 'rule');
INSERT INTO aliases (item_id, alias, alias_lower, source) VALUES ('네트망', '그리드 패널', '그리드 패널', 'rule');
INSERT INTO aliases (item_id, alias, alias_lower, source) VALUES ('네트망', '넷 패널', '넷 패널', 'rule');
INSERT INTO aliases (item_id, alias, alias_lower, source) VALUES ('네트망', '다용도망', '다용도망', 'rule');
INSERT INTO aliases (item_id, alias, alias_lower, source) VALUES ('네트망', '메쉬패널', '메쉬패널', 'rule');
INSERT INTO aliases (item_id, alias, alias_lower, source) VALUES ('네트망', '벽걸이망', '벽걸이망', 'rule');
INSERT INTO aliases (item_id, alias, alias_lower, source) VALUES ('네트망', '수납망', '수납망', 'rule');
INSERT INTO aliases (item_id, alias, alias_lower, source) VALUES ('네트망', '와이어 그리드', '와이어 그리드', 'rule');
INSERT INTO aliases (item_id, alias, alias_lower, source) VALUES ('네트망', '와이어패널', '와이어패널', 'rule');
INSERT INTO aliases (item_id, alias, alias_lower, source) VALUES ('네트망', '정리망', '정리망', 'rule');
INSERT INTO aliases (item_id, alias, alias_lower, source) VALUES ('네트망', '철망', '철망', 'rule');
INSERT OR REPLACE INTO items (id, name, category, note, steps, confidence, source_url, source_name, source_grade, feature, caution, last_verified, region_variation, official_classification) VALUES ('안전문', '안전문', 'furniture', '· 안전문은 금속 단일재질로 재활용이 가능합니다. · 금속제품은 재활용 선별장에서 철캔, 알루미늄 캔, 생활철, 스테인리스 등으로 선별하여 제철소로 운반되며 이후 용융 과정을 거쳐 철판, 알루미늄 판 등으로 재활용하고 있습니다. · 크기가 큰 제품은 대형폐기물로 배출해야 하며, 일부 대형폐기물 품목에 기재되지 않은 물품은 종류 및 규격을 감안하여 유사한 품', '["안전문은 고철 수거함으로 배출합니다.", "크기가 크거나 무게가 무거운 제품은 대형폐기물로 배출합니다."]', 'high', 'https://www.xn--oy2b29bd3a601b.kr/front/dischargeMethod/dictionaryView.do?niIdx=581', '분리배출.kr (한국폐기물협회·환경부)', 'A', '· 안전문은 금속 단일재질로 재활용이 가능합니다. · 금속제품은 재활용 선별장에서 철캔, 알루미늄 캔, 생활철, 스테인리스 등으로 선별하여 제철소로 운반되며 이후 용융 과정을 거쳐 철판, 알루미늄 판 등으로 재활용하고 있습니다. · 크기가 큰 제품은 대형폐기물로 배출해야 하며, 일부 대형폐기물 품목에 기재되지 않은 물품은 종류 및 규격을 감안하여 유사한 품목 수수료에 준하여 책정하고 있습니다...', '· 단일재질 제품이더라도 크기가 큰 제품은 대형폐기물로 배출', '2026-05-18', 0, '["재활용폐기물", "금속류", "고철", "대형폐기물"]');
INSERT INTO aliases (item_id, alias, alias_lower, source) VALUES ('안전문', '계단 안전문', '계단 안전문', 'rule');
INSERT INTO aliases (item_id, alias, alias_lower, source) VALUES ('안전문', '베이비 게이트', '베이비 게이트', 'rule');
INSERT INTO aliases (item_id, alias, alias_lower, source) VALUES ('안전문', '베이비룸', '베이비룸', 'rule');
INSERT INTO aliases (item_id, alias, alias_lower, source) VALUES ('안전문', '세이프티 게이트', '세이프티 게이트', 'rule');
INSERT INTO aliases (item_id, alias, alias_lower, source) VALUES ('안전문', '아기 안전문', '아기 안전문', 'rule');
INSERT INTO aliases (item_id, alias, alias_lower, source) VALUES ('안전문', '아기문', '아기문', 'rule');
INSERT INTO aliases (item_id, alias, alias_lower, source) VALUES ('안전문', '안전 게이트', '안전 게이트', 'rule');
INSERT INTO aliases (item_id, alias, alias_lower, source) VALUES ('안전문', '안전 울타리', '안전 울타리', 'rule');
INSERT INTO aliases (item_id, alias, alias_lower, source) VALUES ('안전문', '안전막', '안전막', 'rule');
INSERT INTO aliases (item_id, alias, alias_lower, source) VALUES ('안전문', '원목 안전문', '원목 안전문', 'rule');
INSERT INTO aliases (item_id, alias, alias_lower, source) VALUES ('안전문', '확장형 안전문', '확장형 안전문', 'rule');
INSERT OR REPLACE INTO items (id, name, category, note, steps, confidence, source_url, source_name, source_grade, feature, caution, last_verified, region_variation, official_classification) VALUES ('디스펜서', '디스펜서', 'furniture', '· 디스펜서의 구성품이 분리가 가능한 경우에는 금속 재질의 부품은 고철 수거함으로 배출합니다. · 분리가 어려운 경우에는 제품 그대로 대형폐기물로 배출합니다.', '["디스펜서는 재질에 맞게 분리한 후 전용수거함으로 배출합니다.", "크기가 큰 제품은 대형폐기물로 배출합니다."]', 'high', 'https://www.xn--oy2b29bd3a601b.kr/front/dischargeMethod/dictionaryView.do?niIdx=582', '분리배출.kr (한국폐기물협회·환경부)', 'A', '· 디스펜서의 구성품이 분리가 가능한 경우에는 금속 재질의 부품은 고철 수거함으로 배출합니다. · 분리가 어려운 경우에는 제품 그대로 대형폐기물로 배출합니다.', '· 제품 내부에 들어있는 물품은 억지로 제거하지 않고 배출', '2026-05-18', 0, '["재활용폐기물", "금속류", "고철", "대형폐기물"]');
INSERT INTO aliases (item_id, alias, alias_lower, source) VALUES ('디스펜서', '급수기', '급수기', 'rule');
INSERT INTO aliases (item_id, alias, alias_lower, source) VALUES ('디스펜서', '급식기', '급식기', 'rule');
INSERT INTO aliases (item_id, alias, alias_lower, source) VALUES ('디스펜서', '꿀꺽기', '꿀꺽기', 'rule');
INSERT INTO aliases (item_id, alias, alias_lower, source) VALUES ('디스펜서', '디스펜서기', '디스펜서기', 'rule');
INSERT INTO aliases (item_id, alias, alias_lower, source) VALUES ('디스펜서', '맥주케그', '맥주케그', 'rule');
INSERT INTO aliases (item_id, alias, alias_lower, source) VALUES ('디스펜서', '물기계', '물기계', 'rule');
INSERT INTO aliases (item_id, alias, alias_lower, source) VALUES ('디스펜서', '비누 디스펜서', '비누 디스펜서', 'rule');
INSERT INTO aliases (item_id, alias, alias_lower, source) VALUES ('디스펜서', '사료통', '사료통', 'rule');
INSERT INTO aliases (item_id, alias, alias_lower, source) VALUES ('디스펜서', '워터 디스펜서', '워터 디스펜서', 'rule');
INSERT INTO aliases (item_id, alias, alias_lower, source) VALUES ('디스펜서', '펫 피더', '펫 피더', 'rule');
INSERT OR REPLACE INTO items (id, name, category, note, steps, confidence, source_url, source_name, source_grade, feature, caution, last_verified, region_variation, official_classification) VALUES ('금속 재질의 트로피', '금속 재질의 트로피', 'can', '· 금속 트로피는 청동, 알루미늄 등 금속으로 제작하고 있으며,고철 수거함으로 배출하여 주시면 재활용이 가능합니다. · 다만, 고철 외 타 재질로 제작하였거나, 타 재질의 함량이 높은 경우에는 재활용이 어렵습니다.', '["금속 재질의 트로피는 고철 수거함으로 배출합니다."]', 'high', 'https://www.xn--oy2b29bd3a601b.kr/front/dischargeMethod/dictionaryView.do?niIdx=583', '분리배출.kr (한국폐기물협회·환경부)', 'A', '· 금속 트로피는 청동, 알루미늄 등 금속으로 제작하고 있으며,고철 수거함으로 배출하여 주시면 재활용이 가능합니다. · 다만, 고철 외 타 재질로 제작하였거나, 타 재질의 함량이 높은 경우에는 재활용이 어렵습니다.', '· 고철 외 다른 재질이 섞인 정도에 따라 고철 수거함 또는 종량제봉투로 배출', '2026-05-18', 0, '["재활용폐기물", "금속류", "고철"]');
INSERT INTO aliases (item_id, alias, alias_lower, source) VALUES ('금속 재질의 트로피', '금색 트로피', '금색 트로피', 'rule');
INSERT INTO aliases (item_id, alias, alias_lower, source) VALUES ('금속 재질의 트로피', '금속 우승컵', '금속 우승컵', 'rule');
INSERT INTO aliases (item_id, alias, alias_lower, source) VALUES ('금속 재질의 트로피', '금속재질의트로피', '금속재질의트로피', 'rule');
INSERT INTO aliases (item_id, alias, alias_lower, source) VALUES ('금속 재질의 트로피', '메탈 트로피', '메탈 트로피', 'rule');
INSERT INTO aliases (item_id, alias, alias_lower, source) VALUES ('금속 재질의 트로피', '쇠 트로피', '쇠 트로피', 'rule');
INSERT INTO aliases (item_id, alias, alias_lower, source) VALUES ('금속 재질의 트로피', '쇠컵', '쇠컵', 'rule');
INSERT INTO aliases (item_id, alias, alias_lower, source) VALUES ('금속 재질의 트로피', '우승컵', '우승컵', 'rule');
INSERT INTO aliases (item_id, alias, alias_lower, source) VALUES ('금속 재질의 트로피', '은색 트로피', '은색 트로피', 'rule');
INSERT INTO aliases (item_id, alias, alias_lower, source) VALUES ('금속 재질의 트로피', '챔피언컵', '챔피언컵', 'rule');
INSERT INTO aliases (item_id, alias, alias_lower, source) VALUES ('금속 재질의 트로피', '트로피', '트로피', 'rule');
INSERT INTO aliases (item_id, alias, alias_lower, source) VALUES ('금속 재질의 트로피', '트로피 컵', '트로피 컵', 'rule');
INSERT INTO aliases (item_id, alias, alias_lower, source) VALUES ('금속 재질의 트로피', '황금컵', '황금컵', 'rule');
INSERT OR REPLACE INTO items (id, name, category, note, steps, confidence, source_url, source_name, source_grade, feature, caution, last_verified, region_variation, official_classification) VALUES ('바인더', '바인더', 'can', '· 바인더는 내지, 바인더링, 커버로 구성되어 있습니다. · 가급적 재질에 맞게 분리하여, 내지는 비닐류 수거함으로 배출하고 바인더링은 고철 수거함으로 배출합니다. · 바인더 커버는 하드보드지에 PVC, PP표지를 접착하여 재활용이 어려우므로 종량제봉투에 배출합니다. · 분리가 어려운 경우에는 제품 그대로 종량제봉투로 배출합니다.', '["바인더는 가급적 재질별로 분리하여 배출하며, 분리하기 어려운 경우에는 종량제봉투로 배출합니다."]', 'high', 'https://www.xn--oy2b29bd3a601b.kr/front/dischargeMethod/dictionaryView.do?niIdx=584', '분리배출.kr (한국폐기물협회·환경부)', 'A', '· 바인더는 내지, 바인더링, 커버로 구성되어 있습니다. · 가급적 재질에 맞게 분리하여, 내지는 비닐류 수거함으로 배출하고 바인더링은 고철 수거함으로 배출합니다. · 바인더 커버는 하드보드지에 PVC, PP표지를 접착하여 재활용이 어려우므로 종량제봉투에 배출합니다. · 분리가 어려운 경우에는 제품 그대로 종량제봉투로 배출합니다.', '· 바인더는 내지와 커버, 바인더링을 분리한 후 재질에 맞게 배출', '2026-05-18', 0, '["재활용폐기물", "합성수지 비닐류", "금속류", "고철"]');
INSERT INTO aliases (item_id, alias, alias_lower, source) VALUES ('바인더', 'L자 파일', 'l자 파일', 'rule');
INSERT OR REPLACE INTO items (id, name, category, note, steps, confidence, source_url, source_name, source_grade, feature, caution, last_verified, region_variation, official_classification) VALUES ('아코디언 파일', '아코디언 파일', 'plastic', '· 아코디언 파일은 플라스틱(PP) 재질로 재활용이 가능합니다. ※ 배출방법은 지역별로 차이가 있을 수 있으니, 해당 지방자치단체에서 정하는 방법이 있는 경우에는 해당 방법에 따라 배출하시기 바랍니다. 가까운 분리배출 장소를 확인해보세요. 현재 위치에 가까운 배출장소가 없습니다. 근처의 다른 지역을 검색해보세요. 현 위치 배출장소 전체보기 현 지도에서 검색', '["아코디언 파일은 플라스틱 수거함으로 배출합니다."]', 'high', 'https://www.xn--oy2b29bd3a601b.kr/front/dischargeMethod/dictionaryView.do?niIdx=585', '분리배출.kr (한국폐기물협회·환경부)', 'A', '· 아코디언 파일은 플라스틱(PP) 재질로 재활용이 가능합니다. ※ 배출방법은 지역별로 차이가 있을 수 있으니, 해당 지방자치단체에서 정하는 방법이 있는 경우에는 해당 방법에 따라 배출하시기 바랍니다. 가까운 분리배출 장소를 확인해보세요. 현재 위치에 가까운 배출장소가 없습니다. 근처의 다른 지역을 검색해보세요. 현 위치 배출장소 전체보기 현 지도에서 검색 장소 더보기 분리배출 장소 선택 배...', '', '2026-05-18', 0, '["재활용폐기물", "합성수지 용기류"]');
INSERT INTO aliases (item_id, alias, alias_lower, source) VALUES ('아코디언 파일', '도큐먼트 파일', '도큐먼트 파일', 'rule');
INSERT INTO aliases (item_id, alias, alias_lower, source) VALUES ('아코디언 파일', '문서보관함', '문서보관함', 'rule');
INSERT INTO aliases (item_id, alias, alias_lower, source) VALUES ('아코디언 파일', '분류파일', '분류파일', 'rule');
INSERT INTO aliases (item_id, alias, alias_lower, source) VALUES ('아코디언 파일', '서류정리함', '서류정리함', 'rule');
INSERT INTO aliases (item_id, alias, alias_lower, source) VALUES ('아코디언 파일', '서류파일', '서류파일', 'rule');
INSERT INTO aliases (item_id, alias, alias_lower, source) VALUES ('아코디언 파일', '아코디언', '아코디언', 'rule');
INSERT INTO aliases (item_id, alias, alias_lower, source) VALUES ('아코디언 파일', '아코디언파일', '아코디언파일', 'rule');
INSERT INTO aliases (item_id, alias, alias_lower, source) VALUES ('아코디언 파일', '어코디언 파일', '어코디언 파일', 'rule');
INSERT INTO aliases (item_id, alias, alias_lower, source) VALUES ('아코디언 파일', '익스펜딩 파일', '익스펜딩 파일', 'rule');
INSERT INTO aliases (item_id, alias, alias_lower, source) VALUES ('아코디언 파일', '칸막이 파일', '칸막이 파일', 'rule');
INSERT INTO aliases (item_id, alias, alias_lower, source) VALUES ('아코디언 파일', '파일철', '파일철', 'rule');
INSERT INTO aliases (item_id, alias, alias_lower, source) VALUES ('아코디언 파일', '플라스틱 파일', '플라스틱 파일', 'rule');
INSERT INTO aliases (item_id, alias, alias_lower, source) VALUES ('아코디언 파일', '확장파일', '확장파일', 'rule');
INSERT OR REPLACE INTO items (id, name, category, note, steps, confidence, source_url, source_name, source_grade, feature, caution, last_verified, region_variation, official_classification) VALUES ('포켓 홀더', '포켓 홀더', 'plastic', '· 포켓 홀더는 플라스틱(PP) 재질로 재활용이 가능합니다. ※ 배출방법은 지역별로 차이가 있을 수 있으니, 해당 지방자치단체에서 정하는 방법이 있는 경우에는 해당 방법에 따라 배출하시기 바랍니다. 가까운 분리배출 장소를 확인해보세요. 현재 위치에 가까운 배출장소가 없습니다. 근처의 다른 지역을 검색해보세요. 현 위치 배출장소 전체보기 현 지도에서 검색 장', '["포켓 홀더는 플라스틱 수거함으로 배출합니다."]', 'high', 'https://www.xn--oy2b29bd3a601b.kr/front/dischargeMethod/dictionaryView.do?niIdx=586', '분리배출.kr (한국폐기물협회·환경부)', 'A', '· 포켓 홀더는 플라스틱(PP) 재질로 재활용이 가능합니다. ※ 배출방법은 지역별로 차이가 있을 수 있으니, 해당 지방자치단체에서 정하는 방법이 있는 경우에는 해당 방법에 따라 배출하시기 바랍니다. 가까운 분리배출 장소를 확인해보세요. 현재 위치에 가까운 배출장소가 없습니다. 근처의 다른 지역을 검색해보세요. 현 위치 배출장소 전체보기 현 지도에서 검색 장소 더보기 분리배출 장소 선택 배출장...', '', '2026-05-18', 0, '["재활용폐기물", "합성수지 용기류"]');
INSERT INTO aliases (item_id, alias, alias_lower, source) VALUES ('포켓 홀더', '포켓홀더', '포켓홀더', 'rule');
INSERT OR REPLACE INTO items (id, name, category, note, steps, confidence, source_url, source_name, source_grade, feature, caution, last_verified, region_variation, official_classification) VALUES ('쫄대 화일', '쫄대 화일', 'plastic', '· 쫄대 화일은 종이를 끼워서 쫄대로 고정하여 사용하는 파일로 플라스틱(PP)재질로 재활용이 가능합니다. · 플라스틱 제품 중 부드럽고 무른 성질이 있는 제품은 비닐류로도 배출할 수 있습니다. ※ 배출방법은 지역별로 차이가 있을 수 있으니, 해당 지방자치단체에서 정하는 방법이 있는 경우에는 해당 방법에 따라 배출하시기 바랍니다. 가까운 분리배출 장소를 확인', '["쫄대 화일은 플라스틱 수거함 또는 비닐류 수거함으로 배출합니다."]', 'high', 'https://www.xn--oy2b29bd3a601b.kr/front/dischargeMethod/dictionaryView.do?niIdx=587', '분리배출.kr (한국폐기물협회·환경부)', 'A', '· 쫄대 화일은 종이를 끼워서 쫄대로 고정하여 사용하는 파일로 플라스틱(PP)재질로 재활용이 가능합니다. · 플라스틱 제품 중 부드럽고 무른 성질이 있는 제품은 비닐류로도 배출할 수 있습니다. ※ 배출방법은 지역별로 차이가 있을 수 있으니, 해당 지방자치단체에서 정하는 방법이 있는 경우에는 해당 방법에 따라 배출하시기 바랍니다. 가까운 분리배출 장소를 확인해보세요. 현재 위치에 가까운 배출장...', '', '2026-05-18', 0, '["재활용폐기물", "합성수지 비닐류", "합성수지 용기류"]');
INSERT INTO aliases (item_id, alias, alias_lower, source) VALUES ('쫄대 화일', '문서 화일', '문서 화일', 'rule');
INSERT INTO aliases (item_id, alias, alias_lower, source) VALUES ('쫄대 화일', '보고서 화일', '보고서 화일', 'rule');
INSERT INTO aliases (item_id, alias, alias_lower, source) VALUES ('쫄대 화일', '서류 화일', '서류 화일', 'rule');
INSERT INTO aliases (item_id, alias, alias_lower, source) VALUES ('쫄대 화일', '슬라이드 파일', '슬라이드 파일', 'rule');
INSERT INTO aliases (item_id, alias, alias_lower, source) VALUES ('쫄대 화일', '슬라이드 화일', '슬라이드 화일', 'rule');
INSERT INTO aliases (item_id, alias, alias_lower, source) VALUES ('쫄대 화일', '쫄대 파일', '쫄대 파일', 'rule');
INSERT INTO aliases (item_id, alias, alias_lower, source) VALUES ('쫄대 화일', '쫄대화일', '쫄대화일', 'rule');
INSERT INTO aliases (item_id, alias, alias_lower, source) VALUES ('쫄대 화일', '클리어 화일', '클리어 화일', 'rule');
INSERT INTO aliases (item_id, alias, alias_lower, source) VALUES ('쫄대 화일', '파일 홀더', '파일 홀더', 'rule');
INSERT INTO aliases (item_id, alias, alias_lower, source) VALUES ('쫄대 화일', '플라스틱 폴더', '플라스틱 폴더', 'rule');
INSERT INTO aliases (item_id, alias, alias_lower, source) VALUES ('쫄대 화일', '플라스틱 화일', '플라스틱 화일', 'rule');
INSERT OR REPLACE INTO items (id, name, category, note, steps, confidence, source_url, source_name, source_grade, feature, caution, last_verified, region_variation, official_classification) VALUES ('화장품 정리함', '화장품 정리함', 'furniture', '· 화장품 정리함은 주로 플라스틱으로 되어 있으며, 일부 제품은 케이스와 수납함의 재질이 다른 경우가 있습니다. · 화장품 정리함이 단일재질 제품인 경우에는 재질에 맞게 배출하며, 재질이 혼합된 경우 종량제봉투 또는 대형폐기물로 배출합니다.', '["화장품 정리함이 단일재질인 경우 재질에 맞게 배출합니다.", "화장품 정리함이 복합재질인 경우 종량제봉투로 배출합니다.", "크기가 커 수거함 또는 종량제봉투로 배출하기 어려운 경우에는 대형폐기물로 배출합니다."]', 'high', 'https://www.xn--oy2b29bd3a601b.kr/front/dischargeMethod/dictionaryView.do?niIdx=588', '분리배출.kr (한국폐기물협회·환경부)', 'A', '· 화장품 정리함은 주로 플라스틱으로 되어 있으며, 일부 제품은 케이스와 수납함의 재질이 다른 경우가 있습니다. · 화장품 정리함이 단일재질 제품인 경우에는 재질에 맞게 배출하며, 재질이 혼합된 경우 종량제봉투 또는 대형폐기물로 배출합니다.', '· 재질별로 분리가 가능하다면 가급적 분리한 후 재질에 맞게 배출 · 대형폐기물로 배출하는 경우 수납함이 분리되지 않도록 테이프 등으로 붙여서 배출', '2026-05-18', 0, '["재활용폐기물", "합성수지 용기류", "일반폐기물", "일반종량제폐기물", "대형폐기물"]');
INSERT INTO aliases (item_id, alias, alias_lower, source) VALUES ('화장품 정리함', '메이크업 정리함', '메이크업 정리함', 'rule');
INSERT INTO aliases (item_id, alias, alias_lower, source) VALUES ('화장품 정리함', '뷰티 정리함', '뷰티 정리함', 'rule');
INSERT INTO aliases (item_id, alias, alias_lower, source) VALUES ('화장품 정리함', '아크릴 정리함', '아크릴 정리함', 'rule');
INSERT INTO aliases (item_id, alias, alias_lower, source) VALUES ('화장품 정리함', '코스메틱 박스', '코스메틱 박스', 'rule');
INSERT INTO aliases (item_id, alias, alias_lower, source) VALUES ('화장품 정리함', '코스메틱 오거나이저', '코스메틱 오거나이저', 'rule');
INSERT INTO aliases (item_id, alias, alias_lower, source) VALUES ('화장품 정리함', '화장대 정리함', '화장대 정리함', 'rule');
INSERT INTO aliases (item_id, alias, alias_lower, source) VALUES ('화장품 정리함', '화장품 보관함', '화장품 보관함', 'rule');
INSERT INTO aliases (item_id, alias, alias_lower, source) VALUES ('화장품 정리함', '화장품 서랍장', '화장품 서랍장', 'rule');
INSERT INTO aliases (item_id, alias, alias_lower, source) VALUES ('화장품 정리함', '화장품 수납함', '화장품 수납함', 'rule');
INSERT INTO aliases (item_id, alias, alias_lower, source) VALUES ('화장품 정리함', '화장품정리함', '화장품정리함', 'rule');
INSERT INTO aliases (item_id, alias, alias_lower, source) VALUES ('화장품 정리함', '화장품케이스', '화장품케이스', 'rule');
INSERT INTO aliases (item_id, alias, alias_lower, source) VALUES ('화장품 정리함', '화장품함', '화장품함', 'rule');
INSERT INTO aliases (item_id, alias, alias_lower, source) VALUES ('화장품 정리함', '회전 정리함', '회전 정리함', 'rule');
INSERT OR REPLACE INTO items (id, name, category, note, steps, confidence, source_url, source_name, source_grade, feature, caution, last_verified, region_variation, official_classification) VALUES ('소품 정리함', '소품 정리함', 'furniture', '· 소품 정리함은 주로 플라스틱으로 되어 있으며, 일부 제품은 케이스와 수납함의 재질이 다른 경우가 있습니다. · 소품 정리함이 단일재질 제품인 경우에는 재질에 맞게 배출하며, 재질이 혼합된 경우 종량제봉투 또는 대형폐기물로 배출합니다.', '["소품 정리함이 단일재질인 경우 재질에 맞게 배출합니다.", "소품 정리함이 복합재질인 경우 종량제봉투로 배출합니다.", "크기가 커 수거함 또는 종량제봉투로 배출하기 어려운 경우에는 대형폐기물로 배출합니다."]', 'high', 'https://www.xn--oy2b29bd3a601b.kr/front/dischargeMethod/dictionaryView.do?niIdx=589', '분리배출.kr (한국폐기물협회·환경부)', 'A', '· 소품 정리함은 주로 플라스틱으로 되어 있으며, 일부 제품은 케이스와 수납함의 재질이 다른 경우가 있습니다. · 소품 정리함이 단일재질 제품인 경우에는 재질에 맞게 배출하며, 재질이 혼합된 경우 종량제봉투 또는 대형폐기물로 배출합니다.', '· 재질별로 분리가 가능하다면 가급적 분리한 후 재질에 맞게 배출 · 대형폐기물로 배출하는 경우 수납함이 분리되지 않도록 테이프 등으로 붙여서 배출', '2026-05-18', 0, '["재활용폐기물", "합성수지 용기류", "일반폐기물", "일반종량제폐기물", "대형폐기물"]');
INSERT INTO aliases (item_id, alias, alias_lower, source) VALUES ('소품 정리함', '공간박스', '공간박스', 'rule');
INSERT INTO aliases (item_id, alias, alias_lower, source) VALUES ('소품 정리함', '다용도 정리함', '다용도 정리함', 'rule');
INSERT INTO aliases (item_id, alias, alias_lower, source) VALUES ('소품 정리함', '데스크 정리함', '데스크 정리함', 'rule');
INSERT INTO aliases (item_id, alias, alias_lower, source) VALUES ('소품 정리함', '리빙박스', '리빙박스', 'rule');
INSERT INTO aliases (item_id, alias, alias_lower, source) VALUES ('소품 정리함', '미니 정리함', '미니 정리함', 'rule');
INSERT INTO aliases (item_id, alias, alias_lower, source) VALUES ('소품 정리함', '서랍형 정리함', '서랍형 정리함', 'rule');
INSERT INTO aliases (item_id, alias, alias_lower, source) VALUES ('소품 정리함', '소품정리함', '소품정리함', 'rule');
INSERT INTO aliases (item_id, alias, alias_lower, source) VALUES ('소품 정리함', '스토리지박스', '스토리지박스', 'rule');
INSERT INTO aliases (item_id, alias, alias_lower, source) VALUES ('소품 정리함', '장난감 정리함', '장난감 정리함', 'rule');
INSERT INTO aliases (item_id, alias, alias_lower, source) VALUES ('소품 정리함', '칸막이 정리함', '칸막이 정리함', 'rule');
INSERT OR REPLACE INTO items (id, name, category, note, steps, confidence, source_url, source_name, source_grade, feature, caution, last_verified, region_variation, official_classification) VALUES ('샴푸', '샴푸', 'plastic', '· 샴푸와 같이 가정에서 사용하는 플라스틱의 용기는 대부분 생산자책임재활용제도(EPR) 대상 품목에 해당되며 재활용이 가능합니다. · 일부 제품의 경우 용기 속의 내용물을 쉽게 배출될 수 있도록 펌프를 사용합니다. 펌프는 플라스틱과 고철 등이 혼합된 복합재질 제품으로 재활용이 어려우므로 제거한 후 배출합니다. · 비닐 라벨이 붙어 있는 경우에는 제거하여 비', '["샴푸는 내용물을 비우고 라벨, 펌프 등 이물질을 제거한 후 용기는 플라스틱 수거함으로 배출합니다."]', 'high', 'https://www.xn--oy2b29bd3a601b.kr/front/dischargeMethod/dictionaryView.do?niIdx=590', '분리배출.kr (한국폐기물협회·환경부)', 'A', '· 샴푸와 같이 가정에서 사용하는 플라스틱의 용기는 대부분 생산자책임재활용제도(EPR) 대상 품목에 해당되며 재활용이 가능합니다. · 일부 제품의 경우 용기 속의 내용물을 쉽게 배출될 수 있도록 펌프를 사용합니다. 펌프는 플라스틱과 고철 등이 혼합된 복합재질 제품으로 재활용이 어려우므로 제거한 후 배출합니다. · 비닐 라벨이 붙어 있는 경우에는 제거하여 비닐 수거함에 배출합니다. · 다량의...', '· 용기류를 배출할 때에는 라벨, 펌프를 제거한 후 배출', '2026-05-18', 0, '["재활용폐기물", "합성수지 용기류"]');
INSERT INTO aliases (item_id, alias, alias_lower, source) VALUES ('샴푸', '두피세정제', '두피세정제', 'rule');
INSERT INTO aliases (item_id, alias, alias_lower, source) VALUES ('샴푸', '드라이샴푸', '드라이샴푸', 'rule');
INSERT INTO aliases (item_id, alias, alias_lower, source) VALUES ('샴푸', '린스', '린스', 'rule');
INSERT INTO aliases (item_id, alias, alias_lower, source) VALUES ('샴푸', '머리감는거', '머리감는거', 'rule');
INSERT INTO aliases (item_id, alias, alias_lower, source) VALUES ('샴푸', '머리비누', '머리비누', 'rule');
INSERT INTO aliases (item_id, alias, alias_lower, source) VALUES ('샴푸', '머리세제', '머리세제', 'rule');
INSERT INTO aliases (item_id, alias, alias_lower, source) VALUES ('샴푸', '모발세정제', '모발세정제', 'rule');
INSERT INTO aliases (item_id, alias, alias_lower, source) VALUES ('샴푸', '바디로션', '바디로션', 'rule');
INSERT INTO aliases (item_id, alias, alias_lower, source) VALUES ('샴푸', '바세린', '바세린', 'rule');
INSERT INTO aliases (item_id, alias, alias_lower, source) VALUES ('샴푸', '엘라스틴', '엘라스틴', 'rule');
INSERT INTO aliases (item_id, alias, alias_lower, source) VALUES ('샴푸', '케라시스', '케라시스', 'rule');
INSERT INTO aliases (item_id, alias, alias_lower, source) VALUES ('샴푸', '클렌징샴푸', '클렌징샴푸', 'rule');
INSERT INTO aliases (item_id, alias, alias_lower, source) VALUES ('샴푸', '탈모샴푸', '탈모샴푸', 'rule');
INSERT INTO aliases (item_id, alias, alias_lower, source) VALUES ('샴푸', '트리트먼트', '트리트먼트', 'rule');
INSERT INTO aliases (item_id, alias, alias_lower, source) VALUES ('샴푸', '핸드크림', '핸드크림', 'rule');
INSERT INTO aliases (item_id, alias, alias_lower, source) VALUES ('샴푸', '헤어워시', '헤어워시', 'rule');
INSERT INTO aliases (item_id, alias, alias_lower, source) VALUES ('샴푸', '헤어클렌저', '헤어클렌저', 'rule');
INSERT OR REPLACE INTO items (id, name, category, note, steps, confidence, source_url, source_name, source_grade, feature, caution, last_verified, region_variation, official_classification) VALUES ('린스', '린스', 'plastic', '· 린스와 같이 가정에서 사용하는 플라스틱의 용기는 대부분 생산자책임재활용제도(EPR) 대상 품목에 해당되며 재활용이 가능합니다. · 일부 제품의 경우 용기 속의 내용물을 쉽게 배출될 수 있도록 펌프를 사용합니다. 펌프는 플라스틱과 고철 등이 혼합된 복합재질 제품으로 재활용이 어려우므로 제거한 후 배출합니다. · 비닐 라벨이 붙어 있는 경우에는 제거하여 비', '["린스는 내용물을 비우고 라벨, 펌프 등 이물질을 제거한 후 용기는 플라스틱 수거함으로 배출합니다."]', 'high', 'https://www.xn--oy2b29bd3a601b.kr/front/dischargeMethod/dictionaryView.do?niIdx=591', '분리배출.kr (한국폐기물협회·환경부)', 'A', '· 린스와 같이 가정에서 사용하는 플라스틱의 용기는 대부분 생산자책임재활용제도(EPR) 대상 품목에 해당되며 재활용이 가능합니다. · 일부 제품의 경우 용기 속의 내용물을 쉽게 배출될 수 있도록 펌프를 사용합니다. 펌프는 플라스틱과 고철 등이 혼합된 복합재질 제품으로 재활용이 어려우므로 제거한 후 배출합니다. · 비닐 라벨이 붙어 있는 경우에는 제거하여 비닐 수거함에 배출합니다. · 다량의...', '· 용기류를 배출할 때에는 라벨, 펌프를 제거한 후 배출', '2026-05-18', 0, '["재활용폐기물", "합성수지 용기류"]');
INSERT OR REPLACE INTO items (id, name, category, note, steps, confidence, source_url, source_name, source_grade, feature, caution, last_verified, region_variation, official_classification) VALUES ('트리트먼트', '트리트먼트', 'plastic', '· 트리트먼트과 같이 가정에서 사용하는 플라스틱의 용기는 대부분 생산자책임재활용제도(EPR) 대상 품목에 해당되며 재활용이 가능합니다. · 일부 제품의 경우 용기 속의 내용물을 쉽게 배출될 수 있도록 펌프를 사용합니다. 펌프는 플라스틱과 고철 등이 혼합된 복합재질 제품으로 재활용이 어려우므로 제거한 후 배출합니다. · 비닐 라벨이 붙어 있는 경우에는 제거하', '["트리트먼트는 내용물을 비우고 라벨, 펌프 등 이물질을 제거한 후 용기는 플라스틱 수거함으로 배출합니다."]', 'high', 'https://www.xn--oy2b29bd3a601b.kr/front/dischargeMethod/dictionaryView.do?niIdx=592', '분리배출.kr (한국폐기물협회·환경부)', 'A', '· 트리트먼트과 같이 가정에서 사용하는 플라스틱의 용기는 대부분 생산자책임재활용제도(EPR) 대상 품목에 해당되며 재활용이 가능합니다. · 일부 제품의 경우 용기 속의 내용물을 쉽게 배출될 수 있도록 펌프를 사용합니다. 펌프는 플라스틱과 고철 등이 혼합된 복합재질 제품으로 재활용이 어려우므로 제거한 후 배출합니다. · 비닐 라벨이 붙어 있는 경우에는 제거하여 비닐 수거함에 배출합니다. · 다...', '· 용기류를 배출할 때에는 라벨, 펌프를 제거한 후 배출', '2026-05-18', 0, '["재활용폐기물", "합성수지 용기류"]');
INSERT INTO aliases (item_id, alias, alias_lower, source) VALUES ('트리트먼트', 'treatment', 'treatment', 'rule');
INSERT INTO aliases (item_id, alias, alias_lower, source) VALUES ('트리트먼트', '머리 영양', '머리 영양', 'rule');
INSERT INTO aliases (item_id, alias, alias_lower, source) VALUES ('트리트먼트', '모발 영양제', '모발 영양제', 'rule');
INSERT INTO aliases (item_id, alias, alias_lower, source) VALUES ('트리트먼트', '미장센 트리트먼트', '미장센 트리트먼트', 'rule');
INSERT INTO aliases (item_id, alias, alias_lower, source) VALUES ('트리트먼트', '엘라스틴 트리트먼트', '엘라스틴 트리트먼트', 'rule');
INSERT INTO aliases (item_id, alias, alias_lower, source) VALUES ('트리트먼트', '컨디셔너', '컨디셔너', 'rule');
INSERT INTO aliases (item_id, alias, alias_lower, source) VALUES ('트리트먼트', '케라시스 트리트먼트', '케라시스 트리트먼트', 'rule');
INSERT INTO aliases (item_id, alias, alias_lower, source) VALUES ('트리트먼트', '트리트먼트제', '트리트먼트제', 'rule');
INSERT INTO aliases (item_id, alias, alias_lower, source) VALUES ('트리트먼트', '헤어 컨디셔너', '헤어 컨디셔너', 'rule');
INSERT INTO aliases (item_id, alias, alias_lower, source) VALUES ('트리트먼트', '헤어 트리트먼트', '헤어 트리트먼트', 'rule');
INSERT INTO aliases (item_id, alias, alias_lower, source) VALUES ('트리트먼트', '헤어앰플', '헤어앰플', 'rule');
INSERT INTO aliases (item_id, alias, alias_lower, source) VALUES ('트리트먼트', '헤어팩', '헤어팩', 'rule');
INSERT OR REPLACE INTO items (id, name, category, note, steps, confidence, source_url, source_name, source_grade, feature, caution, last_verified, region_variation, official_classification) VALUES ('치약', '치약', 'plastic', '· 치약과 같은 튜브 용기 내용물을 비우고 물로 최대한 헹군 후 플라스틱 수거함으로 배출합니다. · 다만 치약 용기에 분리배출 표시가 도포첩합으로 표기된 제품은 종량제봉투로 배출합니다.', '["치약은 내용물을 제거한 후 물로 헹구는 등 꺠끗한 상태로 플라스틱 수거함으로 배출합니다."]', 'high', 'https://www.xn--oy2b29bd3a601b.kr/front/dischargeMethod/dictionaryView.do?niIdx=593', '분리배출.kr (한국폐기물협회·환경부)', 'A', '· 치약과 같은 튜브 용기 내용물을 비우고 물로 최대한 헹군 후 플라스틱 수거함으로 배출합니다. · 다만 치약 용기에 분리배출 표시가 도포첩합으로 표기된 제품은 종량제봉투로 배출합니다.', '· 분리배출 표시 확인 후 배출', '2026-05-18', 0, '["재활용폐기물", "합성수지 용기류"]');
INSERT INTO aliases (item_id, alias, alias_lower, source) VALUES ('치약', '2080', '2080', 'rule');
INSERT INTO aliases (item_id, alias, alias_lower, source) VALUES ('치약', '덴탈페이스트', '덴탈페이스트', 'rule');
INSERT INTO aliases (item_id, alias, alias_lower, source) VALUES ('치약', '미백치약', '미백치약', 'rule');
INSERT INTO aliases (item_id, alias, alias_lower, source) VALUES ('치약', '어린이치약', '어린이치약', 'rule');
INSERT INTO aliases (item_id, alias, alias_lower, source) VALUES ('치약', '이닦는약', '이닦는약', 'rule');
INSERT INTO aliases (item_id, alias, alias_lower, source) VALUES ('치약', '죽염치약', '죽염치약', 'rule');
INSERT INTO aliases (item_id, alias, alias_lower, source) VALUES ('치약', '치실', '치실', 'rule');
INSERT INTO aliases (item_id, alias, alias_lower, source) VALUES ('치약', '치아세정제', '치아세정제', 'rule');
INSERT INTO aliases (item_id, alias, alias_lower, source) VALUES ('치약', '치약짜개', '치약짜개', 'rule');
INSERT INTO aliases (item_id, alias, alias_lower, source) VALUES ('치약', '치카약', '치카약', 'rule');
INSERT INTO aliases (item_id, alias, alias_lower, source) VALUES ('치약', '클렌징 폼', '클렌징 폼', 'rule');
INSERT INTO aliases (item_id, alias, alias_lower, source) VALUES ('치약', '투스페이스트', '투스페이스트', 'rule');
INSERT INTO aliases (item_id, alias, alias_lower, source) VALUES ('치약', '페리오', '페리오', 'rule');
INSERT OR REPLACE INTO items (id, name, category, note, steps, confidence, source_url, source_name, source_grade, feature, caution, last_verified, region_variation, official_classification) VALUES ('욕실세정제 용기', '욕실세정제 용기', 'plastic', '·욕실세정제의 용기는 플라스틱(HDPE, PET 등) 재질로 내용물을 제거한 후 플라스틱 수거함으로 배출하여 주시면 재활용이 가능합니다.', '["욕실세정제 용기는 내용물을 완전히 제거한 후 물로 헹구는 등 깨끗한 상태로 플라스틱수거함으로 배출합니다."]', 'high', 'https://www.xn--oy2b29bd3a601b.kr/front/dischargeMethod/dictionaryView.do?niIdx=594', '분리배출.kr (한국폐기물협회·환경부)', 'A', '·욕실세정제의 용기는 플라스틱(HDPE, PET 등) 재질로 내용물을 제거한 후 플라스틱 수거함으로 배출하여 주시면 재활용이 가능합니다.', '· 펌프를 제거한 후 배출', '2026-05-18', 0, '["재활용폐기물", "합성수지 용기류"]');
INSERT INTO aliases (item_id, alias, alias_lower, source) VALUES ('욕실세정제 용기', '바스 클리너 보틀', '바스 클리너 보틀', 'rule');
INSERT INTO aliases (item_id, alias, alias_lower, source) VALUES ('욕실세정제 용기', '배스룸 클리너 컨테이너', '배스룸 클리너 컨테이너', 'rule');
INSERT INTO aliases (item_id, alias, alias_lower, source) VALUES ('욕실세정제 용기', '세정제 플라스틱 병', '세정제 플라스틱 병', 'rule');
INSERT INTO aliases (item_id, alias, alias_lower, source) VALUES ('욕실세정제 용기', '스프레이 용기', '스프레이 용기', 'rule');
INSERT INTO aliases (item_id, alias, alias_lower, source) VALUES ('욕실세정제 용기', '욕실세정제 빈 통', '욕실세정제 빈 통', 'rule');
INSERT INTO aliases (item_id, alias, alias_lower, source) VALUES ('욕실세정제 용기', '욕실세정제용기', '욕실세정제용기', 'rule');
INSERT INTO aliases (item_id, alias, alias_lower, source) VALUES ('욕실세정제 용기', '욕실세정통', '욕실세정통', 'rule');
INSERT INTO aliases (item_id, alias, alias_lower, source) VALUES ('욕실세정제 용기', '욕실용 세제 용기', '욕실용 세제 용기', 'rule');
INSERT INTO aliases (item_id, alias, alias_lower, source) VALUES ('욕실세정제 용기', '욕실클리너 용기', '욕실클리너 용기', 'rule');
INSERT INTO aliases (item_id, alias, alias_lower, source) VALUES ('욕실세정제 용기', '유한락스 욕실청소용', '유한락스 욕실청소용', 'rule');
INSERT INTO aliases (item_id, alias, alias_lower, source) VALUES ('욕실세정제 용기', '홈스타 욕실세정제', '홈스타 욕실세정제', 'rule');
INSERT INTO aliases (item_id, alias, alias_lower, source) VALUES ('욕실세정제 용기', '화장실 세제통', '화장실 세제통', 'rule');
INSERT INTO aliases (item_id, alias, alias_lower, source) VALUES ('욕실세정제 용기', '화장실세정제 통', '화장실세정제 통', 'rule');
INSERT OR REPLACE INTO items (id, name, category, note, steps, confidence, source_url, source_name, source_grade, feature, caution, last_verified, region_variation, official_classification) VALUES ('청소 세제 용기', '청소 세제 용기', 'plastic', '· 청소세정제의 용기는 플라스틱(HDPE, PET 등) 재질로 내용물을 제거한 후 플라스틱 수거함으로 배출하여 주시면 재활용이 가능합니다.', '["청소 세제 용기는 내용물을 완전히 제거한 후 물로 헹구는 등 깨끗한 상태로 플라스틱 수거함으로 배출합니다."]', 'high', 'https://www.xn--oy2b29bd3a601b.kr/front/dischargeMethod/dictionaryView.do?niIdx=595', '분리배출.kr (한국폐기물협회·환경부)', 'A', '· 청소세정제의 용기는 플라스틱(HDPE, PET 등) 재질로 내용물을 제거한 후 플라스틱 수거함으로 배출하여 주시면 재활용이 가능합니다.', '· 펌프를 제거한 후 배출', '2026-05-18', 0, '["재활용폐기물", "합성수지 용기류"]');
INSERT INTO aliases (item_id, alias, alias_lower, source) VALUES ('청소 세제 용기', '청소 세제 용', '청소 세제 용', 'rule');
INSERT INTO aliases (item_id, alias, alias_lower, source) VALUES ('청소 세제 용기', '청소세제용기', '청소세제용기', 'rule');
INSERT OR REPLACE INTO items (id, name, category, note, steps, confidence, source_url, source_name, source_grade, feature, caution, last_verified, region_variation, official_classification) VALUES ('세탁조 세정제 용기', '세탁조 세정제 용기', 'plastic', '· 세탁조 세정제의 용기는 플라스틱(HDPE) 재질로 내용물을 제거한 후 플라스틱 수거함으로 배출하여 주시면 재활용이 가능합니다.', '["세탁조 세정제 용기는 내용물을 완전히 제거한 후 물로 헹구는 등 깨끗한 상태로 플라스틱 수거함으로 배출합니다."]', 'high', 'https://www.xn--oy2b29bd3a601b.kr/front/dischargeMethod/dictionaryView.do?niIdx=596', '분리배출.kr (한국폐기물협회·환경부)', 'A', '· 세탁조 세정제의 용기는 플라스틱(HDPE) 재질로 내용물을 제거한 후 플라스틱 수거함으로 배출하여 주시면 재활용이 가능합니다.', '· 펌프를 제거한 후 배출', '2026-05-18', 0, '["재활용폐기물", "합성수지 용기류"]');
INSERT INTO aliases (item_id, alias, alias_lower, source) VALUES ('세탁조 세정제 용기', '세탁기 세정제 통', '세탁기 세정제 통', 'rule');
INSERT INTO aliases (item_id, alias, alias_lower, source) VALUES ('세탁조 세정제 용기', '세탁기 클리너 용기', '세탁기 클리너 용기', 'rule');
INSERT INTO aliases (item_id, alias, alias_lower, source) VALUES ('세탁조 세정제 용기', '세탁세정제 용기', '세탁세정제 용기', 'rule');
INSERT INTO aliases (item_id, alias, alias_lower, source) VALUES ('세탁조 세정제 용기', '세탁조 세정제 용', '세탁조 세정제 용', 'rule');
INSERT INTO aliases (item_id, alias, alias_lower, source) VALUES ('세탁조 세정제 용기', '세탁조 세제통', '세탁조 세제통', 'rule');
INSERT INTO aliases (item_id, alias, alias_lower, source) VALUES ('세탁조 세정제 용기', '세탁조 세척제 용기', '세탁조 세척제 용기', 'rule');
INSERT INTO aliases (item_id, alias, alias_lower, source) VALUES ('세탁조 세정제 용기', '세탁조 씻는 통', '세탁조 씻는 통', 'rule');
INSERT INTO aliases (item_id, alias, alias_lower, source) VALUES ('세탁조 세정제 용기', '세탁조 약통', '세탁조 약통', 'rule');
INSERT INTO aliases (item_id, alias, alias_lower, source) VALUES ('세탁조 세정제 용기', '세탁조 청소 세제통', '세탁조 청소 세제통', 'rule');
INSERT INTO aliases (item_id, alias, alias_lower, source) VALUES ('세탁조 세정제 용기', '세탁조 청소액 용기', '세탁조 청소액 용기', 'rule');
INSERT INTO aliases (item_id, alias, alias_lower, source) VALUES ('세탁조 세정제 용기', '세탁조 클리너 보틀', '세탁조 클리너 보틀', 'rule');
INSERT INTO aliases (item_id, alias, alias_lower, source) VALUES ('세탁조 세정제 용기', '세탁조 클리너 통', '세탁조 클리너 통', 'rule');
INSERT INTO aliases (item_id, alias, alias_lower, source) VALUES ('세탁조 세정제 용기', '세탁조세정제용기', '세탁조세정제용기', 'rule');
INSERT INTO aliases (item_id, alias, alias_lower, source) VALUES ('세탁조 세정제 용기', '워싱머신 클리너 통', '워싱머신 클리너 통', 'rule');
INSERT OR REPLACE INTO items (id, name, category, note, steps, confidence, source_url, source_name, source_grade, feature, caution, last_verified, region_variation, official_classification) VALUES ('배추망망', '배추망망', 'vinyl', '· 양파, 배추 등을 담은 합성수지 재질의 포장용기(그물망)는 재활용의무대상(EPR) 품목에 해당됩니다. · 해당 제품은 비닐류와 성질이 유사하여 비닐수거함으로 배출하면 됩니다. ※ 배출방법은 지역별로 차이가 있을 수 있으니, 해당 지방자치단체에서 정하는 방법이 있는 경우에는 해당 방법에 따라 배출하시기 바랍니다. 가까운 분리배출 장소를 확인해보세요. 현재', '["배추망망은 비닐수거함으로 배출합니다."]', 'high', 'https://www.xn--oy2b29bd3a601b.kr/front/dischargeMethod/dictionaryView.do?niIdx=597', '분리배출.kr (한국폐기물협회·환경부)', 'A', '· 양파, 배추 등을 담은 합성수지 재질의 포장용기(그물망)는 재활용의무대상(EPR) 품목에 해당됩니다. · 해당 제품은 비닐류와 성질이 유사하여 비닐수거함으로 배출하면 됩니다. ※ 배출방법은 지역별로 차이가 있을 수 있으니, 해당 지방자치단체에서 정하는 방법이 있는 경우에는 해당 방법에 따라 배출하시기 바랍니다. 가까운 분리배출 장소를 확인해보세요. 현재 위치에 가까운 배출장소가 없습니다....', '', '2026-05-18', 0, '["재활용폐기물", "합성수지 비닐류"]');
INSERT INTO aliases (item_id, alias, alias_lower, source) VALUES ('배추망망', 'cabbage net', 'cabbage net', 'rule');
INSERT INTO aliases (item_id, alias, alias_lower, source) VALUES ('배추망망', '농작물망', '농작물망', 'rule');
INSERT INTO aliases (item_id, alias, alias_lower, source) VALUES ('배추망망', '망태기', '망태기', 'rule');
INSERT INTO aliases (item_id, alias, alias_lower, source) VALUES ('배추망망', '배추네트', '배추네트', 'rule');
INSERT INTO aliases (item_id, alias, alias_lower, source) VALUES ('배추망망', '배추망탱이', '배추망탱이', 'rule');
INSERT INTO aliases (item_id, alias, alias_lower, source) VALUES ('배추망망', '배추포장망', '배추포장망', 'rule');
INSERT INTO aliases (item_id, alias, alias_lower, source) VALUES ('배추망망', '야채망', '야채망', 'rule');
INSERT OR REPLACE INTO items (id, name, category, note, steps, confidence, source_url, source_name, source_grade, feature, caution, last_verified, region_variation, official_classification) VALUES ('식용유 용기', '식용유 용기', 'plastic', '·식용유 용기는 플라스틱(무색페트 등) 재질로 내용물을 제거한 후 플라스틱 수거함으로 배출하여 주시면 재활용이 가능합니다.', '["식용유 용기는 내용물을 비우고 라벨 등 이물질을 제거한 후 플라스틱 수거함으로 배출합니다."]', 'high', 'https://www.xn--oy2b29bd3a601b.kr/front/dischargeMethod/dictionaryView.do?niIdx=598', '분리배출.kr (한국폐기물협회·환경부)', 'A', '·식용유 용기는 플라스틱(무색페트 등) 재질로 내용물을 제거한 후 플라스틱 수거함으로 배출하여 주시면 재활용이 가능합니다.', '· 라벨을 제거한 후 배출', '2026-05-18', 0, '["재활용폐기물", "합성수지 용기류"]');
INSERT INTO aliases (item_id, alias, alias_lower, source) VALUES ('식용유 용기', '기름통', '기름통', 'rule');
INSERT INTO aliases (item_id, alias, alias_lower, source) VALUES ('식용유 용기', '백설 식용유통', '백설 식용유통', 'rule');
INSERT INTO aliases (item_id, alias, alias_lower, source) VALUES ('식용유 용기', '식용유 플라스틱', '식용유 플라스틱', 'rule');
INSERT INTO aliases (item_id, alias, alias_lower, source) VALUES ('식용유 용기', '식용유 플라스틱병', '식용유 플라스틱병', 'rule');
INSERT INTO aliases (item_id, alias, alias_lower, source) VALUES ('식용유 용기', '식용유용기', '식용유용기', 'rule');
INSERT INTO aliases (item_id, alias, alias_lower, source) VALUES ('식용유 용기', '식용유통', '식용유통', 'rule');
INSERT INTO aliases (item_id, alias, alias_lower, source) VALUES ('식용유 용기', '오일병', '오일병', 'rule');
INSERT INTO aliases (item_id, alias, alias_lower, source) VALUES ('식용유 용기', '오일통', '오일통', 'rule');
INSERT INTO aliases (item_id, alias, alias_lower, source) VALUES ('식용유 용기', '카놀라유 병', '카놀라유 병', 'rule');
INSERT INTO aliases (item_id, alias, alias_lower, source) VALUES ('식용유 용기', '콩기름 병', '콩기름 병', 'rule');
INSERT INTO aliases (item_id, alias, alias_lower, source) VALUES ('식용유 용기', '쿠킹오일 용기', '쿠킹오일 용기', 'rule');
INSERT INTO aliases (item_id, alias, alias_lower, source) VALUES ('식용유 용기', '해표 식용유병', '해표 식용유병', 'rule');
INSERT OR REPLACE INTO items (id, name, category, note, steps, confidence, source_url, source_name, source_grade, feature, caution, last_verified, region_variation, official_classification) VALUES ('그레이터', '그레이터', 'can', '· 그레이터는 채소나 과일, 치즈 등의 식재료를 문질러 잘게 만드는 주방기구로 대부분 금속으로 제작되어 있어 고철 수거함으로 배출합니다. · 금속제품은 재활용 선별장에서 철캔, 알루미늄 캔, 생활철, 스테인리스 등으로 선별하여 제철소로 운반되며 이후 용융 과정을 거쳐 철판, 알루미늄 판 등으로 재활용하고 있습니다. ※ 배출방법은 지역별로 차이가 있을 수 있', '["그레이터는 고철 수거함으로 배출합니다."]', 'high', 'https://www.xn--oy2b29bd3a601b.kr/front/dischargeMethod/dictionaryView.do?niIdx=599', '분리배출.kr (한국폐기물협회·환경부)', 'A', '· 그레이터는 채소나 과일, 치즈 등의 식재료를 문질러 잘게 만드는 주방기구로 대부분 금속으로 제작되어 있어 고철 수거함으로 배출합니다. · 금속제품은 재활용 선별장에서 철캔, 알루미늄 캔, 생활철, 스테인리스 등으로 선별하여 제철소로 운반되며 이후 용융 과정을 거쳐 철판, 알루미늄 판 등으로 재활용하고 있습니다. ※ 배출방법은 지역별로 차이가 있을 수 있으니, 해당 지방자치단체에서 정하는...', '', '2026-05-18', 0, '["재활용폐기물", "금속류", "고철"]');
INSERT INTO aliases (item_id, alias, alias_lower, source) VALUES ('그레이터', 'Grater', 'grater', 'rule');
INSERT INTO aliases (item_id, alias, alias_lower, source) VALUES ('그레이터', '강판', '강판', 'rule');
INSERT INTO aliases (item_id, alias, alias_lower, source) VALUES ('그레이터', '강판 도구', '강판 도구', 'rule');
INSERT INTO aliases (item_id, alias, alias_lower, source) VALUES ('그레이터', '강판기', '강판기', 'rule');
INSERT INTO aliases (item_id, alias, alias_lower, source) VALUES ('그레이터', '강판칼', '강판칼', 'rule');
INSERT INTO aliases (item_id, alias, alias_lower, source) VALUES ('그레이터', '다용도 강판', '다용도 강판', 'rule');
INSERT INTO aliases (item_id, alias, alias_lower, source) VALUES ('그레이터', '수동 강판', '수동 강판', 'rule');
INSERT INTO aliases (item_id, alias, alias_lower, source) VALUES ('그레이터', '야채 강판', '야채 강판', 'rule');
INSERT INTO aliases (item_id, alias, alias_lower, source) VALUES ('그레이터', '주방 강판', '주방 강판', 'rule');
INSERT INTO aliases (item_id, alias, alias_lower, source) VALUES ('그레이터', '치즈 강판', '치즈 강판', 'rule');
INSERT OR REPLACE INTO items (id, name, category, note, steps, confidence, source_url, source_name, source_grade, feature, caution, last_verified, region_variation, official_classification) VALUES ('젓가락의 재질', '젓가락의 재질', 'general', '· 스테인리스로 된 젓가락은 고철 수거함에 배출합니다. · 나무 재질로 되어 있거나 나무, 플라스틱 손잡이 등 다른 재질이 포함되어 재질별 분리가 어려운 젓가락은 일반쓰레기로 배출합니다.', '["젓가락의 재질이 금속 단일재질인 경우에는 고철수거함으로 배출합니다.", "목재제품인 경우에는 종량제봉투로 배출합니다.", "젓가락이 다양한 재질이 혼합된 경우에는 종량제봉투로 배출합니다."]', 'high', 'https://www.xn--oy2b29bd3a601b.kr/front/dischargeMethod/dictionaryView.do?niIdx=600', '분리배출.kr (한국폐기물협회·환경부)', 'A', '· 스테인리스로 된 젓가락은 고철 수거함에 배출합니다. · 나무 재질로 되어 있거나 나무, 플라스틱 손잡이 등 다른 재질이 포함되어 재질별 분리가 어려운 젓가락은 일반쓰레기로 배출합니다.', '· 재질을 확인한 후 배출', '2026-05-18', 0, '["재활용폐기물", "금속류", "고철", "일반폐기물", "일반종량제폐기물"]');
INSERT INTO aliases (item_id, alias, alias_lower, source) VALUES ('젓가락의 재질', '젓가락의재질', '젓가락의재질', 'rule');
INSERT OR REPLACE INTO items (id, name, category, note, steps, confidence, source_url, source_name, source_grade, feature, caution, last_verified, region_variation, official_classification) VALUES ('숟가락의 재질', '숟가락의 재질', 'general', '· 스테인리스로 된 숟가락은 고철 수거함에 배출합니다. · 나무 재질로 되어 있거나 나무, 플라스틱 손잡이 등 다른 재질이 포함되어 재질별 분리가 어려운 숟가락은 일반쓰레기로 배출합니다.', '["숟가락의 재질이 금속 단일재질인 경우에는 고철수거함으로 배출합니다.", "목재제품인 경우에는 종량제봉투로 배출합니다.", "숟가락이 다양한 재질이 혼합된 경우에는 종량제봉투로 배출합니다."]', 'high', 'https://www.xn--oy2b29bd3a601b.kr/front/dischargeMethod/dictionaryView.do?niIdx=601', '분리배출.kr (한국폐기물협회·환경부)', 'A', '· 스테인리스로 된 숟가락은 고철 수거함에 배출합니다. · 나무 재질로 되어 있거나 나무, 플라스틱 손잡이 등 다른 재질이 포함되어 재질별 분리가 어려운 숟가락은 일반쓰레기로 배출합니다.', '· 재질을 확인한 후 배출', '2026-05-18', 0, '["재활용폐기물", "금속류", "고철", "일반폐기물", "일반종량제폐기물"]');
INSERT INTO aliases (item_id, alias, alias_lower, source) VALUES ('숟가락의 재질', '수저 재질', '수저 재질', 'rule');
INSERT INTO aliases (item_id, alias, alias_lower, source) VALUES ('숟가락의 재질', '숟가락 만든거', '숟가락 만든거', 'rule');
INSERT INTO aliases (item_id, alias, alias_lower, source) VALUES ('숟가락의 재질', '숟가락 뭐로 돼있어', '숟가락 뭐로 돼있어', 'rule');
INSERT INTO aliases (item_id, alias, alias_lower, source) VALUES ('숟가락의 재질', '숟가락 뭐로 만들었쪄', '숟가락 뭐로 만들었쪄', 'rule');
INSERT INTO aliases (item_id, alias, alias_lower, source) VALUES ('숟가락의 재질', '숟가락 성분', '숟가락 성분', 'rule');
INSERT INTO aliases (item_id, alias, alias_lower, source) VALUES ('숟가락의 재질', '숟가락 재료', '숟가락 재료', 'rule');
INSERT INTO aliases (item_id, alias, alias_lower, source) VALUES ('숟가락의 재질', '숟가락의재질', '숟가락의재질', 'rule');
INSERT INTO aliases (item_id, alias, alias_lower, source) VALUES ('숟가락의 재질', '스푼 메테리얼', '스푼 메테리얼', 'rule');
INSERT INTO aliases (item_id, alias, alias_lower, source) VALUES ('숟가락의 재질', '스푼 재질', '스푼 재질', 'rule');
INSERT INTO aliases (item_id, alias, alias_lower, source) VALUES ('숟가락의 재질', '재료 종류', '재료 종류', 'rule');
INSERT INTO aliases (item_id, alias, alias_lower, source) VALUES ('숟가락의 재질', '재질 정보', '재질 정보', 'rule');
INSERT OR REPLACE INTO items (id, name, category, note, steps, confidence, source_url, source_name, source_grade, feature, caution, last_verified, region_variation, official_classification) VALUES ('포크의 재질', '포크의 재질', 'general', '· 스테인리스로 된 포크는 고철 수거함에 배출합니다. · 나무 재질로 되어 있거나 나무, 플라스틱 손잡이 등 다른 재질이 포함되어 재질별 분리가 어려운 포크는 일반쓰레기로 배출합니다.', '["포크의 재질이 금속 단일재질인 경우에는 고철 수거함으로 배출합니다.", "목재제품인 경우에는 종량제봉투로 배출합니다.", "포크가 다양한 재질이 혼합된 경우에는 종량제봉투로 배출합니다."]', 'high', 'https://www.xn--oy2b29bd3a601b.kr/front/dischargeMethod/dictionaryView.do?niIdx=602', '분리배출.kr (한국폐기물협회·환경부)', 'A', '· 스테인리스로 된 포크는 고철 수거함에 배출합니다. · 나무 재질로 되어 있거나 나무, 플라스틱 손잡이 등 다른 재질이 포함되어 재질별 분리가 어려운 포크는 일반쓰레기로 배출합니다.', '· 재질을 확인한 후 배출', '2026-05-18', 0, '["재활용폐기물", "금속류", "고철", "일반폐기물", "일반종량제폐기물"]');
INSERT INTO aliases (item_id, alias, alias_lower, source) VALUES ('포크의 재질', 'fork material', 'fork material', 'rule');
INSERT INTO aliases (item_id, alias, alias_lower, source) VALUES ('포크의 재질', 'utensil material', 'utensil material', 'rule');
INSERT INTO aliases (item_id, alias, alias_lower, source) VALUES ('포크의 재질', '금속 포크', '금속 포크', 'rule');
INSERT INTO aliases (item_id, alias, alias_lower, source) VALUES ('포크의 재질', '나무 포크', '나무 포크', 'rule');
INSERT INTO aliases (item_id, alias, alias_lower, source) VALUES ('포크의 재질', '수저', '수저', 'rule');
INSERT INTO aliases (item_id, alias, alias_lower, source) VALUES ('포크의 재질', '스테인리스 포크', '스테인리스 포크', 'rule');
INSERT INTO aliases (item_id, alias, alias_lower, source) VALUES ('포크의 재질', '일회용 포크', '일회용 포크', 'rule');
INSERT INTO aliases (item_id, alias, alias_lower, source) VALUES ('포크의 재질', '포크 구성', '포크 구성', 'rule');
INSERT INTO aliases (item_id, alias, alias_lower, source) VALUES ('포크의 재질', '포크 소재', '포크 소재', 'rule');
INSERT INTO aliases (item_id, alias, alias_lower, source) VALUES ('포크의 재질', '포크 재료', '포크 재료', 'rule');
INSERT INTO aliases (item_id, alias, alias_lower, source) VALUES ('포크의 재질', '포크 재질', '포크 재질', 'rule');
INSERT INTO aliases (item_id, alias, alias_lower, source) VALUES ('포크의 재질', '포크의재질', '포크의재질', 'rule');
INSERT INTO aliases (item_id, alias, alias_lower, source) VALUES ('포크의 재질', '플라스틱 포크', '플라스틱 포크', 'rule');
INSERT OR REPLACE INTO items (id, name, category, note, steps, confidence, source_url, source_name, source_grade, feature, caution, last_verified, region_variation, official_classification) VALUES ('보온병', '보온병', 'plastic', '· 보온병의 재질이 금속과 플라스틱 단일재질로 되어 있는 경우에는 금속과 플라스틱으로 각각 배출합니다. · 재질별로 분리하기 어렵거나 혼합재질인 제품은 일반쓰레기로 배출합니다.', '["보온병은 재질에 맞게 분리한 후 전용수거함으로 배출합니다.", "재질별로 분리하기 어려운 경우에는 종량제봉투로 배출합니다."]', 'high', 'https://www.xn--oy2b29bd3a601b.kr/front/dischargeMethod/dictionaryView.do?niIdx=603', '분리배출.kr (한국폐기물협회·환경부)', 'A', '· 보온병의 재질이 금속과 플라스틱 단일재질로 되어 있는 경우에는 금속과 플라스틱으로 각각 배출합니다. · 재질별로 분리하기 어렵거나 혼합재질인 제품은 일반쓰레기로 배출합니다.', '· 재질별로 분리가 가능하다면 가급적 분리한 후 재질에 맞게 배출', '2026-05-18', 0, '["재활용폐기물", "금속류", "고철", "합성수지 용기류"]');
INSERT INTO aliases (item_id, alias, alias_lower, source) VALUES ('보온병', '따뜻병', '따뜻병', 'rule');
INSERT INTO aliases (item_id, alias, alias_lower, source) VALUES ('보온병', '보냉병', '보냉병', 'rule');
INSERT INTO aliases (item_id, alias, alias_lower, source) VALUES ('보온병', '보온컵', '보온컵', 'rule');
INSERT INTO aliases (item_id, alias, alias_lower, source) VALUES ('보온병', '보온통', '보온통', 'rule');
INSERT INTO aliases (item_id, alias, alias_lower, source) VALUES ('보온병', '스타벅스 텀블러', '스타벅스 텀블러', 'rule');
INSERT INTO aliases (item_id, alias, alias_lower, source) VALUES ('보온병', '스탠리', '스탠리', 'rule');
INSERT INTO aliases (item_id, alias, alias_lower, source) VALUES ('보온병', '써모스', '써모스', 'rule');
INSERT INTO aliases (item_id, alias, alias_lower, source) VALUES ('보온병', '온수통', '온수통', 'rule');
INSERT INTO aliases (item_id, alias, alias_lower, source) VALUES ('보온병', '핫보틀', '핫보틀', 'rule');
INSERT OR REPLACE INTO items (id, name, category, note, steps, confidence, source_url, source_name, source_grade, feature, caution, last_verified, region_variation, official_classification) VALUES ('헤어 스프레이', '헤어 스프레이', 'can', '· 헤어 스프레이와 같은 스프레이 용기는 내부 가스로 인하여 폭발 위험이 있으므로 환기가 잘되는 장소에서 노즐을 눌러 내용물을 완전히 제거한 후 배출합니다. · 금속제품은 재활용 선별장에서 철캔, 알루미늄 캔, 생활철, 스테인리스 등으로 선별하여 제철소로 운반되며 이후 용융 과정을 거쳐 철판, 알루미늄 판 등으로 재활용하고 있습니다.', '["헤어 스프레이는 금속캔 수거함으로 배출합니다."]', 'high', 'https://www.xn--oy2b29bd3a601b.kr/front/dischargeMethod/dictionaryView.do?niIdx=604', '분리배출.kr (한국폐기물협회·환경부)', 'A', '· 헤어 스프레이와 같은 스프레이 용기는 내부 가스로 인하여 폭발 위험이 있으므로 환기가 잘되는 장소에서 노즐을 눌러 내용물을 완전히 제거한 후 배출합니다. · 금속제품은 재활용 선별장에서 철캔, 알루미늄 캔, 생활철, 스테인리스 등으로 선별하여 제철소로 운반되며 이후 용융 과정을 거쳐 철판, 알루미늄 판 등으로 재활용하고 있습니다.', '· 내용물(가스)을 완전히 제거한 후 배출', '2026-05-18', 0, '["재활용폐기물", "금속류", "기타캔류"]');
INSERT INTO aliases (item_id, alias, alias_lower, source) VALUES ('헤어 스프레이', 'Hair spray', 'hair spray', 'rule');
INSERT INTO aliases (item_id, alias, alias_lower, source) VALUES ('헤어 스프레이', 'Hairspray', 'hairspray', 'rule');
INSERT INTO aliases (item_id, alias, alias_lower, source) VALUES ('헤어 스프레이', '고정 스프레이', '고정 스프레이', 'rule');
INSERT INTO aliases (item_id, alias, alias_lower, source) VALUES ('헤어 스프레이', '머리 고정 스프레이', '머리 고정 스프레이', 'rule');
INSERT INTO aliases (item_id, alias, alias_lower, source) VALUES ('헤어 스프레이', '머리 스프레이', '머리 스프레이', 'rule');
INSERT INTO aliases (item_id, alias, alias_lower, source) VALUES ('헤어 스프레이', '모발 고정 스프레이', '모발 고정 스프레이', 'rule');
INSERT INTO aliases (item_id, alias, alias_lower, source) VALUES ('헤어 스프레이', '미쟝센 스프레이', '미쟝센 스프레이', 'rule');
INSERT INTO aliases (item_id, alias, alias_lower, source) VALUES ('헤어 스프레이', '스타일링 스프레이', '스타일링 스프레이', 'rule');
INSERT INTO aliases (item_id, alias, alias_lower, source) VALUES ('헤어 스프레이', '엘라스틴 스프레이', '엘라스틴 스프레이', 'rule');
INSERT INTO aliases (item_id, alias, alias_lower, source) VALUES ('헤어 스프레이', '헤어 세팅 스프레이', '헤어 세팅 스프레이', 'rule');
INSERT INTO aliases (item_id, alias, alias_lower, source) VALUES ('헤어 스프레이', '헤어 픽서', '헤어 픽서', 'rule');
INSERT OR REPLACE INTO items (id, name, category, note, steps, confidence, source_url, source_name, source_grade, feature, caution, last_verified, region_variation, official_classification) VALUES ('스프레', '스프레', 'can', '· 스프레이 파스와 같은 스프레이 용기는 내부 가스로 인하여 폭발 위험이 있으므로 환기가 잘되는 장소에서 노즐을 눌러 내용물을 완전히 제거한 후 배출합니다. · 금속제품은 재활용 선별장에서 철캔, 알루미늄 캔, 생활철, 스테인리스 등으로 선별하여 제철소로 운반되며 이후 용융 과정을 거쳐 철판, 알루미늄 판 등으로 재활용하고 있습니다.', '["스프레이 파스는 금속캔 수거함으로 배출합니다."]', 'high', 'https://www.xn--oy2b29bd3a601b.kr/front/dischargeMethod/dictionaryView.do?niIdx=605', '분리배출.kr (한국폐기물협회·환경부)', 'A', '· 스프레이 파스와 같은 스프레이 용기는 내부 가스로 인하여 폭발 위험이 있으므로 환기가 잘되는 장소에서 노즐을 눌러 내용물을 완전히 제거한 후 배출합니다. · 금속제품은 재활용 선별장에서 철캔, 알루미늄 캔, 생활철, 스테인리스 등으로 선별하여 제철소로 운반되며 이후 용융 과정을 거쳐 철판, 알루미늄 판 등으로 재활용하고 있습니다.', '· 내용물(가스)을 완전히 제거한 후 배출', '2026-05-18', 0, '["재활용폐기물", "금속류", "기타캔류"]');
INSERT INTO aliases (item_id, alias, alias_lower, source) VALUES ('스프레', '락카 스프레이', '락카 스프레이', 'rule');
INSERT INTO aliases (item_id, alias, alias_lower, source) VALUES ('스프레', '분사캔', '분사캔', 'rule');
INSERT INTO aliases (item_id, alias, alias_lower, source) VALUES ('스프레', '뿌리는 통', '뿌리는 통', 'rule');
INSERT INTO aliases (item_id, alias, alias_lower, source) VALUES ('스프레', '살충제 스프레이', '살충제 스프레이', 'rule');
INSERT INTO aliases (item_id, alias, alias_lower, source) VALUES ('스프레', '스프레이 깡통', '스프레이 깡통', 'rule');
INSERT INTO aliases (item_id, alias, alias_lower, source) VALUES ('스프레', '스프레이캔', '스프레이캔', 'rule');
INSERT INTO aliases (item_id, alias, alias_lower, source) VALUES ('스프레', '에어로졸캔', '에어로졸캔', 'rule');
INSERT OR REPLACE INTO items (id, name, category, note, steps, confidence, source_url, source_name, source_grade, feature, caution, last_verified, region_variation, official_classification) VALUES ('모기 스프레이', '모기 스프레이', 'can', '· 모기 스프레이와 같은 스프레이 용기는 내부 가스로 인하여 폭발 위험이 있으므로 환기가 잘되는 장소에서 노즐을 눌러 내용물을 완전히 제거한 후 배출합니다. · 금속제품은 재활용 선별장에서 철캔, 알루미늄 캔, 생활철, 스테인리스 등으로 선별하여 제철소로 운반되며 이후 용융 과정을 거쳐 철판, 알루미늄 판 등으로 재활용하고 있습니다.', '["모기 스프레이는 금속캔 수거함으로 배출합니다."]', 'high', 'https://www.xn--oy2b29bd3a601b.kr/front/dischargeMethod/dictionaryView.do?niIdx=606', '분리배출.kr (한국폐기물협회·환경부)', 'A', '· 모기 스프레이와 같은 스프레이 용기는 내부 가스로 인하여 폭발 위험이 있으므로 환기가 잘되는 장소에서 노즐을 눌러 내용물을 완전히 제거한 후 배출합니다. · 금속제품은 재활용 선별장에서 철캔, 알루미늄 캔, 생활철, 스테인리스 등으로 선별하여 제철소로 운반되며 이후 용융 과정을 거쳐 철판, 알루미늄 판 등으로 재활용하고 있습니다.', '· 내용물(가스)을 완전히 제거한 후 배출', '2026-05-18', 0, '["재활용폐기물", "금속류", "기타캔류"]');
INSERT INTO aliases (item_id, alias, alias_lower, source) VALUES ('모기 스프레이', '모기 뿌리는 약', '모기 뿌리는 약', 'rule');
INSERT INTO aliases (item_id, alias, alias_lower, source) VALUES ('모기 스프레이', '모기 칙칙이', '모기 칙칙이', 'rule');
INSERT INTO aliases (item_id, alias, alias_lower, source) VALUES ('모기 스프레이', '모기 퇴치 스프레이', '모기 퇴치 스프레이', 'rule');
INSERT INTO aliases (item_id, alias, alias_lower, source) VALUES ('모기 스프레이', '모기 퇴치제', '모기 퇴치제', 'rule');
INSERT INTO aliases (item_id, alias, alias_lower, source) VALUES ('모기 스프레이', '모기스프레이', '모기스프레이', 'rule');
INSERT INTO aliases (item_id, alias, alias_lower, source) VALUES ('모기 스프레이', '모스키토 스프레이', '모스키토 스프레이', 'rule');
INSERT INTO aliases (item_id, alias, alias_lower, source) VALUES ('모기 스프레이', '버그 스프레이', '버그 스프레이', 'rule');
INSERT INTO aliases (item_id, alias, alias_lower, source) VALUES ('모기 스프레이', '살충 스프레이', '살충 스프레이', 'rule');
INSERT INTO aliases (item_id, alias, alias_lower, source) VALUES ('모기 스프레이', '스프레이 파스', '스프레이 파스', 'rule');
INSERT INTO aliases (item_id, alias, alias_lower, source) VALUES ('모기 스프레이', '인섹트 스프레이', '인섹트 스프레이', 'rule');
INSERT INTO aliases (item_id, alias, alias_lower, source) VALUES ('모기 스프레이', '해충 스프레이', '해충 스프레이', 'rule');
INSERT INTO aliases (item_id, alias, alias_lower, source) VALUES ('모기 스프레이', '홈키파', '홈키파', 'rule');
INSERT OR REPLACE INTO items (id, name, category, note, steps, confidence, source_url, source_name, source_grade, feature, caution, last_verified, region_variation, official_classification) VALUES ('니퍼', '니퍼', 'can', '· 니퍼,펜치 등 공구류는 대부분 금속 재질로 고철로 배출하면 됩니다. · 금속제품은 재활용 선별장에서 철캔, 알루미늄 캔, 생활철, 스테인리스 등으로 선별하여 제철소로 운반되며 이후 용융 과정을 거쳐 철판, 알루미늄 판 등으로 재활용하고 있습니다.', '["니퍼는 고철 수거함으로 배출합니다."]', 'high', 'https://www.xn--oy2b29bd3a601b.kr/front/dischargeMethod/dictionaryView.do?niIdx=607', '분리배출.kr (한국폐기물협회·환경부)', 'A', '· 니퍼,펜치 등 공구류는 대부분 금속 재질로 고철로 배출하면 됩니다. · 금속제품은 재활용 선별장에서 철캔, 알루미늄 캔, 생활철, 스테인리스 등으로 선별하여 제철소로 운반되며 이후 용융 과정을 거쳐 철판, 알루미늄 판 등으로 재활용하고 있습니다.', '· 고철 외 다른 재질이 섞인 정도에 따라 고철 수거함 또는 종량제봉투로 배출', '2026-05-18', 0, '["재활용폐기물", "금속류", "고철"]');
INSERT INTO aliases (item_id, alias, alias_lower, source) VALUES ('니퍼', '너트', '너트', 'rule');
INSERT INTO aliases (item_id, alias, alias_lower, source) VALUES ('니퍼', '렌치', '렌치', 'rule');
INSERT INTO aliases (item_id, alias, alias_lower, source) VALUES ('니퍼', '볼트', '볼트', 'rule');
INSERT INTO aliases (item_id, alias, alias_lower, source) VALUES ('니퍼', '스패너', '스패너', 'rule');
INSERT INTO aliases (item_id, alias, alias_lower, source) VALUES ('니퍼', '클립', '클립', 'rule');
INSERT INTO aliases (item_id, alias, alias_lower, source) VALUES ('니퍼', '펜치', '펜치', 'rule');
INSERT OR REPLACE INTO items (id, name, category, note, steps, confidence, source_url, source_name, source_grade, feature, caution, last_verified, region_variation, official_classification) VALUES ('스패너', '스패너', 'can', '· 스패너, 펜치 등 공구류는 대부분 금속 재질로 고철로 배출하면 됩니다. · 금속제품은 재활용 선별장에서 철캔, 알루미늄 캔, 생활철, 스테인리스 등으로 선별하여 제철소로 운반되며 이후 용융 과정을 거쳐 철판, 알루미늄 판 등으로 재활용하고 있습니다.', '["스패너는 고철 수거함으로 배출합니다."]', 'high', 'https://www.xn--oy2b29bd3a601b.kr/front/dischargeMethod/dictionaryView.do?niIdx=608', '분리배출.kr (한국폐기물협회·환경부)', 'A', '· 스패너, 펜치 등 공구류는 대부분 금속 재질로 고철로 배출하면 됩니다. · 금속제품은 재활용 선별장에서 철캔, 알루미늄 캔, 생활철, 스테인리스 등으로 선별하여 제철소로 운반되며 이후 용융 과정을 거쳐 철판, 알루미늄 판 등으로 재활용하고 있습니다.', '· 고철 외 다른 재질이 섞인 정도에 따라 고철 수거함 또는 종량제봉투로 배출', '2026-05-18', 0, '["재활용폐기물", "금속류", "고철"]');
INSERT OR REPLACE INTO items (id, name, category, note, steps, confidence, source_url, source_name, source_grade, feature, caution, last_verified, region_variation, official_classification) VALUES ('렌치', '렌치', 'can', '· 렌치, 펜치 등 공구류는 대부분 금속재질로 고철로 배출하면 됩니다. · 금속제품은 재활용 선별장에서 철캔, 알루미늄 캔, 생활철, 스테인리스 등으로 선별하여 제철소로 운반되며 이후 용융 과정을 거쳐 철판, 알루미늄 판 등으로 재활용하고 있습니다.', '["렌치는 고철 수거함으로 배출합니다."]', 'high', 'https://www.xn--oy2b29bd3a601b.kr/front/dischargeMethod/dictionaryView.do?niIdx=609', '분리배출.kr (한국폐기물협회·환경부)', 'A', '· 렌치, 펜치 등 공구류는 대부분 금속재질로 고철로 배출하면 됩니다. · 금속제품은 재활용 선별장에서 철캔, 알루미늄 캔, 생활철, 스테인리스 등으로 선별하여 제철소로 운반되며 이후 용융 과정을 거쳐 철판, 알루미늄 판 등으로 재활용하고 있습니다.', '· 고철 외 다른 재질이 섞인 정도에 따라 고철 수거함 또는 종량제봉투로 배출', '2026-05-18', 0, '["재활용폐기물", "금속류", "고철"]');
INSERT OR REPLACE INTO items (id, name, category, note, steps, confidence, source_url, source_name, source_grade, feature, caution, last_verified, region_variation, official_classification) VALUES ('너트', '너트', 'can', '· 나사, 너트, 볼트 등의 부품은 금속재질로 고철로 배출하면 됩니다. · 금속제품은 재활용 선별장에서 철캔, 알루미늄 캔, 생활철, 스테인리스 등으로 선별하여 제철소로 운반되며 이후 용융 과정을 거쳐 철판, 알루미늄 판 등으로 재활용하고 있습니다. ※ 배출방법은 지역별로 차이가 있을 수 있으니, 해당 지방자치단체에서 정하는 방법이 있는 경우에는 해당 방법', '["너트는 고철 수거함으로 배출합니다."]', 'high', 'https://www.xn--oy2b29bd3a601b.kr/front/dischargeMethod/dictionaryView.do?niIdx=610', '분리배출.kr (한국폐기물협회·환경부)', 'A', '· 나사, 너트, 볼트 등의 부품은 금속재질로 고철로 배출하면 됩니다. · 금속제품은 재활용 선별장에서 철캔, 알루미늄 캔, 생활철, 스테인리스 등으로 선별하여 제철소로 운반되며 이후 용융 과정을 거쳐 철판, 알루미늄 판 등으로 재활용하고 있습니다. ※ 배출방법은 지역별로 차이가 있을 수 있으니, 해당 지방자치단체에서 정하는 방법이 있는 경우에는 해당 방법에 따라 배출하시기 바랍니다. 가까운...', '', '2026-05-18', 0, '["재활용폐기물", "금속류", "고철"]');
INSERT OR REPLACE INTO items (id, name, category, note, steps, confidence, source_url, source_name, source_grade, feature, caution, last_verified, region_variation, official_classification) VALUES ('볼트', '볼트', 'can', '· 나사, 너트, 볼트 등의 부품은 금속재질로 고철로 배출하면 됩니다. · 금속제품은 재활용 선별장에서 철캔, 알루미늄 캔, 생활철, 스테인리스 등으로 선별하여 제철소로 운반되며 이후 용융 과정을 거쳐 철판, 알루미늄 판 등으로 재활용하고 있습니다. ※ 배출방법은 지역별로 차이가 있을 수 있으니, 해당 지방자치단체에서 정하는 방법이 있는 경우에는 해당 방법', '["볼트는 고철 수거함으로 배출합니다."]', 'high', 'https://www.xn--oy2b29bd3a601b.kr/front/dischargeMethod/dictionaryView.do?niIdx=611', '분리배출.kr (한국폐기물협회·환경부)', 'A', '· 나사, 너트, 볼트 등의 부품은 금속재질로 고철로 배출하면 됩니다. · 금속제품은 재활용 선별장에서 철캔, 알루미늄 캔, 생활철, 스테인리스 등으로 선별하여 제철소로 운반되며 이후 용융 과정을 거쳐 철판, 알루미늄 판 등으로 재활용하고 있습니다. ※ 배출방법은 지역별로 차이가 있을 수 있으니, 해당 지방자치단체에서 정하는 방법이 있는 경우에는 해당 방법에 따라 배출하시기 바랍니다. 가까운...', '', '2026-05-18', 0, '["재활용폐기물", "금속류", "고철"]');
INSERT INTO aliases (item_id, alias, alias_lower, source) VALUES ('볼트', '니퍼', '니퍼', 'rule');
INSERT OR REPLACE INTO items (id, name, category, note, steps, confidence, source_url, source_name, source_grade, feature, caution, last_verified, region_variation, official_classification) VALUES ('못', '못', 'can', '· 못, 나사, 너트, 볼트 등의 부품은 금속 재질로 고철로 배출하면 됩니다. · 금속제품은 재활용 선별장에서 철캔, 알루미늄 캔, 생활철, 스테인리스 등으로 선별하여 제철소로 운반되며 이후 용융 과정을 거쳐 철판, 알루미늄 판 등으로 재활용하고 있습니다. ※ 배출방법은 지역별로 차이가 있을 수 있으니, 해당 지방자치단체에서 정하는 방법이 있는 경우에는 해', '["못은 고철 수거함으로 배출합니다."]', 'high', 'https://www.xn--oy2b29bd3a601b.kr/front/dischargeMethod/dictionaryView.do?niIdx=612', '분리배출.kr (한국폐기물협회·환경부)', 'A', '· 못, 나사, 너트, 볼트 등의 부품은 금속 재질로 고철로 배출하면 됩니다. · 금속제품은 재활용 선별장에서 철캔, 알루미늄 캔, 생활철, 스테인리스 등으로 선별하여 제철소로 운반되며 이후 용융 과정을 거쳐 철판, 알루미늄 판 등으로 재활용하고 있습니다. ※ 배출방법은 지역별로 차이가 있을 수 있으니, 해당 지방자치단체에서 정하는 방법이 있는 경우에는 해당 방법에 따라 배출하시기 바랍니다....', '', '2026-05-18', 0, '["재활용폐기물", "금속류", "고철"]');
INSERT OR REPLACE INTO items (id, name, category, note, steps, confidence, source_url, source_name, source_grade, feature, caution, last_verified, region_variation, official_classification) VALUES ('법랑주전자', '법랑주전자', 'can', '· 법랑주전자는 금속 표면에 유리질 유약을 바른 후 만든 제품으로 고철 수거함으로 배출합니다. · 금속제품은 재활용 선별장에서 철캔, 알루미늄 캔, 생활철, 스테인리스 등으로 선별하여 제철소로 운반되며 이후 용융 과정을 거쳐 철판, 알루미늄 판 등으로 재활용하고 있습니다. ※ 배출방법은 지역별로 차이가 있을 수 있으니, 해당 지방자치단체에서 정하는 방법이', '["법랑주전자는 고철 수거함으로 배출합니다."]', 'high', 'https://www.xn--oy2b29bd3a601b.kr/front/dischargeMethod/dictionaryView.do?niIdx=613', '분리배출.kr (한국폐기물협회·환경부)', 'A', '· 법랑주전자는 금속 표면에 유리질 유약을 바른 후 만든 제품으로 고철 수거함으로 배출합니다. · 금속제품은 재활용 선별장에서 철캔, 알루미늄 캔, 생활철, 스테인리스 등으로 선별하여 제철소로 운반되며 이후 용융 과정을 거쳐 철판, 알루미늄 판 등으로 재활용하고 있습니다. ※ 배출방법은 지역별로 차이가 있을 수 있으니, 해당 지방자치단체에서 정하는 방법이 있는 경우에는 해당 방법에 따라 배출...', '', '2026-05-18', 0, '["재활용폐기물", "금속류", "고철"]');
INSERT OR REPLACE INTO items (id, name, category, note, steps, confidence, source_url, source_name, source_grade, feature, caution, last_verified, region_variation, official_classification) VALUES ('반려동물 케이지', '반려동물 케이지', 'plastic', '· 반려동물 케이지는 주로 몸체는 금속 재질이며, 배변판은 플라스틱 재질입니다. · 금속, 플라스틱 등 단일재질로 분리가 가능한 경우에는 각각 분리하여 금속은 고철 수거함에 배출하고, 플라스틱은 물로 헹구는 등 이물질을 제거한 후 플라스틱 수거함으로 배출합니다. · 재질별로 분리하기 어려운 제품은 종량제봉투로 배출하거나 크기가 큰 반려동물 케이지인 경우 대', '["반려동물 케이지는 재질에 맞게 분리한 후 전용수거함으로 배출합니다.", "재질별로 분리하기 어려운 경우에는 종량제봉투 또는 대형폐기물로 배출합니다."]', 'high', 'https://www.xn--oy2b29bd3a601b.kr/front/dischargeMethod/dictionaryView.do?niIdx=618', '분리배출.kr (한국폐기물협회·환경부)', 'A', '· 반려동물 케이지는 주로 몸체는 금속 재질이며, 배변판은 플라스틱 재질입니다. · 금속, 플라스틱 등 단일재질로 분리가 가능한 경우에는 각각 분리하여 금속은 고철 수거함에 배출하고, 플라스틱은 물로 헹구는 등 이물질을 제거한 후 플라스틱 수거함으로 배출합니다. · 재질별로 분리하기 어려운 제품은 종량제봉투로 배출하거나 크기가 큰 반려동물 케이지인 경우 대형폐기물로 배출합니다.', '· 재질별로 분리가 가능하다면 분리한 후 재질에 맞게 배출', '2026-05-18', 0, '["재활용폐기물", "금속류", "고철", "합성수지 용기류"]');
INSERT INTO aliases (item_id, alias, alias_lower, source) VALUES ('반려동물 케이지', 'cage', 'cage', 'rule');
INSERT INTO aliases (item_id, alias, alias_lower, source) VALUES ('반려동물 케이지', 'pet cage', 'pet cage', 'rule');
INSERT INTO aliases (item_id, alias, alias_lower, source) VALUES ('반려동물 케이지', '강아지 이동장', '강아지 이동장', 'rule');
INSERT INTO aliases (item_id, alias, alias_lower, source) VALUES ('반려동물 케이지', '고양이 이동장', '고양이 이동장', 'rule');
INSERT INTO aliases (item_id, alias, alias_lower, source) VALUES ('반려동물 케이지', '멍멍이 집', '멍멍이 집', 'rule');
INSERT INTO aliases (item_id, alias, alias_lower, source) VALUES ('반려동물 케이지', '반려동물 이동장', '반려동물 이동장', 'rule');
INSERT INTO aliases (item_id, alias, alias_lower, source) VALUES ('반려동물 케이지', '반려동물케이지', '반려동물케이지', 'rule');
INSERT INTO aliases (item_id, alias, alias_lower, source) VALUES ('반려동물 케이지', '애완동물 우리', '애완동물 우리', 'rule');
INSERT INTO aliases (item_id, alias, alias_lower, source) VALUES ('반려동물 케이지', '야옹이 집', '야옹이 집', 'rule');
INSERT INTO aliases (item_id, alias, alias_lower, source) VALUES ('반려동물 케이지', '이동장', '이동장', 'rule');
INSERT INTO aliases (item_id, alias, alias_lower, source) VALUES ('반려동물 케이지', '펫 하우스', '펫 하우스', 'rule');
INSERT INTO aliases (item_id, alias, alias_lower, source) VALUES ('반려동물 케이지', '펫집', '펫집', 'rule');
INSERT OR REPLACE INTO items (id, name, category, note, steps, confidence, source_url, source_name, source_grade, feature, caution, last_verified, region_variation, official_classification) VALUES ('오프너', '오프너', 'general', '· 오프너는 플라스틱과 금속재질이 혼합된 복합재질 제품으로재질별 분리가 어려우므로 일반쓰레기로 배출합니다. · 오프너에 칼날이 있는 경우에는 주의하여 종량제봉투로 배출해야 합니다. 종량제봉투로 배출한 제품은 소각시설로 반입되어 소각처리되며, 이때 반입된 금속성분은 금속분리기에 의해 분리 및 선별되어 고철로 재활용합니다. ※ 배출방법은 지역별로 차이가 있을', '["오프너는 충분히 감싼 후 종량제봉투로 배출합니다."]', 'high', 'https://www.xn--oy2b29bd3a601b.kr/front/dischargeMethod/dictionaryView.do?niIdx=619', '분리배출.kr (한국폐기물협회·환경부)', 'A', '· 오프너는 플라스틱과 금속재질이 혼합된 복합재질 제품으로재질별 분리가 어려우므로 일반쓰레기로 배출합니다. · 오프너에 칼날이 있는 경우에는 주의하여 종량제봉투로 배출해야 합니다. 종량제봉투로 배출한 제품은 소각시설로 반입되어 소각처리되며, 이때 반입된 금속성분은 금속분리기에 의해 분리 및 선별되어 고철로 재활용합니다. ※ 배출방법은 지역별로 차이가 있을 수 있으니, 해당 지방자치단체에서 정...', '', '2026-05-18', 0, '["일반폐기물", "일반종량제폐기물"]');
INSERT INTO aliases (item_id, alias, alias_lower, source) VALUES ('오프너', '다용도 따개', '다용도 따개', 'rule');
INSERT INTO aliases (item_id, alias, alias_lower, source) VALUES ('오프너', '따는 도구', '따는 도구', 'rule');
INSERT INTO aliases (item_id, alias, alias_lower, source) VALUES ('오프너', '뚜껑 따개', '뚜껑 따개', 'rule');
INSERT INTO aliases (item_id, alias, alias_lower, source) VALUES ('오프너', '맥주병', '맥주병', 'rule');
INSERT INTO aliases (item_id, alias, alias_lower, source) VALUES ('오프너', '병 따는 기구', '병 따는 기구', 'rule');
INSERT INTO aliases (item_id, alias, alias_lower, source) VALUES ('오프너', '병따개', '병따개', 'rule');
INSERT INTO aliases (item_id, alias, alias_lower, source) VALUES ('오프너', '병마개 따개', '병마개 따개', 'rule');
INSERT INTO aliases (item_id, alias, alias_lower, source) VALUES ('오프너', '보틀 오프너', '보틀 오프너', 'rule');
INSERT INTO aliases (item_id, alias, alias_lower, source) VALUES ('오프너', '와인 오프너', '와인 오프너', 'rule');
INSERT INTO aliases (item_id, alias, alias_lower, source) VALUES ('오프너', '와인병', '와인병', 'rule');
INSERT INTO aliases (item_id, alias, alias_lower, source) VALUES ('오프너', '음료수병', '음료수병', 'rule');
INSERT INTO aliases (item_id, alias, alias_lower, source) VALUES ('오프너', '캔 따는 기구', '캔 따는 기구', 'rule');
INSERT INTO aliases (item_id, alias, alias_lower, source) VALUES ('오프너', '캔 오프너', '캔 오프너', 'rule');
INSERT INTO aliases (item_id, alias, alias_lower, source) VALUES ('오프너', '캔따개', '캔따개', 'rule');
INSERT INTO aliases (item_id, alias, alias_lower, source) VALUES ('오프너', '코르크스크류', '코르크스크류', 'rule');
INSERT OR REPLACE INTO items (id, name, category, note, steps, confidence, source_url, source_name, source_grade, feature, caution, last_verified, region_variation, official_classification) VALUES ('비닐 라벨', '비닐 라벨', 'vinyl', '· 합성수지 비닐과 용기류는 동일한 재질이더라도 물성이 달라 함께 재활용하기 어렵고 플라스틱과 비닐은 재활용 방법이 다르기 때문에 분리하여 배출합니다. ※ 배출방법은 지역별로 차이가 있을 수 있으니, 해당 지방자치단체에서 정하는 방법이 있는 경우에는 해당 방법에 따라 배출하시기 바랍니다. 가까운 분리배출 장소를 확인해보세요. 현재 위치에 가까운 배출장소가', '["비닐 라벨은 비닐류로 배출합니다."]', 'high', 'https://www.xn--oy2b29bd3a601b.kr/front/dischargeMethod/dictionaryView.do?niIdx=620', '분리배출.kr (한국폐기물협회·환경부)', 'A', '· 합성수지 비닐과 용기류는 동일한 재질이더라도 물성이 달라 함께 재활용하기 어렵고 플라스틱과 비닐은 재활용 방법이 다르기 때문에 분리하여 배출합니다. ※ 배출방법은 지역별로 차이가 있을 수 있으니, 해당 지방자치단체에서 정하는 방법이 있는 경우에는 해당 방법에 따라 배출하시기 바랍니다. 가까운 분리배출 장소를 확인해보세요. 현재 위치에 가까운 배출장소가 없습니다. 근처의 다른 지역을 검색해...', '', '2026-05-18', 0, '["재활용폐기물", "합성수지 비닐류"]');
INSERT INTO aliases (item_id, alias, alias_lower, source) VALUES ('비닐 라벨', '떼는 라벨', '떼는 라벨', 'rule');
INSERT INTO aliases (item_id, alias, alias_lower, source) VALUES ('비닐 라벨', '라벨', '라벨', 'rule');
INSERT INTO aliases (item_id, alias, alias_lower, source) VALUES ('비닐 라벨', '라벨지', '라벨지', 'rule');
INSERT INTO aliases (item_id, alias, alias_lower, source) VALUES ('비닐 라벨', '라텍스 장갑', '라텍스 장갑', 'rule');
INSERT INTO aliases (item_id, alias, alias_lower, source) VALUES ('비닐 라벨', '비닐 딱지', '비닐 딱지', 'rule');
INSERT INTO aliases (item_id, alias, alias_lower, source) VALUES ('비닐 라벨', '비닐 스티커', '비닐 스티커', 'rule');
INSERT INTO aliases (item_id, alias, alias_lower, source) VALUES ('비닐 라벨', '비닐라벨', '비닐라벨', 'rule');
INSERT INTO aliases (item_id, alias, alias_lower, source) VALUES ('비닐 라벨', '스티커', '스티커', 'rule');
INSERT INTO aliases (item_id, alias, alias_lower, source) VALUES ('비닐 라벨', '음료수 라벨', '음료수 라벨', 'rule');
INSERT INTO aliases (item_id, alias, alias_lower, source) VALUES ('비닐 라벨', '쭈쭈바', '쭈쭈바', 'rule');
INSERT INTO aliases (item_id, alias, alias_lower, source) VALUES ('비닐 라벨', '투명 라벨', '투명 라벨', 'rule');
INSERT INTO aliases (item_id, alias, alias_lower, source) VALUES ('비닐 라벨', '페트병 라벨', '페트병 라벨', 'rule');
INSERT INTO aliases (item_id, alias, alias_lower, source) VALUES ('비닐 라벨', '포장 라벨', '포장 라벨', 'rule');
INSERT INTO aliases (item_id, alias, alias_lower, source) VALUES ('비닐 라벨', '플라스틱 라벨', '플라스틱 라벨', 'rule');
INSERT INTO aliases (item_id, alias, alias_lower, source) VALUES ('비닐 라벨', '필름 라벨', '필름 라벨', 'rule');
INSERT OR REPLACE INTO items (id, name, category, note, steps, confidence, source_url, source_name, source_grade, feature, caution, last_verified, region_variation, official_classification) VALUES ('과일봉지', '과일봉지', 'vinyl', '· 과일, 과자 등을 포장하기 위해 사용하는 대부분의 합성수지 비닐은 생산자책임재활용제도 (EPR)대상 품목에 해당되어 재활용이 가능합니다. · 비닐은 재질, 색상과 상관없이 한데 모아 파쇄, 선별, 용융 및 성형과정을 거쳐 플라스틱 배수로, 건축 자재 등으로 재활용하고 있습니다.', '["과일봉지는 비닐류 수거함으로 배출합니다."]', 'high', 'https://www.xn--oy2b29bd3a601b.kr/front/dischargeMethod/dictionaryView.do?niIdx=621', '분리배출.kr (한국폐기물협회·환경부)', 'A', '· 과일, 과자 등을 포장하기 위해 사용하는 대부분의 합성수지 비닐은 생산자책임재활용제도 (EPR)대상 품목에 해당되어 재활용이 가능합니다. · 비닐은 재질, 색상과 상관없이 한데 모아 파쇄, 선별, 용융 및 성형과정을 거쳐 플라스틱 배수로, 건축 자재 등으로 재활용하고 있습니다.', '·이물질을 제거한 후 배출', '2026-05-18', 0, '["재활용폐기물", "합성수지 비닐류"]');
INSERT INTO aliases (item_id, alias, alias_lower, source) VALUES ('과일봉지', '과일 담는 봉지', '과일 담는 봉지', 'rule');
INSERT INTO aliases (item_id, alias, alias_lower, source) VALUES ('과일봉지', '과일 비닐봉투', '과일 비닐봉투', 'rule');
INSERT INTO aliases (item_id, alias, alias_lower, source) VALUES ('과일봉지', '과일봉', '과일봉', 'rule');
INSERT INTO aliases (item_id, alias, alias_lower, source) VALUES ('과일봉지', '시장 봉투', '시장 봉투', 'rule');
INSERT INTO aliases (item_id, alias, alias_lower, source) VALUES ('과일봉지', '투명 봉지', '투명 봉지', 'rule');
INSERT INTO aliases (item_id, alias, alias_lower, source) VALUES ('과일봉지', '프루트백', '프루트백', 'rule');
INSERT INTO aliases (item_id, alias, alias_lower, source) VALUES ('과일봉지', '플라스틱백', '플라스틱백', 'rule');
INSERT OR REPLACE INTO items (id, name, category, note, steps, confidence, source_url, source_name, source_grade, feature, caution, last_verified, region_variation, official_classification) VALUES ('라면 봉지', '라면 봉지', 'vinyl', '· 라면, 과일, 과자 등을 포장하기 위해 사용하는 대부분의 합성수지 비닐은 생산자책임재활용제도 (EPR)대상 품목에 해당되어 재활용이 가능합니다. · 비닐은 재질, 색상과 상관없이 한데 모아 파쇄, 선별, 용융 및 성형과정을 거쳐 플라스틱 배수로, 건축 자재 등으로 재활용하고 있습니다.', '["라면 봉지는 비닐류 수거함으로 배출합니다."]', 'high', 'https://www.xn--oy2b29bd3a601b.kr/front/dischargeMethod/dictionaryView.do?niIdx=622', '분리배출.kr (한국폐기물협회·환경부)', 'A', '· 라면, 과일, 과자 등을 포장하기 위해 사용하는 대부분의 합성수지 비닐은 생산자책임재활용제도 (EPR)대상 품목에 해당되어 재활용이 가능합니다. · 비닐은 재질, 색상과 상관없이 한데 모아 파쇄, 선별, 용융 및 성형과정을 거쳐 플라스틱 배수로, 건축 자재 등으로 재활용하고 있습니다.', '·이물질을 제거한 후 배출', '2026-05-18', 0, '["재활용폐기물", "합성수지 비닐류"]');
INSERT INTO aliases (item_id, alias, alias_lower, source) VALUES ('라면 봉지', 'noodle bag', 'noodle bag', 'rule');
INSERT INTO aliases (item_id, alias, alias_lower, source) VALUES ('라면 봉지', 'ramen bag', 'ramen bag', 'rule');
INSERT INTO aliases (item_id, alias, alias_lower, source) VALUES ('라면 봉지', 'ramen wrapper', 'ramen wrapper', 'rule');
INSERT INTO aliases (item_id, alias, alias_lower, source) VALUES ('라면 봉지', '라면 비닐 봉투', '라면 비닐 봉투', 'rule');
INSERT INTO aliases (item_id, alias, alias_lower, source) VALUES ('라면 봉지', '라면 포장지', '라면 포장지', 'rule');
INSERT INTO aliases (item_id, alias, alias_lower, source) VALUES ('라면 봉지', '라면껍데기', '라면껍데기', 'rule');
INSERT INTO aliases (item_id, alias, alias_lower, source) VALUES ('라면 봉지', '라면껍질', '라면껍질', 'rule');
INSERT INTO aliases (item_id, alias, alias_lower, source) VALUES ('라면 봉지', '라면봉다리', '라면봉다리', 'rule');
INSERT INTO aliases (item_id, alias, alias_lower, source) VALUES ('라면 봉지', '봉지라면 포장재', '봉지라면 포장재', 'rule');
INSERT INTO aliases (item_id, alias, alias_lower, source) VALUES ('라면 봉지', '신라면 봉지', '신라면 봉지', 'rule');
INSERT INTO aliases (item_id, alias, alias_lower, source) VALUES ('라면 봉지', '인스턴트 라면 봉지', '인스턴트 라면 봉지', 'rule');
INSERT INTO aliases (item_id, alias, alias_lower, source) VALUES ('라면 봉지', '진라면 봉지', '진라면 봉지', 'rule');
INSERT OR REPLACE INTO items (id, name, category, note, steps, confidence, source_url, source_name, source_grade, feature, caution, last_verified, region_variation, official_classification) VALUES ('아이스크림 봉지', '아이스크림 봉지', 'vinyl', '· 아이스크림, 과일, 과자 등을 포장하기 위해 사용하는 대부분의 합성수지 비닐은 생산자책임재활용제도 (EPR)대상 품목에 해당되어 재활용이 가능합니다. · 비닐은 재질, 색상과 상관없이 한데 모아 파쇄, 선별, 용융 및 성형과정을 거쳐 플라스틱 배수로, 건축 자재 등으로 재활용하고 있습니다.', '["아이스크림 봉지는 비닐류 수거함으로 배출합니다."]', 'high', 'https://www.xn--oy2b29bd3a601b.kr/front/dischargeMethod/dictionaryView.do?niIdx=623', '분리배출.kr (한국폐기물협회·환경부)', 'A', '· 아이스크림, 과일, 과자 등을 포장하기 위해 사용하는 대부분의 합성수지 비닐은 생산자책임재활용제도 (EPR)대상 품목에 해당되어 재활용이 가능합니다. · 비닐은 재질, 색상과 상관없이 한데 모아 파쇄, 선별, 용융 및 성형과정을 거쳐 플라스틱 배수로, 건축 자재 등으로 재활용하고 있습니다.', '·이물질을 제거한 후 배출', '2026-05-18', 0, '["재활용폐기물", "합성수지 비닐류"]');
INSERT INTO aliases (item_id, alias, alias_lower, source) VALUES ('아이스크림 봉지', '메로나 봉지', '메로나 봉지', 'rule');
INSERT INTO aliases (item_id, alias, alias_lower, source) VALUES ('아이스크림 봉지', '아슈크림 봉지', '아슈크림 봉지', 'rule');
INSERT INTO aliases (item_id, alias, alias_lower, source) VALUES ('아이스크림 봉지', '아이스크림 껍딱', '아이스크림 껍딱', 'rule');
INSERT INTO aliases (item_id, alias, alias_lower, source) VALUES ('아이스크림 봉지', '아이스크림 껍질', '아이스크림 껍질', 'rule');
INSERT INTO aliases (item_id, alias, alias_lower, source) VALUES ('아이스크림 봉지', '아이스크림 랩퍼', '아이스크림 랩퍼', 'rule');
INSERT INTO aliases (item_id, alias, alias_lower, source) VALUES ('아이스크림 봉지', '아이스크림 봉투', '아이스크림 봉투', 'rule');
INSERT INTO aliases (item_id, alias, alias_lower, source) VALUES ('아이스크림 봉지', '아이스크림 비닐', '아이스크림 비닐', 'rule');
INSERT INTO aliases (item_id, alias, alias_lower, source) VALUES ('아이스크림 봉지', '아이스크림 쪼가리', '아이스크림 쪼가리', 'rule');
INSERT INTO aliases (item_id, alias, alias_lower, source) VALUES ('아이스크림 봉지', '아이스크림 패키징', '아이스크림 패키징', 'rule');
INSERT INTO aliases (item_id, alias, alias_lower, source) VALUES ('아이스크림 봉지', '아이스크림 포장지', '아이스크림 포장지', 'rule');
INSERT INTO aliases (item_id, alias, alias_lower, source) VALUES ('아이스크림 봉지', '아이스크림봉지', '아이스크림봉지', 'rule');
INSERT INTO aliases (item_id, alias, alias_lower, source) VALUES ('아이스크림 봉지', '죠스바 봉지', '죠스바 봉지', 'rule');
INSERT OR REPLACE INTO items (id, name, category, note, steps, confidence, source_url, source_name, source_grade, feature, caution, last_verified, region_variation, official_classification) VALUES ('유색봉지', '유색봉지', 'vinyl', '· 비닐은 재질, 색상과 상관없이 한데 모아 파쇄, 선별, 용융 및 성형과정을 거쳐 플라스틱 배수로, 건축 자재 등으로 재활용하고 있습니다.', '["유색봉지는 비닐류수거함으로 배출합니다."]', 'high', 'https://www.xn--oy2b29bd3a601b.kr/front/dischargeMethod/dictionaryView.do?niIdx=624', '분리배출.kr (한국폐기물협회·환경부)', 'A', '· 비닐은 재질, 색상과 상관없이 한데 모아 파쇄, 선별, 용융 및 성형과정을 거쳐 플라스틱 배수로, 건축 자재 등으로 재활용하고 있습니다.', '· 내용물을 비우고 이물질을 제거한 후 배출', '2026-05-18', 0, '["재활용폐기물", "합성수지 비닐류"]');
INSERT INTO aliases (item_id, alias, alias_lower, source) VALUES ('유색봉지', '검정봉다리', '검정봉다리', 'rule');
INSERT INTO aliases (item_id, alias, alias_lower, source) VALUES ('유색봉지', '마트봉투', '마트봉투', 'rule');
INSERT INTO aliases (item_id, alias, alias_lower, source) VALUES ('유색봉지', '불투명봉지', '불투명봉지', 'rule');
INSERT INTO aliases (item_id, alias, alias_lower, source) VALUES ('유색봉지', '색깔봉투', '색깔봉투', 'rule');
INSERT INTO aliases (item_id, alias, alias_lower, source) VALUES ('유색봉지', '색봉투', '색봉투', 'rule');
INSERT INTO aliases (item_id, alias, alias_lower, source) VALUES ('유색봉지', '색비닐봉투', '색비닐봉투', 'rule');
INSERT INTO aliases (item_id, alias, alias_lower, source) VALUES ('유색봉지', '컬러 비닐', '컬러 비닐', 'rule');
INSERT INTO aliases (item_id, alias, alias_lower, source) VALUES ('유색봉지', '파란봉지', '파란봉지', 'rule');
INSERT INTO aliases (item_id, alias, alias_lower, source) VALUES ('유색봉지', '포장비닐', '포장비닐', 'rule');
INSERT OR REPLACE INTO items (id, name, category, note, steps, confidence, source_url, source_name, source_grade, feature, caution, last_verified, region_variation, official_classification) VALUES ('깨끗한 플라스틱 위생도마', '깨끗한 플라스틱 위생도마', 'plastic', '· 폴리프로필렌(pp) 재질로 된 밀폐보관용기, 도마, 바구니, 옷걸이 등의 생활용품은 EPR 대상 품목으로 지정되어 재활용이 됩니다. · 위생도마가 플라스틱(PP) 단일 재질인 경우 음식물 등 이물질을 제거한 후 플라스틱 수거함으로 배출합니다. · 다만, 위생도마가 음식물 등 이물질 제거가 어렵거나 오염된 경우에는 일반쓰레기로 배출합니다.', '["깨끗한 플라스틱 위생도마는 플라스틱 수거함으로 배출합니다."]', 'high', 'https://www.xn--oy2b29bd3a601b.kr/front/dischargeMethod/dictionaryView.do?niIdx=625', '분리배출.kr (한국폐기물협회·환경부)', 'A', '· 폴리프로필렌(pp) 재질로 된 밀폐보관용기, 도마, 바구니, 옷걸이 등의 생활용품은 EPR 대상 품목으로 지정되어 재활용이 됩니다. · 위생도마가 플라스틱(PP) 단일 재질인 경우 음식물 등 이물질을 제거한 후 플라스틱 수거함으로 배출합니다. · 다만, 위생도마가 음식물 등 이물질 제거가 어렵거나 오염된 경우에는 일반쓰레기로 배출합니다.', '· 이물질을 제거한 후 배출', '2026-05-18', 0, '["재활용폐기물", "합성수지 용기류"]');
INSERT INTO aliases (item_id, alias, alias_lower, source) VALUES ('깨끗한 플라스틱 위생도마', '깨끗한플라스틱위생도마', '깨끗한플라스틱위생도마', 'rule');
INSERT INTO aliases (item_id, alias, alias_lower, source) VALUES ('깨끗한 플라스틱 위생도마', '플라스틱 도마', '플라스틱 도마', 'rule');
INSERT OR REPLACE INTO items (id, name, category, note, steps, confidence, source_url, source_name, source_grade, feature, caution, last_verified, region_variation, official_classification) VALUES ('사탕봉지', '사탕봉지', 'vinyl', '· 사탕봉지처럼 작은 크기의 비닐봉지는 흩날리지 않도록 투명 또는 반투명봉투에 담아 비닐류 수거함으로 배출합니다. · 비닐은 재질, 색상과 상관없이 한데 모아 파쇄, 선별, 용융 및 성형과정을 거쳐 플라스틱 배수로, 건축 자재 등으로 재활용하고 있습니다.', '["사탕봉지는 비닐류 수거함으로 배출합니다."]', 'high', 'https://www.xn--oy2b29bd3a601b.kr/front/dischargeMethod/dictionaryView.do?niIdx=626', '분리배출.kr (한국폐기물협회·환경부)', 'A', '· 사탕봉지처럼 작은 크기의 비닐봉지는 흩날리지 않도록 투명 또는 반투명봉투에 담아 비닐류 수거함으로 배출합니다. · 비닐은 재질, 색상과 상관없이 한데 모아 파쇄, 선별, 용융 및 성형과정을 거쳐 플라스틱 배수로, 건축 자재 등으로 재활용하고 있습니다.', '· 내용물을 비우고 이물질을 제거한 후 배출', '2026-05-18', 0, '["재활용폐기물", "합성수지 비닐류"]');
INSERT INTO aliases (item_id, alias, alias_lower, source) VALUES ('사탕봉지', '달콤이 봉지', '달콤이 봉지', 'rule');
INSERT INTO aliases (item_id, alias, alias_lower, source) VALUES ('사탕봉지', '막대사탕 봉지', '막대사탕 봉지', 'rule');
INSERT INTO aliases (item_id, alias, alias_lower, source) VALUES ('사탕봉지', '사탕 껍질', '사탕 껍질', 'rule');
INSERT INTO aliases (item_id, alias, alias_lower, source) VALUES ('사탕봉지', '사탕 비닐', '사탕 비닐', 'rule');
INSERT INTO aliases (item_id, alias, alias_lower, source) VALUES ('사탕봉지', '사탕 비닐 조각', '사탕 비닐 조각', 'rule');
INSERT INTO aliases (item_id, alias, alias_lower, source) VALUES ('사탕봉지', '사탕 포장지', '사탕 포장지', 'rule');
INSERT INTO aliases (item_id, alias, alias_lower, source) VALUES ('사탕봉지', '스위트 랩', '스위트 랩', 'rule');
INSERT INTO aliases (item_id, alias, alias_lower, source) VALUES ('사탕봉지', '초콜릿봉지', '초콜릿봉지', 'rule');
INSERT INTO aliases (item_id, alias, alias_lower, source) VALUES ('사탕봉지', '캔디 랩', '캔디 랩', 'rule');
INSERT INTO aliases (item_id, alias, alias_lower, source) VALUES ('사탕봉지', '캔디봉지', '캔디봉지', 'rule');
INSERT OR REPLACE INTO items (id, name, category, note, steps, confidence, source_url, source_name, source_grade, feature, caution, last_verified, region_variation, official_classification) VALUES ('비닐약봉지', '비닐약봉지', 'vinyl', '· 비닐약봉지처럼 작은 크기의 비닐봉지는 흩날리지 않도록 투명 또는 반투명봉투에 담아 비닐류수거함으로 배출합니다. · 비닐은 재질, 색상과 상관없이 한데 모아 파쇄, 선별, 용융 및 성형과정을 거쳐 플라스틱 배수로, 건축 자재 등으로 재활용하고 있습니다.', '["비닐약봉지는 비닐류 수거함으로 배출합니다."]', 'high', 'https://www.xn--oy2b29bd3a601b.kr/front/dischargeMethod/dictionaryView.do?niIdx=627', '분리배출.kr (한국폐기물협회·환경부)', 'A', '· 비닐약봉지처럼 작은 크기의 비닐봉지는 흩날리지 않도록 투명 또는 반투명봉투에 담아 비닐류수거함으로 배출합니다. · 비닐은 재질, 색상과 상관없이 한데 모아 파쇄, 선별, 용융 및 성형과정을 거쳐 플라스틱 배수로, 건축 자재 등으로 재활용하고 있습니다.', '· 내용물을 비우고 이물질을 제거한 후 배출 · 알약은 폐의약품 배출방법에 따라 배출', '2026-05-18', 0, '["재활용폐기물", "합성수지 비닐류"]');
INSERT INTO aliases (item_id, alias, alias_lower, source) VALUES ('비닐약봉지', '야악봉지', '야악봉지', 'rule');
INSERT INTO aliases (item_id, alias, alias_lower, source) VALUES ('비닐약봉지', '약봉', '약봉', 'rule');
INSERT INTO aliases (item_id, alias, alias_lower, source) VALUES ('비닐약봉지', '약봉다리', '약봉다리', 'rule');
INSERT INTO aliases (item_id, alias, alias_lower, source) VALUES ('비닐약봉지', '약봉지껍데기', '약봉지껍데기', 'rule');
INSERT INTO aliases (item_id, alias, alias_lower, source) VALUES ('비닐약봉지', '약봉투', '약봉투', 'rule');
INSERT INTO aliases (item_id, alias, alias_lower, source) VALUES ('비닐약봉지', '약비닐', '약비닐', 'rule');
INSERT INTO aliases (item_id, alias, alias_lower, source) VALUES ('비닐약봉지', '약포장지', '약포장지', 'rule');
INSERT INTO aliases (item_id, alias, alias_lower, source) VALUES ('비닐약봉지', '투명약봉지', '투명약봉지', 'rule');
INSERT INTO aliases (item_id, alias, alias_lower, source) VALUES ('비닐약봉지', '플라스틱약봉지', '플라스틱약봉지', 'rule');
INSERT INTO aliases (item_id, alias, alias_lower, source) VALUES ('비닐약봉지', '필백', '필백', 'rule');
INSERT OR REPLACE INTO items (id, name, category, note, steps, confidence, source_url, source_name, source_grade, feature, caution, last_verified, region_variation, official_classification) VALUES ('스틱봉지', '스틱봉지', 'vinyl', '· 스틱봉지처럼 작은 크기의 비닐봉지는 흩날리지 않도록 투명 또는 반투명봉투에 담아 비닐류수거함으로 배출합니다. · 비닐은 재질, 색상과 상관없이 한데 모아 파쇄, 선별, 용융 및 성형과정을 거쳐 플라스틱 배수로, 건축 자재 등으로 재활용하고 있습니다.', '["스틱봉지는 비닐류 수거함으로 배출합니다."]', 'high', 'https://www.xn--oy2b29bd3a601b.kr/front/dischargeMethod/dictionaryView.do?niIdx=628', '분리배출.kr (한국폐기물협회·환경부)', 'A', '· 스틱봉지처럼 작은 크기의 비닐봉지는 흩날리지 않도록 투명 또는 반투명봉투에 담아 비닐류수거함으로 배출합니다. · 비닐은 재질, 색상과 상관없이 한데 모아 파쇄, 선별, 용융 및 성형과정을 거쳐 플라스틱 배수로, 건축 자재 등으로 재활용하고 있습니다.', '· 내용물을 비우고 이물질을 제거한 후 배출', '2026-05-18', 0, '["재활용폐기물", "합성수지 비닐류"]');
INSERT INTO aliases (item_id, alias, alias_lower, source) VALUES ('스틱봉지', '가루 봉지', '가루 봉지', 'rule');
INSERT INTO aliases (item_id, alias, alias_lower, source) VALUES ('스틱봉지', '라면스프 봉지', '라면스프 봉지', 'rule');
INSERT INTO aliases (item_id, alias, alias_lower, source) VALUES ('스틱봉지', '믹스 봉지', '믹스 봉지', 'rule');
INSERT INTO aliases (item_id, alias, alias_lower, source) VALUES ('스틱봉지', '분말 봉지', '분말 봉지', 'rule');
INSERT INTO aliases (item_id, alias, alias_lower, source) VALUES ('스틱봉지', '사셰', '사셰', 'rule');
INSERT INTO aliases (item_id, alias, alias_lower, source) VALUES ('스틱봉지', '설탕 봉지', '설탕 봉지', 'rule');
INSERT INTO aliases (item_id, alias, alias_lower, source) VALUES ('스틱봉지', '스틱', '스틱', 'rule');
INSERT INTO aliases (item_id, alias, alias_lower, source) VALUES ('스틱봉지', '스틱팩', '스틱팩', 'rule');
INSERT INTO aliases (item_id, alias, alias_lower, source) VALUES ('스틱봉지', '양념 봉지', '양념 봉지', 'rule');
INSERT INTO aliases (item_id, alias, alias_lower, source) VALUES ('스틱봉지', '커피믹스 봉지', '커피믹스 봉지', 'rule');
INSERT INTO aliases (item_id, alias, alias_lower, source) VALUES ('스틱봉지', '파우치', '파우치', 'rule');
INSERT INTO aliases (item_id, alias, alias_lower, source) VALUES ('스틱봉지', '포션 봉지', '포션 봉지', 'rule');
INSERT OR REPLACE INTO items (id, name, category, note, steps, confidence, source_url, source_name, source_grade, feature, caution, last_verified, region_variation, official_classification) VALUES ('음료 파우치 팩', '음료 파우치 팩', 'vinyl', '· 스파우트 파우치는 위생적이고 마시기 쉽도록 입구 부분에 돌림형 마개를 부착한 용기입니다. · 용기의 몸체는 비닐류수거함으로 배출하며, 뚜껑은 플라스틱 수거함으로 배출하여 주시기 바랍니다', '["음료 파우치 팩은 비닐류 수거함으로 배출합니다."]', 'high', 'https://www.xn--oy2b29bd3a601b.kr/front/dischargeMethod/dictionaryView.do?niIdx=629', '분리배출.kr (한국폐기물협회·환경부)', 'A', '· 스파우트 파우치는 위생적이고 마시기 쉽도록 입구 부분에 돌림형 마개를 부착한 용기입니다. · 용기의 몸체는 비닐류수거함으로 배출하며, 뚜껑은 플라스틱 수거함으로 배출하여 주시기 바랍니다', '· 뚜껑, 캡 제거 후 배출', '2026-05-18', 0, '["재활용폐기물", "합성수지 비닐류"]');
INSERT INTO aliases (item_id, alias, alias_lower, source) VALUES ('음료 파우치 팩', '드링크 파우치', '드링크 파우치', 'rule');
INSERT INTO aliases (item_id, alias, alias_lower, source) VALUES ('음료 파우치 팩', '비닐 파우치', '비닐 파우치', 'rule');
INSERT INTO aliases (item_id, alias, alias_lower, source) VALUES ('음료 파우치 팩', '액상 파우치', '액상 파우치', 'rule');
INSERT INTO aliases (item_id, alias, alias_lower, source) VALUES ('음료 파우치 팩', '음료 봉투', '음료 봉투', 'rule');
INSERT INTO aliases (item_id, alias, alias_lower, source) VALUES ('음료 파우치 팩', '음료 파우치', '음료 파우치', 'rule');
INSERT INTO aliases (item_id, alias, alias_lower, source) VALUES ('음료 파우치 팩', '음료파우치팩', '음료파우치팩', 'rule');
INSERT INTO aliases (item_id, alias, alias_lower, source) VALUES ('음료 파우치 팩', '일회용 파우치', '일회용 파우치', 'rule');
INSERT INTO aliases (item_id, alias, alias_lower, source) VALUES ('음료 파우치 팩', '주머니 음료', '주머니 음료', 'rule');
INSERT INTO aliases (item_id, alias, alias_lower, source) VALUES ('음료 파우치 팩', '주스 파우치', '주스 파우치', 'rule');
INSERT INTO aliases (item_id, alias, alias_lower, source) VALUES ('음료 파우치 팩', '커피 파우치', '커피 파우치', 'rule');
INSERT INTO aliases (item_id, alias, alias_lower, source) VALUES ('음료 파우치 팩', '팩 음료', '팩 음료', 'rule');
INSERT OR REPLACE INTO items (id, name, category, note, steps, confidence, source_url, source_name, source_grade, feature, caution, last_verified, region_variation, official_classification) VALUES ('지퍼백', '지퍼백', 'vinyl', '· 비닐은 재질, 색상과 상관없이 한데 모아 파쇄, 선별, 용융 및 성형과정을 거쳐 플라스틱 배수로, 건축 자재 등으로 재활용하고 있습니다.', '["지퍼백은 비닐류 수거함으로 배출합니다."]', 'high', 'https://www.xn--oy2b29bd3a601b.kr/front/dischargeMethod/dictionaryView.do?niIdx=630', '분리배출.kr (한국폐기물협회·환경부)', 'A', '· 비닐은 재질, 색상과 상관없이 한데 모아 파쇄, 선별, 용융 및 성형과정을 거쳐 플라스틱 배수로, 건축 자재 등으로 재활용하고 있습니다.', '· 내용물을 비우고 이물질을 제거한 후 배출', '2026-05-18', 0, '["재활용폐기물", "합성수지 비닐류"]');
INSERT INTO aliases (item_id, alias, alias_lower, source) VALUES ('지퍼백', 'Ziploc', 'ziploc', 'rule');
INSERT INTO aliases (item_id, alias, alias_lower, source) VALUES ('지퍼백', 'zip lock bag', 'zip lock bag', 'rule');
INSERT INTO aliases (item_id, alias, alias_lower, source) VALUES ('지퍼백', '다용도 지퍼백', '다용도 지퍼백', 'rule');
INSERT INTO aliases (item_id, alias, alias_lower, source) VALUES ('지퍼백', '밀봉백', '밀봉백', 'rule');
INSERT INTO aliases (item_id, alias, alias_lower, source) VALUES ('지퍼백', '밀봉팩', '밀봉팩', 'rule');
INSERT INTO aliases (item_id, alias, alias_lower, source) VALUES ('지퍼백', '보관백', '보관백', 'rule');
INSERT INTO aliases (item_id, alias, alias_lower, source) VALUES ('지퍼백', '슬라이더 지퍼백', '슬라이더 지퍼백', 'rule');
INSERT INTO aliases (item_id, alias, alias_lower, source) VALUES ('지퍼백', '지퍼락', '지퍼락', 'rule');
INSERT INTO aliases (item_id, alias, alias_lower, source) VALUES ('지퍼백', '지퍼봉투', '지퍼봉투', 'rule');
INSERT INTO aliases (item_id, alias, alias_lower, source) VALUES ('지퍼백', '지퍼주머니', '지퍼주머니', 'rule');
INSERT INTO aliases (item_id, alias, alias_lower, source) VALUES ('지퍼백', '지퍼팩', '지퍼팩', 'rule');
INSERT INTO aliases (item_id, alias, alias_lower, source) VALUES ('지퍼백', '집락', '집락', 'rule');
INSERT OR REPLACE INTO items (id, name, category, note, steps, confidence, source_url, source_name, source_grade, feature, caution, last_verified, region_variation, official_classification) VALUES ('다 쓴 립스틱', '다 쓴 립스틱', 'general', '· 립스틱을 다 사용하여 내용물이 남아 있지 않은 립스틱 용기는 플라스틱으로 배출합니다. · 화장품의 내용물이 남아 있어서 제거하기 곤란한 경우에는 종량제봉투에 배출합니다. ※ 배출방법은 지역별로 차이가 있을 수 있으니, 해당 지방자치단체에서 정하는 방법이 있는 경우에는 해당 방법에 따라 배출하시기 바랍니다. 가까운 분리배출 장소를 확인해보세요. 현재 위치', '["다 쓴 립스틱은 플라스틱 수거함으로 배출합니다."]', 'high', 'https://www.xn--oy2b29bd3a601b.kr/front/dischargeMethod/dictionaryView.do?niIdx=631', '분리배출.kr (한국폐기물협회·환경부)', 'A', '· 립스틱을 다 사용하여 내용물이 남아 있지 않은 립스틱 용기는 플라스틱으로 배출합니다. · 화장품의 내용물이 남아 있어서 제거하기 곤란한 경우에는 종량제봉투에 배출합니다. ※ 배출방법은 지역별로 차이가 있을 수 있으니, 해당 지방자치단체에서 정하는 방법이 있는 경우에는 해당 방법에 따라 배출하시기 바랍니다. 가까운 분리배출 장소를 확인해보세요. 현재 위치에 가까운 배출장소가 없습니다. 근처...', '', '2026-05-18', 0, '["재활용폐기물", "합성수지 용기류", "일반폐기물", "일반종량제폐기물"]');
INSERT INTO aliases (item_id, alias, alias_lower, source) VALUES ('다 쓴 립스틱', '다쓴립스틱', '다쓴립스틱', 'rule');
INSERT OR REPLACE INTO items (id, name, category, note, steps, confidence, source_url, source_name, source_grade, feature, caution, last_verified, region_variation, official_classification) VALUES ('마요네즈 용기', '마요네즈 용기', 'plastic', '·마요네즈 용기는 플라스틱(PE, PET) 재질로 내용물을 비우고 물로 헹구는 등 이물질을 제거한 후 플라스틱 수거함으로 배출합니다.', '["마요네즈 용기는 플라스틱 수거함으로 배출합니다."]', 'high', 'https://www.xn--oy2b29bd3a601b.kr/front/dischargeMethod/dictionaryView.do?niIdx=632', '분리배출.kr (한국폐기물협회·환경부)', 'A', '·마요네즈 용기는 플라스틱(PE, PET) 재질로 내용물을 비우고 물로 헹구는 등 이물질을 제거한 후 플라스틱 수거함으로 배출합니다.', '·내용물을 제거한 후 배출', '2026-05-18', 0, '["재활용폐기물", "합성수지 용기류"]');
INSERT INTO aliases (item_id, alias, alias_lower, source) VALUES ('마요네즈 용기', '다 쓴 마요네즈통', '다 쓴 마요네즈통', 'rule');
INSERT INTO aliases (item_id, alias, alias_lower, source) VALUES ('마요네즈 용기', '마요네즈 껍데기', '마요네즈 껍데기', 'rule');
INSERT INTO aliases (item_id, alias, alias_lower, source) VALUES ('마요네즈 용기', '마요네즈 병', '마요네즈 병', 'rule');
INSERT INTO aliases (item_id, alias, alias_lower, source) VALUES ('마요네즈 용기', '마요네즈 보틀', '마요네즈 보틀', 'rule');
INSERT INTO aliases (item_id, alias, alias_lower, source) VALUES ('마요네즈 용기', '마요네즈 컨테이너', '마요네즈 컨테이너', 'rule');
INSERT INTO aliases (item_id, alias, alias_lower, source) VALUES ('마요네즈 용기', '마요네즈 튜브', '마요네즈 튜브', 'rule');
INSERT INTO aliases (item_id, alias, alias_lower, source) VALUES ('마요네즈 용기', '마요네즈용기', '마요네즈용기', 'rule');
INSERT INTO aliases (item_id, alias, alias_lower, source) VALUES ('마요네즈 용기', '마요병', '마요병', 'rule');
INSERT INTO aliases (item_id, alias, alias_lower, source) VALUES ('마요네즈 용기', '마요통', '마요통', 'rule');
INSERT INTO aliases (item_id, alias, alias_lower, source) VALUES ('마요네즈 용기', '오뚜기 마요네즈통', '오뚜기 마요네즈통', 'rule');
INSERT INTO aliases (item_id, alias, alias_lower, source) VALUES ('마요네즈 용기', '플라스틱 마요네즈 용기', '플라스틱 마요네즈 용기', 'rule');
INSERT INTO aliases (item_id, alias, alias_lower, source) VALUES ('마요네즈 용기', '하인즈 마요네즈 통', '하인즈 마요네즈 통', 'rule');
INSERT OR REPLACE INTO items (id, name, category, note, steps, confidence, source_url, source_name, source_grade, feature, caution, last_verified, region_variation, official_classification) VALUES ('생수병', '생수병', 'plastic', '· 우리나라는 공동주택은 2020년 12월부터, 단독주택은 2021년 12월부터 무색페트병의 분리배출을 시행하고 있습니다. · 별도 분리배출된 음료, 생수 투명페트병은 품질 좋은 재생원료로 재활용되어, 옷이나 신발, 새로운 페트병(식품용기) 등의 원료가 됩니다. · 유색페트병 또는 여러 재질이 혼합된 플라스틱 제품은 투명 페트병과 혼합 배출될 경우 재활용', '["생수병은 무색페트병 수거함으로 배출합니다."]', 'high', 'https://www.xn--oy2b29bd3a601b.kr/front/dischargeMethod/dictionaryView.do?niIdx=633', '분리배출.kr (한국폐기물협회·환경부)', 'A', '· 우리나라는 공동주택은 2020년 12월부터, 단독주택은 2021년 12월부터 무색페트병의 분리배출을 시행하고 있습니다. · 별도 분리배출된 음료, 생수 투명페트병은 품질 좋은 재생원료로 재활용되어, 옷이나 신발, 새로운 페트병(식품용기) 등의 원료가 됩니다. · 유색페트병 또는 여러 재질이 혼합된 플라스틱 제품은 투명 페트병과 혼합 배출될 경우 재활용 품질을 낮출 우려가 있기 때문에, 음...', '· 무색페트병은 내용물을 깨끗이 비우고 부착상표(라벨) 등을 제거한 후 가능한 압착하여 뚜껑을 닫아 배출', '2026-05-18', 0, '["재활용폐기물", "무색페트병"]');
INSERT INTO aliases (item_id, alias, alias_lower, source) VALUES ('생수병', 'water bottle', 'water bottle', 'rule');
INSERT INTO aliases (item_id, alias, alias_lower, source) VALUES ('생수병', '먹는샘물병', '먹는샘물병', 'rule');
INSERT INTO aliases (item_id, alias, alias_lower, source) VALUES ('생수병', '백산수병', '백산수병', 'rule');
INSERT INTO aliases (item_id, alias, alias_lower, source) VALUES ('생수병', '생수통', '생수통', 'rule');
INSERT INTO aliases (item_id, alias, alias_lower, source) VALUES ('생수병', '에비앙병', '에비앙병', 'rule');
INSERT INTO aliases (item_id, alias, alias_lower, source) VALUES ('생수병', '음료수 페트병', '음료수 페트병', 'rule');
INSERT OR REPLACE INTO items (id, name, category, note, steps, confidence, source_url, source_name, source_grade, feature, caution, last_verified, region_variation, official_classification) VALUES ('깨끗한 택배 박스(스티로폼)', '깨끗한 택배 박스(스티로폼)', 'styrofoam', '· 과일, 축산물 등을 담은 스티로폼 포장재는 생산자책임재활용제도(EPR) 대상 품목에 해당되어 재활용이 가능합니다. · 발포합성수지는 PP, PE, PS 등의 합성수지를 증기로 부풀린 제품을 말하며, 가정에서 발생하는 대부분의 발포합성수지는 EPS(스티로폼) 제품입니다. · 발포합성수지 제품은 수거 후 재활용업체에서 분쇄, 감용과정을 거쳐 잉고트를 생산하', '["깨끗한 택배 박스(스티로폼)은 스티로폼 수거함으로 배출합니다."]', 'high', 'https://www.xn--oy2b29bd3a601b.kr/front/dischargeMethod/dictionaryView.do?niIdx=636', '분리배출.kr (한국폐기물협회·환경부)', 'A', '· 과일, 축산물 등을 담은 스티로폼 포장재는 생산자책임재활용제도(EPR) 대상 품목에 해당되어 재활용이 가능합니다. · 발포합성수지는 PP, PE, PS 등의 합성수지를 증기로 부풀린 제품을 말하며, 가정에서 발생하는 대부분의 발포합성수지는 EPS(스티로폼) 제품입니다. · 발포합성수지 제품은 수거 후 재활용업체에서 분쇄, 감용과정을 거쳐 잉고트를 생산하며 이후 제조업체로 이송하여 액자 또...', '· 택배송장, 테이프 등 이물질 제거 후 배출', '2026-05-18', 0, '["재활용폐기물", "발포합성수지(스티로폼 등)"]');
INSERT OR REPLACE INTO items (id, name, category, note, steps, confidence, source_url, source_name, source_grade, feature, caution, last_verified, region_variation, official_classification) VALUES ('깨끗한 난좌', '깨끗한 난좌', 'styrofoam', '· 과일, 축산물 등을 담은 스티로폼 포장재는 생산자책임재활용제도(EPR) 대상 품목에 해당되어 재활용이 가능합니다. · 발포합성수지는 PP, PE, PS 등의 합성수지를 증기로 부풀린 제품을 말하며, 가정에서 발생하는 대부분의 발포합성수지는 EPS(스티로폼) 제품입니다. · 발포합성수지 제품은 수거 후 재활용업체에서 분쇄, 감용과정을 거쳐 잉고트를 생산하', '["깨끗한 난좌는 스티로폼 수거함으로 배출합니다."]', 'high', 'https://www.xn--oy2b29bd3a601b.kr/front/dischargeMethod/dictionaryView.do?niIdx=637', '분리배출.kr (한국폐기물협회·환경부)', 'A', '· 과일, 축산물 등을 담은 스티로폼 포장재는 생산자책임재활용제도(EPR) 대상 품목에 해당되어 재활용이 가능합니다. · 발포합성수지는 PP, PE, PS 등의 합성수지를 증기로 부풀린 제품을 말하며, 가정에서 발생하는 대부분의 발포합성수지는 EPS(스티로폼) 제품입니다. · 발포합성수지 제품은 수거 후 재활용업체에서 분쇄, 감용과정을 거쳐 잉고트를 생산하며 이후 제조업체로 이송하여 액자 또...', '', '2026-05-18', 0, '["재활용폐기물", "발포합성수지(스티로폼 등)"]');
INSERT INTO aliases (item_id, alias, alias_lower, source) VALUES ('깨끗한 난좌', '계란 스티로폼', '계란 스티로폼', 'rule');
INSERT INTO aliases (item_id, alias, alias_lower, source) VALUES ('깨끗한 난좌', '계란폼', '계란폼', 'rule');
INSERT INTO aliases (item_id, alias, alias_lower, source) VALUES ('깨끗한 난좌', '깨끗한난좌', '깨끗한난좌', 'rule');
INSERT INTO aliases (item_id, alias, alias_lower, source) VALUES ('깨끗한 난좌', '난자', '난자', 'rule');
INSERT INTO aliases (item_id, alias, alias_lower, source) VALUES ('깨끗한 난좌', '난좌폼', '난좌폼', 'rule');
INSERT INTO aliases (item_id, alias, alias_lower, source) VALUES ('깨끗한 난좌', '달걀 스티로폼', '달걀 스티로폼', 'rule');
INSERT INTO aliases (item_id, alias, alias_lower, source) VALUES ('깨끗한 난좌', '달걀집', '달걀집', 'rule');
INSERT INTO aliases (item_id, alias, alias_lower, source) VALUES ('깨끗한 난좌', '스티로폼 계란판', '스티로폼 계란판', 'rule');
INSERT INTO aliases (item_id, alias, alias_lower, source) VALUES ('깨끗한 난좌', '스티로폼 난좌', '스티로폼 난좌', 'rule');
INSERT INTO aliases (item_id, alias, alias_lower, source) VALUES ('깨끗한 난좌', '스티로폼 에그 트레이', '스티로폼 에그 트레이', 'rule');
INSERT INTO aliases (item_id, alias, alias_lower, source) VALUES ('깨끗한 난좌', '알집', '알집', 'rule');
INSERT INTO aliases (item_id, alias, alias_lower, source) VALUES ('깨끗한 난좌', '에그 카톤', '에그 카톤', 'rule');
INSERT INTO aliases (item_id, alias, alias_lower, source) VALUES ('깨끗한 난좌', '폼 난좌', '폼 난좌', 'rule');
INSERT OR REPLACE INTO items (id, name, category, note, steps, confidence, source_url, source_name, source_grade, feature, caution, last_verified, region_variation, official_classification) VALUES ('유색 스티로폼 용기', '유색 스티로폼 용기', 'styrofoam', '· 수산물, 축산물 등을 담은 스티로폼 포장재는 생산자책임재활용제도(EPR) 대상 품목에 해당되어 재활용이 가능합니다. · 스티로폼 용기는 색상, 무늬와 상관없이 스티로폼 수거함으로 배출합니다. ※ 배출방법은 지역별로 차이가 있을 수 있으니, 해당 지방자치단체에서 정하는 방법이 있는 경우에는 해당 방법에 따라 배출하시기 바랍니다. 가까운 분리배출 장소를 확', '["유색 스티로폼 용기는 스티로폼 수거함으로 배출합니다."]', 'high', 'https://www.xn--oy2b29bd3a601b.kr/front/dischargeMethod/dictionaryView.do?niIdx=638', '분리배출.kr (한국폐기물협회·환경부)', 'A', '· 수산물, 축산물 등을 담은 스티로폼 포장재는 생산자책임재활용제도(EPR) 대상 품목에 해당되어 재활용이 가능합니다. · 스티로폼 용기는 색상, 무늬와 상관없이 스티로폼 수거함으로 배출합니다. ※ 배출방법은 지역별로 차이가 있을 수 있으니, 해당 지방자치단체에서 정하는 방법이 있는 경우에는 해당 방법에 따라 배출하시기 바랍니다. 가까운 분리배출 장소를 확인해보세요. 현재 위치에 가까운 배출...', '', '2026-05-18', 0, '["재활용폐기물", "발포합성수지(스티로폼 등)"]');
INSERT INTO aliases (item_id, alias, alias_lower, source) VALUES ('유색 스티로폼 용기', '그물 무늬 스티로폼 용기', '그물 무늬 스티로폼 용기', 'rule');
INSERT INTO aliases (item_id, alias, alias_lower, source) VALUES ('유색 스티로폼 용기', '유색스티로폼용기', '유색스티로폼용기', 'rule');
INSERT OR REPLACE INTO items (id, name, category, note, steps, confidence, source_url, source_name, source_grade, feature, caution, last_verified, region_variation, official_classification) VALUES ('빈용기보증금 대상 맥주병', '빈용기보증금 대상 맥주병', 'glass', '· 우리나라는 지난 1985년부터 빈용기에 재사용을 활성화하기 위하여 소주병, 맥주병, 청량음료병(ex. 콜라, 사이다 등)에 대하여 보증금을 부과하고 있습니다. · 소비자는 제품을 구매할 때 일정 금액의 보증금을 납부하며 이후 사용한 빈용기를 소매점 등 빈용기반환수집소 또는 무인회수기에 반환하여 보증금을 환급하시기 바랍니다. · 이때, 용기가 깨지거나 참', '["빈용기보증금 대상 맥주병은 가까운 빈용기반환수집소 및 무인회수기에 반환하여 보증금을 환급받으시거나 유리병 수거함에 배출합니다."]', 'high', 'https://www.xn--oy2b29bd3a601b.kr/front/dischargeMethod/dictionaryView.do?niIdx=639', '분리배출.kr (한국폐기물협회·환경부)', 'A', '· 우리나라는 지난 1985년부터 빈용기에 재사용을 활성화하기 위하여 소주병, 맥주병, 청량음료병(ex. 콜라, 사이다 등)에 대하여 보증금을 부과하고 있습니다. · 소비자는 제품을 구매할 때 일정 금액의 보증금을 납부하며 이후 사용한 빈용기를 소매점 등 빈용기반환수집소 또는 무인회수기에 반환하여 보증금을 환급하시기 바랍니다. · 이때, 용기가 깨지거나 참기름, 담뱃재, 곰팡이 등으로 인하여...', '', '2026-05-18', 0, '["재활용폐기물", "유리병", "빈용기보증금 대상 유리병"]');
INSERT INTO aliases (item_id, alias, alias_lower, source) VALUES ('빈용기보증금 대상 맥주병', '빈용기보증금대상맥주병', '빈용기보증금대상맥주병', 'rule');
INSERT OR REPLACE INTO items (id, name, category, note, steps, confidence, source_url, source_name, source_grade, feature, caution, last_verified, region_variation, official_classification) VALUES ('들기름', '들기름', 'general', '· 식물성 기름(참기름, 들기름 등)은 바이오디젤로 재활용이 가능합니다. ※ 배출방법은 지역별로 차이가 있을 수 있으니, 해당 지방자치단체에서 정하는 방법이 있는 경우에는 해당 방법에 따라 배출하시기 바랍니다. 가까운 분리배출 장소를 확인해보세요. 현재 위치에 가까운 배출장소가 없습니다. 근처의 다른 지역을 검색해보세요. 현 위치 배출장소 전체보기 현 지도', '["들기름은 폐식용유 수거함으로 배출합니다."]', 'high', 'https://www.xn--oy2b29bd3a601b.kr/front/dischargeMethod/dictionaryView.do?niIdx=640', '분리배출.kr (한국폐기물협회·환경부)', 'A', '· 식물성 기름(참기름, 들기름 등)은 바이오디젤로 재활용이 가능합니다. ※ 배출방법은 지역별로 차이가 있을 수 있으니, 해당 지방자치단체에서 정하는 방법이 있는 경우에는 해당 방법에 따라 배출하시기 바랍니다. 가까운 분리배출 장소를 확인해보세요. 현재 위치에 가까운 배출장소가 없습니다. 근처의 다른 지역을 검색해보세요. 현 위치 배출장소 전체보기 현 지도에서 검색 장소 더보기 분리배출 장소...', '', '2026-05-18', 0, '["기타"]');
INSERT INTO aliases (item_id, alias, alias_lower, source) VALUES ('들기름', '돼지기름', '돼지기름', 'rule');
INSERT INTO aliases (item_id, alias, alias_lower, source) VALUES ('들기름', '들기름 오일', '들기름 오일', 'rule');
INSERT INTO aliases (item_id, alias, alias_lower, source) VALUES ('들기름', '들기름병', '들기름병', 'rule');
INSERT INTO aliases (item_id, alias, alias_lower, source) VALUES ('들기름', '들깨기름', '들깨기름', 'rule');
INSERT INTO aliases (item_id, alias, alias_lower, source) VALUES ('들기름', '들깨유', '들깨유', 'rule');
INSERT INTO aliases (item_id, alias, alias_lower, source) VALUES ('들기름', '방앗간 들기름', '방앗간 들기름', 'rule');
INSERT INTO aliases (item_id, alias, alias_lower, source) VALUES ('들기름', '백설 들기름', '백설 들기름', 'rule');
INSERT INTO aliases (item_id, alias, alias_lower, source) VALUES ('들기름', '볶은들기름', '볶은들기름', 'rule');
INSERT INTO aliases (item_id, alias, alias_lower, source) VALUES ('들기름', '생들기름', '생들기름', 'rule');
INSERT INTO aliases (item_id, alias, alias_lower, source) VALUES ('들기름', '식용유', '식용유', 'rule');
INSERT INTO aliases (item_id, alias, alias_lower, source) VALUES ('들기름', '오뚜기 들기름', '오뚜기 들기름', 'rule');
INSERT INTO aliases (item_id, alias, alias_lower, source) VALUES ('들기름', '청정원 들기름', '청정원 들기름', 'rule');
INSERT INTO aliases (item_id, alias, alias_lower, source) VALUES ('들기름', '페릴라 오일', '페릴라 오일', 'rule');
INSERT INTO aliases (item_id, alias, alias_lower, source) VALUES ('들기름', '페릴라유', '페릴라유', 'rule');
INSERT OR REPLACE INTO items (id, name, category, note, steps, confidence, source_url, source_name, source_grade, feature, caution, last_verified, region_variation, official_classification) VALUES ('인삼', '인삼', 'food', '· 음식물류폐기물은 재활용과정을 거쳐 동물의 사료, 퇴비(비료), 바이오가스로 재활용하고 있습니다. 이 중 사료화는 동물이 직접 섭취하기 때문에 세밀한 기준이 요구되므로 음식물류폐기물의 배출기준은 사료화에 준하여 안내하고 있습니다. · 담금주에 사용한 과일, 채소, 약초 등 건더기는 음식물류폐기물로 배출하셔도 괜찮습니다.', '["인삼은 음식물류폐기물로 배출합니다.", "음식물 전용 종량제봉투 또는 납부필증(스티커, 칩)을 부착하여 전용용기에 담아 배출하거나 RFID에 배출합니다."]', 'high', 'https://www.xn--oy2b29bd3a601b.kr/front/dischargeMethod/dictionaryView.do?niIdx=641', '분리배출.kr (한국폐기물협회·환경부)', 'A', '· 음식물류폐기물은 재활용과정을 거쳐 동물의 사료, 퇴비(비료), 바이오가스로 재활용하고 있습니다. 이 중 사료화는 동물이 직접 섭취하기 때문에 세밀한 기준이 요구되므로 음식물류폐기물의 배출기준은 사료화에 준하여 안내하고 있습니다. · 담금주에 사용한 과일, 채소, 약초 등 건더기는 음식물류폐기물로 배출하셔도 괜찮습니다.', '· 해당 지자체의 배출방법에 따라 배출', '2026-05-18', 0, '["음식물류폐기물"]');
INSERT INTO aliases (item_id, alias, alias_lower, source) VALUES ('인삼', 'Ginseng', 'ginseng', 'rule');
INSERT INTO aliases (item_id, alias, alias_lower, source) VALUES ('인삼', '고려인삼', '고려인삼', 'rule');
INSERT INTO aliases (item_id, alias, alias_lower, source) VALUES ('인삼', '농협인삼', '농협인삼', 'rule');
INSERT INTO aliases (item_id, alias, alias_lower, source) VALUES ('인삼', '백삼', '백삼', 'rule');
INSERT INTO aliases (item_id, alias, alias_lower, source) VALUES ('인삼', '산삼', '산삼', 'rule');
INSERT INTO aliases (item_id, alias, alias_lower, source) VALUES ('인삼', '수삼', '수삼', 'rule');
INSERT INTO aliases (item_id, alias, alias_lower, source) VALUES ('인삼', '장뇌삼', '장뇌삼', 'rule');
INSERT INTO aliases (item_id, alias, alias_lower, source) VALUES ('인삼', '정관장', '정관장', 'rule');
INSERT INTO aliases (item_id, alias, alias_lower, source) VALUES ('인삼', '진생', '진생', 'rule');
INSERT INTO aliases (item_id, alias, alias_lower, source) VALUES ('인삼', '천지인', '천지인', 'rule');
INSERT INTO aliases (item_id, alias, alias_lower, source) VALUES ('인삼', '한삼인', '한삼인', 'rule');
INSERT OR REPLACE INTO items (id, name, category, note, steps, confidence, source_url, source_name, source_grade, feature, caution, last_verified, region_variation, official_classification) VALUES ('야관문', '야관문', 'food', '· 음식물류폐기물은 재활용과정을 거쳐 동물의 사료, 퇴비(비료), 바이오가스로 재활용하고 있습니다. 이 중 사료화는 동물이 직접 섭취하기 때문에 세밀한 기준이 요구되므로 음식물류폐기물의 배출기준은 사료화에 준하여 안내하고 있습니다. · 담금주에 사용한 과일, 채소, 약초 등 건더기는 음식물류폐기물로 배출하셔도 괜찮습니다.', '["야관문은 음식물류폐기물로 배출합니다.", "음식물 전용 종량제봉투 또는 납부필증(스티커, 칩)을 부착하여 전용용기에 담아 배출하거나 RFID에 배출합니다."]', 'high', 'https://www.xn--oy2b29bd3a601b.kr/front/dischargeMethod/dictionaryView.do?niIdx=642', '분리배출.kr (한국폐기물협회·환경부)', 'A', '· 음식물류폐기물은 재활용과정을 거쳐 동물의 사료, 퇴비(비료), 바이오가스로 재활용하고 있습니다. 이 중 사료화는 동물이 직접 섭취하기 때문에 세밀한 기준이 요구되므로 음식물류폐기물의 배출기준은 사료화에 준하여 안내하고 있습니다. · 담금주에 사용한 과일, 채소, 약초 등 건더기는 음식물류폐기물로 배출하셔도 괜찮습니다.', '· 해당 지자체의 배출방법에 따라 배출', '2026-05-18', 0, '["음식물류폐기물"]');
INSERT INTO aliases (item_id, alias, alias_lower, source) VALUES ('야관문', 'Yagwanmun', 'yagwanmun', 'rule');
INSERT INTO aliases (item_id, alias, alias_lower, source) VALUES ('야관문', '밤의문', '밤의문', 'rule');
INSERT INTO aliases (item_id, alias, alias_lower, source) VALUES ('야관문', '비수리', '비수리', 'rule');
INSERT INTO aliases (item_id, alias, alias_lower, source) VALUES ('야관문', '비수리차', '비수리차', 'rule');
INSERT INTO aliases (item_id, alias, alias_lower, source) VALUES ('야관문', '야관', '야관', 'rule');
INSERT INTO aliases (item_id, alias, alias_lower, source) VALUES ('야관문', '야관문술', '야관문술', 'rule');
INSERT INTO aliases (item_id, alias, alias_lower, source) VALUES ('야관문', '야관문액기스', '야관문액기스', 'rule');
INSERT INTO aliases (item_id, alias, alias_lower, source) VALUES ('야관문', '야관문주', '야관문주', 'rule');
INSERT INTO aliases (item_id, alias, alias_lower, source) VALUES ('야관문', '야관문즙', '야관문즙', 'rule');
INSERT INTO aliases (item_id, alias, alias_lower, source) VALUES ('야관문', '야관문진액', '야관문진액', 'rule');
INSERT INTO aliases (item_id, alias, alias_lower, source) VALUES ('야관문', '야관문차', '야관문차', 'rule');
INSERT INTO aliases (item_id, alias, alias_lower, source) VALUES ('야관문', '야관문환', '야관문환', 'rule');
INSERT OR REPLACE INTO items (id, name, category, note, steps, confidence, source_url, source_name, source_grade, feature, caution, last_verified, region_variation, official_classification) VALUES ('더덕', '더덕', 'food', '· 음식물류폐기물은 재활용과정을 거쳐 동물의 사료, 퇴비(비료), 바이오가스로 재활용하고 있습니다. 이 중 사료화는 동물이 직접 섭취하기 때문에 세밀한 기준이 요구되므로 음식물류폐기물의 배출기준은 사료화에 준하여 안내하고 있습니다. · 담금주에 사용한 과일, 채소, 약초 등 건더기는 음식물류폐기물로 배출하셔도 괜찮습니다.', '["더덕은 음식물류폐기물로 배출합니다.", "음식물 전용 종량제봉투 또는 납부필증(스티커, 칩)을 부착하여 전용용기에 담아 배출하거나 RFID에 배출합니다."]', 'high', 'https://www.xn--oy2b29bd3a601b.kr/front/dischargeMethod/dictionaryView.do?niIdx=643', '분리배출.kr (한국폐기물협회·환경부)', 'A', '· 음식물류폐기물은 재활용과정을 거쳐 동물의 사료, 퇴비(비료), 바이오가스로 재활용하고 있습니다. 이 중 사료화는 동물이 직접 섭취하기 때문에 세밀한 기준이 요구되므로 음식물류폐기물의 배출기준은 사료화에 준하여 안내하고 있습니다. · 담금주에 사용한 과일, 채소, 약초 등 건더기는 음식물류폐기물로 배출하셔도 괜찮습니다.', '· 해당 지자체의 배출방법에 따라 배출', '2026-05-18', 0, '["음식물류폐기물"]');
INSERT INTO aliases (item_id, alias, alias_lower, source) VALUES ('더덕', 'Deodeok', 'deodeok', 'rule');
INSERT INTO aliases (item_id, alias, alias_lower, source) VALUES ('더덕', 'asiabell root', 'asiabell root', 'rule');
INSERT INTO aliases (item_id, alias, alias_lower, source) VALUES ('더덕', '건더덕', '건더덕', 'rule');
INSERT INTO aliases (item_id, alias, alias_lower, source) VALUES ('더덕', '더더기', '더더기', 'rule');
INSERT INTO aliases (item_id, alias, alias_lower, source) VALUES ('더덕', '더덕뿌리', '더덕뿌리', 'rule');
INSERT INTO aliases (item_id, alias, alias_lower, source) VALUES ('더덕', '덕이', '덕이', 'rule');
INSERT INTO aliases (item_id, alias, alias_lower, source) VALUES ('더덕', '뿌리덕', '뿌리덕', 'rule');
INSERT INTO aliases (item_id, alias, alias_lower, source) VALUES ('더덕', '사삼', '사삼', 'rule');
INSERT INTO aliases (item_id, alias, alias_lower, source) VALUES ('더덕', '산더덕', '산더덕', 'rule');
INSERT INTO aliases (item_id, alias, alias_lower, source) VALUES ('더덕', '생더덕', '생더덕', 'rule');
INSERT INTO aliases (item_id, alias, alias_lower, source) VALUES ('더덕', '약더덕', '약더덕', 'rule');
INSERT INTO aliases (item_id, alias, alias_lower, source) VALUES ('더덕', '총각더덕', '총각더덕', 'rule');
INSERT OR REPLACE INTO items (id, name, category, note, steps, confidence, source_url, source_name, source_grade, feature, caution, last_verified, region_variation, official_classification) VALUES ('국수', '국수', 'food', '· 음식물류폐기물은 재활용과정을 거쳐 동물의 사료, 퇴비(비료), 바이오가스로 재활용하고 있습니다. 이 중 사료화는 동물이 직접 섭취하기 때문에 세밀한 기준이 요구되므로 음식물류폐기물의 배출기준은 사료화에 준하여 안내하고 있습니다. · 국수는 음식물류폐기물로 배출하셔도 괜찮습니다.', '["국수는 음식물류폐기물로 배출합니다.", "음식물 전용 종량제봉투 또는 납부필증(스티커, 칩)을 부착하여 전용용기에 담아 배출하거나 RFID에 배출합니다."]', 'high', 'https://www.xn--oy2b29bd3a601b.kr/front/dischargeMethod/dictionaryView.do?niIdx=644', '분리배출.kr (한국폐기물협회·환경부)', 'A', '· 음식물류폐기물은 재활용과정을 거쳐 동물의 사료, 퇴비(비료), 바이오가스로 재활용하고 있습니다. 이 중 사료화는 동물이 직접 섭취하기 때문에 세밀한 기준이 요구되므로 음식물류폐기물의 배출기준은 사료화에 준하여 안내하고 있습니다. · 국수는 음식물류폐기물로 배출하셔도 괜찮습니다.', '· 해당 지자체의 배출방법에 따라 배출', '2026-05-18', 0, '["음식물류폐기물"]');
INSERT INTO aliases (item_id, alias, alias_lower, source) VALUES ('국수', '국시', '국시', 'rule');
INSERT INTO aliases (item_id, alias, alias_lower, source) VALUES ('국수', '누들', '누들', 'rule');
INSERT INTO aliases (item_id, alias, alias_lower, source) VALUES ('국수', '면빨', '면빨', 'rule');
INSERT INTO aliases (item_id, alias, alias_lower, source) VALUES ('국수', '비빔국수', '비빔국수', 'rule');
INSERT INTO aliases (item_id, alias, alias_lower, source) VALUES ('국수', '스파게티', '스파게티', 'rule');
INSERT INTO aliases (item_id, alias, alias_lower, source) VALUES ('국수', '신라면', '신라면', 'rule');
INSERT INTO aliases (item_id, alias, alias_lower, source) VALUES ('국수', '잔치국수', '잔치국수', 'rule');
INSERT INTO aliases (item_id, alias, alias_lower, source) VALUES ('국수', '칼국수', '칼국수', 'rule');
INSERT INTO aliases (item_id, alias, alias_lower, source) VALUES ('국수', '파스타', '파스타', 'rule');
INSERT OR REPLACE INTO items (id, name, category, note, steps, confidence, source_url, source_name, source_grade, feature, caution, last_verified, region_variation, official_classification) VALUES ('냉면', '냉면', 'food', '· 음식물류폐기물은 재활용과정을 거쳐 동물의 사료, 퇴비(비료), 바이오가스로 재활용하고 있습니다. 이 중 사료화는 동물이 직접 섭취하기 때문에 세밀한 기준이 요구되므로 음식물류폐기물의 배출기준은 사료화에 준하여 안내하고 있습니다. · 냉면은 음식물류폐기물로 배출하셔도 괜찮습니다.', '["냉면은 음식물류폐기물로 배출합니다.", "음식물 전용 종량제봉투 또는 납부필증(스티커, 칩)을 부착하여 전용용기에 담아 배출하거나 RFID에 배출합니다."]', 'high', 'https://www.xn--oy2b29bd3a601b.kr/front/dischargeMethod/dictionaryView.do?niIdx=645', '분리배출.kr (한국폐기물협회·환경부)', 'A', '· 음식물류폐기물은 재활용과정을 거쳐 동물의 사료, 퇴비(비료), 바이오가스로 재활용하고 있습니다. 이 중 사료화는 동물이 직접 섭취하기 때문에 세밀한 기준이 요구되므로 음식물류폐기물의 배출기준은 사료화에 준하여 안내하고 있습니다. · 냉면은 음식물류폐기물로 배출하셔도 괜찮습니다.', '· 해당 지자체의 배출방법에 따라 배출', '2026-05-18', 0, '["음식물류폐기물"]');
INSERT INTO aliases (item_id, alias, alias_lower, source) VALUES ('냉면', 'Korean cold noodles', 'korean cold noodles', 'rule');
INSERT INTO aliases (item_id, alias, alias_lower, source) VALUES ('냉면', 'Naengmyeon', 'naengmyeon', 'rule');
INSERT INTO aliases (item_id, alias, alias_lower, source) VALUES ('냉면', '둥지냉면', '둥지냉면', 'rule');
INSERT INTO aliases (item_id, alias, alias_lower, source) VALUES ('냉면', '라면', '라면', 'rule');
INSERT INTO aliases (item_id, alias, alias_lower, source) VALUES ('냉면', '막국수', '막국수', 'rule');
INSERT INTO aliases (item_id, alias, alias_lower, source) VALUES ('냉면', '물냉면', '물냉면', 'rule');
INSERT INTO aliases (item_id, alias, alias_lower, source) VALUES ('냉면', '밀면', '밀면', 'rule');
INSERT INTO aliases (item_id, alias, alias_lower, source) VALUES ('냉면', '비빔냉면', '비빔냉면', 'rule');
INSERT INTO aliases (item_id, alias, alias_lower, source) VALUES ('냉면', '초계국수', '초계국수', 'rule');
INSERT INTO aliases (item_id, alias, alias_lower, source) VALUES ('냉면', '칡냉면', '칡냉면', 'rule');
INSERT INTO aliases (item_id, alias, alias_lower, source) VALUES ('냉면', '평양냉면', '평양냉면', 'rule');
INSERT INTO aliases (item_id, alias, alias_lower, source) VALUES ('냉면', '풀무원냉면', '풀무원냉면', 'rule');
INSERT INTO aliases (item_id, alias, alias_lower, source) VALUES ('냉면', '함흥냉면', '함흥냉면', 'rule');
INSERT OR REPLACE INTO items (id, name, category, note, steps, confidence, source_url, source_name, source_grade, feature, caution, last_verified, region_variation, official_classification) VALUES ('오렌지 껍질', '오렌지 껍질', 'food', '· 음식물류폐기물은 재활용과정을 거쳐 동물의 사료, 퇴비(비료), 바이오가스로 재활용하고 있습니다. 이 중 사료화는 동물이 직접 섭취하기 때문에 세밀한 기준이 요구되므로 음식물류폐기물의 배출기준은 사료화에 준하여 안내하고 있습니다. · 과일껍질은 음식물류폐기물로 배출하면 재활용이 가능합니다. 이때, 껍질을 말리더라도 재활용이 가능합니다.', '["오렌지 껍질은 음식물류폐기물로 배출합니다.", "음식물 전용 종량제봉투 또는 납부필증(스티커, 칩)을 부착하여 전용용기에 담아 배출하거나 RFID에 배출합니다."]', 'high', 'https://www.xn--oy2b29bd3a601b.kr/front/dischargeMethod/dictionaryView.do?niIdx=646', '분리배출.kr (한국폐기물협회·환경부)', 'A', '· 음식물류폐기물은 재활용과정을 거쳐 동물의 사료, 퇴비(비료), 바이오가스로 재활용하고 있습니다. 이 중 사료화는 동물이 직접 섭취하기 때문에 세밀한 기준이 요구되므로 음식물류폐기물의 배출기준은 사료화에 준하여 안내하고 있습니다. · 과일껍질은 음식물류폐기물로 배출하면 재활용이 가능합니다. 이때, 껍질을 말리더라도 재활용이 가능합니다.', '·말린 과일껍질도 음식물류폐기물로 배출 ·해당 지자체의 배출방법에 따라 배출', '2026-05-18', 0, '["음식물류폐기물"]');
INSERT INTO aliases (item_id, alias, alias_lower, source) VALUES ('오렌지 껍질', '오렌지껍질', '오렌지껍질', 'rule');
INSERT OR REPLACE INTO items (id, name, category, note, steps, confidence, source_url, source_name, source_grade, feature, caution, last_verified, region_variation, official_classification) VALUES ('유통기한', '유통기한', 'food', '· 음식물류폐기물은 재활용과정을 거쳐 동물의 사료, 퇴비(비료), 바이오가스로 재활용하고 있습니다. 이 중 사료화는 동물이 직접 섭취하기 때문에 세밀한 기준이 요구되므로 음식물류폐기물의 배출기준은 사료화에 준하여 안내하고 있습니다. · 사료화는 파쇄선별-탈수-건조/살균-분쇄-사료생산 과정을 거쳐 재활용하고 있습니다. · 살균과정은 농림축산식품부의 사료 기준', '["유통기한이 지난 음식은 음식물류폐기물로 배출합니다.", "음식물 전용 종량제봉투 또는 납부필증(스티커, 칩)을 부착하여 전용용기에 담아 배출하거나 RFID에 배출합니다."]', 'high', 'https://www.xn--oy2b29bd3a601b.kr/front/dischargeMethod/dictionaryView.do?niIdx=647', '분리배출.kr (한국폐기물협회·환경부)', 'A', '· 음식물류폐기물은 재활용과정을 거쳐 동물의 사료, 퇴비(비료), 바이오가스로 재활용하고 있습니다. 이 중 사료화는 동물이 직접 섭취하기 때문에 세밀한 기준이 요구되므로 음식물류폐기물의 배출기준은 사료화에 준하여 안내하고 있습니다. · 사료화는 파쇄선별-탈수-건조/살균-분쇄-사료생산 과정을 거쳐 재활용하고 있습니다. · 살균과정은 농림축산식품부의 사료 기준에 따라 100℃에서 30분 이상 가...', '· 해당 지자체의 배출방법에 따라 배출', '2026-05-18', 0, '["음식물류폐기물"]');
INSERT INTO aliases (item_id, alias, alias_lower, source) VALUES ('유통기한', 'best before', 'best before', 'rule');
INSERT INTO aliases (item_id, alias, alias_lower, source) VALUES ('유통기한', 'expiration date', 'expiration date', 'rule');
INSERT INTO aliases (item_id, alias, alias_lower, source) VALUES ('유통기한', 'expiry date', 'expiry date', 'rule');
INSERT INTO aliases (item_id, alias, alias_lower, source) VALUES ('유통기한', '기한', '기한', 'rule');
INSERT INTO aliases (item_id, alias, alias_lower, source) VALUES ('유통기한', '만료일', '만료일', 'rule');
INSERT INTO aliases (item_id, alias, alias_lower, source) VALUES ('유통기한', '사용기한', '사용기한', 'rule');
INSERT INTO aliases (item_id, alias, alias_lower, source) VALUES ('유통기한', '상한 날짜', '상한 날짜', 'rule');
INSERT INTO aliases (item_id, alias, alias_lower, source) VALUES ('유통기한', '소비기한', '소비기한', 'rule');
INSERT INTO aliases (item_id, alias, alias_lower, source) VALUES ('유통기한', '유효기간', '유효기간', 'rule');
INSERT INTO aliases (item_id, alias, alias_lower, source) VALUES ('유통기한', '판매기한', '판매기한', 'rule');
INSERT INTO aliases (item_id, alias, alias_lower, source) VALUES ('유통기한', '폐기일', '폐기일', 'rule');
INSERT INTO aliases (item_id, alias, alias_lower, source) VALUES ('유통기한', '품질유지기한', '품질유지기한', 'rule');
INSERT OR REPLACE INTO items (id, name, category, note, steps, confidence, source_url, source_name, source_grade, feature, caution, last_verified, region_variation, official_classification) VALUES ('부침가루', '부침가루', 'food', '· 음식물류폐기물은 재활용과정을 거쳐 동물의 사료, 퇴비(비료), 바이오가스로 재활용하고 있습니다. 이 중 사료화는 동물이 직접 섭취하기 때문에 세밀한 기준이 요구되므로 음식물류폐기물의 배출기준은 사료화에 준하여 안내하고 있습니다. · 밀가루, 부침가루 등 곡물 가루는 음식물류폐기물로 배출합니다.', '["부침가루는 음식물류폐기물로 배출합니다.", "음식물 전용 종량제봉투 또는 납부필증(스티커, 칩)을 부착하여 전용용기에 담아 배출하거나 RFID에 배출합니다."]', 'high', 'https://www.xn--oy2b29bd3a601b.kr/front/dischargeMethod/dictionaryView.do?niIdx=649', '분리배출.kr (한국폐기물협회·환경부)', 'A', '· 음식물류폐기물은 재활용과정을 거쳐 동물의 사료, 퇴비(비료), 바이오가스로 재활용하고 있습니다. 이 중 사료화는 동물이 직접 섭취하기 때문에 세밀한 기준이 요구되므로 음식물류폐기물의 배출기준은 사료화에 준하여 안내하고 있습니다. · 밀가루, 부침가루 등 곡물 가루는 음식물류폐기물로 배출합니다.', '· 해당 지자체의 배출방법에 따라 배출', '2026-05-18', 0, '["음식물류폐기물"]');
INSERT INTO aliases (item_id, alias, alias_lower, source) VALUES ('부침가루', '믹스가루', '믹스가루', 'rule');
INSERT INTO aliases (item_id, alias, alias_lower, source) VALUES ('부침가루', '백설부침가루', '백설부침가루', 'rule');
INSERT INTO aliases (item_id, alias, alias_lower, source) VALUES ('부침가루', '부침', '부침', 'rule');
INSERT INTO aliases (item_id, alias, alias_lower, source) VALUES ('부침가루', '부침개 가루', '부침개 가루', 'rule');
INSERT INTO aliases (item_id, alias, alias_lower, source) VALUES ('부침가루', '부침용가루', '부침용가루', 'rule');
INSERT INTO aliases (item_id, alias, alias_lower, source) VALUES ('부침가루', '오뚜기부침가루', '오뚜기부침가루', 'rule');
INSERT INTO aliases (item_id, alias, alias_lower, source) VALUES ('부침가루', '전가루', '전가루', 'rule');
INSERT INTO aliases (item_id, alias, alias_lower, source) VALUES ('부침가루', '전부침', '전부침', 'rule');
INSERT INTO aliases (item_id, alias, alias_lower, source) VALUES ('부침가루', '청정원부침가루', '청정원부침가루', 'rule');
INSERT INTO aliases (item_id, alias, alias_lower, source) VALUES ('부침가루', '튀김가루', '튀김가루', 'rule');
INSERT INTO aliases (item_id, alias, alias_lower, source) VALUES ('부침가루', '팬케이크가루', '팬케이크가루', 'rule');
INSERT INTO aliases (item_id, alias, alias_lower, source) VALUES ('부침가루', '팬케이크믹스', '팬케이크믹스', 'rule');
INSERT OR REPLACE INTO items (id, name, category, note, steps, confidence, source_url, source_name, source_grade, feature, caution, last_verified, region_variation, official_classification) VALUES ('감초가루', '감초가루', 'food', '· 음식물류폐기물은 재활용과정을 거쳐 동물의 사료, 퇴비(비료), 바이오가스로 재활용하고 있습니다. 이 중 사료화는 동물이 직접 섭취하기 때문에 세밀한 기준이 요구되므로 음식물류폐기물의 배출기준은 사료화에 준하여 안내하고 있습니다. · 어성초, 감초 등 약초가루는 기타가공품으로 원료를 제조·가공한 식품으로 음식물류폐기물로 배출합니다.', '["감초가루는 음식물류폐기물로 배출합니다.", "음식물 전용 종량제봉투 또는 납부필증(스티커, 칩)을 부착하여 전용용기에 담아 배출하거나 RFID에 배출합니다."]', 'high', 'https://www.xn--oy2b29bd3a601b.kr/front/dischargeMethod/dictionaryView.do?niIdx=651', '분리배출.kr (한국폐기물협회·환경부)', 'A', '· 음식물류폐기물은 재활용과정을 거쳐 동물의 사료, 퇴비(비료), 바이오가스로 재활용하고 있습니다. 이 중 사료화는 동물이 직접 섭취하기 때문에 세밀한 기준이 요구되므로 음식물류폐기물의 배출기준은 사료화에 준하여 안내하고 있습니다. · 어성초, 감초 등 약초가루는 기타가공품으로 원료를 제조·가공한 식품으로 음식물류폐기물로 배출합니다.', '· 해당 지자체의 배출방법에 따라 배출', '2026-05-18', 0, '["음식물류폐기물"]');
INSERT INTO aliases (item_id, alias, alias_lower, source) VALUES ('감초가루', '감초분', '감초분', 'rule');
INSERT INTO aliases (item_id, alias, alias_lower, source) VALUES ('감초가루', '감초분말', '감초분말', 'rule');
INSERT INTO aliases (item_id, alias, alias_lower, source) VALUES ('감초가루', '감초파우더', '감초파우더', 'rule');
INSERT INTO aliases (item_id, alias, alias_lower, source) VALUES ('감초가루', '단맛가루', '단맛가루', 'rule');
INSERT INTO aliases (item_id, alias, alias_lower, source) VALUES ('감초가루', '달콤가루', '달콤가루', 'rule');
INSERT INTO aliases (item_id, alias, alias_lower, source) VALUES ('감초가루', '리커리스파우더', '리커리스파우더', 'rule');
INSERT INTO aliases (item_id, alias, alias_lower, source) VALUES ('감초가루', '리코리스파우더', '리코리스파우더', 'rule');
INSERT INTO aliases (item_id, alias, alias_lower, source) VALUES ('감초가루', '약방감초가루', '약방감초가루', 'rule');
INSERT INTO aliases (item_id, alias, alias_lower, source) VALUES ('감초가루', '약재가루', '약재가루', 'rule');
INSERT INTO aliases (item_id, alias, alias_lower, source) VALUES ('감초가루', '천연감미료', '천연감미료', 'rule');
INSERT INTO aliases (item_id, alias, alias_lower, source) VALUES ('감초가루', '한방감초가루', '한방감초가루', 'rule');
INSERT INTO aliases (item_id, alias, alias_lower, source) VALUES ('감초가루', '한약재가루', '한약재가루', 'rule');
INSERT OR REPLACE INTO items (id, name, category, note, steps, confidence, source_url, source_name, source_grade, feature, caution, last_verified, region_variation, official_classification) VALUES ('PC세트', 'PC세트', 'furniture', '· PC세트는 전기전자제품 환경성보장제도 품목에 해당됩니다. * 환경성보장제도는 전기전자제품의 재활용을 촉진하기 위하여 유해물질의 사용을 억제하고 재활용이 쉽도록 제조하며 그 폐기물을 적정하게 재활용하도록 하여 자원을 효율적으로 이용하는 자원순환체계를 구축하여 환경보전과 국민 경제의 건전한 발전에 이바지함을 목적으로 하는 제도를 말합니다. ** 환경성보장제', '["PC세트는 폐가전제품 무상방문수거서비스(1599-0903)을 이용하여 배출합니다.", "무상수거 서비스를 이용하기 어려운 경우에는 대형폐기물로 배출합니다.", "신제품 구매시 생산, 판매업체의 역회수 서비스를 이용하여 배출합니다."]', 'high', 'https://www.xn--oy2b29bd3a601b.kr/front/dischargeMethod/dictionaryView.do?niIdx=661', '분리배출.kr (한국폐기물협회·환경부)', 'A', '· PC세트는 전기전자제품 환경성보장제도 품목에 해당됩니다. * 환경성보장제도는 전기전자제품의 재활용을 촉진하기 위하여 유해물질의 사용을 억제하고 재활용이 쉽도록 제조하며 그 폐기물을 적정하게 재활용하도록 하여 자원을 효율적으로 이용하는 자원순환체계를 구축하여 환경보전과 국민 경제의 건전한 발전에 이바지함을 목적으로 하는 제도를 말합니다. ** 환경성보장제도 대상품목으로는 냉장고, 세탁기,...', '· 폐가전제품 무상방문서비스 문의 후 배출', '2026-05-18', 0, '["재활용폐기물", "전기전자 제품류", "대형폐기물"]');
INSERT INTO aliases (item_id, alias, alias_lower, source) VALUES ('PC세트', 'computer set', 'computer set', 'rule');
INSERT INTO aliases (item_id, alias, alias_lower, source) VALUES ('PC세트', 'desktop PC', 'desktop pc', 'rule');
INSERT INTO aliases (item_id, alias, alias_lower, source) VALUES ('PC세트', '개인용 컴퓨터', '개인용 컴퓨터', 'rule');
INSERT INTO aliases (item_id, alias, alias_lower, source) VALUES ('PC세트', '게이밍 PC', '게이밍 pc', 'rule');
INSERT INTO aliases (item_id, alias, alias_lower, source) VALUES ('PC세트', '데스크톱 컴퓨터', '데스크톱 컴퓨터', 'rule');
INSERT INTO aliases (item_id, alias, alias_lower, source) VALUES ('PC세트', '본체 모니터 세트', '본체 모니터 세트', 'rule');
INSERT INTO aliases (item_id, alias, alias_lower, source) VALUES ('PC세트', '사무용 컴퓨터', '사무용 컴퓨터', 'rule');
INSERT INTO aliases (item_id, alias, alias_lower, source) VALUES ('PC세트', '조립 컴퓨터', '조립 컴퓨터', 'rule');
INSERT INTO aliases (item_id, alias, alias_lower, source) VALUES ('PC세트', '컴터', '컴터', 'rule');
INSERT INTO aliases (item_id, alias, alias_lower, source) VALUES ('PC세트', '컴퓨터 세트', '컴퓨터 세트', 'rule');
INSERT INTO aliases (item_id, alias, alias_lower, source) VALUES ('PC세트', '피씨', '피씨', 'rule');
INSERT OR REPLACE INTO items (id, name, category, note, steps, confidence, source_url, source_name, source_grade, feature, caution, last_verified, region_variation, official_classification) VALUES ('전축 세트', '전축 세트', 'furniture', '·전축 세트는 전기전자제품 환경성보장제도 품목에 해당됩니다. * 환경성보장제도는 전기전자제품의 재활용을 촉진하기 위하여 유해물질의 사용을 억제하고 재활용이 쉽도록 제조하며 그 폐기물을 적정하게 재활용하도록 하여 자원을 효율적으로 이용하는 자원순환체계를 구축하여 환경보전과 국민 경제의 건전한 발전에 이바지함을 목적으로 하는 제도를 말합니다. ** 환경성보장제', '["전축 세트는 폐가전제품 무상방문수거서비스(1599-0903)을 이용하여 배출합니다.", "무상수거 서비스를 이용하기 어려운 경우에는 대형폐기물로 배출합니다.", "신제품 구매시 생산, 판매업체의 역회수 서비스를 이용하여 배출합니다."]', 'high', 'https://www.xn--oy2b29bd3a601b.kr/front/dischargeMethod/dictionaryView.do?niIdx=662', '분리배출.kr (한국폐기물협회·환경부)', 'A', '·전축 세트는 전기전자제품 환경성보장제도 품목에 해당됩니다. * 환경성보장제도는 전기전자제품의 재활용을 촉진하기 위하여 유해물질의 사용을 억제하고 재활용이 쉽도록 제조하며 그 폐기물을 적정하게 재활용하도록 하여 자원을 효율적으로 이용하는 자원순환체계를 구축하여 환경보전과 국민 경제의 건전한 발전에 이바지함을 목적으로 하는 제도를 말합니다. ** 환경성보장제도 대상품목으로는 냉장고, 세탁기,...', '· 폐가전제품 무상방문서비스 문의 후 배출', '2026-05-18', 0, '["재활용폐기물", "전기전자 제품류", "대형폐기물"]');
INSERT INTO aliases (item_id, alias, alias_lower, source) VALUES ('전축 세트', 'LP 플레이어', 'lp 플레이어', 'rule');
INSERT INTO aliases (item_id, alias, alias_lower, source) VALUES ('전축 세트', '구형 오디오', '구형 오디오', 'rule');
INSERT INTO aliases (item_id, alias, alias_lower, source) VALUES ('전축 세트', '레코드 플레이어', '레코드 플레이어', 'rule');
INSERT INTO aliases (item_id, alias, alias_lower, source) VALUES ('전축 세트', '빈티지 오디오', '빈티지 오디오', 'rule');
INSERT INTO aliases (item_id, alias, alias_lower, source) VALUES ('전축 세트', '스테레오 세트', '스테레오 세트', 'rule');
INSERT INTO aliases (item_id, alias, alias_lower, source) VALUES ('전축 세트', '옛날 전축', '옛날 전축', 'rule');
INSERT INTO aliases (item_id, alias, alias_lower, source) VALUES ('전축 세트', '오디오 세트', '오디오 세트', 'rule');
INSERT INTO aliases (item_id, alias, alias_lower, source) VALUES ('전축 세트', '음향기기 세트', '음향기기 세트', 'rule');
INSERT INTO aliases (item_id, alias, alias_lower, source) VALUES ('전축 세트', '전축 시스템', '전축 시스템', 'rule');
INSERT INTO aliases (item_id, alias, alias_lower, source) VALUES ('전축 세트', '전축세트', '전축세트', 'rule');
INSERT INTO aliases (item_id, alias, alias_lower, source) VALUES ('전축 세트', '종합 오디오', '종합 오디오', 'rule');
INSERT INTO aliases (item_id, alias, alias_lower, source) VALUES ('전축 세트', '축음기 세트', '축음기 세트', 'rule');
INSERT INTO aliases (item_id, alias, alias_lower, source) VALUES ('전축 세트', '턴테이블 세트', '턴테이블 세트', 'rule');
INSERT OR REPLACE INTO items (id, name, category, note, steps, confidence, source_url, source_name, source_grade, feature, caution, last_verified, region_variation, official_classification) VALUES ('화장품 냉장고', '화장품 냉장고', 'furniture', '· 화장품 냉장고는 전기전자제품 환경성보장제도 품목에 해당됩니다. * 환경성보장제도는 전기전자제품의 재활용을 촉진하기 위하여 유해물질의 사용을 억제하고 재활용이 쉽도록 제조하며 그 폐기물을 적정하게 재활용하도록 하여 자원을 효율적으로 이용하는 자원순환체계를 구축하여 환경보전과 국민 경제의 건전한 발전에 이바지함을 목적으로 하는 제도를 말합니다. ** 환경성', '["화장품 냉장고는 폐가전제품 무상방문수거서비스(1599-0903)을 이용하여 배출합니다.", "무상수거 서비스를 이용하기 어려운 경우에는 대형폐기물로 배출합니다.", "신제품 구매시 생산, 판매업체의 역회수 서비스를 이용하여 배출합니다."]', 'high', 'https://www.xn--oy2b29bd3a601b.kr/front/dischargeMethod/dictionaryView.do?niIdx=663', '분리배출.kr (한국폐기물협회·환경부)', 'A', '· 화장품 냉장고는 전기전자제품 환경성보장제도 품목에 해당됩니다. * 환경성보장제도는 전기전자제품의 재활용을 촉진하기 위하여 유해물질의 사용을 억제하고 재활용이 쉽도록 제조하며 그 폐기물을 적정하게 재활용하도록 하여 자원을 효율적으로 이용하는 자원순환체계를 구축하여 환경보전과 국민 경제의 건전한 발전에 이바지함을 목적으로 하는 제도를 말합니다. ** 환경성보장제도 대상품목으로는 냉장고, 세탁...', '· 폐가전제품 무상방문서비스 문의 후 배출', '2026-05-18', 0, '["재활용폐기물", "전기전자 제품류", "대형폐기물"]');
INSERT INTO aliases (item_id, alias, alias_lower, source) VALUES ('화장품 냉장고', '화장품냉장고', '화장품냉장고', 'rule');
INSERT OR REPLACE INTO items (id, name, category, note, steps, confidence, source_url, source_name, source_grade, feature, caution, last_verified, region_variation, official_classification) VALUES ('탈수기', '탈수기', 'furniture', '·탈수기는 전기전자제품 환경성보장제도 품목에 해당됩니다. * 환경성보장제도는 전기전자제품의 재활용을 촉진하기 위하여 유해물질의 사용을 억제하고 재활용이 쉽도록 제조하며 그 폐기물을 적정하게 재활용하도록 하여 자원을 효율적으로 이용하는 자원순환체계를 구축하여 환경보전과 국민 경제의 건전한 발전에 이바지함을 목적으로 하는 제도를 말합니다. ** 환경성보장제도', '["탈수기는 폐가전제품 무상방문수거서비스(1599-0903)을 이용하여 배출합니다.", "무상수거 서비스를 이용하기 어려운 경우에는 대형폐기물로 배출합니다.", "신제품 구매시 생산, 판매업체의 역회수 서비스를 이용하여 배출합니다."]', 'high', 'https://www.xn--oy2b29bd3a601b.kr/front/dischargeMethod/dictionaryView.do?niIdx=664', '분리배출.kr (한국폐기물협회·환경부)', 'A', '·탈수기는 전기전자제품 환경성보장제도 품목에 해당됩니다. * 환경성보장제도는 전기전자제품의 재활용을 촉진하기 위하여 유해물질의 사용을 억제하고 재활용이 쉽도록 제조하며 그 폐기물을 적정하게 재활용하도록 하여 자원을 효율적으로 이용하는 자원순환체계를 구축하여 환경보전과 국민 경제의 건전한 발전에 이바지함을 목적으로 하는 제도를 말합니다. ** 환경성보장제도 대상품목으로는 냉장고, 세탁기, 다리...', '· 폐가전제품 무상방문서비스 문의 후 배출', '2026-05-18', 0, '["재활용폐기물", "전기전자 제품류", "대형폐기물"]');
INSERT INTO aliases (item_id, alias, alias_lower, source) VALUES ('탈수기', '건조보조기', '건조보조기', 'rule');
INSERT INTO aliases (item_id, alias, alias_lower, source) VALUES ('탈수기', '물기제거기', '물기제거기', 'rule');
INSERT INTO aliases (item_id, alias, alias_lower, source) VALUES ('탈수기', '물기짜개', '물기짜개', 'rule');
INSERT INTO aliases (item_id, alias, alias_lower, source) VALUES ('탈수기', '물빼는기계', '물빼는기계', 'rule');
INSERT INTO aliases (item_id, alias, alias_lower, source) VALUES ('탈수기', '미니탈수기', '미니탈수기', 'rule');
INSERT INTO aliases (item_id, alias, alias_lower, source) VALUES ('탈수기', '빨래짜는기계', '빨래짜는기계', 'rule');
INSERT INTO aliases (item_id, alias, alias_lower, source) VALUES ('탈수기', '세탁보조기', '세탁보조기', 'rule');
INSERT INTO aliases (item_id, alias, alias_lower, source) VALUES ('탈수기', '스핀드라이어', '스핀드라이어', 'rule');
INSERT INTO aliases (item_id, alias, alias_lower, source) VALUES ('탈수기', '워터익스트랙터', '워터익스트랙터', 'rule');
INSERT INTO aliases (item_id, alias, alias_lower, source) VALUES ('탈수기', '탈수머신', '탈수머신', 'rule');
INSERT INTO aliases (item_id, alias, alias_lower, source) VALUES ('탈수기', '탈수장치', '탈수장치', 'rule');
INSERT OR REPLACE INTO items (id, name, category, note, steps, confidence, source_url, source_name, source_grade, feature, caution, last_verified, region_variation, official_classification) VALUES ('제습기', '제습기', 'furniture', '· 제습기는 전기전자제품 환경성보장제도 품목에 해당됩니다. * 환경성보장제도는 전기전자제품의 재활용을 촉진하기 위하여 유해물질의 사용을 억제하고 재활용이 쉽도록 제조하며 그 폐기물을 적정하게 재활용하도록 하여 자원을 효율적으로 이용하는 자원순환체계를 구축하여 환경보전과 국민 경제의 건전한 발전에 이바지함을 목적으로 하는 제도를 말합니다. ** 환경성보장제도', '["제습기는 폐가전제품 무상방문수거서비스(1599-0903)을 이용하여 배출합니다.", "무상수거 서비스를 이용하기 어려운 경우에는 대형폐기물로 배출합니다."]', 'high', 'https://www.xn--oy2b29bd3a601b.kr/front/dischargeMethod/dictionaryView.do?niIdx=665', '분리배출.kr (한국폐기물협회·환경부)', 'A', '· 제습기는 전기전자제품 환경성보장제도 품목에 해당됩니다. * 환경성보장제도는 전기전자제품의 재활용을 촉진하기 위하여 유해물질의 사용을 억제하고 재활용이 쉽도록 제조하며 그 폐기물을 적정하게 재활용하도록 하여 자원을 효율적으로 이용하는 자원순환체계를 구축하여 환경보전과 국민 경제의 건전한 발전에 이바지함을 목적으로 하는 제도를 말합니다. ** 환경성보장제도 대상품목으로는 냉장고, 세탁기, 다...', '· 폐가전제품 무상방문서비스 문의 후 배출', '2026-05-18', 0, '["재활용폐기물", "전기전자 제품류", "대형폐기물"]');
INSERT INTO aliases (item_id, alias, alias_lower, source) VALUES ('제습기', '디휴미', '디휴미', 'rule');
INSERT INTO aliases (item_id, alias, alias_lower, source) VALUES ('제습기', '물먹는 기계', '물먹는 기계', 'rule');
INSERT INTO aliases (item_id, alias, alias_lower, source) VALUES ('제습기', '습기 먹는 하마', '습기 먹는 하마', 'rule');
INSERT INTO aliases (item_id, alias, alias_lower, source) VALUES ('제습기', '습기 잡이', '습기 잡이', 'rule');
INSERT INTO aliases (item_id, alias, alias_lower, source) VALUES ('제습기', '습기 제거기', '습기 제거기', 'rule');
INSERT INTO aliases (item_id, alias, alias_lower, source) VALUES ('제습기', '습기빼는기계', '습기빼는기계', 'rule');
INSERT INTO aliases (item_id, alias, alias_lower, source) VALUES ('제습기', '습습이', '습습이', 'rule');
INSERT INTO aliases (item_id, alias, alias_lower, source) VALUES ('제습기', '엘지 제습기', '엘지 제습기', 'rule');
INSERT INTO aliases (item_id, alias, alias_lower, source) VALUES ('제습기', '위닉스 제습기', '위닉스 제습기', 'rule');
INSERT INTO aliases (item_id, alias, alias_lower, source) VALUES ('제습기', '제습', '제습', 'rule');
INSERT INTO aliases (item_id, alias, alias_lower, source) VALUES ('제습기', '제습 장치', '제습 장치', 'rule');
INSERT OR REPLACE INTO items (id, name, category, note, steps, confidence, source_url, source_name, source_grade, feature, caution, last_verified, region_variation, official_classification) VALUES ('전기오븐', '전기오븐', 'furniture', '· 전기오븐은 전기전자제품 환경성보장제도 품목에 해당됩니다. * 환경성보장제도는 전기전자제품의 재활용을 촉진하기 위하여 유해물질의 사용을 억제하고 재활용이 쉽도록 제조하며 그 폐기물을 적정하게 재활용하도록 하여 자원을 효율적으로 이용하는 자원순환체계를 구축하여 환경보전과 국민 경제의 건전한 발전에 이바지함을 목적으로 하는 제도를 말합니다. ** 환경성보장제', '["전기오븐은 폐가전제품 무상방문수거서비스(1599-0903)을 이용하여 배출합니다.", "무상수거 서비스를 이용하기 어려운 경우에는 대형폐기물로 배출합니다."]', 'high', 'https://www.xn--oy2b29bd3a601b.kr/front/dischargeMethod/dictionaryView.do?niIdx=666', '분리배출.kr (한국폐기물협회·환경부)', 'A', '· 전기오븐은 전기전자제품 환경성보장제도 품목에 해당됩니다. * 환경성보장제도는 전기전자제품의 재활용을 촉진하기 위하여 유해물질의 사용을 억제하고 재활용이 쉽도록 제조하며 그 폐기물을 적정하게 재활용하도록 하여 자원을 효율적으로 이용하는 자원순환체계를 구축하여 환경보전과 국민 경제의 건전한 발전에 이바지함을 목적으로 하는 제도를 말합니다. ** 환경성보장제도 대상품목으로는 냉장고, 세탁기,...', '· 폐가전제품 무상방문서비스 문의 후 배출', '2026-05-18', 0, '["재활용폐기물", "전기전자 제품류", "대형폐기물"]');
INSERT INTO aliases (item_id, alias, alias_lower, source) VALUES ('전기오븐', '가스 오븐', '가스 오븐', 'rule');
INSERT INTO aliases (item_id, alias, alias_lower, source) VALUES ('전기오븐', '광파 오븐', '광파 오븐', 'rule');
INSERT INTO aliases (item_id, alias, alias_lower, source) VALUES ('전기오븐', '미니 오븐', '미니 오븐', 'rule');
INSERT INTO aliases (item_id, alias, alias_lower, source) VALUES ('전기오븐', '베이킹 오븐', '베이킹 오븐', 'rule');
INSERT INTO aliases (item_id, alias, alias_lower, source) VALUES ('전기오븐', '복합 오븐', '복합 오븐', 'rule');
INSERT INTO aliases (item_id, alias, alias_lower, source) VALUES ('전기오븐', '스마트 오븐', '스마트 오븐', 'rule');
INSERT INTO aliases (item_id, alias, alias_lower, source) VALUES ('전기오븐', '스팀 오븐', '스팀 오븐', 'rule');
INSERT INTO aliases (item_id, alias, alias_lower, source) VALUES ('전기오븐', '오분', '오분', 'rule');
INSERT INTO aliases (item_id, alias, alias_lower, source) VALUES ('전기오븐', '오븐', '오븐', 'rule');
INSERT INTO aliases (item_id, alias, alias_lower, source) VALUES ('전기오븐', '오븐 토스터', '오븐 토스터', 'rule');
INSERT INTO aliases (item_id, alias, alias_lower, source) VALUES ('전기오븐', '오븐(고장)', '오븐(고장)', 'rule');
INSERT INTO aliases (item_id, alias, alias_lower, source) VALUES ('전기오븐', '오븐기', '오븐기', 'rule');
INSERT INTO aliases (item_id, alias, alias_lower, source) VALUES ('전기오븐', '오븐이', '오븐이', 'rule');
INSERT INTO aliases (item_id, alias, alias_lower, source) VALUES ('전기오븐', '일렉트릭 오븐', '일렉트릭 오븐', 'rule');
INSERT INTO aliases (item_id, alias, alias_lower, source) VALUES ('전기오븐', '전기 오븐', '전기 오븐', 'rule');
INSERT INTO aliases (item_id, alias, alias_lower, source) VALUES ('전기오븐', '전열 오븐', '전열 오븐', 'rule');
INSERT INTO aliases (item_id, alias, alias_lower, source) VALUES ('전기오븐', '컨벡션 오븐', '컨벡션 오븐', 'rule');
INSERT OR REPLACE INTO items (id, name, category, note, steps, confidence, source_url, source_name, source_grade, feature, caution, last_verified, region_variation, official_classification) VALUES ('식기건조기', '식기건조기', 'furniture', '· 식기건조기는 전기전자제품 환경성보장제도 품목에 해당됩니다. * 환경성보장제도는 전기전자제품의 재활용을 촉진하기 위하여 유해물질의 사용을 억제하고 재활용이 쉽도록 제조하며 그 폐기물을 적정하게 재활용하도록 하여 자원을 효율적으로 이용하는 자원순환체계를 구축하여 환경보전과 국민 경제의 건전한 발전에 이바지함을 목적으로 하는 제도를 말합니다. ** 환경성보장', '["식기건조기는 폐가전제품 무상방문수거서비스(1599-0903)을 이용하여 배출합니다.", "무상수거 서비스를 이용하기 어려운 경우에는 대형폐기물로 배출합니다."]', 'high', 'https://www.xn--oy2b29bd3a601b.kr/front/dischargeMethod/dictionaryView.do?niIdx=667', '분리배출.kr (한국폐기물협회·환경부)', 'A', '· 식기건조기는 전기전자제품 환경성보장제도 품목에 해당됩니다. * 환경성보장제도는 전기전자제품의 재활용을 촉진하기 위하여 유해물질의 사용을 억제하고 재활용이 쉽도록 제조하며 그 폐기물을 적정하게 재활용하도록 하여 자원을 효율적으로 이용하는 자원순환체계를 구축하여 환경보전과 국민 경제의 건전한 발전에 이바지함을 목적으로 하는 제도를 말합니다. ** 환경성보장제도 대상품목으로는 냉장고, 세탁기,...', '· 폐가전제품 무상방문서비스 문의 후 배출', '2026-05-18', 0, '["재활용폐기물", "전기전자 제품류", "대형폐기물"]');
INSERT INTO aliases (item_id, alias, alias_lower, source) VALUES ('식기건조기', 'Dish dryer', 'dish dryer', 'rule');
INSERT INTO aliases (item_id, alias, alias_lower, source) VALUES ('식기건조기', 'Dishwasher', 'dishwasher', 'rule');
INSERT INTO aliases (item_id, alias, alias_lower, source) VALUES ('식기건조기', 'LG 식기건조기', 'lg 식기건조기', 'rule');
INSERT INTO aliases (item_id, alias, alias_lower, source) VALUES ('식기건조기', '그릇건조기', '그릇건조기', 'rule');
INSERT INTO aliases (item_id, alias, alias_lower, source) VALUES ('식기건조기', '그릇말림기', '그릇말림기', 'rule');
INSERT INTO aliases (item_id, alias, alias_lower, source) VALUES ('식기건조기', '디쉬워셔', '디쉬워셔', 'rule');
INSERT INTO aliases (item_id, alias, alias_lower, source) VALUES ('식기건조기', '빌트인 식기건조기', '빌트인 식기건조기', 'rule');
INSERT INTO aliases (item_id, alias, alias_lower, source) VALUES ('식기건조기', '삼성 식기건조기', '삼성 식기건조기', 'rule');
INSERT INTO aliases (item_id, alias, alias_lower, source) VALUES ('식기건조기', '설거지건조기', '설거지건조기', 'rule');
INSERT INTO aliases (item_id, alias, alias_lower, source) VALUES ('식기건조기', '식건', '식건', 'rule');
INSERT INTO aliases (item_id, alias, alias_lower, source) VALUES ('식기건조기', '식기건조', '식기건조', 'rule');
INSERT INTO aliases (item_id, alias, alias_lower, source) VALUES ('식기건조기', '식기세척건조기', '식기세척건조기', 'rule');
INSERT OR REPLACE INTO items (id, name, category, note, steps, confidence, source_url, source_name, source_grade, feature, caution, last_verified, region_variation, official_classification) VALUES ('전기안마기', '전기안마기', 'electronics', '· 전기안마기는 전기전자제품 환경성보장제도 품목에 해당됩니다. * 환경성보장제도는 전기전자제품의 재활용을 촉진하기 위하여 유해물질의 사용을 억제하고 재활용이 쉽도록 제조하며 그 폐기물을 적정하게 재활용하도록 하여 자원을 효율적으로 이용하는 자원순환체계를 구축하여 환경보전과 국민 경제의 건전한 발전에 이바지함을 목적으로 하는 제도를 말합니다. ** 환경성보장', '["전기안마기는 소형전기전자제품 전용수거함으로 배출합니다.", "전기안마기와 함께 4가지 이상의 전기전자제품을 배출하기 원하는 경우에는 폐가전제품 무상방문수거서비스(1599-0903)을 이용하여 배출합니다.", "인근에 전용수거함이 없는 경우에는 지자체에 문의한 후 배출하여 주시기 바랍니다."]', 'high', 'https://www.xn--oy2b29bd3a601b.kr/front/dischargeMethod/dictionaryView.do?niIdx=669', '분리배출.kr (한국폐기물협회·환경부)', 'A', '· 전기안마기는 전기전자제품 환경성보장제도 품목에 해당됩니다. * 환경성보장제도는 전기전자제품의 재활용을 촉진하기 위하여 유해물질의 사용을 억제하고 재활용이 쉽도록 제조하며 그 폐기물을 적정하게 재활용하도록 하여 자원을 효율적으로 이용하는 자원순환체계를 구축하여 환경보전과 국민 경제의 건전한 발전에 이바지함을 목적으로 하는 제도를 말합니다. ** 환경성보장제도 대상품목으로는 냉장고, 세탁기,...', '· 소형전기전자제품은 전용수거함으로 배출하거나 5개 이상 모아 폐가전제품 무상방문수거서비스를 이용하여 배출', '2026-05-18', 0, '["재활용폐기물", "전기전자 제품류"]');
INSERT INTO aliases (item_id, alias, alias_lower, source) VALUES ('전기안마기', 'massage machine', 'massage machine', 'rule');
INSERT INTO aliases (item_id, alias, alias_lower, source) VALUES ('전기안마기', 'massager', 'massager', 'rule');
INSERT INTO aliases (item_id, alias, alias_lower, source) VALUES ('전기안마기', '마사지기', '마사지기', 'rule');
INSERT INTO aliases (item_id, alias, alias_lower, source) VALUES ('전기안마기', '세라젬', '세라젬', 'rule');
INSERT INTO aliases (item_id, alias, alias_lower, source) VALUES ('전기안마기', '시원하게 해주는 기계', '시원하게 해주는 기계', 'rule');
INSERT INTO aliases (item_id, alias, alias_lower, source) VALUES ('전기안마기', '안마기', '안마기', 'rule');
INSERT INTO aliases (item_id, alias, alias_lower, source) VALUES ('전기안마기', '안마용품', '안마용품', 'rule');
INSERT INTO aliases (item_id, alias, alias_lower, source) VALUES ('전기안마기', '전기 마사지기', '전기 마사지기', 'rule');
INSERT INTO aliases (item_id, alias, alias_lower, source) VALUES ('전기안마기', '전동안마기', '전동안마기', 'rule');
INSERT INTO aliases (item_id, alias, alias_lower, source) VALUES ('전기안마기', '주물러주는 기계', '주물러주는 기계', 'rule');
INSERT OR REPLACE INTO items (id, name, category, note, steps, confidence, source_url, source_name, source_grade, feature, caution, last_verified, region_variation, official_classification) VALUES ('컴퓨터 본체', '컴퓨터 본체', 'electronics', '·컴퓨터 본체는 전기전자제품 환경성보장제도 품목에 해당됩니다. * 환경성보장제도는 전기전자제품의 재활용을 촉진하기 위하여 유해물질의 사용을 억제하고 재활용이 쉽도록 제조하며 그 폐기물을 적정하게 재활용하도록 하여 자원을 효율적으로 이용하는 자원순환체계를 구축하여 환경보전과 국민 경제의 건전한 발전에 이바지함을 목적으로 하는 제도를 말합니다. ** 환경성보장', '["컴퓨터 본체는 소형전기전자제품 전용수거함으로 배출합니다.", "컴퓨터 본체와 함께 4가지 이상의 전기전자제품을 배출하기 원하는 경우에는 폐가전제품 무상방문수거서비스(1599-0903)을 이용하여 배출합니다.", "인근에 전용수거함이 없는 경우에는 지자체에 문의한 후 배출하여 주시기 바랍니다."]', 'high', 'https://www.xn--oy2b29bd3a601b.kr/front/dischargeMethod/dictionaryView.do?niIdx=670', '분리배출.kr (한국폐기물협회·환경부)', 'A', '·컴퓨터 본체는 전기전자제품 환경성보장제도 품목에 해당됩니다. * 환경성보장제도는 전기전자제품의 재활용을 촉진하기 위하여 유해물질의 사용을 억제하고 재활용이 쉽도록 제조하며 그 폐기물을 적정하게 재활용하도록 하여 자원을 효율적으로 이용하는 자원순환체계를 구축하여 환경보전과 국민 경제의 건전한 발전에 이바지함을 목적으로 하는 제도를 말합니다. ** 환경성보장제도 대상품목으로는 냉장고, 세탁기,...', '· 소형전기전자제품은 전용수거함으로 배출하거나 5개 이상 모아 폐가전제품 무상방문수거서비스를 이용하여 배출', '2026-05-18', 0, '["재활용폐기물", "전기전자 제품류"]');
INSERT INTO aliases (item_id, alias, alias_lower, source) VALUES ('컴퓨터 본체', 'PC tower', 'pc tower', 'rule');
INSERT INTO aliases (item_id, alias, alias_lower, source) VALUES ('컴퓨터 본체', 'PC 본체', 'pc 본체', 'rule');
INSERT INTO aliases (item_id, alias, alias_lower, source) VALUES ('컴퓨터 본체', '게이밍 본체', '게이밍 본체', 'rule');
INSERT INTO aliases (item_id, alias, alias_lower, source) VALUES ('컴퓨터 본체', '데스크탑 본체', '데스크탑 본체', 'rule');
INSERT INTO aliases (item_id, alias, alias_lower, source) VALUES ('컴퓨터 본체', '본체', '본체', 'rule');
INSERT INTO aliases (item_id, alias, alias_lower, source) VALUES ('컴퓨터 본체', '시스템 유닛', '시스템 유닛', 'rule');
INSERT INTO aliases (item_id, alias, alias_lower, source) VALUES ('컴퓨터 본체', '조립 본체', '조립 본체', 'rule');
INSERT INTO aliases (item_id, alias, alias_lower, source) VALUES ('컴퓨터 본체', '컴본체', '컴본체', 'rule');
INSERT INTO aliases (item_id, alias, alias_lower, source) VALUES ('컴퓨터 본체', '컴퓨터 메인 본체', '컴퓨터 메인 본체', 'rule');
INSERT INTO aliases (item_id, alias, alias_lower, source) VALUES ('컴퓨터 본체', '컴퓨터 케이스', '컴퓨터 케이스', 'rule');
INSERT INTO aliases (item_id, alias, alias_lower, source) VALUES ('컴퓨터 본체', '컴퓨터본체', '컴퓨터본체', 'rule');
INSERT INTO aliases (item_id, alias, alias_lower, source) VALUES ('컴퓨터 본체', '타워 PC', '타워 pc', 'rule');
INSERT OR REPLACE INTO items (id, name, category, note, steps, confidence, source_url, source_name, source_grade, feature, caution, last_verified, region_variation, official_classification) VALUES ('태블릿 PC', '태블릿 PC', 'electronics', '·태블릿 PC는 전기전자제품 환경성보장제도 품목에 해당됩니다. * 환경성보장제도는 전기전자제품의 재활용을 촉진하기 위하여 유해물질의 사용을 억제하고 재활용이 쉽도록 제조하며 그 폐기물을 적정하게 재활용하도록 하여 자원을 효율적으로 이용하는 자원순환체계를 구축하여 환경보전과 국민 경제의 건전한 발전에 이바지함을 목적으로 하는 제도를 말합니다. ** 환경성보장', '["태블릿 PC는 소형전기전자제품 전용수거함으로 배출합니다.", "태블릿 PC와 함께 4가지 이상의 전기전자제품을 배출하기 원하는 경우에는 폐가전제품 무상방문수거서비스(1599-0903)을 이용하여 배출합니다.", "인근에 전용수거함이 없는 경우에는 지자체에 문의한 후 배출하여 주시기 바랍니다."]', 'high', 'https://www.xn--oy2b29bd3a601b.kr/front/dischargeMethod/dictionaryView.do?niIdx=671', '분리배출.kr (한국폐기물협회·환경부)', 'A', '·태블릿 PC는 전기전자제품 환경성보장제도 품목에 해당됩니다. * 환경성보장제도는 전기전자제품의 재활용을 촉진하기 위하여 유해물질의 사용을 억제하고 재활용이 쉽도록 제조하며 그 폐기물을 적정하게 재활용하도록 하여 자원을 효율적으로 이용하는 자원순환체계를 구축하여 환경보전과 국민 경제의 건전한 발전에 이바지함을 목적으로 하는 제도를 말합니다. ** 환경성보장제도 대상품목으로는 냉장고, 세탁기,...', '· 소형전기전자제품은 전용수거함으로 배출하거나 5개 이상 모아 폐가전제품 무상방문수거서비스를 이용하여 배출', '2026-05-18', 0, '["재활용폐기물", "전기전자 제품류"]');
INSERT INTO aliases (item_id, alias, alias_lower, source) VALUES ('태블릿 PC', 'tablet', 'tablet', 'rule');
INSERT INTO aliases (item_id, alias, alias_lower, source) VALUES ('태블릿 PC', 'tablet computer', 'tablet computer', 'rule');
INSERT INTO aliases (item_id, alias, alias_lower, source) VALUES ('태블릿 PC', '갤럭시탭', '갤럭시탭', 'rule');
INSERT INTO aliases (item_id, alias, alias_lower, source) VALUES ('태블릿 PC', '미패드', '미패드', 'rule');
INSERT INTO aliases (item_id, alias, alias_lower, source) VALUES ('태블릿 PC', '서피스', '서피스', 'rule');
INSERT INTO aliases (item_id, alias, alias_lower, source) VALUES ('태블릿 PC', '스마트패드', '스마트패드', 'rule');
INSERT INTO aliases (item_id, alias, alias_lower, source) VALUES ('태블릿 PC', '슬레이트PC', '슬레이트pc', 'rule');
INSERT INTO aliases (item_id, alias, alias_lower, source) VALUES ('태블릿 PC', '아이패드', '아이패드', 'rule');
INSERT INTO aliases (item_id, alias, alias_lower, source) VALUES ('태블릿 PC', '태블릿PC', '태블릿pc', 'rule');
INSERT INTO aliases (item_id, alias, alias_lower, source) VALUES ('태블릿 PC', '판형PC', '판형pc', 'rule');
INSERT OR REPLACE INTO items (id, name, category, note, steps, confidence, source_url, source_name, source_grade, feature, caution, last_verified, region_variation, official_classification) VALUES ('스캐너', '스캐너', 'electronics', '· 스캐너는 전기전자제품 환경성보장제도 품목에 해당됩니다. * 환경성보장제도는 전기전자제품의 재활용을 촉진하기 위하여 유해물질의 사용을 억제하고 재활용이 쉽도록 제조하며 그 폐기물을 적정하게 재활용하도록 하여 자원을 효율적으로 이용하는 자원순환체계를 구축하여 환경보전과 국민 경제의 건전한 발전에 이바지함을 목적으로 하는 제도를 말합니다. ** 환경성보장제도', '["스캐너는 소형전기전자제품 전용수거함으로 배출합니다.", "스캐너와 함께 4가지 이상의 전기전자제품을 배출하기 원하는 경우에는 폐가전제품 무상방문수거서비스(1599-0903)을 이용하여 배출합니다.", "인근에 전용수거함이 없는 경우에는 지자체에 문의한 후 배출하여 주시기 바랍니다."]', 'high', 'https://www.xn--oy2b29bd3a601b.kr/front/dischargeMethod/dictionaryView.do?niIdx=672', '분리배출.kr (한국폐기물협회·환경부)', 'A', '· 스캐너는 전기전자제품 환경성보장제도 품목에 해당됩니다. * 환경성보장제도는 전기전자제품의 재활용을 촉진하기 위하여 유해물질의 사용을 억제하고 재활용이 쉽도록 제조하며 그 폐기물을 적정하게 재활용하도록 하여 자원을 효율적으로 이용하는 자원순환체계를 구축하여 환경보전과 국민 경제의 건전한 발전에 이바지함을 목적으로 하는 제도를 말합니다. ** 환경성보장제도 대상품목으로는 냉장고, 세탁기, 다...', '· 소형전기전자제품은 전용수거함으로 배출하거나 5개 이상 모아 폐가전제품 무상방문수거서비스를 이용하여 배출', '2026-05-18', 0, '["재활용폐기물", "전기전자 제품류"]');
INSERT INTO aliases (item_id, alias, alias_lower, source) VALUES ('스캐너', 'scanner', 'scanner', 'rule');
INSERT INTO aliases (item_id, alias, alias_lower, source) VALUES ('스캐너', '디지타이저', '디지타이저', 'rule');
INSERT INTO aliases (item_id, alias, alias_lower, source) VALUES ('스캐너', '문서 스캐너', '문서 스캐너', 'rule');
INSERT INTO aliases (item_id, alias, alias_lower, source) VALUES ('스캐너', '북 스캐너', '북 스캐너', 'rule');
INSERT INTO aliases (item_id, alias, alias_lower, source) VALUES ('스캐너', '사진 스캐너', '사진 스캐너', 'rule');
INSERT INTO aliases (item_id, alias, alias_lower, source) VALUES ('스캐너', '스캐닝 기계', '스캐닝 기계', 'rule');
INSERT INTO aliases (item_id, alias, alias_lower, source) VALUES ('스캐너', '스캔 도구', '스캔 도구', 'rule');
INSERT INTO aliases (item_id, alias, alias_lower, source) VALUES ('스캐너', '스캔 장치', '스캔 장치', 'rule');
INSERT INTO aliases (item_id, alias, alias_lower, source) VALUES ('스캐너', '스캔기', '스캔기', 'rule');
INSERT INTO aliases (item_id, alias, alias_lower, source) VALUES ('스캐너', '스캔이', '스캔이', 'rule');
INSERT INTO aliases (item_id, alias, alias_lower, source) VALUES ('스캐너', '스캔하는 기계', '스캔하는 기계', 'rule');
INSERT INTO aliases (item_id, alias, alias_lower, source) VALUES ('스캐너', '이미지 스캐너', '이미지 스캐너', 'rule');
INSERT INTO aliases (item_id, alias, alias_lower, source) VALUES ('스캐너', '평판 스캐너', '평판 스캐너', 'rule');
INSERT INTO aliases (item_id, alias, alias_lower, source) VALUES ('스캐너', '필름 스캐너', '필름 스캐너', 'rule');
INSERT OR REPLACE INTO items (id, name, category, note, steps, confidence, source_url, source_name, source_grade, feature, caution, last_verified, region_variation, official_classification) VALUES ('스팀다리미', '스팀다리미', 'electronics', '· 스팀다리미는 전기전자제품 환경성보장제도 품목에 해당됩니다. * 환경성보장제도는 전기전자제품의 재활용을 촉진하기 위하여 유해물질의 사용을 억제하고 재활용이 쉽도록 제조하며 그 폐기물을 적정하게 재활용하도록 하여 자원을 효율적으로 이용하는 자원순환체계를 구축하여 환경보전과 국민 경제의 건전한 발전에 이바지함을 목적으로 하는 제도를 말합니다. ** 환경성보장', '["스팀다리미는 소형전기전자제품 전용수거함으로 배출합니다.", "스팀다리미와 함께 4가지 이상의 전기전자제품을 배출하기 원하는 경우에는 폐가전제품 무상방문수거서비스(1599-0903)을 이용하여 배출합니다.", "인근에 전용수거함이 없는 경우에는 지자체에 문의한 후 배출하여 주시기 바랍니다."]', 'high', 'https://www.xn--oy2b29bd3a601b.kr/front/dischargeMethod/dictionaryView.do?niIdx=673', '분리배출.kr (한국폐기물협회·환경부)', 'A', '· 스팀다리미는 전기전자제품 환경성보장제도 품목에 해당됩니다. * 환경성보장제도는 전기전자제품의 재활용을 촉진하기 위하여 유해물질의 사용을 억제하고 재활용이 쉽도록 제조하며 그 폐기물을 적정하게 재활용하도록 하여 자원을 효율적으로 이용하는 자원순환체계를 구축하여 환경보전과 국민 경제의 건전한 발전에 이바지함을 목적으로 하는 제도를 말합니다. ** 환경성보장제도 대상품목으로는 냉장고, 세탁기,...', '· 소형전기전자제품은 전용수거함으로 배출하거나 5개 이상 모아 폐가전제품 무상방문수거서비스를 이용하여 배출', '2026-05-18', 0, '["재활용폐기물", "전기전자 제품류"]');
INSERT INTO aliases (item_id, alias, alias_lower, source) VALUES ('스팀다리미', '가먼트 스티머', '가먼트 스티머', 'rule');
INSERT INTO aliases (item_id, alias, alias_lower, source) VALUES ('스팀다리미', '다림질 기구', '다림질 기구', 'rule');
INSERT INTO aliases (item_id, alias, alias_lower, source) VALUES ('스팀다리미', '무선 스팀다리미', '무선 스팀다리미', 'rule');
INSERT INTO aliases (item_id, alias, alias_lower, source) VALUES ('스팀다리미', '스팀 아이롱', '스팀 아이롱', 'rule');
INSERT INTO aliases (item_id, alias, alias_lower, source) VALUES ('스팀다리미', '스팀다림', '스팀다림', 'rule');
INSERT INTO aliases (item_id, alias, alias_lower, source) VALUES ('스팀다리미', '아이롱', '아이롱', 'rule');
INSERT INTO aliases (item_id, alias, alias_lower, source) VALUES ('스팀다리미', '옷다리미', '옷다리미', 'rule');
INSERT INTO aliases (item_id, alias, alias_lower, source) VALUES ('스팀다리미', '증기다리미', '증기다리미', 'rule');
INSERT INTO aliases (item_id, alias, alias_lower, source) VALUES ('스팀다리미', '필립스 스팀다리미', '필립스 스팀다리미', 'rule');
INSERT INTO aliases (item_id, alias, alias_lower, source) VALUES ('스팀다리미', '한경희 스팀다리미', '한경희 스팀다리미', 'rule');
INSERT INTO aliases (item_id, alias, alias_lower, source) VALUES ('스팀다리미', '휴대용 스팀다리미', '휴대용 스팀다리미', 'rule');
INSERT OR REPLACE INTO items (id, name, category, note, steps, confidence, source_url, source_name, source_grade, feature, caution, last_verified, region_variation, official_classification) VALUES ('제빵기', '제빵기', 'electronics', '· 제빵기는 전기전자제품 환경성보장제도 품목에 해당됩니다. * 환경성보장제도는 전기전자제품의 재활용을 촉진하기 위하여 유해물질의 사용을 억제하고 재활용이 쉽도록 제조하며 그 폐기물을 적정하게 재활용하도록 하여 자원을 효율적으로 이용하는 자원순환체계를 구축하여 환경보전과 국민 경제의 건전한 발전에 이바지함을 목적으로 하는 제도를 말합니다. ** 환경성보장제도', '["제빵기는 소형전기전자제품 전용수거함으로 배출합니다.", "제빵기와 함께 4가지 이상의 전기전자제품을 배출하기 원하는 경우에는 폐가전제품 무상방문수거서비스(1599-0903)을 이용하여 배출합니다.", "인근에 전용수거함이 없는 경우에는 지자체에 문의한 후 배출하여 주시기 바랍니다."]', 'high', 'https://www.xn--oy2b29bd3a601b.kr/front/dischargeMethod/dictionaryView.do?niIdx=674', '분리배출.kr (한국폐기물협회·환경부)', 'A', '· 제빵기는 전기전자제품 환경성보장제도 품목에 해당됩니다. * 환경성보장제도는 전기전자제품의 재활용을 촉진하기 위하여 유해물질의 사용을 억제하고 재활용이 쉽도록 제조하며 그 폐기물을 적정하게 재활용하도록 하여 자원을 효율적으로 이용하는 자원순환체계를 구축하여 환경보전과 국민 경제의 건전한 발전에 이바지함을 목적으로 하는 제도를 말합니다. ** 환경성보장제도 대상품목으로는 냉장고, 세탁기, 다...', '· 소형전기전자제품은 전용수거함으로 배출하거나 5개 이상 모아 폐가전제품 무상방문수거서비스를 이용하여 배출', '2026-05-18', 0, '["재활용폐기물", "전기전자 제품류"]');
INSERT INTO aliases (item_id, alias, alias_lower, source) VALUES ('제빵기', '가정용 제빵기', '가정용 제빵기', 'rule');
INSERT INTO aliases (item_id, alias, alias_lower, source) VALUES ('제빵기', '베이킹 머신', '베이킹 머신', 'rule');
INSERT INTO aliases (item_id, alias, alias_lower, source) VALUES ('제빵기', '브레드 메이커', '브레드 메이커', 'rule');
INSERT INTO aliases (item_id, alias, alias_lower, source) VALUES ('제빵기', '브레드머신', '브레드머신', 'rule');
INSERT INTO aliases (item_id, alias, alias_lower, source) VALUES ('제빵기', '빵 굽는 기계', '빵 굽는 기계', 'rule');
INSERT INTO aliases (item_id, alias, alias_lower, source) VALUES ('제빵기', '빵 기계', '빵 기계', 'rule');
INSERT INTO aliases (item_id, alias, alias_lower, source) VALUES ('제빵기', '빵 만드는 기계', '빵 만드는 기계', 'rule');
INSERT INTO aliases (item_id, alias, alias_lower, source) VALUES ('제빵기', '빵 제조기', '빵 제조기', 'rule');
INSERT INTO aliases (item_id, alias, alias_lower, source) VALUES ('제빵기', '빵빵이', '빵빵이', 'rule');
INSERT INTO aliases (item_id, alias, alias_lower, source) VALUES ('제빵기', '자동 제빵기', '자동 제빵기', 'rule');
INSERT INTO aliases (item_id, alias, alias_lower, source) VALUES ('제빵기', '제빵 머신', '제빵 머신', 'rule');
INSERT INTO aliases (item_id, alias, alias_lower, source) VALUES ('제빵기', '홈베이킹 머신', '홈베이킹 머신', 'rule');
INSERT OR REPLACE INTO items (id, name, category, note, steps, confidence, source_url, source_name, source_grade, feature, caution, last_verified, region_variation, official_classification) VALUES ('튀김기', '튀김기', 'electronics', '· 튀김기는 전기전자제품 환경성보장제도 품목에 해당됩니다. * 환경성보장제도는 전기전자제품의 재활용을 촉진하기 위하여 유해물질의 사용을 억제하고 재활용이 쉽도록 제조하며 그 폐기물을 적정하게 재활용하도록 하여 자원을 효율적으로 이용하는 자원순환체계를 구축하여 환경보전과 국민 경제의 건전한 발전에 이바지함을 목적으로 하는 제도를 말합니다. ** 환경성보장제도', '["튀김기는 소형전기전자제품 전용수거함으로 배출합니다.", "튀김기와 함께 4가지 이상의 전기전자제품을 배출하기 원하는 경우에는 폐가전제품 무상방문수거서비스(1599-0903)을 이용하여 배출합니다.", "인근에 전용수거함이 없는 경우에는 지자체에 문의한 후 배출하여 주시기 바랍니다."]', 'high', 'https://www.xn--oy2b29bd3a601b.kr/front/dischargeMethod/dictionaryView.do?niIdx=675', '분리배출.kr (한국폐기물협회·환경부)', 'A', '· 튀김기는 전기전자제품 환경성보장제도 품목에 해당됩니다. * 환경성보장제도는 전기전자제품의 재활용을 촉진하기 위하여 유해물질의 사용을 억제하고 재활용이 쉽도록 제조하며 그 폐기물을 적정하게 재활용하도록 하여 자원을 효율적으로 이용하는 자원순환체계를 구축하여 환경보전과 국민 경제의 건전한 발전에 이바지함을 목적으로 하는 제도를 말합니다. ** 환경성보장제도 대상품목으로는 냉장고, 세탁기, 다...', '· 소형전기전자제품은 전용수거함으로 배출하거나 5개 이상 모아 폐가전제품 무상방문수거서비스를 이용하여 배출', '2026-05-18', 0, '["재활용폐기물", "전기전자 제품류"]');
INSERT INTO aliases (item_id, alias, alias_lower, source) VALUES ('튀김기', 'Deep Fryer', 'deep fryer', 'rule');
INSERT INTO aliases (item_id, alias, alias_lower, source) VALUES ('튀김기', '가정용 튀김기', '가정용 튀김기', 'rule');
INSERT INTO aliases (item_id, alias, alias_lower, source) VALUES ('튀김기', '기름 튀김기', '기름 튀김기', 'rule');
INSERT INTO aliases (item_id, alias, alias_lower, source) VALUES ('튀김기', '딥프라이어', '딥프라이어', 'rule');
INSERT INTO aliases (item_id, alias, alias_lower, source) VALUES ('튀김기', '미니 튀김기', '미니 튀김기', 'rule');
INSERT INTO aliases (item_id, alias, alias_lower, source) VALUES ('튀김기', '전기 튀김기', '전기 튀김기', 'rule');
INSERT INTO aliases (item_id, alias, alias_lower, source) VALUES ('튀김기', '튀김 조리기', '튀김 조리기', 'rule');
INSERT INTO aliases (item_id, alias, alias_lower, source) VALUES ('튀김기', '튀김머신', '튀김머신', 'rule');
INSERT INTO aliases (item_id, alias, alias_lower, source) VALUES ('튀김기', '튀김이', '튀김이', 'rule');
INSERT INTO aliases (item_id, alias, alias_lower, source) VALUES ('튀김기', '프라이어', '프라이어', 'rule');
INSERT INTO aliases (item_id, alias, alias_lower, source) VALUES ('튀김기', '해피콜 튀김기', '해피콜 튀김기', 'rule');
INSERT OR REPLACE INTO items (id, name, category, note, steps, confidence, source_url, source_name, source_grade, feature, caution, last_verified, region_variation, official_classification) VALUES ('착즙기', '착즙기', 'electronics', '· 착즙기는 전기전자제품 환경성보장제도 품목에 해당됩니다. * 환경성보장제도는 전기전자제품의 재활용을 촉진하기 위하여 유해물질의 사용을 억제하고 재활용이 쉽도록 제조하며 그 폐기물을 적정하게 재활용하도록 하여 자원을 효율적으로 이용하는 자원순환체계를 구축하여 환경보전과 국민 경제의 건전한 발전에 이바지함을 목적으로 하는 제도를 말합니다. ** 환경성보장제도', '["착즙기는 소형전기전자제품 전용수거함으로 배출합니다.", "착즙기와 함께 4가지 이상의 전기전자제품을 배출하기 원하는 경우에는 폐가전제품 무상방문수거서비스(1599-0903)을 이용하여 배출합니다.", "인근에 전용수거함이 없는 경우에는 지자체에 문의한 후 배출하여 주시기 바랍니다."]', 'high', 'https://www.xn--oy2b29bd3a601b.kr/front/dischargeMethod/dictionaryView.do?niIdx=676', '분리배출.kr (한국폐기물협회·환경부)', 'A', '· 착즙기는 전기전자제품 환경성보장제도 품목에 해당됩니다. * 환경성보장제도는 전기전자제품의 재활용을 촉진하기 위하여 유해물질의 사용을 억제하고 재활용이 쉽도록 제조하며 그 폐기물을 적정하게 재활용하도록 하여 자원을 효율적으로 이용하는 자원순환체계를 구축하여 환경보전과 국민 경제의 건전한 발전에 이바지함을 목적으로 하는 제도를 말합니다. ** 환경성보장제도 대상품목으로는 냉장고, 세탁기, 다...', '· 소형전기전자제품은 전용수거함으로 배출하거나 5개 이상 모아 폐가전제품 무상방문수거서비스를 이용하여 배출', '2026-05-18', 0, '["재활용폐기물", "전기전자 제품류"]');
INSERT INTO aliases (item_id, alias, alias_lower, source) VALUES ('착즙기', '과일즙기', '과일즙기', 'rule');
INSERT INTO aliases (item_id, alias, alias_lower, source) VALUES ('착즙기', '브레빌 착즙기', '브레빌 착즙기', 'rule');
INSERT INTO aliases (item_id, alias, alias_lower, source) VALUES ('착즙기', '야채즙기', '야채즙기', 'rule');
INSERT INTO aliases (item_id, alias, alias_lower, source) VALUES ('착즙기', '주스짜개', '주스짜개', 'rule');
INSERT INTO aliases (item_id, alias, alias_lower, source) VALUES ('착즙기', '쥬서기', '쥬서기', 'rule');
INSERT INTO aliases (item_id, alias, alias_lower, source) VALUES ('착즙기', '착즙머신', '착즙머신', 'rule');
INSERT INTO aliases (item_id, alias, alias_lower, source) VALUES ('착즙기', '착즙이', '착즙이', 'rule');
INSERT INTO aliases (item_id, alias, alias_lower, source) VALUES ('착즙기', '쿠빙스', '쿠빙스', 'rule');
INSERT OR REPLACE INTO items (id, name, category, note, steps, confidence, source_url, source_name, source_grade, feature, caution, last_verified, region_variation, official_classification) VALUES ('공학용 계산기', '공학용 계산기', 'electronics', '· 공학용 계산기, 전자사전 등 일부 소형가전제품은 환경성보장제도 대상품목에 해당되지 않습니다. · 환경성보장제도에 포함되지 않은 전기전자제품이어도 무상방문수거서비스를 이용할 때 함께 배출할 수 있으며, 가까운 소형전기전자제품 전용수거함으로 배출할 수도 있습니다. · 또한, 지자체에 따라 소형가전제품을 수거하는 경우도 있으니 확인하신 후 배출하시는 것이 좋', '["공학용 계산기는 가까운 소형전기전자제품 전용수거함으로 배출합니다.", "인근에 전용수거함이 없는 경우에는 지자체에 문의한 후 배출하여 주시기 바랍니다."]', 'high', 'https://www.xn--oy2b29bd3a601b.kr/front/dischargeMethod/dictionaryView.do?niIdx=677', '분리배출.kr (한국폐기물협회·환경부)', 'A', '· 공학용 계산기, 전자사전 등 일부 소형가전제품은 환경성보장제도 대상품목에 해당되지 않습니다. · 환경성보장제도에 포함되지 않은 전기전자제품이어도 무상방문수거서비스를 이용할 때 함께 배출할 수 있으며, 가까운 소형전기전자제품 전용수거함으로 배출할 수도 있습니다. · 또한, 지자체에 따라 소형가전제품을 수거하는 경우도 있으니 확인하신 후 배출하시는 것이 좋습니다.', '·내장된 전지가 분리가 가능한 경우에는 제거 후 배출', '2026-05-18', 0, '["재활용폐기물", "전기전자 제품류"]');
INSERT INTO aliases (item_id, alias, alias_lower, source) VALUES ('공학용 계산기', 'calculator', 'calculator', 'rule');
INSERT INTO aliases (item_id, alias, alias_lower, source) VALUES ('공학용 계산기', 'scientific calculator', 'scientific calculator', 'rule');
INSERT INTO aliases (item_id, alias, alias_lower, source) VALUES ('공학용 계산기', '고급 계산기', '고급 계산기', 'rule');
INSERT INTO aliases (item_id, alias, alias_lower, source) VALUES ('공학용 계산기', '공계', '공계', 'rule');
INSERT INTO aliases (item_id, alias, alias_lower, source) VALUES ('공학용 계산기', '공학 계산기', '공학 계산기', 'rule');
INSERT INTO aliases (item_id, alias, alias_lower, source) VALUES ('공학용 계산기', '공학용', '공학용', 'rule');
INSERT INTO aliases (item_id, alias, alias_lower, source) VALUES ('공학용 계산기', '공학용계산기', '공학용계산기', 'rule');
INSERT INTO aliases (item_id, alias, alias_lower, source) VALUES ('공학용 계산기', '사이언티픽 계산기', '사이언티픽 계산기', 'rule');
INSERT INTO aliases (item_id, alias, alias_lower, source) VALUES ('공학용 계산기', '샤프 계산기', '샤프 계산기', 'rule');
INSERT INTO aliases (item_id, alias, alias_lower, source) VALUES ('공학용 계산기', '엔지니어링 계산기', '엔지니어링 계산기', 'rule');
INSERT INTO aliases (item_id, alias, alias_lower, source) VALUES ('공학용 계산기', '카시오 계산기', '카시오 계산기', 'rule');
INSERT INTO aliases (item_id, alias, alias_lower, source) VALUES ('공학용 계산기', '함수 계산기', '함수 계산기', 'rule');
INSERT OR REPLACE INTO items (id, name, category, note, steps, confidence, source_url, source_name, source_grade, feature, caution, last_verified, region_variation, official_classification) VALUES ('케이블', '케이블', 'electronics', '· 케이블은 금속, 고무, 플라스틱이 혼합된 복합재질제품입니다. · 케이블 속에 있는 구리는 재활용이 가능하나 케이블의 고무 또는 플라스틱 재질의 피복이 재활용이 되지 않기 때문에 분리작업이 필요합니다. · 소형전기전자제품 재활용 사업장에서 분리작업을 하고 있기 때문에 소형전기전자제품 수거함에 배출하면 됩니다.', '["케이블은 소형전기전자제품 전용수거함으로 배출합니다.", "인근에 전용수거함이 없는 경우에는 지자체에 문의한 후 배출하여 주시기 바랍니다."]', 'high', 'https://www.xn--oy2b29bd3a601b.kr/front/dischargeMethod/dictionaryView.do?niIdx=678', '분리배출.kr (한국폐기물협회·환경부)', 'A', NULL, '· 고철로 배출 불가능', '2026-05-18', 0, NULL);
INSERT INTO aliases (item_id, alias, alias_lower, source) VALUES ('케이블', '데이터선', '데이터선', 'rule');
INSERT INTO aliases (item_id, alias, alias_lower, source) VALUES ('케이블', '연결선', '연결선', 'rule');
INSERT INTO aliases (item_id, alias, alias_lower, source) VALUES ('케이블', '연결줄', '연결줄', 'rule');
INSERT INTO aliases (item_id, alias, alias_lower, source) VALUES ('케이블', '와이어', '와이어', 'rule');
INSERT INTO aliases (item_id, alias, alias_lower, source) VALUES ('케이블', '전원선', '전원선', 'rule');
INSERT INTO aliases (item_id, alias, alias_lower, source) VALUES ('케이블', '충전선', '충전선', 'rule');
INSERT INTO aliases (item_id, alias, alias_lower, source) VALUES ('케이블', '코드', '코드', 'rule');
INSERT OR REPLACE INTO items (id, name, category, note, steps, confidence, source_url, source_name, source_grade, feature, caution, last_verified, region_variation, official_classification) VALUES ('PMP', 'PMP', 'electronics', '· PMP 등 일부 소형가전제품은 환경성보장제도 대상품목에 해당되지 않습니다. · 환경성보장제도에 포함되지 않은 전기전자제품이어도 무상방문수거서비스를 이용할 때 함께 배출할 수 있으며, 가까운 소형전기전자제품 전용수거함으로 배출할 수도 있습니다. · 또한, 지자체에 따라 소형가전제품을 수거하는 경우도 있으니 확인하신 후 배출하시는 것이 좋습니다. ※ 배출방', '["PMP는 소형전기전자제품 전용수거함으로 배출합니다.", "인근에 전용수거함이 없는 경우에는 지자체에 문의한 후 배출하여 주시기 바랍니다."]', 'high', 'https://www.xn--oy2b29bd3a601b.kr/front/dischargeMethod/dictionaryView.do?niIdx=679', '분리배출.kr (한국폐기물협회·환경부)', 'A', '· PMP 등 일부 소형가전제품은 환경성보장제도 대상품목에 해당되지 않습니다. · 환경성보장제도에 포함되지 않은 전기전자제품이어도 무상방문수거서비스를 이용할 때 함께 배출할 수 있으며, 가까운 소형전기전자제품 전용수거함으로 배출할 수도 있습니다. · 또한, 지자체에 따라 소형가전제품을 수거하는 경우도 있으니 확인하신 후 배출하시는 것이 좋습니다. ※ 배출방법은 지역별로 차이가 있을 수 있으니...', '', '2026-05-18', 0, '["재활용폐기물", "전기전자 제품류"]');
INSERT INTO aliases (item_id, alias, alias_lower, source) VALUES ('PMP', 'PMP 기기', 'pmp 기기', 'rule');
INSERT INTO aliases (item_id, alias, alias_lower, source) VALUES ('PMP', 'PMP 플레이어', 'pmp 플레이어', 'rule');
INSERT INTO aliases (item_id, alias, alias_lower, source) VALUES ('PMP', 'media player', 'media player', 'rule');
INSERT INTO aliases (item_id, alias, alias_lower, source) VALUES ('PMP', 'portable multimedia player', 'portable multimedia player', 'rule');
INSERT INTO aliases (item_id, alias, alias_lower, source) VALUES ('PMP', '개인용 멀티미디어 플레이어', '개인용 멀티미디어 플레이어', 'rule');
INSERT INTO aliases (item_id, alias, alias_lower, source) VALUES ('PMP', '동영상 플레이어', '동영상 플레이어', 'rule');
INSERT INTO aliases (item_id, alias, alias_lower, source) VALUES ('PMP', '멀티미디어 재생기', '멀티미디어 재생기', 'rule');
INSERT INTO aliases (item_id, alias, alias_lower, source) VALUES ('PMP', '영상 플레이어', '영상 플레이어', 'rule');
INSERT INTO aliases (item_id, alias, alias_lower, source) VALUES ('PMP', '음악 플레이어', '음악 플레이어', 'rule');
INSERT INTO aliases (item_id, alias, alias_lower, source) VALUES ('PMP', '포터블 미디어 플레이어', '포터블 미디어 플레이어', 'rule');
INSERT INTO aliases (item_id, alias, alias_lower, source) VALUES ('PMP', '피엠피', '피엠피', 'rule');
INSERT INTO aliases (item_id, alias, alias_lower, source) VALUES ('PMP', '휴대용 멀티미디어 플레이어', '휴대용 멀티미디어 플레이어', 'rule');
INSERT OR REPLACE INTO items (id, name, category, note, steps, confidence, source_url, source_name, source_grade, feature, caution, last_verified, region_variation, official_classification) VALUES ('이어폰', '이어폰', 'electronics', '· 이어폰 등 일부 소형가전제품은 환경성보장제도 대상품목에 해당되지 않습니다. · 환경성보장제도에 포함되지 않은 전기전자제품이어도 무상방문수거서비스를 이용할 때 함께 배출할 수 있으며, 가까운 소형전기전자제품 전용수거함으로 배출할 수도 있습니다. · 또한, 지자체에 따라 소형가전제품을 수거하는 경우도 있으니 확인하신 후 배출하시는 것이 좋습니다. ※ 배출방', '["이어폰은 소형전기전자제품 전용수거함으로 배출합니다.", "인근에 전용수거함이 없는 경우에는 지자체에 문의한 후 배출하여 주시기 바랍니다."]', 'high', 'https://www.xn--oy2b29bd3a601b.kr/front/dischargeMethod/dictionaryView.do?niIdx=680', '분리배출.kr (한국폐기물협회·환경부)', 'A', NULL, '', '2026-05-18', 0, NULL);
INSERT INTO aliases (item_id, alias, alias_lower, source) VALUES ('이어폰', 'earbuds', 'earbuds', 'rule');
INSERT INTO aliases (item_id, alias, alias_lower, source) VALUES ('이어폰', 'earphones', 'earphones', 'rule');
INSERT INTO aliases (item_id, alias, alias_lower, source) VALUES ('이어폰', '갤럭시 버즈', '갤럭시 버즈', 'rule');
INSERT INTO aliases (item_id, alias, alias_lower, source) VALUES ('이어폰', '귀꽂이', '귀꽂이', 'rule');
INSERT INTO aliases (item_id, alias, alias_lower, source) VALUES ('이어폰', '무선 이어폰', '무선 이어폰', 'rule');
INSERT INTO aliases (item_id, alias, alias_lower, source) VALUES ('이어폰', '블투 이어폰', '블투 이어폰', 'rule');
INSERT INTO aliases (item_id, alias, alias_lower, source) VALUES ('이어폰', '유선 이어폰', '유선 이어폰', 'rule');
INSERT INTO aliases (item_id, alias, alias_lower, source) VALUES ('이어폰', '인이어', '인이어', 'rule');
INSERT INTO aliases (item_id, alias, alias_lower, source) VALUES ('이어폰', '콩나물', '콩나물', 'rule');
INSERT OR REPLACE INTO items (id, name, category, note, steps, confidence, source_url, source_name, source_grade, feature, caution, last_verified, region_variation, official_classification) VALUES ('서랍장', '서랍장', 'furniture', '· 가정에서 배출하는 목재제품은 표면에 방부제, 페인트, 오일 등을 처리되어 있어 물질 재활용이 어려워 주로 소각하거나 고형연료제품으로 에너지 재활용하고 있습니다. · 상태가 좋아 다른 사람이 사용할 수 있는 폐가구는 재활용센터에 판매할 수 있으며, 업체에 따라 무상으로 수거하는 경우도 있습니다. 폐가구를 배출하시기 전 가까운 재활용센터에 문의하여 주시기', '["서랍장은 대형폐기물로 배출합니다."]', 'high', 'https://www.xn--oy2b29bd3a601b.kr/front/dischargeMethod/dictionaryView.do?niIdx=681', '분리배출.kr (한국폐기물협회·환경부)', 'A', '· 가정에서 배출하는 목재제품은 표면에 방부제, 페인트, 오일 등을 처리되어 있어 물질 재활용이 어려워 주로 소각하거나 고형연료제품으로 에너지 재활용하고 있습니다. · 상태가 좋아 다른 사람이 사용할 수 있는 폐가구는 재활용센터에 판매할 수 있으며, 업체에 따라 무상으로 수거하는 경우도 있습니다. 폐가구를 배출하시기 전 가까운 재활용센터에 문의하여 주시기 바랍니다.', '· 재사용 가능여부에 따라 재활용센터로 배출', '2026-05-18', 0, '["대형폐기물"]');
INSERT INTO aliases (item_id, alias, alias_lower, source) VALUES ('서랍장', '밥상', '밥상', 'rule');
INSERT INTO aliases (item_id, alias, alias_lower, source) VALUES ('서랍장', '서랍 책꽂이', '서랍 책꽂이', 'rule');
INSERT INTO aliases (item_id, alias, alias_lower, source) VALUES ('서랍장', '소파', '소파', 'rule');
INSERT INTO aliases (item_id, alias, alias_lower, source) VALUES ('서랍장', '수납장(목재재질)', '수납장(목재재질)', 'rule');
INSERT INTO aliases (item_id, alias, alias_lower, source) VALUES ('서랍장', '식탁', '식탁', 'rule');
INSERT INTO aliases (item_id, alias, alias_lower, source) VALUES ('서랍장', '좌식테이블', '좌식테이블', 'rule');
INSERT INTO aliases (item_id, alias, alias_lower, source) VALUES ('서랍장', '책꽂이', '책꽂이', 'rule');
INSERT INTO aliases (item_id, alias, alias_lower, source) VALUES ('서랍장', '책상 책꽂이', '책상 책꽂이', 'rule');
INSERT INTO aliases (item_id, alias, alias_lower, source) VALUES ('서랍장', '화장대', '화장대', 'rule');
INSERT OR REPLACE INTO items (id, name, category, note, steps, confidence, source_url, source_name, source_grade, feature, caution, last_verified, region_variation, official_classification) VALUES ('장식장', '장식장', 'furniture', '· 가정에서 배출하는 목재제품은 표면에 방부제, 페인트, 오일 등을 처리되어 있어 물질 재활용이 어려워 주로 소각하거나 고형연료제품으로 에너지 재활용하고 있습니다. · 상태가 좋아 다른 사람이 사용할 수 있는 폐가구는 재활용센터에 판매할 수 있으며, 업체에 따라 무상으로 수거하는 경우도 있습니다. 폐가구를 배출하시기 전 가까운 재활용센터에 문의하여 주시기', '["장식장은 대형폐기물로 배출합니다."]', 'high', 'https://www.xn--oy2b29bd3a601b.kr/front/dischargeMethod/dictionaryView.do?niIdx=682', '분리배출.kr (한국폐기물협회·환경부)', 'A', '· 가정에서 배출하는 목재제품은 표면에 방부제, 페인트, 오일 등을 처리되어 있어 물질 재활용이 어려워 주로 소각하거나 고형연료제품으로 에너지 재활용하고 있습니다. · 상태가 좋아 다른 사람이 사용할 수 있는 폐가구는 재활용센터에 판매할 수 있으며, 업체에 따라 무상으로 수거하는 경우도 있습니다. 폐가구를 배출하시기 전 가까운 재활용센터에 문의하여 주시기 바랍니다.', '· 재사용 가능여부에 따라 재활용센터로 배출', '2026-05-18', 0, '["대형폐기물"]');
INSERT INTO aliases (item_id, alias, alias_lower, source) VALUES ('장식장', '그릇장', '그릇장', 'rule');
INSERT INTO aliases (item_id, alias, alias_lower, source) VALUES ('장식장', '디스플레이장', '디스플레이장', 'rule');
INSERT INTO aliases (item_id, alias, alias_lower, source) VALUES ('장식장', '모던 장식장', '모던 장식장', 'rule');
INSERT INTO aliases (item_id, alias, alias_lower, source) VALUES ('장식장', '쇼케이스', '쇼케이스', 'rule');
INSERT INTO aliases (item_id, alias, alias_lower, source) VALUES ('장식장', '엔틱 장식장', '엔틱 장식장', 'rule');
INSERT INTO aliases (item_id, alias, alias_lower, source) VALUES ('장식장', '유리장', '유리장', 'rule');
INSERT INTO aliases (item_id, alias, alias_lower, source) VALUES ('장식장', '이케아 장식장', '이케아 장식장', 'rule');
INSERT INTO aliases (item_id, alias, alias_lower, source) VALUES ('장식장', '진열대', '진열대', 'rule');
INSERT INTO aliases (item_id, alias, alias_lower, source) VALUES ('장식장', '진열장', '진열장', 'rule');
INSERT INTO aliases (item_id, alias, alias_lower, source) VALUES ('장식장', '캐비닛', '캐비닛', 'rule');
INSERT OR REPLACE INTO items (id, name, category, note, steps, confidence, source_url, source_name, source_grade, feature, caution, last_verified, region_variation, official_classification) VALUES ('토퍼', '토퍼', 'furniture', '· 토퍼와 같은 침구류는 재활용이 어려워 대형폐기물로 수거한 후 소각됩니다.', '["토퍼는 대형폐기물로 배출합니다."]', 'high', 'https://www.xn--oy2b29bd3a601b.kr/front/dischargeMethod/dictionaryView.do?niIdx=684', '분리배출.kr (한국폐기물협회·환경부)', 'A', '· 토퍼와 같은 침구류는 재활용이 어려워 대형폐기물로 수거한 후 소각됩니다.', '· 토퍼는 부피, 크기가 커 배출하실 때에는 보행자에게 불편을 주지 않도록 주의하여 배출', '2026-05-18', 0, '["대형폐기물"]');
INSERT INTO aliases (item_id, alias, alias_lower, source) VALUES ('토퍼', 'bed topper', 'bed topper', 'rule');
INSERT INTO aliases (item_id, alias, alias_lower, source) VALUES ('토퍼', 'mattress pad', 'mattress pad', 'rule');
INSERT INTO aliases (item_id, alias, alias_lower, source) VALUES ('토퍼', '간이 매트리스', '간이 매트리스', 'rule');
INSERT INTO aliases (item_id, alias, alias_lower, source) VALUES ('토퍼', '라텍스 토퍼', '라텍스 토퍼', 'rule');
INSERT INTO aliases (item_id, alias, alias_lower, source) VALUES ('토퍼', '매트리스 토퍼', '매트리스 토퍼', 'rule');
INSERT INTO aliases (item_id, alias, alias_lower, source) VALUES ('토퍼', '매트리스 패드', '매트리스 패드', 'rule');
INSERT INTO aliases (item_id, alias, alias_lower, source) VALUES ('토퍼', '메모리폼 토퍼', '메모리폼 토퍼', 'rule');
INSERT INTO aliases (item_id, alias, alias_lower, source) VALUES ('토퍼', '숙면 패드', '숙면 패드', 'rule');
INSERT INTO aliases (item_id, alias, alias_lower, source) VALUES ('토퍼', '침대 토퍼', '침대 토퍼', 'rule');
INSERT INTO aliases (item_id, alias, alias_lower, source) VALUES ('토퍼', '침대 패드', '침대 패드', 'rule');
INSERT INTO aliases (item_id, alias, alias_lower, source) VALUES ('토퍼', '토퍼 매트', '토퍼 매트', 'rule');
INSERT INTO aliases (item_id, alias, alias_lower, source) VALUES ('토퍼', '푹신 패드', '푹신 패드', 'rule');
INSERT OR REPLACE INTO items (id, name, category, note, steps, confidence, source_url, source_name, source_grade, feature, caution, last_verified, region_variation, official_classification) VALUES ('폴딩카트', '폴딩카트', 'furniture', '· 폴딩카트는 주로 플라스틱(PP) 재질이며, 손잡이는 금속 재질, 바퀴는 우레탄 재질입니다. · 단일재질로 분리가 가능한 경우에는 각각 분리하여 플라스틱 또는 고철로 배출합니다. · 재질별로 분리하기 어려운 제품은 종량제봉투로 배출하거나 크기가 큰 제품인 경우 대형폐기물로 배출합니다. ※ 배출방법은 지역별로 차이가 있을 수 있으니, 해당 지방자치단체에서', '["폴딩카트는 분리한 후 재질에 맞게 플라스틱 수거함, 고철 수거함 등으로 배출합니다.", "재질별로 분리하기 어려운 경우에는 종량제봉투 또는 대형폐기물로 배출합니다."]', 'high', 'https://www.xn--oy2b29bd3a601b.kr/front/dischargeMethod/dictionaryView.do?niIdx=685', '분리배출.kr (한국폐기물협회·환경부)', 'A', '· 폴딩카트는 주로 플라스틱(PP) 재질이며, 손잡이는 금속 재질, 바퀴는 우레탄 재질입니다. · 단일재질로 분리가 가능한 경우에는 각각 분리하여 플라스틱 또는 고철로 배출합니다. · 재질별로 분리하기 어려운 제품은 종량제봉투로 배출하거나 크기가 큰 제품인 경우 대형폐기물로 배출합니다. ※ 배출방법은 지역별로 차이가 있을 수 있으니, 해당 지방자치단체에서 정하는 방법이 있는 경우에는 해당 방...', '', '2026-05-18', 0, '["재활용폐기물", "합성수지 용기류", "대형폐기물"]');
INSERT INTO aliases (item_id, alias, alias_lower, source) VALUES ('폴딩카트', 'cart', 'cart', 'rule');
INSERT INTO aliases (item_id, alias, alias_lower, source) VALUES ('폴딩카트', 'trolley', 'trolley', 'rule');
INSERT INTO aliases (item_id, alias, alias_lower, source) VALUES ('폴딩카트', '마트 카트', '마트 카트', 'rule');
INSERT INTO aliases (item_id, alias, alias_lower, source) VALUES ('폴딩카트', '이동식 카트', '이동식 카트', 'rule');
INSERT INTO aliases (item_id, alias, alias_lower, source) VALUES ('폴딩카트', '장바구니 카트', '장바구니 카트', 'rule');
INSERT INTO aliases (item_id, alias, alias_lower, source) VALUES ('폴딩카트', '접이 카트', '접이 카트', 'rule');
INSERT INTO aliases (item_id, alias, alias_lower, source) VALUES ('폴딩카트', '접이식 손수레', '접이식 손수레', 'rule');
INSERT INTO aliases (item_id, alias, alias_lower, source) VALUES ('폴딩카트', '접이식 카트', '접이식 카트', 'rule');
INSERT INTO aliases (item_id, alias, alias_lower, source) VALUES ('폴딩카트', '캠핑카트', '캠핑카트', 'rule');
INSERT INTO aliases (item_id, alias, alias_lower, source) VALUES ('폴딩카트', '폴딩 카트', '폴딩 카트', 'rule');
INSERT INTO aliases (item_id, alias, alias_lower, source) VALUES ('폴딩카트', '폴카', '폴카', 'rule');
INSERT INTO aliases (item_id, alias, alias_lower, source) VALUES ('폴딩카트', '휴대용 카트', '휴대용 카트', 'rule');
INSERT OR REPLACE INTO items (id, name, category, note, steps, confidence, source_url, source_name, source_grade, feature, caution, last_verified, region_variation, official_classification) VALUES ('플라스틱 수납장', '플라스틱 수납장', 'furniture', '·단일재질의 플라스틱 용기 또는 제품은 플라스틱수거함으로 배출하면 선별장으로 이송되어 재질별(PE, PP, PET, PS)로 선별하고 있습니다. 이후 선별된 제품은 재질별로 전문 재활용업체로 운반되어 재활용하고 있습니다. ·크기가 큰 플라스틱 제품은 수거한 후 재활용 선별장에서 선별하기가 곤란하여 소각하거나 전문 재활용업체로 위탁하여 처리하고 있습니다.', '["플라스틱 수납장은 대형폐기물로 배출합니다."]', 'high', 'https://www.xn--oy2b29bd3a601b.kr/front/dischargeMethod/dictionaryView.do?niIdx=686', '분리배출.kr (한국폐기물협회·환경부)', 'A', '·단일재질의 플라스틱 용기 또는 제품은 플라스틱수거함으로 배출하면 선별장으로 이송되어 재질별(PE, PP, PET, PS)로 선별하고 있습니다. 이후 선별된 제품은 재질별로 전문 재활용업체로 운반되어 재활용하고 있습니다. ·크기가 큰 플라스틱 제품은 수거한 후 재활용 선별장에서 선별하기가 곤란하여 소각하거나 전문 재활용업체로 위탁하여 처리하고 있습니다.', '· 크기가 큰 플라스틱 제품은 합성수지 재질이어도 대형폐기물로 배출', '2026-05-18', 0, '["재활용폐기물", "합성수지 용기류", "대형폐기물"]');
INSERT INTO aliases (item_id, alias, alias_lower, source) VALUES ('플라스틱 수납장', '플라스틱수납장', '플라스틱수납장', 'rule');
INSERT OR REPLACE INTO items (id, name, category, note, steps, confidence, source_url, source_name, source_grade, feature, caution, last_verified, region_variation, official_classification) VALUES ('의자', '의자', 'furniture', '· 가정에서 배출하는 목재제품은 표면에 방부제, 페인트, 오일 등을 처리되어 있어 물질 재활용이 어려워 주로 소각하거나 고형연료제품으로 에너지 재활용하고 있습니다. · 상태가 좋아 다른 사람이 사용할 수 있는 폐가구는 재활용센터에 판매할 수 있으며, 업체에 따라 무상으로 수거하는 경우도 있습니다. 폐가구를 배출하시기 전 가까운 재활용센터에 문의하여 주시기', '["의자는 대형폐기물로 배출합니다."]', 'high', 'https://www.xn--oy2b29bd3a601b.kr/front/dischargeMethod/dictionaryView.do?niIdx=687', '분리배출.kr (한국폐기물협회·환경부)', 'A', '· 가정에서 배출하는 목재제품은 표면에 방부제, 페인트, 오일 등을 처리되어 있어 물질 재활용이 어려워 주로 소각하거나 고형연료제품으로 에너지 재활용하고 있습니다. · 상태가 좋아 다른 사람이 사용할 수 있는 폐가구는 재활용센터에 판매할 수 있으며, 업체에 따라 무상으로 수거하는 경우도 있습니다. 폐가구를 배출하시기 전 가까운 재활용센터에 문의하여 주시기 바랍니다.', '· 대형폐기물 배출 시 보행자에게 불편을 주지 않도록 주의하여 배출 · 재사용 가능여부에 따라 재활용센터로 배출', '2026-05-18', 0, '["대형폐기물"]');
INSERT INTO aliases (item_id, alias, alias_lower, source) VALUES ('의자', '걸상', '걸상', 'rule');
INSERT INTO aliases (item_id, alias, alias_lower, source) VALUES ('의자', '게이밍 의자', '게이밍 의자', 'rule');
INSERT INTO aliases (item_id, alias, alias_lower, source) VALUES ('의자', '듀오백', '듀오백', 'rule');
INSERT INTO aliases (item_id, alias, alias_lower, source) VALUES ('의자', '리클라이너', '리클라이너', 'rule');
INSERT INTO aliases (item_id, alias, alias_lower, source) VALUES ('의자', '시디즈', '시디즈', 'rule');
INSERT INTO aliases (item_id, alias, alias_lower, source) VALUES ('의자', '좌석', '좌석', 'rule');
INSERT INTO aliases (item_id, alias, alias_lower, source) VALUES ('의자', '체어', '체어', 'rule');
INSERT INTO aliases (item_id, alias, alias_lower, source) VALUES ('의자', '컴퓨터 의자', '컴퓨터 의자', 'rule');
INSERT INTO aliases (item_id, alias, alias_lower, source) VALUES ('의자', '흔들의자', '흔들의자', 'rule');
INSERT OR REPLACE INTO items (id, name, category, note, steps, confidence, source_url, source_name, source_grade, feature, caution, last_verified, region_variation, official_classification) VALUES ('화장대', '화장대', 'furniture', '· 가정에서 배출하는 목재제품은 표면에 방부제, 페인트, 오일 등을 처리되어 있어 물질 재활용이 어려워 주로 소각하거나 고형연료제품으로 에너지 재활용하고 있습니다. · 상태가 좋아 다른 사람이 사용할 수 있는 폐가구는 재활용센터에 판매할 수 있으며, 업체에 따라 무상으로 수거하는 경우도 있습니다. 폐가구를 배출하시기 전 가까운 재활용센터에 문의하여 주시기', '["화장대는 대형폐기물로 배출합니다."]', 'high', 'https://www.xn--oy2b29bd3a601b.kr/front/dischargeMethod/dictionaryView.do?niIdx=689', '분리배출.kr (한국폐기물협회·환경부)', 'A', '· 가정에서 배출하는 목재제품은 표면에 방부제, 페인트, 오일 등을 처리되어 있어 물질 재활용이 어려워 주로 소각하거나 고형연료제품으로 에너지 재활용하고 있습니다. · 상태가 좋아 다른 사람이 사용할 수 있는 폐가구는 재활용센터에 판매할 수 있으며, 업체에 따라 무상으로 수거하는 경우도 있습니다. 폐가구를 배출하시기 전 가까운 재활용센터에 문의하여 주시기 바랍니다.', '· 대형폐기물 배출 시 보행자에게 불편을 주지 않도록 주의하여 배출 · 재사용 가능여부에 따라 재활용센터로 배출', '2026-05-18', 0, '["대형폐기물"]');
INSERT INTO aliases (item_id, alias, alias_lower, source) VALUES ('화장대', '공주화장대', '공주화장대', 'rule');
INSERT INTO aliases (item_id, alias, alias_lower, source) VALUES ('화장대', '드레싱테이블', '드레싱테이블', 'rule');
INSERT INTO aliases (item_id, alias, alias_lower, source) VALUES ('화장대', '메이크업테이블', '메이크업테이블', 'rule');
INSERT INTO aliases (item_id, alias, alias_lower, source) VALUES ('화장대', '미니화장대', '미니화장대', 'rule');
INSERT INTO aliases (item_id, alias, alias_lower, source) VALUES ('화장대', '미용대', '미용대', 'rule');
INSERT INTO aliases (item_id, alias, alias_lower, source) VALUES ('화장대', '베니티', '베니티', 'rule');
INSERT INTO aliases (item_id, alias, alias_lower, source) VALUES ('화장대', '분장대', '분장대', 'rule');
INSERT INTO aliases (item_id, alias, alias_lower, source) VALUES ('화장대', '수납화장대', '수납화장대', 'rule');
INSERT INTO aliases (item_id, alias, alias_lower, source) VALUES ('화장대', '좌식화장대', '좌식화장대', 'rule');
INSERT INTO aliases (item_id, alias, alias_lower, source) VALUES ('화장대', '콘솔화장대', '콘솔화장대', 'rule');
INSERT INTO aliases (item_id, alias, alias_lower, source) VALUES ('화장대', '화장경대', '화장경대', 'rule');
INSERT INTO aliases (item_id, alias, alias_lower, source) VALUES ('화장대', '화장테이블', '화장테이블', 'rule');
INSERT OR REPLACE INTO items (id, name, category, note, steps, confidence, source_url, source_name, source_grade, feature, caution, last_verified, region_variation, official_classification) VALUES ('에어풀장', '에어풀장', 'furniture', '· 에어풀장은 PVC(폴리염화비닐) 또는 TPU(열가소성폴리우레탄)재질로 구성하고 있습니다. · 가정에서 배출하는 PVC, TPU 재질은 주로 소량으로 배출되어 재활용하기에 어려움이 있습니다. · 폴리염화비닐(PVC)은 다른 합성수지와 혼합되어 재활용될 경우 재활용제품의 강도가 떨어지고 재활용과정에서 염화수소와 같은 유해화학물질이 발생하는 등 다양한 문제를', '["에어풀장은 내용물(공기)를 제거한 후 종량제봉투로 배출합니다.", "크기가 큰 에어풀장은 대형폐기물로 배출합니다."]', 'high', 'https://www.xn--oy2b29bd3a601b.kr/front/dischargeMethod/dictionaryView.do?niIdx=690', '분리배출.kr (한국폐기물협회·환경부)', 'A', '· 에어풀장은 PVC(폴리염화비닐) 또는 TPU(열가소성폴리우레탄)재질로 구성하고 있습니다. · 가정에서 배출하는 PVC, TPU 재질은 주로 소량으로 배출되어 재활용하기에 어려움이 있습니다. · 폴리염화비닐(PVC)은 다른 합성수지와 혼합되어 재활용될 경우 재활용제품의 강도가 떨어지고 재활용과정에서 염화수소와 같은 유해화학물질이 발생하는 등 다양한 문제를 일으키고 있어 재활용이 어렵습니다.', '· 공기를 제거하여 최대한 부피를 줄인 후 끈으로 묶은 후 배출', '2026-05-18', 0, '["일반폐기물", "일반종량제폐기물", "대형폐기물"]');
INSERT INTO aliases (item_id, alias, alias_lower, source) VALUES ('에어풀장', '가정용 풀장', '가정용 풀장', 'rule');
INSERT INTO aliases (item_id, alias, alias_lower, source) VALUES ('에어풀장', '간이 풀장', '간이 풀장', 'rule');
INSERT INTO aliases (item_id, alias, alias_lower, source) VALUES ('에어풀장', '공기 풀장', '공기 풀장', 'rule');
INSERT INTO aliases (item_id, alias, alias_lower, source) VALUES ('에어풀장', '물놀이 풀장', '물놀이 풀장', 'rule');
INSERT INTO aliases (item_id, alias, alias_lower, source) VALUES ('에어풀장', '베스트웨이 풀', '베스트웨이 풀', 'rule');
INSERT INTO aliases (item_id, alias, alias_lower, source) VALUES ('에어풀장', '아기 풀장', '아기 풀장', 'rule');
INSERT INTO aliases (item_id, alias, alias_lower, source) VALUES ('에어풀장', '에어 풀', '에어 풀', 'rule');
INSERT INTO aliases (item_id, alias, alias_lower, source) VALUES ('에어풀장', '유아 풀장', '유아 풀장', 'rule');
INSERT INTO aliases (item_id, alias, alias_lower, source) VALUES ('에어풀장', '이동식 풀장', '이동식 풀장', 'rule');
INSERT INTO aliases (item_id, alias, alias_lower, source) VALUES ('에어풀장', '인텍스 풀', '인텍스 풀', 'rule');
INSERT INTO aliases (item_id, alias, alias_lower, source) VALUES ('에어풀장', '인플레이터블 풀', '인플레이터블 풀', 'rule');
INSERT INTO aliases (item_id, alias, alias_lower, source) VALUES ('에어풀장', '튜브 풀장', '튜브 풀장', 'rule');
INSERT OR REPLACE INTO items (id, name, category, note, steps, confidence, source_url, source_name, source_grade, feature, caution, last_verified, region_variation, official_classification) VALUES ('행거', '행거', 'furniture', '· 행거는 주로 금속재질(스테인리스 재질)로 구성하고 있으며, 그 밖에 플라스틱, 목재재질이 있습니다. · 스테인리스 재질은 고철에 해당되어 재활용이 가능하나 행거의 경우 주로 크기가 커 대형폐기물로 배출해야 합니다. · 행거가 구성별로 분리가 가능한 경우에는 분리한 후 고철수거함으로 배출할 수 있습니다.', '["행거는 대형폐기물로 배출합니다."]', 'high', 'https://www.xn--oy2b29bd3a601b.kr/front/dischargeMethod/dictionaryView.do?niIdx=691', '분리배출.kr (한국폐기물협회·환경부)', 'A', NULL, '· 행거 재질을 확인한 후 배출', '2026-05-18', 0, NULL);
INSERT INTO aliases (item_id, alias, alias_lower, source) VALUES ('행거', '벽걸이 행거', '벽걸이 행거', 'rule');
INSERT INTO aliases (item_id, alias, alias_lower, source) VALUES ('행거', '스탠드 행거', '스탠드 행거', 'rule');
INSERT INTO aliases (item_id, alias, alias_lower, source) VALUES ('행거', '옷걸이대', '옷걸이대', 'rule');
INSERT INTO aliases (item_id, alias, alias_lower, source) VALUES ('행거', '옷수납대', '옷수납대', 'rule');
INSERT INTO aliases (item_id, alias, alias_lower, source) VALUES ('행거', '옷스탠드', '옷스탠드', 'rule');
INSERT INTO aliases (item_id, alias, alias_lower, source) VALUES ('행거', '의류걸이', '의류걸이', 'rule');
INSERT INTO aliases (item_id, alias, alias_lower, source) VALUES ('행거', '의류랙', '의류랙', 'rule');
INSERT INTO aliases (item_id, alias, alias_lower, source) VALUES ('행거', '이동식 행거', '이동식 행거', 'rule');
INSERT INTO aliases (item_id, alias, alias_lower, source) VALUES ('행거', '코트랙', '코트랙', 'rule');
INSERT INTO aliases (item_id, alias, alias_lower, source) VALUES ('행거', '행거대', '행거대', 'rule');
INSERT OR REPLACE INTO items (id, name, category, note, steps, confidence, source_url, source_name, source_grade, feature, caution, last_verified, region_variation, official_classification) VALUES ('테이블 프레임', '테이블 프레임', 'furniture', '·테이블의 받침부분인 프레임이 철제로 되어 있어 분리가 가능한 경우에는 고철수거함에 배출하고, 중량과 부피가 큰 제품인 경우 대형폐기물로 배출하여야 합니다.', '["테이블 프레임은 대형폐기물로 배출합니다."]', 'high', 'https://www.xn--oy2b29bd3a601b.kr/front/dischargeMethod/dictionaryView.do?niIdx=692', '분리배출.kr (한국폐기물협회·환경부)', 'A', '·테이블의 받침부분인 프레임이 철제로 되어 있어 분리가 가능한 경우에는 고철수거함에 배출하고, 중량과 부피가 큰 제품인 경우 대형폐기물로 배출하여야 합니다.', '·크키가 큰 제품은 재질에 상관없이 대형폐기물로 배출', '2026-05-18', 0, '["대형폐기물"]');
INSERT INTO aliases (item_id, alias, alias_lower, source) VALUES ('테이블 프레임', 'DIY 테이블 프레임', 'diy 테이블 프레임', 'rule');
INSERT INTO aliases (item_id, alias, alias_lower, source) VALUES ('테이블 프레임', 'desk frame', 'desk frame', 'rule');
INSERT INTO aliases (item_id, alias, alias_lower, source) VALUES ('테이블 프레임', 'table leg', 'table leg', 'rule');
INSERT INTO aliases (item_id, alias, alias_lower, source) VALUES ('테이블 프레임', 'table stand', 'table stand', 'rule');
INSERT INTO aliases (item_id, alias, alias_lower, source) VALUES ('테이블 프레임', '다릿발', '다릿발', 'rule');
INSERT INTO aliases (item_id, alias, alias_lower, source) VALUES ('테이블 프레임', '식탁 프레임', '식탁 프레임', 'rule');
INSERT INTO aliases (item_id, alias, alias_lower, source) VALUES ('테이블 프레임', '조립식 테이블 다리', '조립식 테이블 다리', 'rule');
INSERT INTO aliases (item_id, alias, alias_lower, source) VALUES ('테이블 프레임', '책상 프레임', '책상 프레임', 'rule');
INSERT INTO aliases (item_id, alias, alias_lower, source) VALUES ('테이블 프레임', '침대 프레임', '침대 프레임', 'rule');
INSERT INTO aliases (item_id, alias, alias_lower, source) VALUES ('테이블 프레임', '탁자 다리', '탁자 다리', 'rule');
INSERT INTO aliases (item_id, alias, alias_lower, source) VALUES ('테이블 프레임', '탁자 틀', '탁자 틀', 'rule');
INSERT INTO aliases (item_id, alias, alias_lower, source) VALUES ('테이블 프레임', '테이블 다리', '테이블 다리', 'rule');
INSERT INTO aliases (item_id, alias, alias_lower, source) VALUES ('테이블 프레임', '테이블 지지대', '테이블 지지대', 'rule');
INSERT INTO aliases (item_id, alias, alias_lower, source) VALUES ('테이블 프레임', '테이블프레임', '테이블프레임', 'rule');
INSERT OR REPLACE INTO items (id, name, category, note, steps, confidence, source_url, source_name, source_grade, feature, caution, last_verified, region_variation, official_classification) VALUES ('캐리어', '캐리어', 'furniture', '·가방은 가죽, 천, 금속 등이 혼합된 복합재질 제품으로 재활용이 어렵습니다. ·상태가 좋은 의류 및 섬유제품은 의류수거함으로 배출할 수 있으며, 의류수거함으로 배출한 품목은 전문 업체에서 품목별로 선별한 후 국내 또는 국외로 판매하여 재사용하고 있습니다. ·다만,캐리어는와 같이 크기가 크거나 훼손이 심하여 다른 사람이 재사용하기 어려운 제품은 종량제봉투', '["캐리어는 대형폐기물로 배출합니다."]', 'high', 'https://www.xn--oy2b29bd3a601b.kr/front/dischargeMethod/dictionaryView.do?niIdx=693', '분리배출.kr (한국폐기물협회·환경부)', 'A', '·가방은 가죽, 천, 금속 등이 혼합된 복합재질 제품으로 재활용이 어렵습니다. ·상태가 좋은 의류 및 섬유제품은 의류수거함으로 배출할 수 있으며, 의류수거함으로 배출한 품목은 전문 업체에서 품목별로 선별한 후 국내 또는 국외로 판매하여 재사용하고 있습니다. ·다만,캐리어는와 같이 크기가 크거나 훼손이 심하여 다른 사람이 재사용하기 어려운 제품은 종량제봉투 또는 대형폐기물로 배출하여야 합니다.', '· 의류수거함에 배출 불가', '2026-05-18', 0, '["대형폐기물"]');
INSERT INTO aliases (item_id, alias, alias_lower, source) VALUES ('캐리어', '끌차', '끌차', 'rule');
INSERT INTO aliases (item_id, alias, alias_lower, source) VALUES ('캐리어', '바퀴 수납함', '바퀴 수납함', 'rule');
INSERT INTO aliases (item_id, alias, alias_lower, source) VALUES ('캐리어', '바퀴통', '바퀴통', 'rule');
INSERT INTO aliases (item_id, alias, alias_lower, source) VALUES ('캐리어', '서빙 카트', '서빙 카트', 'rule');
INSERT INTO aliases (item_id, alias, alias_lower, source) VALUES ('캐리어', '운반용 서랍', '운반용 서랍', 'rule');
INSERT INTO aliases (item_id, alias, alias_lower, source) VALUES ('캐리어', '웨건', '웨건', 'rule');
INSERT INTO aliases (item_id, alias, alias_lower, source) VALUES ('캐리어', '이동 랙', '이동 랙', 'rule');
INSERT INTO aliases (item_id, alias, alias_lower, source) VALUES ('캐리어', '이동식 수납장', '이동식 수납장', 'rule');
INSERT INTO aliases (item_id, alias, alias_lower, source) VALUES ('캐리어', '이동식 진열대', '이동식 진열대', 'rule');
INSERT INTO aliases (item_id, alias, alias_lower, source) VALUES ('캐리어', '이케아 카트', '이케아 카트', 'rule');
INSERT INTO aliases (item_id, alias, alias_lower, source) VALUES ('캐리어', '카트', '카트', 'rule');
INSERT INTO aliases (item_id, alias, alias_lower, source) VALUES ('캐리어', '트롤리', '트롤리', 'rule');
INSERT OR REPLACE INTO items (id, name, category, note, steps, confidence, source_url, source_name, source_grade, feature, caution, last_verified, region_variation, official_classification) VALUES ('지팡이', '지팡이', 'furniture', '· 지팡이는 고철, 섬유, 고무 등이 혼합된 복합재질 제품으로 재활용이 어렵습니다. ※ 배출방법은 지역별로 차이가 있을 수 있으니, 해당 지방자치단체에서 정하는 방법이 있는 경우에는 해당 방법에 따라 배출하시기 바랍니다. 가까운 분리배출 장소를 확인해보세요. 현재 위치에 가까운 배출장소가 없습니다. 근처의 다른 지역을 검색해보세요. 현 위치 배출장소 전체보', '["지팡이는 대형폐기물로 배출합니다."]', 'high', 'https://www.xn--oy2b29bd3a601b.kr/front/dischargeMethod/dictionaryView.do?niIdx=694', '분리배출.kr (한국폐기물협회·환경부)', 'A', '· 지팡이는 고철, 섬유, 고무 등이 혼합된 복합재질 제품으로 재활용이 어렵습니다. ※ 배출방법은 지역별로 차이가 있을 수 있으니, 해당 지방자치단체에서 정하는 방법이 있는 경우에는 해당 방법에 따라 배출하시기 바랍니다. 가까운 분리배출 장소를 확인해보세요. 현재 위치에 가까운 배출장소가 없습니다. 근처의 다른 지역을 검색해보세요. 현 위치 배출장소 전체보기 현 지도에서 검색 장소 더보기 분...', '', '2026-05-18', 0, '["대형폐기물"]');
INSERT INTO aliases (item_id, alias, alias_lower, source) VALUES ('지팡이', '나무 지팡이', '나무 지팡이', 'rule');
INSERT INTO aliases (item_id, alias, alias_lower, source) VALUES ('지팡이', '어르신 지팡이', '어르신 지팡이', 'rule');
INSERT INTO aliases (item_id, alias, alias_lower, source) VALUES ('지팡이', '워킹스틱', '워킹스틱', 'rule');
INSERT INTO aliases (item_id, alias, alias_lower, source) VALUES ('지팡이', '접이식 지팡이', '접이식 지팡이', 'rule');
INSERT INTO aliases (item_id, alias, alias_lower, source) VALUES ('지팡이', '지팡이 막대', '지팡이 막대', 'rule');
INSERT INTO aliases (item_id, alias, alias_lower, source) VALUES ('지팡이', '케인', '케인', 'rule');
INSERT INTO aliases (item_id, alias, alias_lower, source) VALUES ('지팡이', '하이킹스틱', '하이킹스틱', 'rule');
INSERT INTO aliases (item_id, alias, alias_lower, source) VALUES ('지팡이', '할아버지 지팡이', '할아버지 지팡이', 'rule');
INSERT INTO aliases (item_id, alias, alias_lower, source) VALUES ('지팡이', '효도 지팡이', '효도 지팡이', 'rule');
INSERT OR REPLACE INTO items (id, name, category, note, steps, confidence, source_url, source_name, source_grade, feature, caution, last_verified, region_variation, official_classification) VALUES ('블라인드', '블라인드', 'furniture', '· 블라인드는 제품의 종류에 따라 플라스틱, 목재, 섬유, 고철 등 재질로 다양한 재질의 부속품이 포함되어 있습니다. · 블라인드는 대부분 크기가 커 대형폐기물로 배출합니다.', '["블라인드는 대형폐기물로 배출합니다."]', 'high', 'https://www.xn--oy2b29bd3a601b.kr/front/dischargeMethod/dictionaryView.do?niIdx=695', '분리배출.kr (한국폐기물협회·환경부)', 'A', '· 블라인드는 제품의 종류에 따라 플라스틱, 목재, 섬유, 고철 등 재질로 다양한 재질의 부속품이 포함되어 있습니다. · 블라인드는 대부분 크기가 커 대형폐기물로 배출합니다.', '· 크기가 크거나 길이가 긴 제품은 끈으로 묶은 후 배출', '2026-05-18', 0, '["대형폐기물"]');
INSERT INTO aliases (item_id, alias, alias_lower, source) VALUES ('블라인드', '롤스크린', '롤스크린', 'rule');
INSERT INTO aliases (item_id, alias, alias_lower, source) VALUES ('블라인드', '버티컬', '버티컬', 'rule');
INSERT INTO aliases (item_id, alias, alias_lower, source) VALUES ('블라인드', '블라인', '블라인', 'rule');
INSERT INTO aliases (item_id, alias, alias_lower, source) VALUES ('블라인드', '비닐장판', '비닐장판', 'rule');
INSERT INTO aliases (item_id, alias, alias_lower, source) VALUES ('블라인드', '암막블라인드', '암막블라인드', 'rule');
INSERT INTO aliases (item_id, alias, alias_lower, source) VALUES ('블라인드', '우드블라인드', '우드블라인드', 'rule');
INSERT INTO aliases (item_id, alias, alias_lower, source) VALUES ('블라인드', '창문가리개', '창문가리개', 'rule');
INSERT INTO aliases (item_id, alias, alias_lower, source) VALUES ('블라인드', '콤비블라인드', '콤비블라인드', 'rule');
INSERT INTO aliases (item_id, alias, alias_lower, source) VALUES ('블라인드', '햇빛가리개', '햇빛가리개', 'rule');
INSERT INTO aliases (item_id, alias, alias_lower, source) VALUES ('블라인드', '허니콤', '허니콤', 'rule');
INSERT OR REPLACE INTO items (id, name, category, note, steps, confidence, source_url, source_name, source_grade, feature, caution, last_verified, region_variation, official_classification) VALUES ('좌식테이블', '좌식테이블', 'furniture', '· 좌식테이블은 목재, 고철, 플라스틱 등 다양한 재질로 제작됩니다. · 가정에서 배출하는 목재제품은 표면에 방부제, 페인트, 오일 등을 처리하고 있어 물질 재활용이 어려워 주로 소각하거나 고형연료제품으로 에너지 재활용하고 있습니다. · 크기가 큰 제품은 대형폐기물로 배출해야 하며, 일부 대형폐기물 품목에 기재되지 않은 물품은 종류 및 규격을 감안하여 유사', '["좌식테이블은 대형폐기물로 배출합니다."]', 'high', 'https://www.xn--oy2b29bd3a601b.kr/front/dischargeMethod/dictionaryView.do?niIdx=696', '분리배출.kr (한국폐기물협회·환경부)', 'A', '· 좌식테이블은 목재, 고철, 플라스틱 등 다양한 재질로 제작됩니다. · 가정에서 배출하는 목재제품은 표면에 방부제, 페인트, 오일 등을 처리하고 있어 물질 재활용이 어려워 주로 소각하거나 고형연료제품으로 에너지 재활용하고 있습니다. · 크기가 큰 제품은 대형폐기물로 배출해야 하며, 일부 대형폐기물 품목에 기재되지 않은 물품은 종류 및 규격을 감안하여 유사한 품목 수수료에 준하여 책정하고 있...', '', '2026-05-18', 0, '["대형폐기물"]');
INSERT INTO aliases (item_id, alias, alias_lower, source) VALUES ('좌식테이블', '거실상', '거실상', 'rule');
INSERT INTO aliases (item_id, alias, alias_lower, source) VALUES ('좌식테이블', '다용도상', '다용도상', 'rule');
INSERT INTO aliases (item_id, alias, alias_lower, source) VALUES ('좌식테이블', '로우 테이블', '로우 테이블', 'rule');
INSERT INTO aliases (item_id, alias, alias_lower, source) VALUES ('좌식테이블', '작은상', '작은상', 'rule');
INSERT INTO aliases (item_id, alias, alias_lower, source) VALUES ('좌식테이블', '접이식상', '접이식상', 'rule');
INSERT INTO aliases (item_id, alias, alias_lower, source) VALUES ('좌식테이블', '좌식책상', '좌식책상', 'rule');
INSERT INTO aliases (item_id, alias, alias_lower, source) VALUES ('좌식테이블', '좌식탁자', '좌식탁자', 'rule');
INSERT INTO aliases (item_id, alias, alias_lower, source) VALUES ('좌식테이블', '플로어 테이블', '플로어 테이블', 'rule');
INSERT OR REPLACE INTO items (id, name, category, note, steps, confidence, source_url, source_name, source_grade, feature, caution, last_verified, region_variation, official_classification) VALUES ('스탭퍼', '스탭퍼', 'furniture', '·가정에서 사용하는 실내 운동기구는 고철, 고무, 플라스틱이 혼합된 복합재질 제품이며, 크기가 커 대형폐기물로 배출하여야 합니다. ·대형폐기물은 크기, 부피 등이 커 종량제봉투로 배출하기 어려운 폐기물을 말합니다. 대형폐기물로 배출된 폐기물은 가연성, 목재제품, 플라스틱, 전자제품 등으로 선별한 후 처리업체로 이송됩니다. 이 중 전기전자제품은 전자제품 재활', '["스탭퍼는 대형폐기물로 배출합니다."]', 'high', 'https://www.xn--oy2b29bd3a601b.kr/front/dischargeMethod/dictionaryView.do?niIdx=697', '분리배출.kr (한국폐기물협회·환경부)', 'A', '·가정에서 사용하는 실내 운동기구는 고철, 고무, 플라스틱이 혼합된 복합재질 제품이며, 크기가 커 대형폐기물로 배출하여야 합니다. ·대형폐기물은 크기, 부피 등이 커 종량제봉투로 배출하기 어려운 폐기물을 말합니다. 대형폐기물로 배출된 폐기물은 가연성, 목재제품, 플라스틱, 전자제품 등으로 선별한 후 처리업체로 이송됩니다. 이 중 전기전자제품은 전자제품 재활용업체로 이송되어 재활용하고 있습니다...', '', '2026-05-18', 0, '["대형폐기물"]');
INSERT INTO aliases (item_id, alias, alias_lower, source) VALUES ('스탭퍼', 'mini stepper', 'mini stepper', 'rule');
INSERT INTO aliases (item_id, alias, alias_lower, source) VALUES ('스탭퍼', 'stair climber', 'stair climber', 'rule');
INSERT INTO aliases (item_id, alias, alias_lower, source) VALUES ('스탭퍼', 'step machine', 'step machine', 'rule');
INSERT INTO aliases (item_id, alias, alias_lower, source) VALUES ('스탭퍼', 'stepper', 'stepper', 'rule');
INSERT INTO aliases (item_id, alias, alias_lower, source) VALUES ('스탭퍼', '계단밟기기구', '계단밟기기구', 'rule');
INSERT INTO aliases (item_id, alias, alias_lower, source) VALUES ('스탭퍼', '계단운동기', '계단운동기', 'rule');
INSERT INTO aliases (item_id, alias, alias_lower, source) VALUES ('스탭퍼', '발판운동기', '발판운동기', 'rule');
INSERT INTO aliases (item_id, alias, alias_lower, source) VALUES ('스탭퍼', '스텝운동기', '스텝운동기', 'rule');
INSERT INTO aliases (item_id, alias, alias_lower, source) VALUES ('스탭퍼', '스텝퍼기', '스텝퍼기', 'rule');
INSERT INTO aliases (item_id, alias, alias_lower, source) VALUES ('스탭퍼', '유산소스텝퍼', '유산소스텝퍼', 'rule');
INSERT INTO aliases (item_id, alias, alias_lower, source) VALUES ('스탭퍼', '트위스트스텝퍼', '트위스트스텝퍼', 'rule');
INSERT INTO aliases (item_id, alias, alias_lower, source) VALUES ('스탭퍼', '홈트스텝퍼', '홈트스텝퍼', 'rule');
INSERT OR REPLACE INTO items (id, name, category, note, steps, confidence, source_url, source_name, source_grade, feature, caution, last_verified, region_variation, official_classification) VALUES ('철봉 운동기구', '철봉 운동기구', 'furniture', '·가정에서 사용하는 실내 운동기구는 고철, 고무, 플라스틱이 혼합된 복합재질 제품이며, 크기가 커 대형폐기물로 배출하여야 합니다. ·대형폐기물은 크기, 부피 등이 커 종량제봉투로 배출하기 어려운 폐기물을 말합니다. 대형폐기물로 배출된 폐기물은 가연성, 목재제품, 플라스틱, 전자제품 등으로 선별한 후 처리업체로 이송됩니다.이 중 전기전자제품은 전자제품 재활용', '["철봉 운동기구는 대형폐기물로 배출합니다."]', 'high', 'https://www.xn--oy2b29bd3a601b.kr/front/dischargeMethod/dictionaryView.do?niIdx=698', '분리배출.kr (한국폐기물협회·환경부)', 'A', '·가정에서 사용하는 실내 운동기구는 고철, 고무, 플라스틱이 혼합된 복합재질 제품이며, 크기가 커 대형폐기물로 배출하여야 합니다. ·대형폐기물은 크기, 부피 등이 커 종량제봉투로 배출하기 어려운 폐기물을 말합니다. 대형폐기물로 배출된 폐기물은 가연성, 목재제품, 플라스틱, 전자제품 등으로 선별한 후 처리업체로 이송됩니다.이 중 전기전자제품은 전자제품 재활용업체로 이송되어 재활용하고 있습니다....', '', '2026-05-18', 0, '["대형폐기물"]');
INSERT INTO aliases (item_id, alias, alias_lower, source) VALUES ('철봉 운동기구', '가정용철봉', '가정용철봉', 'rule');
INSERT INTO aliases (item_id, alias, alias_lower, source) VALUES ('철봉 운동기구', '대형폐기물', '대형폐기물', 'rule');
INSERT INTO aliases (item_id, alias, alias_lower, source) VALUES ('철봉 운동기구', '딥스바', '딥스바', 'rule');
INSERT INTO aliases (item_id, alias, alias_lower, source) VALUES ('철봉 운동기구', '멀티철봉', '멀티철봉', 'rule');
INSERT INTO aliases (item_id, alias, alias_lower, source) VALUES ('철봉 운동기구', '문틀철봉', '문틀철봉', 'rule');
INSERT INTO aliases (item_id, alias, alias_lower, source) VALUES ('철봉 운동기구', '스탠드철봉', '스탠드철봉', 'rule');
INSERT INTO aliases (item_id, alias, alias_lower, source) VALUES ('철봉 운동기구', '스탭퍼', '스탭퍼', 'rule');
INSERT INTO aliases (item_id, alias, alias_lower, source) VALUES ('철봉 운동기구', '실내자전거', '실내자전거', 'rule');
INSERT INTO aliases (item_id, alias, alias_lower, source) VALUES ('철봉 운동기구', '운동철봉', '운동철봉', 'rule');
INSERT INTO aliases (item_id, alias, alias_lower, source) VALUES ('철봉 운동기구', '철봉운동기구', '철봉운동기구', 'rule');
INSERT INTO aliases (item_id, alias, alias_lower, source) VALUES ('철봉 운동기구', '철봉이', '철봉이', 'rule');
INSERT INTO aliases (item_id, alias, alias_lower, source) VALUES ('철봉 운동기구', '치닝디핑', '치닝디핑', 'rule');
INSERT INTO aliases (item_id, alias, alias_lower, source) VALUES ('철봉 운동기구', '커튼봉', '커튼봉', 'rule');
INSERT INTO aliases (item_id, alias, alias_lower, source) VALUES ('철봉 운동기구', '턱걸이기구', '턱걸이기구', 'rule');
INSERT INTO aliases (item_id, alias, alias_lower, source) VALUES ('철봉 운동기구', '파워타워', '파워타워', 'rule');
INSERT INTO aliases (item_id, alias, alias_lower, source) VALUES ('철봉 운동기구', '풀업바', '풀업바', 'rule');
INSERT INTO aliases (item_id, alias, alias_lower, source) VALUES ('철봉 운동기구', '홈짐', '홈짐', 'rule');
INSERT OR REPLACE INTO items (id, name, category, note, steps, confidence, source_url, source_name, source_grade, feature, caution, last_verified, region_variation, official_classification) VALUES ('가스오븐레인지', '가스오븐레인지', 'furniture', '· 가스오븐레인지는 가스를 이용한 취사도구로 대형폐기물로 배출합니다.', '["가스오븐레인지는 대형폐기물로 배출합니다."]', 'high', 'https://www.xn--oy2b29bd3a601b.kr/front/dischargeMethod/dictionaryView.do?niIdx=699', '분리배출.kr (한국폐기물협회·환경부)', 'A', '· 가스오븐레인지는 가스를 이용한 취사도구로 대형폐기물로 배출합니다.', '· 무상방문수거서비스를 통한 배출 불가', '2026-05-18', 0, '["대형폐기물"]');
INSERT INTO aliases (item_id, alias, alias_lower, source) VALUES ('가스오븐레인지', '가스압력밥솥', '가스압력밥솥', 'rule');
INSERT INTO aliases (item_id, alias, alias_lower, source) VALUES ('가스오븐레인지', '안마의자', '안마의자', 'rule');
INSERT OR REPLACE INTO items (id, name, category, note, steps, confidence, source_url, source_name, source_grade, feature, caution, last_verified, region_variation, official_classification) VALUES ('전자피아노', '전자피아노', 'furniture', '· 전자피아노는 크기가 커 대형폐기물로 배출합니다.', '["전자피아노는 대형폐기물로 배출합니다."]', 'high', 'https://www.xn--oy2b29bd3a601b.kr/front/dischargeMethod/dictionaryView.do?niIdx=700', '분리배출.kr (한국폐기물협회·환경부)', 'A', '· 전자피아노는 크기가 커 대형폐기물로 배출합니다.', '· 무상방문수거서비스를 통한 배출 불가', '2026-05-18', 0, '["대형폐기물"]');
INSERT INTO aliases (item_id, alias, alias_lower, source) VALUES ('전자피아노', 'electronic piano', 'electronic piano', 'rule');
INSERT INTO aliases (item_id, alias, alias_lower, source) VALUES ('전자피아노', '건반 악기', '건반 악기', 'rule');
INSERT INTO aliases (item_id, alias, alias_lower, source) VALUES ('전자피아노', '디지털 피아노', '디지털 피아노', 'rule');
INSERT INTO aliases (item_id, alias, alias_lower, source) VALUES ('전자피아노', '디피', '디피', 'rule');
INSERT INTO aliases (item_id, alias, alias_lower, source) VALUES ('전자피아노', '롤랜드 피아노', '롤랜드 피아노', 'rule');
INSERT INTO aliases (item_id, alias, alias_lower, source) VALUES ('전자피아노', '스테이지 피아노', '스테이지 피아노', 'rule');
INSERT INTO aliases (item_id, alias, alias_lower, source) VALUES ('전자피아노', '우쿨렐레', '우쿨렐레', 'rule');
INSERT INTO aliases (item_id, alias, alias_lower, source) VALUES ('전자피아노', '전기 피아노', '전기 피아노', 'rule');
INSERT INTO aliases (item_id, alias, alias_lower, source) VALUES ('전자피아노', '전자건반', '전자건반', 'rule');
INSERT INTO aliases (item_id, alias, alias_lower, source) VALUES ('전자피아노', '전피', '전피', 'rule');
INSERT OR REPLACE INTO items (id, name, category, note, steps, confidence, source_url, source_name, source_grade, feature, caution, last_verified, region_variation, official_classification) VALUES ('디지털 체중계', '디지털 체중계', 'furniture', '· 체중계는 플라스틱, 금속, 유리 등이 혼합된 복합재질 제품으로 재활용이 어려우며, 해당 제품은 대형폐기물로 배출합니다. · 전자식 체중계(디지털, 스마트)는 환경성보장제도 대상품목에 해당되지 않습니다. · 환경성보장제도에 포함되지 않은 전기전자제품은 가까운 소형가전제품 수거함으로 배출하여 주시거나 별도 수거함이 마련되지 않은 경우에는 대형폐기물로 배출하', '["디지털 체중계는 소형전기전자제품 전용수거함으로 배출합니다.", "디지털 체중계는 대형폐기물로 배출합니다."]', 'high', 'https://www.xn--oy2b29bd3a601b.kr/front/dischargeMethod/dictionaryView.do?niIdx=701', '분리배출.kr (한국폐기물협회·환경부)', 'A', '· 체중계는 플라스틱, 금속, 유리 등이 혼합된 복합재질 제품으로 재활용이 어려우며, 해당 제품은 대형폐기물로 배출합니다. · 전자식 체중계(디지털, 스마트)는 환경성보장제도 대상품목에 해당되지 않습니다. · 환경성보장제도에 포함되지 않은 전기전자제품은 가까운 소형가전제품 수거함으로 배출하여 주시거나 별도 수거함이 마련되지 않은 경우에는 대형폐기물로 배출하여 주시기 바랍니다. · 또한, 지자...', '', '2026-05-18', 0, '["재활용폐기물", "전기전자 제품류", "대형폐기물"]');
INSERT INTO aliases (item_id, alias, alias_lower, source) VALUES ('디지털 체중계', '디지털 스케일', '디지털 스케일', 'rule');
INSERT INTO aliases (item_id, alias, alias_lower, source) VALUES ('디지털 체중계', '디지털저울', '디지털저울', 'rule');
INSERT INTO aliases (item_id, alias, alias_lower, source) VALUES ('디지털 체중계', '디지털체중계', '디지털체중계', 'rule');
INSERT INTO aliases (item_id, alias, alias_lower, source) VALUES ('디지털 체중계', '몸무게 재는 기계', '몸무게 재는 기계', 'rule');
INSERT INTO aliases (item_id, alias, alias_lower, source) VALUES ('디지털 체중계', '몸무게계', '몸무게계', 'rule');
INSERT INTO aliases (item_id, alias, alias_lower, source) VALUES ('디지털 체중계', '바디 스케일', '바디 스케일', 'rule');
INSERT INTO aliases (item_id, alias, alias_lower, source) VALUES ('디지털 체중계', '블루투스 체중계', '블루투스 체중계', 'rule');
INSERT INTO aliases (item_id, alias, alias_lower, source) VALUES ('디지털 체중계', '스케일', '스케일', 'rule');
INSERT INTO aliases (item_id, alias, alias_lower, source) VALUES ('디지털 체중계', '전자저울', '전자저울', 'rule');
INSERT INTO aliases (item_id, alias, alias_lower, source) VALUES ('디지털 체중계', '전자피아노', '전자피아노', 'rule');
INSERT INTO aliases (item_id, alias, alias_lower, source) VALUES ('디지털 체중계', '체중계', '체중계', 'rule');
INSERT INTO aliases (item_id, alias, alias_lower, source) VALUES ('디지털 체중계', '체중측정기', '체중측정기', 'rule');
INSERT OR REPLACE INTO items (id, name, category, note, steps, confidence, source_url, source_name, source_grade, feature, caution, last_verified, region_variation, official_classification) VALUES ('세면대', '세면대', 'general', '· 변기, 세면대 등은 대부분 세라믹 재질로 불연성폐기물이나 대부분 크기가 커 대형폐기물로 배출합니다. · 인테리어 공사 등에서 발생한 폐기물은 불연성 마대 또는 대형폐기물로 배출할 수 있으며, 다량으로 배출될 시 지자체에 문의하여 공사장생활폐기물 전문 수거업체에 연락하여 처리할 수 있습니다 ※ 배출방법은 지역별로 차이가 있을 수 있으니, 해당 지방자치단체', '["세면대는 대형폐기물로 배출합니다."]', 'high', 'https://www.xn--oy2b29bd3a601b.kr/front/dischargeMethod/dictionaryView.do?niIdx=702', '분리배출.kr (한국폐기물협회·환경부)', 'A', '· 변기, 세면대 등은 대부분 세라믹 재질로 불연성폐기물이나 대부분 크기가 커 대형폐기물로 배출합니다. · 인테리어 공사 등에서 발생한 폐기물은 불연성 마대 또는 대형폐기물로 배출할 수 있으며, 다량으로 배출될 시 지자체에 문의하여 공사장생활폐기물 전문 수거업체에 연락하여 처리할 수 있습니다 ※ 배출방법은 지역별로 차이가 있을 수 있으니, 해당 지방자치단체에서 정하는 방법이 있는 경우에는 해...', '', '2026-05-18', 0, '["대형폐기물", "공사장 생활폐기물"]');
INSERT INTO aliases (item_id, alias, alias_lower, source) VALUES ('세면대', '도기 세면대', '도기 세면대', 'rule');
INSERT INTO aliases (item_id, alias, alias_lower, source) VALUES ('세면대', '라바토리', '라바토리', 'rule');
INSERT INTO aliases (item_id, alias, alias_lower, source) VALUES ('세면대', '세면기', '세면기', 'rule');
INSERT INTO aliases (item_id, alias, alias_lower, source) VALUES ('세면대', '세면볼', '세면볼', 'rule');
INSERT INTO aliases (item_id, alias, alias_lower, source) VALUES ('세면대', '세수대', '세수대', 'rule');
INSERT INTO aliases (item_id, alias, alias_lower, source) VALUES ('세면대', '세수하는 곳', '세수하는 곳', 'rule');
INSERT INTO aliases (item_id, alias, alias_lower, source) VALUES ('세면대', '세수하는 데', '세수하는 데', 'rule');
INSERT INTO aliases (item_id, alias, alias_lower, source) VALUES ('세면대', '손 씻는 곳', '손 씻는 곳', 'rule');
INSERT INTO aliases (item_id, alias, alias_lower, source) VALUES ('세면대', '손 씻는 데', '손 씻는 데', 'rule');
INSERT INTO aliases (item_id, alias, alias_lower, source) VALUES ('세면대', '싱크', '싱크', 'rule');
INSERT INTO aliases (item_id, alias, alias_lower, source) VALUES ('세면대', '욕실 세면대', '욕실 세면대', 'rule');
INSERT INTO aliases (item_id, alias, alias_lower, source) VALUES ('세면대', '화장실 세면대', '화장실 세면대', 'rule');
INSERT OR REPLACE INTO items (id, name, category, note, steps, confidence, source_url, source_name, source_grade, feature, caution, last_verified, region_variation, official_classification) VALUES ('안약', '안약', 'medicine', '· 안약은 가까운 약국이나 보건소, 주민센터 등에 비치된 폐의약품전용수거함으로 배출합니다. · 의약품의 경우(물약, 안약 제외) 일부 지자체에 한하여 우정산업본부와 사전협의를 통해 우체통으로 배출하는 경우도 있습니다.', '["안약은 폐의약품수거함으로 배출합니다."]', 'high', 'https://www.xn--oy2b29bd3a601b.kr/front/dischargeMethod/dictionaryView.do?niIdx=703', '분리배출.kr (한국폐기물협회·환경부)', 'A', '· 안약은 가까운 약국이나 보건소, 주민센터 등에 비치된 폐의약품전용수거함으로 배출합니다. · 의약품의 경우(물약, 안약 제외) 일부 지자체에 한하여 우정산업본부와 사전협의를 통해 우체통으로 배출하는 경우도 있습니다.', '·제품 포장재 의약품/의약외품 확인 후 배출 ·종이 포장박스는 분리하고 뚜껑은 닫아서 배출', '2026-05-18', 0, '["생활계 유해폐기물", "폐의약품"]');
INSERT INTO aliases (item_id, alias, alias_lower, source) VALUES ('안약', '건조증 안약', '건조증 안약', 'rule');
INSERT INTO aliases (item_id, alias, alias_lower, source) VALUES ('안약', '눈물', '눈물', 'rule');
INSERT INTO aliases (item_id, alias, alias_lower, source) VALUES ('안약', '눈물약', '눈물약', 'rule');
INSERT INTO aliases (item_id, alias, alias_lower, source) VALUES ('안약', '눈약', '눈약', 'rule');
INSERT INTO aliases (item_id, alias, alias_lower, source) VALUES ('안약', '눈에 넣는 약', '눈에 넣는 약', 'rule');
INSERT INTO aliases (item_id, alias, alias_lower, source) VALUES ('안약', '아이드롭', '아이드롭', 'rule');
INSERT INTO aliases (item_id, alias, alias_lower, source) VALUES ('안약', '아이드롭스', '아이드롭스', 'rule');
INSERT INTO aliases (item_id, alias, alias_lower, source) VALUES ('안약', '안과약', '안과약', 'rule');
INSERT INTO aliases (item_id, alias, alias_lower, source) VALUES ('안약', '알레르기 안약', '알레르기 안약', 'rule');
INSERT INTO aliases (item_id, alias, alias_lower, source) VALUES ('안약', '인공눈물', '인공눈물', 'rule');
INSERT INTO aliases (item_id, alias, alias_lower, source) VALUES ('안약', '점안액', '점안액', 'rule');
INSERT INTO aliases (item_id, alias, alias_lower, source) VALUES ('안약', '히아루론산 점안액', '히아루론산 점안액', 'rule');
INSERT OR REPLACE INTO items (id, name, category, note, steps, confidence, source_url, source_name, source_grade, feature, caution, last_verified, region_variation, official_classification) VALUES ('살충제', '살충제', 'hazardous', '· 폐농약은 농작을 해치는 균, 곤충, 잡초 등을 제거하기 위해 사용하는 약품으로 살균제, 살충제, 제초제 등이 있습니다. · 폐농약은 제품에 포함된 유해물질로 인하여 폐기물관리법 시행규칙 및 환경부 고시로 정하고 있는 생활계유해폐기물에 해당됩니다. * 생활계유해폐기물이란 폐농약, 폐의약품 등 인간의 건광과 주변환경에 피해를 유발할 수 있는 폐기물을 말합니', '["살충제는 전용수거함으로 배출합니다."]', 'high', 'https://www.xn--oy2b29bd3a601b.kr/front/dischargeMethod/dictionaryView.do?niIdx=704', '분리배출.kr (한국폐기물협회·환경부)', 'A', '· 폐농약은 농작을 해치는 균, 곤충, 잡초 등을 제거하기 위해 사용하는 약품으로 살균제, 살충제, 제초제 등이 있습니다. · 폐농약은 제품에 포함된 유해물질로 인하여 폐기물관리법 시행규칙 및 환경부 고시로 정하고 있는 생활계유해폐기물에 해당됩니다. * 생활계유해폐기물이란 폐농약, 폐의약품 등 인간의 건광과 주변환경에 피해를 유발할 수 있는 폐기물을 말합니다. · 폐농약은 잔류농약이 담긴 용...', '·내용물이 남아있는 경우 외부로 유출되지 않도록 완전히 밀봉한 후 배출', '2026-05-18', 0, '["생활계 유해폐기물", "폐농약"]');
INSERT INTO aliases (item_id, alias, alias_lower, source) VALUES ('살충제', '가축 살충제', '가축 살충제', 'rule');
INSERT INTO aliases (item_id, alias, alias_lower, source) VALUES ('살충제', '개미약', '개미약', 'rule');
INSERT INTO aliases (item_id, alias, alias_lower, source) VALUES ('살충제', '농약 살충제', '농약 살충제', 'rule');
INSERT INTO aliases (item_id, alias, alias_lower, source) VALUES ('살충제', '모기약', '모기약', 'rule');
INSERT INTO aliases (item_id, alias, alias_lower, source) VALUES ('살충제', '바퀴벌레약', '바퀴벌레약', 'rule');
INSERT INTO aliases (item_id, alias, alias_lower, source) VALUES ('살충제', '벌레 잡는 약', '벌레 잡는 약', 'rule');
INSERT INTO aliases (item_id, alias, alias_lower, source) VALUES ('살충제', '벌레약', '벌레약', 'rule');
INSERT INTO aliases (item_id, alias, alias_lower, source) VALUES ('살충제', '벌레퇴치약', '벌레퇴치약', 'rule');
INSERT INTO aliases (item_id, alias, alias_lower, source) VALUES ('살충제', '살충제', '살충제', 'rule');
INSERT INTO aliases (item_id, alias, alias_lower, source) VALUES ('살충제', '에프킬라', '에프킬라', 'rule');
INSERT INTO aliases (item_id, alias, alias_lower, source) VALUES ('살충제', '잡스', '잡스', 'rule');
INSERT INTO aliases (item_id, alias, alias_lower, source) VALUES ('살충제', '정원 살충제', '정원 살충제', 'rule');
INSERT INTO aliases (item_id, alias, alias_lower, source) VALUES ('살충제', '제초제', '제초제', 'rule');
INSERT INTO aliases (item_id, alias, alias_lower, source) VALUES ('살충제', '쥐약', '쥐약', 'rule');
INSERT INTO aliases (item_id, alias, alias_lower, source) VALUES ('살충제', '진드기약', '진드기약', 'rule');
INSERT INTO aliases (item_id, alias, alias_lower, source) VALUES ('살충제', '컴배트', '컴배트', 'rule');
INSERT INTO aliases (item_id, alias, alias_lower, source) VALUES ('살충제', '해충약', '해충약', 'rule');
INSERT INTO aliases (item_id, alias, alias_lower, source) VALUES ('살충제', '해충퇴치제', '해충퇴치제', 'rule');
INSERT INTO aliases (item_id, alias, alias_lower, source) VALUES ('살충제', '흰개미약', '흰개미약', 'rule');
INSERT OR REPLACE INTO items (id, name, category, note, steps, confidence, source_url, source_name, source_grade, feature, caution, last_verified, region_variation, official_classification) VALUES ('살균제', '살균제', 'hazardous', '· 폐농약은 농작을 해치는 균, 곤충, 잡초 등을 제거하기 위해 사용하는 약품으로 살균제, 살충제, 제초제 등이 있습니다. · 폐농약은 제품에 포함된 유해물질로 인하여 폐기물관리법 시행규칙 및 환경부 고시로 정하고 있는 생활계유해폐기물에 해당됩니다. * 생활계유해폐기물이란 폐농약, 폐의약품 등 인간의 건광과 주변환경에 피해를 유발할 수 있는 폐기물을 말합니', '["살균제는 전용수거함으로 배출합니다."]', 'high', 'https://www.xn--oy2b29bd3a601b.kr/front/dischargeMethod/dictionaryView.do?niIdx=706', '분리배출.kr (한국폐기물협회·환경부)', 'A', '· 폐농약은 농작을 해치는 균, 곤충, 잡초 등을 제거하기 위해 사용하는 약품으로 살균제, 살충제, 제초제 등이 있습니다. · 폐농약은 제품에 포함된 유해물질로 인하여 폐기물관리법 시행규칙 및 환경부 고시로 정하고 있는 생활계유해폐기물에 해당됩니다. * 생활계유해폐기물이란 폐농약, 폐의약품 등 인간의 건광과 주변환경에 피해를 유발할 수 있는 폐기물을 말합니다. · 폐농약은 잔류농약이 담긴 용...', '·내용물이 남아있는 경우 외부로 유출되지 않도록 완전히 밀봉한 후 배출', '2026-05-18', 0, '["생활계 유해폐기물", "폐농약"]');
INSERT INTO aliases (item_id, alias, alias_lower, source) VALUES ('살균제', '곰팡이 살균제', '곰팡이 살균제', 'rule');
INSERT INTO aliases (item_id, alias, alias_lower, source) VALUES ('살균제', '공중화장실 살균제', '공중화장실 살균제', 'rule');
INSERT INTO aliases (item_id, alias, alias_lower, source) VALUES ('살균제', '락스 (남은)', '락스 (남은)', 'rule');
INSERT INTO aliases (item_id, alias, alias_lower, source) VALUES ('살균제', '병원 살균제', '병원 살균제', 'rule');
INSERT INTO aliases (item_id, alias, alias_lower, source) VALUES ('살균제', '살균제', '살균제', 'rule');
INSERT INTO aliases (item_id, alias, alias_lower, source) VALUES ('살균제', '소독제', '소독제', 'rule');
INSERT INTO aliases (item_id, alias, alias_lower, source) VALUES ('살균제', '수영장 살균제', '수영장 살균제', 'rule');
INSERT INTO aliases (item_id, alias, alias_lower, source) VALUES ('살균제', '에탄올 (남은)', '에탄올 (남은)', 'rule');
INSERT INTO aliases (item_id, alias, alias_lower, source) VALUES ('살균제', '이끼 제거제', '이끼 제거제', 'rule');
INSERT INTO aliases (item_id, alias, alias_lower, source) VALUES ('살균제', '조류 제거제', '조류 제거제', 'rule');
INSERT INTO aliases (item_id, alias, alias_lower, source) VALUES ('살균제', '주방 살균제', '주방 살균제', 'rule');
INSERT OR REPLACE INTO items (id, name, category, note, steps, confidence, source_url, source_name, source_grade, feature, caution, last_verified, region_variation, official_classification) VALUES ('혈압계', '혈압계', 'hazardous', '· 수은함유폐기물이란 수은과 그 화합물을 함유한 폐기물을 말하며, 혈압계, 온도계, 체온계 등이 있습니다. · 혈압계, 온도계 등에 포함된 수은은 인체에 혼입될 시 발열, 오한, 구토 등의 급성 증상과 구강염증, 기억력 소실, 지적능력 저하 등 만성 증상이 발생할 수 있으며, 환경에 유출될 시 생물 농축, 잔류 등 악영향을 일으킬 수 있습니다. · 수은이', '["혈압계는 전용수거함으로 배출합니다.", "지역 내 전용수거함이 마련되지 않은 경우에는 내용물이 외부로 유출되지 않도록 주의하여 종량제봉투 등으로 배출합니다."]', 'high', 'https://www.xn--oy2b29bd3a601b.kr/front/dischargeMethod/dictionaryView.do?niIdx=707', '분리배출.kr (한국폐기물협회·환경부)', 'A', '· 수은함유폐기물이란 수은과 그 화합물을 함유한 폐기물을 말하며, 혈압계, 온도계, 체온계 등이 있습니다. · 혈압계, 온도계 등에 포함된 수은은 인체에 혼입될 시 발열, 오한, 구토 등의 급성 증상과 구강염증, 기억력 소실, 지적능력 저하 등 만성 증상이 발생할 수 있으며, 환경에 유출될 시 생물 농축, 잔류 등 악영향을 일으킬 수 있습니다. · 수은이 함유된 폐기물을 배출할 때에는 분해·...', '· 수은이 외부로 유출될 시 환경 및 인체에 유해하므로 주의하여 배출', '2026-05-18', 0, '["생활계 유해폐기물", "수은함유 폐기물"]');
INSERT INTO aliases (item_id, alias, alias_lower, source) VALUES ('혈압계', '디지털 혈압계', '디지털 혈압계', 'rule');
INSERT INTO aliases (item_id, alias, alias_lower, source) VALUES ('혈압계', '손목 혈압계', '손목 혈압계', 'rule');
INSERT INTO aliases (item_id, alias, alias_lower, source) VALUES ('혈압계', '심박측정기', '심박측정기', 'rule');
INSERT INTO aliases (item_id, alias, alias_lower, source) VALUES ('혈압계', '팔뚝 혈압계', '팔뚝 혈압계', 'rule');
INSERT INTO aliases (item_id, alias, alias_lower, source) VALUES ('혈압계', '혈당계', '혈당계', 'rule');
INSERT INTO aliases (item_id, alias, alias_lower, source) VALUES ('혈압계', '혈압계', '혈압계', 'rule');
INSERT INTO aliases (item_id, alias, alias_lower, source) VALUES ('혈압계', '혈압측정기', '혈압측정기', 'rule');
INSERT INTO aliases (item_id, alias, alias_lower, source) VALUES ('혈압계', '휴대용 혈압계', '휴대용 혈압계', 'rule');
INSERT OR REPLACE INTO items (id, name, category, note, steps, confidence, source_url, source_name, source_grade, feature, caution, last_verified, region_variation, official_classification) VALUES ('소화제', '소화제', 'medicine', '· 가정에서 배출하는 의약품은 약국에서 판매하는 해열제, 감기약 등의 상비약과 의사의 처방이 필요한 전문의약품으로 구분됩니다. · 그 밖에 치약, 가글, 살충제 등 인체에 약하거나 직접적으로 작용하지 않는 의약외품이 있습니다. · 의약품과 의약외품을 구분하는 방법은 처방여부, 포장재 겉면에 표기된 문구를 통해 확인하실 수 있습니다. · 가정에서 배출하는 의', '["소화제는 폐의약품수거함으로 배출합니다."]', 'high', 'https://www.xn--oy2b29bd3a601b.kr/front/dischargeMethod/dictionaryView.do?niIdx=708', '분리배출.kr (한국폐기물협회·환경부)', 'A', '· 가정에서 배출하는 의약품은 약국에서 판매하는 해열제, 감기약 등의 상비약과 의사의 처방이 필요한 전문의약품으로 구분됩니다. · 그 밖에 치약, 가글, 살충제 등 인체에 약하거나 직접적으로 작용하지 않는 의약외품이 있습니다. · 의약품과 의약외품을 구분하는 방법은 처방여부, 포장재 겉면에 표기된 문구를 통해 확인하실 수 있습니다. · 가정에서 배출하는 의약품은 가까운 약국이나 보건소, 주민...', '· 병원에서 조제한 약은 반드시 폐의약품전용수거함으로 배출', '2026-05-18', 0, '["생활계 유해폐기물", "폐의약품"]');
INSERT INTO aliases (item_id, alias, alias_lower, source) VALUES ('소화제', 'antacid', 'antacid', 'rule');
INSERT INTO aliases (item_id, alias, alias_lower, source) VALUES ('소화제', 'digestive', 'digestive', 'rule');
INSERT INTO aliases (item_id, alias, alias_lower, source) VALUES ('소화제', '겔포스', '겔포스', 'rule');
INSERT INTO aliases (item_id, alias, alias_lower, source) VALUES ('소화제', '까스활명수', '까스활명수', 'rule');
INSERT INTO aliases (item_id, alias, alias_lower, source) VALUES ('소화제', '배 아야 약', '배 아야 약', 'rule');
INSERT INTO aliases (item_id, alias, alias_lower, source) VALUES ('소화제', '베아제', '베아제', 'rule');
INSERT INTO aliases (item_id, alias, alias_lower, source) VALUES ('소화제', '소화 촉진제', '소화 촉진제', 'rule');
INSERT INTO aliases (item_id, alias, alias_lower, source) VALUES ('소화제', '소화불량약', '소화불량약', 'rule');
INSERT INTO aliases (item_id, alias, alias_lower, source) VALUES ('소화제', '속약', '속약', 'rule');
INSERT INTO aliases (item_id, alias, alias_lower, source) VALUES ('소화제', '위장약', '위장약', 'rule');
INSERT INTO aliases (item_id, alias, alias_lower, source) VALUES ('소화제', '체했을때 먹는 약', '체했을때 먹는 약', 'rule');
INSERT INTO aliases (item_id, alias, alias_lower, source) VALUES ('소화제', '훼스탈', '훼스탈', 'rule');
INSERT OR REPLACE INTO items (id, name, category, note, steps, confidence, source_url, source_name, source_grade, feature, caution, last_verified, region_variation, official_classification) VALUES ('해열진통제', '해열진통제', 'medicine', '· 가정에서 배출하는 의약품은 약국에서 판매하는 해열제, 감기약 등의 상비약과 의사의 처방이 필요한 전문의약품으로 구분됩니다. · 그 밖에 치약, 가글, 살충제 등 인체에 약하거나 직접적으로 작용하지 않는 의약외품이 있습니다. · 의약품과 의약외품을 구분하는 방법은 처방여부, 포장재 겉면에 표기된 문구를 통해 확인하실 수 있습니다. · 가정에서 배출하는 의', '["해열진통제는 폐의약품수거함으로 배출합니다."]', 'high', 'https://www.xn--oy2b29bd3a601b.kr/front/dischargeMethod/dictionaryView.do?niIdx=709', '분리배출.kr (한국폐기물협회·환경부)', 'A', '· 가정에서 배출하는 의약품은 약국에서 판매하는 해열제, 감기약 등의 상비약과 의사의 처방이 필요한 전문의약품으로 구분됩니다. · 그 밖에 치약, 가글, 살충제 등 인체에 약하거나 직접적으로 작용하지 않는 의약외품이 있습니다. · 의약품과 의약외품을 구분하는 방법은 처방여부, 포장재 겉면에 표기된 문구를 통해 확인하실 수 있습니다. · 가정에서 배출하는 의약품은 가까운 약국이나 보건소, 주민...', '· 병원에서 조제한 약은 반드시 폐의약품전용수거함으로 배출', '2026-05-18', 0, '["생활계 유해폐기물", "폐의약품"]');
INSERT INTO aliases (item_id, alias, alias_lower, source) VALUES ('해열진통제', '게보린', '게보린', 'rule');
INSERT INTO aliases (item_id, alias, alias_lower, source) VALUES ('해열진통제', '머리약', '머리약', 'rule');
INSERT INTO aliases (item_id, alias, alias_lower, source) VALUES ('해열진통제', '소염진통제', '소염진통제', 'rule');
INSERT INTO aliases (item_id, alias, alias_lower, source) VALUES ('해열진통제', '아야약', '아야약', 'rule');
INSERT INTO aliases (item_id, alias, alias_lower, source) VALUES ('해열진통제', '열내림약', '열내림약', 'rule');
INSERT INTO aliases (item_id, alias, alias_lower, source) VALUES ('해열진통제', '이부프로펜', '이부프로펜', 'rule');
INSERT INTO aliases (item_id, alias, alias_lower, source) VALUES ('해열진통제', '타이레놀', '타이레놀', 'rule');
INSERT INTO aliases (item_id, alias, alias_lower, source) VALUES ('해열진통제', '펜잘', '펜잘', 'rule');
INSERT INTO aliases (item_id, alias, alias_lower, source) VALUES ('해열진통제', '해열제', '해열제', 'rule');
INSERT OR REPLACE INTO items (id, name, category, note, steps, confidence, source_url, source_name, source_grade, feature, caution, last_verified, region_variation, official_classification) VALUES ('현미경', '현미경', 'furniture', '· 망원경, 쌍안경, 현미경 등은 유리, 플라스틱, 고철 등이 혼합된 복합재질 제품으로 재활용이 어렵습니다. · 현미경의 크기는 사양, 특징, 종류 등에 따라 다르므로 크기가 큰 제품은 대형폐기물로 배출해야 합니다. · 대형폐기물은 크기, 부피 등이 커 종량제봉투로 배출하기 어려운 폐기물을 말합니다. 대형폐기물로 배출된 폐기물은 가연성, 목재제품, 플라스틱', '["현미경은 종량제봉투로 배출합니다.", "크기가 커 종량제봉투로 배출하기 어려운 경우에는 대형폐기물로 배출합니다."]', 'high', 'https://www.xn--oy2b29bd3a601b.kr/front/dischargeMethod/dictionaryView.do?niIdx=710', '분리배출.kr (한국폐기물협회·환경부)', 'A', '· 망원경, 쌍안경, 현미경 등은 유리, 플라스틱, 고철 등이 혼합된 복합재질 제품으로 재활용이 어렵습니다. · 현미경의 크기는 사양, 특징, 종류 등에 따라 다르므로 크기가 큰 제품은 대형폐기물로 배출해야 합니다. · 대형폐기물은 크기, 부피 등이 커 종량제봉투로 배출하기 어려운 폐기물을 말합니다. 대형폐기물로 배출된 폐기물은 가연성, 목재제품, 플라스틱, 전자제품 등으로 선별한 후 처리업...', '', '2026-05-18', 0, '["일반폐기물", "일반종량제폐기물", "대형폐기물"]');
INSERT OR REPLACE INTO items (id, name, category, note, steps, confidence, source_url, source_name, source_grade, feature, caution, last_verified, region_variation, official_classification) VALUES ('칼', '칼', 'general', '· 가위, 칼과 같은 날카로운 제품은 금속재질이더라도 배출자, 수거원 등이 다칠 우려가 있으므로 주의하여 종량제봉투로 배출해야 합니다. · 종량제봉투로 배출한 제품은 소각시설로 반입되어 소각처리되며, 이때 반입된 금속성분은 금속분리기에 의해 분리 및 선별되어 고철로 재활용합니다.', '["칼은 신문지, 테이프 등을 활용하여 감싼 후 종량제봉투로 배출합니다."]', 'high', 'https://www.xn--oy2b29bd3a601b.kr/front/dischargeMethod/dictionaryView.do?niIdx=711', '분리배출.kr (한국폐기물협회·환경부)', 'A', '· 가위, 칼과 같은 날카로운 제품은 금속재질이더라도 배출자, 수거원 등이 다칠 우려가 있으므로 주의하여 종량제봉투로 배출해야 합니다. · 종량제봉투로 배출한 제품은 소각시설로 반입되어 소각처리되며, 이때 반입된 금속성분은 금속분리기에 의해 분리 및 선별되어 고철로 재활용합니다.', '· 칼과 같은 날카롭고 위험한 폐기물을 배출할 때에는 날카로운 부분이 외부로 노출되어 사람이 찔리거나 베이지 않도록 용기에 담거나 신문지, 테이프 등을 활용하여 충분히 감싼 후 배출', '2026-05-18', 0, '["일반폐기물", "일반종량제폐기물"]');
INSERT INTO aliases (item_id, alias, alias_lower, source) VALUES ('칼', 'knife', 'knife', 'rule');
INSERT INTO aliases (item_id, alias, alias_lower, source) VALUES ('칼', '과도', '과도', 'rule');
INSERT INTO aliases (item_id, alias, alias_lower, source) VALUES ('칼', '나이프', '나이프', 'rule');
INSERT INTO aliases (item_id, alias, alias_lower, source) VALUES ('칼', '도루코칼', '도루코칼', 'rule');
INSERT INTO aliases (item_id, alias, alias_lower, source) VALUES ('칼', '메스', '메스', 'rule');
INSERT INTO aliases (item_id, alias, alias_lower, source) VALUES ('칼', '면도칼', '면도칼', 'rule');
INSERT INTO aliases (item_id, alias, alias_lower, source) VALUES ('칼', '문구칼', '문구칼', 'rule');
INSERT INTO aliases (item_id, alias, alias_lower, source) VALUES ('칼', '식칼', '식칼', 'rule');
INSERT INTO aliases (item_id, alias, alias_lower, source) VALUES ('칼', '아트칼', '아트칼', 'rule');
INSERT INTO aliases (item_id, alias, alias_lower, source) VALUES ('칼', '칼이', '칼이', 'rule');
INSERT INTO aliases (item_id, alias, alias_lower, source) VALUES ('칼', '커터', '커터', 'rule');
INSERT INTO aliases (item_id, alias, alias_lower, source) VALUES ('칼', '커터칼', '커터칼', 'rule');
INSERT INTO aliases (item_id, alias, alias_lower, source) VALUES ('칼', '회칼', '회칼', 'rule');
INSERT OR REPLACE INTO items (id, name, category, note, steps, confidence, source_url, source_name, source_grade, feature, caution, last_verified, region_variation, official_classification) VALUES ('천체망원경', '천체망원경', 'furniture', '· 망원경, 쌍안경, 현미경 등은 유리, 플라스틱, 고철 등이 혼합된 복합재질 제품으로 재활용이 어렵습니다. · 망원경의 크기는 사양, 특징, 종류 등에 따라 다르므로 크기가 큰 제품은 대형폐기물로 배출해야 합니다. · 대형폐기물은 크기, 부피 등이 커 종량제봉투로 배출하기 어려운 폐기물을 말합니다. 대형폐기물로 배출된 폐기물은 가연성, 목재제품, 플라스틱', '["천체망원경은 종량제봉투로 배출합니다.", "크기가 커 종량제봉투로 배출하기 어려운 경우에는 대형폐기물로 배출합니다."]', 'high', 'https://www.xn--oy2b29bd3a601b.kr/front/dischargeMethod/dictionaryView.do?niIdx=712', '분리배출.kr (한국폐기물협회·환경부)', 'A', '· 망원경, 쌍안경, 현미경 등은 유리, 플라스틱, 고철 등이 혼합된 복합재질 제품으로 재활용이 어렵습니다. · 망원경의 크기는 사양, 특징, 종류 등에 따라 다르므로 크기가 큰 제품은 대형폐기물로 배출해야 합니다. · 대형폐기물은 크기, 부피 등이 커 종량제봉투로 배출하기 어려운 폐기물을 말합니다. 대형폐기물로 배출된 폐기물은 가연성, 목재제품, 플라스틱, 전자제품 등으로 선별한 후 처리업...', '', '2026-05-18', 0, '["일반폐기물", "일반종량제폐기물", "대형폐기물"]');
INSERT INTO aliases (item_id, alias, alias_lower, source) VALUES ('천체망원경', '대형 망원경', '대형 망원경', 'rule');
INSERT INTO aliases (item_id, alias, alias_lower, source) VALUES ('천체망원경', '별 보는 기계', '별 보는 기계', 'rule');
INSERT INTO aliases (item_id, alias, alias_lower, source) VALUES ('천체망원경', '별 보는 통', '별 보는 통', 'rule');
INSERT INTO aliases (item_id, alias, alias_lower, source) VALUES ('천체망원경', '별관측경', '별관측경', 'rule');
INSERT INTO aliases (item_id, alias, alias_lower, source) VALUES ('천체망원경', '스카이 텔레스코프', '스카이 텔레스코프', 'rule');
INSERT INTO aliases (item_id, alias, alias_lower, source) VALUES ('천체망원경', '아스트로 텔레스코프', '아스트로 텔레스코프', 'rule');
INSERT INTO aliases (item_id, alias, alias_lower, source) VALUES ('천체망원경', '우주경', '우주경', 'rule');
INSERT INTO aliases (item_id, alias, alias_lower, source) VALUES ('천체망원경', '우주망원경', '우주망원경', 'rule');
INSERT INTO aliases (item_id, alias, alias_lower, source) VALUES ('천체망원경', '천문대 망원경', '천문대 망원경', 'rule');
INSERT INTO aliases (item_id, alias, alias_lower, source) VALUES ('천체망원경', '천문망원경', '천문망원경', 'rule');
INSERT INTO aliases (item_id, alias, alias_lower, source) VALUES ('천체망원경', '텔레스코프', '텔레스코프', 'rule');
INSERT OR REPLACE INTO items (id, name, category, note, steps, confidence, source_url, source_name, source_grade, feature, caution, last_verified, region_variation, official_classification) VALUES ('바닥매트', '바닥매트', 'furniture', '· 가정에서 사용하는 매트는 폴리염화비닐(PVC) 재질 또는 엘라스토머(고무) 재질로 제작됩니다. · PVC비닐은 일반 비닐과 물성이 달라서 비닐류 배출시 재활용이 되지 않습니다. · 가정에서 사용하는 고무 제품은 주로 두 가지 이상 재질이 혼합된 합성 고무재질로 종량제봉투로 배출합니다. · 크기가 큰 바닥매트는 대형폐기물로 배출합니다.', '["바닥매트는 종량제봉투로 배출합니다.", "크기가 커 종량제봉투로 배출하기 어려운 경우에는 대형폐기물로 배출합니다."]', 'high', 'https://www.xn--oy2b29bd3a601b.kr/front/dischargeMethod/dictionaryView.do?niIdx=713', '분리배출.kr (한국폐기물협회·환경부)', 'A', '· 가정에서 사용하는 매트는 폴리염화비닐(PVC) 재질 또는 엘라스토머(고무) 재질로 제작됩니다. · PVC비닐은 일반 비닐과 물성이 달라서 비닐류 배출시 재활용이 되지 않습니다. · 가정에서 사용하는 고무 제품은 주로 두 가지 이상 재질이 혼합된 합성 고무재질로 종량제봉투로 배출합니다. · 크기가 큰 바닥매트는 대형폐기물로 배출합니다.', '· 크기가 큰 매트를 배출할 때에는 보행자에게 불편을 주지 않도록 끈으로 묶어서 배출', '2026-05-18', 0, '["일반폐기물", "일반종량제폐기물", "대형폐기물"]');
INSERT INTO aliases (item_id, alias, alias_lower, source) VALUES ('바닥매트', '거실매트', '거실매트', 'rule');
INSERT INTO aliases (item_id, alias, alias_lower, source) VALUES ('바닥매트', '깔개', '깔개', 'rule');
INSERT INTO aliases (item_id, alias, alias_lower, source) VALUES ('바닥매트', '놀이매트', '놀이매트', 'rule');
INSERT INTO aliases (item_id, alias, alias_lower, source) VALUES ('바닥매트', '놀이방매트', '놀이방매트', 'rule');
INSERT INTO aliases (item_id, alias, alias_lower, source) VALUES ('바닥매트', '발매트', '발매트', 'rule');
INSERT INTO aliases (item_id, alias, alias_lower, source) VALUES ('바닥매트', '아기매트', '아기매트', 'rule');
INSERT INTO aliases (item_id, alias, alias_lower, source) VALUES ('바닥매트', '알집매트', '알집매트', 'rule');
INSERT INTO aliases (item_id, alias, alias_lower, source) VALUES ('바닥매트', '층간소음매트', '층간소음매트', 'rule');
INSERT INTO aliases (item_id, alias, alias_lower, source) VALUES ('바닥매트', '파크론매트', '파크론매트', 'rule');
INSERT INTO aliases (item_id, alias, alias_lower, source) VALUES ('바닥매트', '플로어매트', '플로어매트', 'rule');
INSERT INTO aliases (item_id, alias, alias_lower, source) VALUES ('바닥매트', '현관매트', '현관매트', 'rule');
INSERT OR REPLACE INTO items (id, name, category, note, steps, confidence, source_url, source_name, source_grade, feature, caution, last_verified, region_variation, official_classification) VALUES ('마스킹테이프', '마스킹테이프', 'general', '· 마스킹테이프는 종이(지지체)에 점착제가 도포되어 있어 재활용이 어렵습니다. · 골판지 상자 등에 부착된 마스킹테이프는 제거하여 배출하여 주시기 바라며, 제거하기 어려운 경우에는 칼 등을 이용하여 접선 부분을 자른 후 접어서 배출합니다.', '["마스킹테이프는 종량제봉투로 배출합니다."]', 'high', 'https://www.xn--oy2b29bd3a601b.kr/front/dischargeMethod/dictionaryView.do?niIdx=714', '분리배출.kr (한국폐기물협회·환경부)', 'A', '· 마스킹테이프는 종이(지지체)에 점착제가 도포되어 있어 재활용이 어렵습니다. · 골판지 상자 등에 부착된 마스킹테이프는 제거하여 배출하여 주시기 바라며, 제거하기 어려운 경우에는 칼 등을 이용하여 접선 부분을 자른 후 접어서 배출합니다.', '· 제품에 붙은 마스킹테이프는 제거한 후 배출', '2026-05-18', 0, '["일반폐기물", "일반종량제폐기물"]');
INSERT INTO aliases (item_id, alias, alias_lower, source) VALUES ('마스킹테이프', 'mask tape', 'mask tape', 'rule');
INSERT INTO aliases (item_id, alias, alias_lower, source) VALUES ('마스킹테이프', 'masking tape', 'masking tape', 'rule');
INSERT INTO aliases (item_id, alias, alias_lower, source) VALUES ('마스킹테이프', 'painter''s tape', 'painter''s tape', 'rule');
INSERT INTO aliases (item_id, alias, alias_lower, source) VALUES ('마스킹테이프', 'washi tape', 'washi tape', 'rule');
INSERT INTO aliases (item_id, alias, alias_lower, source) VALUES ('마스킹테이프', '가림테이프', '가림테이프', 'rule');
INSERT INTO aliases (item_id, alias, alias_lower, source) VALUES ('마스킹테이프', '그림테이프', '그림테이프', 'rule');
INSERT INTO aliases (item_id, alias, alias_lower, source) VALUES ('마스킹테이프', '딱풀', '딱풀', 'rule');
INSERT INTO aliases (item_id, alias, alias_lower, source) VALUES ('마스킹테이프', '마스킹', '마스킹', 'rule');
INSERT INTO aliases (item_id, alias, alias_lower, source) VALUES ('마스킹테이프', '마테', '마테', 'rule');
INSERT INTO aliases (item_id, alias, alias_lower, source) VALUES ('마스킹테이프', '색칠테이프', '색칠테이프', 'rule');
INSERT INTO aliases (item_id, alias, alias_lower, source) VALUES ('마스킹테이프', '테이프 클리너', '테이프 클리너', 'rule');
INSERT INTO aliases (item_id, alias, alias_lower, source) VALUES ('마스킹테이프', '페인트테이프', '페인트테이프', 'rule');
INSERT INTO aliases (item_id, alias, alias_lower, source) VALUES ('마스킹테이프', '화방테이프', '화방테이프', 'rule');
INSERT OR REPLACE INTO items (id, name, category, note, steps, confidence, source_url, source_name, source_grade, feature, caution, last_verified, region_variation, official_classification) VALUES ('만년필', '만년필', 'general', '· 만년필은 플라스틱, 잉크 등이 혼합된 복합재질 제품으로 재활용이 어렵습니다.', '["만년필은 종량제봉투로 배출합니다."]', 'high', 'https://www.xn--oy2b29bd3a601b.kr/front/dischargeMethod/dictionaryView.do?niIdx=715', '분리배출.kr (한국폐기물협회·환경부)', 'A', '· 만년필은 플라스틱, 잉크 등이 혼합된 복합재질 제품으로 재활용이 어렵습니다.', '· 제품 그대로 배출', '2026-05-18', 0, '["일반폐기물", "일반종량제폐기물"]');
INSERT OR REPLACE INTO items (id, name, category, note, steps, confidence, source_url, source_name, source_grade, feature, caution, last_verified, region_variation, official_classification) VALUES ('바늘', '바늘', 'general', '· 바늘, 가위, 칼과 같은 날카로운 제품은 금속재질이더라도 배출자, 수거원 등이 다칠 우려가 있으므로 주의하여 종량제봉투로 배출해야 합니다. · 종량제봉투로 배출한 제품은 소각시설로 반입되어 소각처리되며, 이때 반입된 금속성분은 금속분리기에 의해 분리 및 선별되어 고철로 재활용합니다.', '["바늘은 신문지, 테이프 등을 활용하여 감싼 후 종량제봉투로 배출합니다."]', 'high', 'https://www.xn--oy2b29bd3a601b.kr/front/dischargeMethod/dictionaryView.do?niIdx=716', '분리배출.kr (한국폐기물협회·환경부)', 'A', '· 바늘, 가위, 칼과 같은 날카로운 제품은 금속재질이더라도 배출자, 수거원 등이 다칠 우려가 있으므로 주의하여 종량제봉투로 배출해야 합니다. · 종량제봉투로 배출한 제품은 소각시설로 반입되어 소각처리되며, 이때 반입된 금속성분은 금속분리기에 의해 분리 및 선별되어 고철로 재활용합니다.', '· 바늘과 같은 날카롭고 위험한 폐기물을 배출할 때에는 날카로운 부분이 외부로 노출되어 사람이 찔리거나 베이지 않도록 용기에 담거나 신문지, 테이프 등을 활용하여 충분히 감싼 후 배출', '2026-05-18', 0, '["일반폐기물", "일반종량제폐기물"]');
INSERT OR REPLACE INTO items (id, name, category, note, steps, confidence, source_url, source_name, source_grade, feature, caution, last_verified, region_variation, official_classification) VALUES ('폼보드', '폼보드', 'general', '· 폼보드는 우드락 원단에 종이필름을 붙인 것을 말합니다. · 폼보드 제품은 일반 스티로폼과 물성이 달라 일반 스티로폼 제품과 함께 재활용할 시 재활용 제품(잉고트 제품) 품질에 영향을 미칩니다. ※ 배출방법은 지역별로 차이가 있을 수 있으니, 해당 지방자치단체에서 정하는 방법이 있는 경우에는 해당 방법에 따라 배출하시기 바랍니다. 가까운 분리배출 장소를', '["폼보드는 종량제봉투로 배출합니다."]', 'high', 'https://www.xn--oy2b29bd3a601b.kr/front/dischargeMethod/dictionaryView.do?niIdx=717', '분리배출.kr (한국폐기물협회·환경부)', 'A', '· 폼보드는 우드락 원단에 종이필름을 붙인 것을 말합니다. · 폼보드 제품은 일반 스티로폼과 물성이 달라 일반 스티로폼 제품과 함께 재활용할 시 재활용 제품(잉고트 제품) 품질에 영향을 미칩니다. ※ 배출방법은 지역별로 차이가 있을 수 있으니, 해당 지방자치단체에서 정하는 방법이 있는 경우에는 해당 방법에 따라 배출하시기 바랍니다. 가까운 분리배출 장소를 확인해보세요. 현재 위치에 가까운 배...', '', '2026-05-18', 0, '["일반폐기물", "일반종량제폐기물"]');
INSERT INTO aliases (item_id, alias, alias_lower, source) VALUES ('폼보드', 'POP보드', 'pop보드', 'rule');
INSERT INTO aliases (item_id, alias, alias_lower, source) VALUES ('폼보드', 'art board', 'art board', 'rule');
INSERT INTO aliases (item_id, alias, alias_lower, source) VALUES ('폼보드', 'foamcore', 'foamcore', 'rule');
INSERT INTO aliases (item_id, alias, alias_lower, source) VALUES ('폼보드', 'mounting board', 'mounting board', 'rule');
INSERT INTO aliases (item_id, alias, alias_lower, source) VALUES ('폼보드', '스티로폼보드', '스티로폼보드', 'rule');
INSERT INTO aliases (item_id, alias, alias_lower, source) VALUES ('폼보드', '압축 스티로폼', '압축 스티로폼', 'rule');
INSERT INTO aliases (item_id, alias, alias_lower, source) VALUES ('폼보드', '우드락', '우드락', 'rule');
INSERT INTO aliases (item_id, alias, alias_lower, source) VALUES ('폼보드', '전시보드', '전시보드', 'rule');
INSERT INTO aliases (item_id, alias, alias_lower, source) VALUES ('폼보드', '폼보', '폼보', 'rule');
INSERT INTO aliases (item_id, alias, alias_lower, source) VALUES ('폼보드', '폼판때기', '폼판때기', 'rule');
INSERT OR REPLACE INTO items (id, name, category, note, steps, confidence, source_url, source_name, source_grade, feature, caution, last_verified, region_variation, official_classification) VALUES ('택배 송장', '택배 송장', 'general', '· 택배 송장은 감열지와 이형지로 제작되며 뒷면에 접착제가 도포되어 있어 재활용이 되지 않으므로 일반쓰레기로 배출합니다. ※ 배출방법은 지역별로 차이가 있을 수 있으니, 해당 지방자치단체에서 정하는 방법이 있는 경우에는 해당 방법에 따라 배출하시기 바랍니다. 가까운 분리배출 장소를 확인해보세요. 현재 위치에 가까운 배출장소가 없습니다. 근처의 다른 지역을', '["택배 송장은 종량제봉투로 배출합니다."]', 'high', 'https://www.xn--oy2b29bd3a601b.kr/front/dischargeMethod/dictionaryView.do?niIdx=718', '분리배출.kr (한국폐기물협회·환경부)', 'A', '· 택배 송장은 감열지와 이형지로 제작되며 뒷면에 접착제가 도포되어 있어 재활용이 되지 않으므로 일반쓰레기로 배출합니다. ※ 배출방법은 지역별로 차이가 있을 수 있으니, 해당 지방자치단체에서 정하는 방법이 있는 경우에는 해당 방법에 따라 배출하시기 바랍니다. 가까운 분리배출 장소를 확인해보세요. 현재 위치에 가까운 배출장소가 없습니다. 근처의 다른 지역을 검색해보세요. 현 위치 배출장소 전체...', '', '2026-05-18', 0, '["일반폐기물", "일반종량제폐기물"]');
INSERT INTO aliases (item_id, alias, alias_lower, source) VALUES ('택배 송장', '딜리버리 라벨', '딜리버리 라벨', 'rule');
INSERT INTO aliases (item_id, alias, alias_lower, source) VALUES ('택배 송장', '배송 송장', '배송 송장', 'rule');
INSERT INTO aliases (item_id, alias, alias_lower, source) VALUES ('택배 송장', '배송 스티커', '배송 스티커', 'rule');
INSERT INTO aliases (item_id, alias, alias_lower, source) VALUES ('택배 송장', '소포 라벨', '소포 라벨', 'rule');
INSERT INTO aliases (item_id, alias, alias_lower, source) VALUES ('택배 송장', '송장', '송장', 'rule');
INSERT INTO aliases (item_id, alias, alias_lower, source) VALUES ('택배 송장', '쉬핑 라벨', '쉬핑 라벨', 'rule');
INSERT INTO aliases (item_id, alias, alias_lower, source) VALUES ('택배 송장', '운송장', '운송장', 'rule');
INSERT INTO aliases (item_id, alias, alias_lower, source) VALUES ('택배 송장', '웨이빌', '웨이빌', 'rule');
INSERT INTO aliases (item_id, alias, alias_lower, source) VALUES ('택배 송장', '택배 라벨', '택배 라벨', 'rule');
INSERT INTO aliases (item_id, alias, alias_lower, source) VALUES ('택배 송장', '택배 스티커', '택배 스티커', 'rule');
INSERT INTO aliases (item_id, alias, alias_lower, source) VALUES ('택배 송장', '택배 운송장', '택배 운송장', 'rule');
INSERT INTO aliases (item_id, alias, alias_lower, source) VALUES ('택배 송장', '택배송장', '택배송장', 'rule');
INSERT OR REPLACE INTO items (id, name, category, note, steps, confidence, source_url, source_name, source_grade, feature, caution, last_verified, region_variation, official_classification) VALUES ('커팅매트', '커팅매트', 'general', '· 커팅매트는 종이, 시트류 등 재단시 사용하는 제품으로 PVC재질입니다. · PVC제품은 일반 플라스틱과 물성이 달라서 플라스틱으로 배출시 재활용이 되지 않습니다. ※ 배출방법은 지역별로 차이가 있을 수 있으니, 해당 지방자치단체에서 정하는 방법이 있는 경우에는 해당 방법에 따라 배출하시기 바랍니다. 가까운 분리배출 장소를 확인해보세요. 현재 위치에 가까', '["커팅매트는 종량제봉투로 배출합니다."]', 'high', 'https://www.xn--oy2b29bd3a601b.kr/front/dischargeMethod/dictionaryView.do?niIdx=719', '분리배출.kr (한국폐기물협회·환경부)', 'A', '· 커팅매트는 종이, 시트류 등 재단시 사용하는 제품으로 PVC재질입니다. · PVC제품은 일반 플라스틱과 물성이 달라서 플라스틱으로 배출시 재활용이 되지 않습니다. ※ 배출방법은 지역별로 차이가 있을 수 있으니, 해당 지방자치단체에서 정하는 방법이 있는 경우에는 해당 방법에 따라 배출하시기 바랍니다. 가까운 분리배출 장소를 확인해보세요. 현재 위치에 가까운 배출장소가 없습니다. 근처의 다른...', '', '2026-05-18', 0, '["일반폐기물", "일반종량제폐기물"]');
INSERT INTO aliases (item_id, alias, alias_lower, source) VALUES ('커팅매트', 'craft mat', 'craft mat', 'rule');
INSERT INTO aliases (item_id, alias, alias_lower, source) VALUES ('커팅매트', 'cutting mat', 'cutting mat', 'rule');
INSERT INTO aliases (item_id, alias, alias_lower, source) VALUES ('커팅매트', 'work mat', 'work mat', 'rule');
INSERT INTO aliases (item_id, alias, alias_lower, source) VALUES ('커팅매트', '고무매트', '고무매트', 'rule');
INSERT INTO aliases (item_id, alias, alias_lower, source) VALUES ('커팅매트', '공예매트', '공예매트', 'rule');
INSERT INTO aliases (item_id, alias, alias_lower, source) VALUES ('커팅매트', '마우스패드', '마우스패드', 'rule');
INSERT INTO aliases (item_id, alias, alias_lower, source) VALUES ('커팅매트', '문구용매트', '문구용매트', 'rule');
INSERT INTO aliases (item_id, alias, alias_lower, source) VALUES ('커팅매트', '바닥매트', '바닥매트', 'rule');
INSERT INTO aliases (item_id, alias, alias_lower, source) VALUES ('커팅매트', '아트매트', '아트매트', 'rule');
INSERT INTO aliases (item_id, alias, alias_lower, source) VALUES ('커팅매트', '자름매트', '자름매트', 'rule');
INSERT INTO aliases (item_id, alias, alias_lower, source) VALUES ('커팅매트', '재단매트', '재단매트', 'rule');
INSERT INTO aliases (item_id, alias, alias_lower, source) VALUES ('커팅매트', '절단매트', '절단매트', 'rule');
INSERT INTO aliases (item_id, alias, alias_lower, source) VALUES ('커팅매트', '칼질매트', '칼질매트', 'rule');
INSERT INTO aliases (item_id, alias, alias_lower, source) VALUES ('커팅매트', '커트매트', '커트매트', 'rule');
INSERT OR REPLACE INTO items (id, name, category, note, steps, confidence, source_url, source_name, source_grade, feature, caution, last_verified, region_variation, official_classification) VALUES ('연필꽂이의 재질', '연필꽂이의 재질', 'can', '· 연필꽂이는 플라스틱, 목재, 가죽, 금속 등 재질이 다양합니다. · 플라스틱, 금속 등 단일재질 제품은 재활용이 가능하므로 전용수거함으로 배출하여 주시기 바랍니다. · 목재류, 가죽, 섬유 제품은 재활용이 어려우므로 종량제봉투로 배출해야 합니다. ※ 배출방법은 지역별로 차이가 있을 수 있으니, 해당 지방자치단체에서 정하는 방법이 있는 경우에는 해당 방법', '["연필꽂이의 재질에 맞게 고철 수거함, 플라스틱 수거함 등으로 배출합니다.", "제품이 목재, 가죽, 섬유 등의 재질이거나 2개 이상의 재질이 혼합된 복합재질인 경우에는 종량제봉투로 배출합니다."]', 'high', 'https://www.xn--oy2b29bd3a601b.kr/front/dischargeMethod/dictionaryView.do?niIdx=720', '분리배출.kr (한국폐기물협회·환경부)', 'A', '· 연필꽂이는 플라스틱, 목재, 가죽, 금속 등 재질이 다양합니다. · 플라스틱, 금속 등 단일재질 제품은 재활용이 가능하므로 전용수거함으로 배출하여 주시기 바랍니다. · 목재류, 가죽, 섬유 제품은 재활용이 어려우므로 종량제봉투로 배출해야 합니다. ※ 배출방법은 지역별로 차이가 있을 수 있으니, 해당 지방자치단체에서 정하는 방법이 있는 경우에는 해당 방법에 따라 배출하시기 바랍니다. 가까운...', '', '2026-05-18', 0, '["재활용폐기물", "합성수지 용기류", "금속류", "고철"]');
INSERT INTO aliases (item_id, alias, alias_lower, source) VALUES ('연필꽂이의 재질', '연필깍이', '연필깍이', 'rule');
INSERT INTO aliases (item_id, alias, alias_lower, source) VALUES ('연필꽂이의 재질', '연필꽂이의재질', '연필꽂이의재질', 'rule');
INSERT INTO aliases (item_id, alias, alias_lower, source) VALUES ('연필꽂이의 재질', '필통', '필통', 'rule');
INSERT OR REPLACE INTO items (id, name, category, note, steps, confidence, source_url, source_name, source_grade, feature, caution, last_verified, region_variation, official_classification) VALUES ('고무통', '고무통', 'furniture', '· 대부분의 고무통은 PVC 재질로 제작됩니다. · PVC제품은 일반 플라스틱과 물성이 달라서 플라스틱으로 배출시 재활용이 되지 않습니다.', '["고무통은 종량제봉투로 배출합니다.", "크기가 커 종량제봉투로 배출하기 어려운 경우에는 대형폐기물로 배출합니다."]', 'high', 'https://www.xn--oy2b29bd3a601b.kr/front/dischargeMethod/dictionaryView.do?niIdx=721', '분리배출.kr (한국폐기물협회·환경부)', 'A', '· 대부분의 고무통은 PVC 재질로 제작됩니다. · PVC제품은 일반 플라스틱과 물성이 달라서 플라스틱으로 배출시 재활용이 되지 않습니다.', '· PVC 제품은 재활용이 어려워 종량제봉투 또는 대형폐기물로 배출', '2026-05-18', 0, '["일반폐기물", "일반종량제폐기물", "대형폐기물"]');
INSERT INTO aliases (item_id, alias, alias_lower, source) VALUES ('고무통', '고무다라', '고무다라', 'rule');
INSERT INTO aliases (item_id, alias, alias_lower, source) VALUES ('고무통', '고무대야', '고무대야', 'rule');
INSERT INTO aliases (item_id, alias, alias_lower, source) VALUES ('고무통', '고무물통', '고무물통', 'rule');
INSERT INTO aliases (item_id, alias, alias_lower, source) VALUES ('고무통', '고무볼', '고무볼', 'rule');
INSERT INTO aliases (item_id, alias, alias_lower, source) VALUES ('고무통', '고무신발', '고무신발', 'rule');
INSERT INTO aliases (item_id, alias, alias_lower, source) VALUES ('고무통', '고무신발 악세서리', '고무신발 악세서리', 'rule');
INSERT INTO aliases (item_id, alias, alias_lower, source) VALUES ('고무통', '고무양동이', '고무양동이', 'rule');
INSERT INTO aliases (item_id, alias, alias_lower, source) VALUES ('고무통', '고무장갑', '고무장갑', 'rule');
INSERT INTO aliases (item_id, alias, alias_lower, source) VALUES ('고무통', '고무장화', '고무장화', 'rule');
INSERT INTO aliases (item_id, alias, alias_lower, source) VALUES ('고무통', '고무컨테이너', '고무컨테이너', 'rule');
INSERT INTO aliases (item_id, alias, alias_lower, source) VALUES ('고무통', '고무탱', '고무탱', 'rule');
INSERT INTO aliases (item_id, alias, alias_lower, source) VALUES ('고무통', '다용도통', '다용도통', 'rule');
INSERT INTO aliases (item_id, alias, alias_lower, source) VALUES ('고무통', '러버바스켓', '러버바스켓', 'rule');
INSERT INTO aliases (item_id, alias, alias_lower, source) VALUES ('고무통', '러버버킷', '러버버킷', 'rule');
INSERT INTO aliases (item_id, alias, alias_lower, source) VALUES ('고무통', '러버통', '러버통', 'rule');
INSERT INTO aliases (item_id, alias, alias_lower, source) VALUES ('고무통', '쓰레기통', '쓰레기통', 'rule');
INSERT OR REPLACE INTO items (id, name, category, note, steps, confidence, source_url, source_name, source_grade, feature, caution, last_verified, region_variation, official_classification) VALUES ('공기청정기 필터', '공기청정기 필터', 'general', '· 연수기, 정수기, 공기청정기 등에 사용되는 필터는 플라스틱, 합성섬유, 활성탄 등이 혼합된 복합재질 제품으로 재활용이 어렵습니다. · 일부 제품의 경우 외부 케이스(플라스틱)를 분리할 수 있도록 되어 있으며, 배출하실 때에는 케이스를 분리한 후 플라스틱 수거함으로 배출하여 주시면 재활용이 가능합니다.', '["공기청정기 필터는 종량제봉투로 배출합니다."]', 'high', 'https://www.xn--oy2b29bd3a601b.kr/front/dischargeMethod/dictionaryView.do?niIdx=722', '분리배출.kr (한국폐기물협회·환경부)', 'A', '· 연수기, 정수기, 공기청정기 등에 사용되는 필터는 플라스틱, 합성섬유, 활성탄 등이 혼합된 복합재질 제품으로 재활용이 어렵습니다. · 일부 제품의 경우 외부 케이스(플라스틱)를 분리할 수 있도록 되어 있으며, 배출하실 때에는 케이스를 분리한 후 플라스틱 수거함으로 배출하여 주시면 재활용이 가능합니다.', '· 플라스틱 케이스를 분리할 수 있는 경우에는 분리한 후 배출', '2026-05-18', 0, '["일반폐기물", "일반종량제폐기물"]');
INSERT INTO aliases (item_id, alias, alias_lower, source) VALUES ('공기청정기 필터', '공기청정기필터', '공기청정기필터', 'rule');
INSERT INTO aliases (item_id, alias, alias_lower, source) VALUES ('공기청정기 필터', '연수필터', '연수필터', 'rule');
INSERT OR REPLACE INTO items (id, name, category, note, steps, confidence, source_url, source_name, source_grade, feature, caution, last_verified, region_variation, official_classification) VALUES ('슬리퍼', '슬리퍼', 'general', '· 슬리퍼는 주로 EVA, PVC 등의 재질로 제작하고 있습니다. · 가정에서 사용하는 EVA는 주로 샌달, 구두창 등의 제품으로 사용하고 있으며, 주로 소량으로 발생되어 재활용이 어렵습니다. · PVC제품은 일반 플라스틱과 물성이 달라서 플라스틱으로 배출시 재활용이 되지 않습니다. ※ 배출방법은 지역별로 차이가 있을 수 있으니, 해당 지방자치단체에서 정하', '["슬리퍼는 종량제봉투로 배출합니다."]', 'high', 'https://www.xn--oy2b29bd3a601b.kr/front/dischargeMethod/dictionaryView.do?niIdx=723', '분리배출.kr (한국폐기물협회·환경부)', 'A', '· 슬리퍼는 주로 EVA, PVC 등의 재질로 제작하고 있습니다. · 가정에서 사용하는 EVA는 주로 샌달, 구두창 등의 제품으로 사용하고 있으며, 주로 소량으로 발생되어 재활용이 어렵습니다. · PVC제품은 일반 플라스틱과 물성이 달라서 플라스틱으로 배출시 재활용이 되지 않습니다. ※ 배출방법은 지역별로 차이가 있을 수 있으니, 해당 지방자치단체에서 정하는 방법이 있는 경우에는 해당 방법에...', '', '2026-05-18', 0, '["일반폐기물", "일반종량제폐기물"]');
INSERT INTO aliases (item_id, alias, alias_lower, source) VALUES ('슬리퍼', 'mules', 'mules', 'rule');
INSERT INTO aliases (item_id, alias, alias_lower, source) VALUES ('슬리퍼', 'slides', 'slides', 'rule');
INSERT INTO aliases (item_id, alias, alias_lower, source) VALUES ('슬리퍼', 'slipper', 'slipper', 'rule');
INSERT INTO aliases (item_id, alias, alias_lower, source) VALUES ('슬리퍼', '거실화', '거실화', 'rule');
INSERT INTO aliases (item_id, alias, alias_lower, source) VALUES ('슬리퍼', '사무실화', '사무실화', 'rule');
INSERT INTO aliases (item_id, alias, alias_lower, source) VALUES ('슬리퍼', '삼선 슬리퍼', '삼선 슬리퍼', 'rule');
INSERT INTO aliases (item_id, alias, alias_lower, source) VALUES ('슬리퍼', '삼선쓰레빠', '삼선쓰레빠', 'rule');
INSERT INTO aliases (item_id, alias, alias_lower, source) VALUES ('슬리퍼', '실내화', '실내화', 'rule');
INSERT INTO aliases (item_id, alias, alias_lower, source) VALUES ('슬리퍼', '쓰레빠', '쓰레빠', 'rule');
INSERT INTO aliases (item_id, alias, alias_lower, source) VALUES ('슬리퍼', '젤리 슬리퍼', '젤리 슬리퍼', 'rule');
INSERT OR REPLACE INTO items (id, name, category, note, steps, confidence, source_url, source_name, source_grade, feature, caution, last_verified, region_variation, official_classification) VALUES ('치실', '치실', 'general', '· 치실은 플라스틱 손잡이에 치실이 부착되어 있는 제품으로, 재질별 분리가 어려워 재활용이 어렵습니다. ※ 배출방법은 지역별로 차이가 있을 수 있으니, 해당 지방자치단체에서 정하는 방법이 있는 경우에는 해당 방법에 따라 배출하시기 바랍니다. 가까운 분리배출 장소를 확인해보세요. 현재 위치에 가까운 배출장소가 없습니다. 근처의 다른 지역을 검색해보세요. 현', '["치실은 종량제봉투로 배출합니다."]', 'high', 'https://www.xn--oy2b29bd3a601b.kr/front/dischargeMethod/dictionaryView.do?niIdx=725', '분리배출.kr (한국폐기물협회·환경부)', 'A', '· 치실은 플라스틱 손잡이에 치실이 부착되어 있는 제품으로, 재질별 분리가 어려워 재활용이 어렵습니다. ※ 배출방법은 지역별로 차이가 있을 수 있으니, 해당 지방자치단체에서 정하는 방법이 있는 경우에는 해당 방법에 따라 배출하시기 바랍니다. 가까운 분리배출 장소를 확인해보세요. 현재 위치에 가까운 배출장소가 없습니다. 근처의 다른 지역을 검색해보세요. 현 위치 배출장소 전체보기 현 지도에서...', '', '2026-05-18', 0, '["일반폐기물", "일반종량제폐기물"]');
INSERT INTO aliases (item_id, alias, alias_lower, source) VALUES ('치실', '빗자루', '빗자루', 'rule');
INSERT INTO aliases (item_id, alias, alias_lower, source) VALUES ('치실', '청소솔', '청소솔', 'rule');
INSERT INTO aliases (item_id, alias, alias_lower, source) VALUES ('치실', '치간칫솔', '치간칫솔', 'rule');
INSERT INTO aliases (item_id, alias, alias_lower, source) VALUES ('치실', '칫솔', '칫솔', 'rule');
INSERT INTO aliases (item_id, alias, alias_lower, source) VALUES ('치실', '칫솔 꽂이', '칫솔 꽂이', 'rule');
INSERT OR REPLACE INTO items (id, name, category, note, steps, confidence, source_url, source_name, source_grade, feature, caution, last_verified, region_variation, official_classification) VALUES ('농구공', '농구공', 'general', '· 공은 고무, 플라스틱 등으로 제작되어 있으며, 접착제와 섬유재질이 혼합된 복합재질제품으로 재활용이 어렵습니다. · 공의 내부는 공기로 채워져 있어 배출, 수거하기에 어려움이 있으므로 가급적 제거한 후 배출하는 것이 좋습니다.', '["농구공은 종량제봉투로 배출합니다."]', 'high', 'https://www.xn--oy2b29bd3a601b.kr/front/dischargeMethod/dictionaryView.do?niIdx=726', '분리배출.kr (한국폐기물협회·환경부)', 'A', '· 공은 고무, 플라스틱 등으로 제작되어 있으며, 접착제와 섬유재질이 혼합된 복합재질제품으로 재활용이 어렵습니다. · 공의 내부는 공기로 채워져 있어 배출, 수거하기에 어려움이 있으므로 가급적 제거한 후 배출하는 것이 좋습니다.', '· 공기를 제거한 후 배출', '2026-05-18', 0, '["일반폐기물", "일반종량제폐기물"]');
INSERT INTO aliases (item_id, alias, alias_lower, source) VALUES ('농구공', 'NBA 공', 'nba 공', 'rule');
INSERT INTO aliases (item_id, alias, alias_lower, source) VALUES ('농구공', '경기용 공', '경기용 공', 'rule');
INSERT INTO aliases (item_id, alias, alias_lower, source) VALUES ('농구공', '나이키 농구공', '나이키 농구공', 'rule');
INSERT INTO aliases (item_id, alias, alias_lower, source) VALUES ('농구공', '농구 볼', '농구 볼', 'rule');
INSERT INTO aliases (item_id, alias, alias_lower, source) VALUES ('농구공', '농구게임 공', '농구게임 공', 'rule');
INSERT INTO aliases (item_id, alias, alias_lower, source) VALUES ('농구공', '농구공볼', '농구공볼', 'rule');
INSERT INTO aliases (item_id, alias, alias_lower, source) VALUES ('농구공', '농구용 공', '농구용 공', 'rule');
INSERT INTO aliases (item_id, alias, alias_lower, source) VALUES ('농구공', '드리블 공', '드리블 공', 'rule');
INSERT INTO aliases (item_id, alias, alias_lower, source) VALUES ('농구공', '몰텐 농구공', '몰텐 농구공', 'rule');
INSERT INTO aliases (item_id, alias, alias_lower, source) VALUES ('농구공', '바스켓볼', '바스켓볼', 'rule');
INSERT INTO aliases (item_id, alias, alias_lower, source) VALUES ('농구공', '배드민턴 라켓', '배드민턴 라켓', 'rule');
INSERT INTO aliases (item_id, alias, alias_lower, source) VALUES ('농구공', '슛 공', '슛 공', 'rule');
INSERT INTO aliases (item_id, alias, alias_lower, source) VALUES ('농구공', '스팔딩 농구공', '스팔딩 농구공', 'rule');
INSERT INTO aliases (item_id, alias, alias_lower, source) VALUES ('농구공', '짐볼', '짐볼', 'rule');
INSERT OR REPLACE INTO items (id, name, category, note, steps, confidence, source_url, source_name, source_grade, feature, caution, last_verified, region_variation, official_classification) VALUES ('배구공', '배구공', 'general', '· 공은 고무, 플라스틱 등으로 제작되어 있으며, 접착제와 섬유재질이 혼합된 복합재질제품으로 재활용이 어렵습니다. · 공의 내부는 공기로 채워져 있어 배출, 수거하기에 어려움이 있으므로 가급적 제거한 후 배출하는 것이 좋습니다.', '["배구공은 종량제봉투로 배출합니다."]', 'high', 'https://www.xn--oy2b29bd3a601b.kr/front/dischargeMethod/dictionaryView.do?niIdx=727', '분리배출.kr (한국폐기물협회·환경부)', 'A', '· 공은 고무, 플라스틱 등으로 제작되어 있으며, 접착제와 섬유재질이 혼합된 복합재질제품으로 재활용이 어렵습니다. · 공의 내부는 공기로 채워져 있어 배출, 수거하기에 어려움이 있으므로 가급적 제거한 후 배출하는 것이 좋습니다.', '· 공기를 제거한 후 배출', '2026-05-18', 0, '["일반폐기물", "일반종량제폐기물"]');
INSERT INTO aliases (item_id, alias, alias_lower, source) VALUES ('배구공', 'FIVB 공인구', 'fivb 공인구', 'rule');
INSERT INTO aliases (item_id, alias, alias_lower, source) VALUES ('배구공', 'volleyball', 'volleyball', 'rule');
INSERT INTO aliases (item_id, alias, alias_lower, source) VALUES ('배구공', '경기용 배구공', '경기용 배구공', 'rule');
INSERT INTO aliases (item_id, alias, alias_lower, source) VALUES ('배구공', '몰텐 배구공', '몰텐 배구공', 'rule');
INSERT INTO aliases (item_id, alias, alias_lower, source) VALUES ('배구공', '미카사 배구공', '미카사 배구공', 'rule');
INSERT INTO aliases (item_id, alias, alias_lower, source) VALUES ('배구공', '배구 볼', '배구 볼', 'rule');
INSERT INTO aliases (item_id, alias, alias_lower, source) VALUES ('배구공', '배구볼', '배구볼', 'rule');
INSERT INTO aliases (item_id, alias, alias_lower, source) VALUES ('배구공', '배구용 공', '배구용 공', 'rule');
INSERT INTO aliases (item_id, alias, alias_lower, source) VALUES ('배구공', '비치발리볼', '비치발리볼', 'rule');
INSERT INTO aliases (item_id, alias, alias_lower, source) VALUES ('배구공', '소프트 배구공', '소프트 배구공', 'rule');
INSERT INTO aliases (item_id, alias, alias_lower, source) VALUES ('배구공', '스타 배구공', '스타 배구공', 'rule');
INSERT INTO aliases (item_id, alias, alias_lower, source) VALUES ('배구공', '연습용 배구공', '연습용 배구공', 'rule');
INSERT OR REPLACE INTO items (id, name, category, note, steps, confidence, source_url, source_name, source_grade, feature, caution, last_verified, region_variation, official_classification) VALUES ('행주', '행주', 'general', '· 행주는 주방을 청결하게 청소하는데 사용하는 도구로 주로 면 등 섬유 재질입니다. · 행주의 표면에 이물질이 묻어있거나 찢어지는 등 타인이 다시 사용하기 어려워 종량제봉투로 배출하여야 합니다. ※ 배출방법은 지역별로 차이가 있을 수 있으니, 해당 지방자치단체에서 정하는 방법이 있는 경우에는 해당 방법에 따라 배출하시기 바랍니다. 가까운 분리배출 장소를 확', '["행주는 종량제봉투로 배출합니다."]', 'high', 'https://www.xn--oy2b29bd3a601b.kr/front/dischargeMethod/dictionaryView.do?niIdx=728', '분리배출.kr (한국폐기물협회·환경부)', 'A', '· 행주는 주방을 청결하게 청소하는데 사용하는 도구로 주로 면 등 섬유 재질입니다. · 행주의 표면에 이물질이 묻어있거나 찢어지는 등 타인이 다시 사용하기 어려워 종량제봉투로 배출하여야 합니다. ※ 배출방법은 지역별로 차이가 있을 수 있으니, 해당 지방자치단체에서 정하는 방법이 있는 경우에는 해당 방법에 따라 배출하시기 바랍니다. 가까운 분리배출 장소를 확인해보세요. 현재 위치에 가까운 배출...', '', '2026-05-18', 0, '["일반폐기물", "일반종량제폐기물"]');
INSERT INTO aliases (item_id, alias, alias_lower, source) VALUES ('행주', '극세사행주', '극세사행주', 'rule');
INSERT INTO aliases (item_id, alias, alias_lower, source) VALUES ('행주', '닦개', '닦개', 'rule');
INSERT INTO aliases (item_id, alias, alias_lower, source) VALUES ('행주', '닦닦이', '닦닦이', 'rule');
INSERT INTO aliases (item_id, alias, alias_lower, source) VALUES ('행주', '디쉬클로스', '디쉬클로스', 'rule');
INSERT INTO aliases (item_id, alias, alias_lower, source) VALUES ('행주', '부엌닦이', '부엌닦이', 'rule');
INSERT INTO aliases (item_id, alias, alias_lower, source) VALUES ('행주', '부엌수건', '부엌수건', 'rule');
INSERT INTO aliases (item_id, alias, alias_lower, source) VALUES ('행주', '설거지천', '설거지천', 'rule');
INSERT INTO aliases (item_id, alias, alias_lower, source) VALUES ('행주', '수세미', '수세미', 'rule');
INSERT INTO aliases (item_id, alias, alias_lower, source) VALUES ('행주', '식탁닦이', '식탁닦이', 'rule');
INSERT INTO aliases (item_id, alias, alias_lower, source) VALUES ('행주', '일회용행주', '일회용행주', 'rule');
INSERT INTO aliases (item_id, alias, alias_lower, source) VALUES ('행주', '주방타월', '주방타월', 'rule');
INSERT INTO aliases (item_id, alias, alias_lower, source) VALUES ('행주', '키친타월', '키친타월', 'rule');
INSERT INTO aliases (item_id, alias, alias_lower, source) VALUES ('행주', '타월', '타월', 'rule');
INSERT OR REPLACE INTO items (id, name, category, note, steps, confidence, source_url, source_name, source_grade, feature, caution, last_verified, region_variation, official_classification) VALUES ('나무 쟁반', '나무 쟁반', 'general', '· 가정에서 배출하는 목재제품은 표면에 방부제, 페인트, 오일 등을 처리하고 있어 물질 재활용이 어려워 주로 소각하거나 고형연료제품으로 에너지 재활용하고 있습니다.', '["나무 쟁반은 종량제봉투로 배출합니다."]', 'high', 'https://www.xn--oy2b29bd3a601b.kr/front/dischargeMethod/dictionaryView.do?niIdx=729', '분리배출.kr (한국폐기물협회·환경부)', 'A', '· 가정에서 배출하는 목재제품은 표면에 방부제, 페인트, 오일 등을 처리하고 있어 물질 재활용이 어려워 주로 소각하거나 고형연료제품으로 에너지 재활용하고 있습니다.', '· 목재제품은 재활용이 어려우므로 종량제봉투로 배출', '2026-05-18', 0, '["일반폐기물", "일반종량제폐기물"]');
INSERT INTO aliases (item_id, alias, alias_lower, source) VALUES ('나무 쟁반', '나무 받침대', '나무 받침대', 'rule');
INSERT INTO aliases (item_id, alias, alias_lower, source) VALUES ('나무 쟁반', '나무 접시', '나무 접시', 'rule');
INSERT INTO aliases (item_id, alias, alias_lower, source) VALUES ('나무 쟁반', '나무떼기', '나무떼기', 'rule');
INSERT INTO aliases (item_id, alias, alias_lower, source) VALUES ('나무 쟁반', '나무쟁반', '나무쟁반', 'rule');
INSERT INTO aliases (item_id, alias, alias_lower, source) VALUES ('나무 쟁반', '나무판때기', '나무판때기', 'rule');
INSERT INTO aliases (item_id, alias, alias_lower, source) VALUES ('나무 쟁반', '다과 쟁반', '다과 쟁반', 'rule');
INSERT INTO aliases (item_id, alias, alias_lower, source) VALUES ('나무 쟁반', '목공예품', '목공예품', 'rule');
INSERT INTO aliases (item_id, alias, alias_lower, source) VALUES ('나무 쟁반', '목기', '목기', 'rule');
INSERT INTO aliases (item_id, alias, alias_lower, source) VALUES ('나무 쟁반', '목재 쟁반', '목재 쟁반', 'rule');
INSERT INTO aliases (item_id, alias, alias_lower, source) VALUES ('나무 쟁반', '우드 트레이', '우드 트레이', 'rule');
INSERT INTO aliases (item_id, alias, alias_lower, source) VALUES ('나무 쟁반', '우든 트레이', '우든 트레이', 'rule');
INSERT INTO aliases (item_id, alias, alias_lower, source) VALUES ('나무 쟁반', '원목 블록', '원목 블록', 'rule');
INSERT INTO aliases (item_id, alias, alias_lower, source) VALUES ('나무 쟁반', '원목 소품', '원목 소품', 'rule');
INSERT INTO aliases (item_id, alias, alias_lower, source) VALUES ('나무 쟁반', '원목도마', '원목도마', 'rule');
INSERT INTO aliases (item_id, alias, alias_lower, source) VALUES ('나무 쟁반', '지팡이', '지팡이', 'rule');
INSERT INTO aliases (item_id, alias, alias_lower, source) VALUES ('나무 쟁반', '트레이', '트레이', 'rule');
INSERT OR REPLACE INTO items (id, name, category, note, steps, confidence, source_url, source_name, source_grade, feature, caution, last_verified, region_variation, official_classification) VALUES ('쿠션', '쿠션', 'furniture', '· 대부분의 상태가 좋은 의류 및 섬유제품은 의류수거함으로 배출하여 국내 또는 국외로 판매하여 재사용하고 있습니다. · 다만, 솜이불, 베개, 방석, 쿠션 등 일부 의류수거함으로 배출하기 어려운 품목이 있으며 해당 품목들은 일반폐기물, 대형폐기물, 재활용폐기물 배출방법에 의거하여 배출하여 주셔야 합니다.', '["쿠션은 종량제봉투로 배출합니다.", "크기가 커 종량제봉투로 배출하기 어려운 경우에는 대형폐기물로 배출합니다."]', 'high', 'https://www.xn--oy2b29bd3a601b.kr/front/dischargeMethod/dictionaryView.do?niIdx=731', '분리배출.kr (한국폐기물협회·환경부)', 'A', '· 대부분의 상태가 좋은 의류 및 섬유제품은 의류수거함으로 배출하여 국내 또는 국외로 판매하여 재사용하고 있습니다. · 다만, 솜이불, 베개, 방석, 쿠션 등 일부 의류수거함으로 배출하기 어려운 품목이 있으며 해당 품목들은 일반폐기물, 대형폐기물, 재활용폐기물 배출방법에 의거하여 배출하여 주셔야 합니다.', '· 의류수거함으로 배출할 수 있는 제품은 정해져 있으므로 배출가능 대상 품목을 확인한 후 배출', '2026-05-18', 0, '["일반폐기물", "일반종량제폐기물", "대형폐기물"]');
INSERT INTO aliases (item_id, alias, alias_lower, source) VALUES ('쿠션', '데코쿠션', '데코쿠션', 'rule');
INSERT INTO aliases (item_id, alias, alias_lower, source) VALUES ('쿠션', '등받이', '등받이', 'rule');
INSERT INTO aliases (item_id, alias, alias_lower, source) VALUES ('쿠션', '말랑이', '말랑이', 'rule');
INSERT INTO aliases (item_id, alias, alias_lower, source) VALUES ('쿠션', '소파쿠션', '소파쿠션', 'rule');
INSERT INTO aliases (item_id, alias, alias_lower, source) VALUES ('쿠션', '스로우 필로우', '스로우 필로우', 'rule');
INSERT INTO aliases (item_id, alias, alias_lower, source) VALUES ('쿠션', '액센트 필로우', '액센트 필로우', 'rule');
INSERT INTO aliases (item_id, alias, alias_lower, source) VALUES ('쿠션', '인형', '인형', 'rule');
INSERT INTO aliases (item_id, alias, alias_lower, source) VALUES ('쿠션', '장식쿠션', '장식쿠션', 'rule');
INSERT INTO aliases (item_id, alias, alias_lower, source) VALUES ('쿠션', '좌쿠션', '좌쿠션', 'rule');
INSERT INTO aliases (item_id, alias, alias_lower, source) VALUES ('쿠션', '쿠션이', '쿠션이', 'rule');
INSERT INTO aliases (item_id, alias, alias_lower, source) VALUES ('쿠션', '포근이', '포근이', 'rule');
INSERT INTO aliases (item_id, alias, alias_lower, source) VALUES ('쿠션', '허리쿠션', '허리쿠션', 'rule');
INSERT OR REPLACE INTO items (id, name, category, note, steps, confidence, source_url, source_name, source_grade, feature, caution, last_verified, region_variation, official_classification) VALUES ('비치볼', '비치볼', 'furniture', '· 비치볼은 대부분 PVC, EVA재질로 재활용이 어렵습니다. · 폴리염화비닐(PVC)은 다른 합성수지와 혼합되어 재활용될 경우 재활용제품의 강도가 떨어지고 재활용과정에서 염화수소와 같은 유해화학물질이 발생하는 등 다양한 문제를 일으키고 있어 재활용이 어렵습니다. · 공의 내부는 공기로 채워져 있어 배출, 수거하기에 어려움이 있으므로 가급적 제거한 후 배출', '["·비치볼은 종량제봉투로 배출합니다.", "크기가 커 종량제봉투로 배출하기 어려운 경우에는 대형폐기물로 배출합니다."]', 'high', 'https://www.xn--oy2b29bd3a601b.kr/front/dischargeMethod/dictionaryView.do?niIdx=732', '분리배출.kr (한국폐기물협회·환경부)', 'A', '· 비치볼은 대부분 PVC, EVA재질로 재활용이 어렵습니다. · 폴리염화비닐(PVC)은 다른 합성수지와 혼합되어 재활용될 경우 재활용제품의 강도가 떨어지고 재활용과정에서 염화수소와 같은 유해화학물질이 발생하는 등 다양한 문제를 일으키고 있어 재활용이 어렵습니다. · 공의 내부는 공기로 채워져 있어 배출, 수거하기에 어려움이 있으므로 가급적 제거한 후 배출하는 것이 좋습니다.', '· PVC 제품은 재활용이 어려워 종량제봉투 또는 대형폐기물로 배출 · 공기를 제거한 후 배출', '2026-05-18', 0, '["일반폐기물", "일반종량제폐기물", "대형폐기물"]');
INSERT INTO aliases (item_id, alias, alias_lower, source) VALUES ('비치볼', 'beachball', 'beachball', 'rule');
INSERT INTO aliases (item_id, alias, alias_lower, source) VALUES ('비치볼', '농구공', '농구공', 'rule');
INSERT INTO aliases (item_id, alias, alias_lower, source) VALUES ('비치볼', '물놀이공', '물놀이공', 'rule');
INSERT INTO aliases (item_id, alias, alias_lower, source) VALUES ('비치볼', '바다볼', '바다볼', 'rule');
INSERT INTO aliases (item_id, alias, alias_lower, source) VALUES ('비치볼', '바닷가볼', '바닷가볼', 'rule');
INSERT INTO aliases (item_id, alias, alias_lower, source) VALUES ('비치볼', '배구공', '배구공', 'rule');
INSERT INTO aliases (item_id, alias, alias_lower, source) VALUES ('비치볼', '비치 볼', '비치 볼', 'rule');
INSERT INTO aliases (item_id, alias, alias_lower, source) VALUES ('비치볼', '야구글러브', '야구글러브', 'rule');
INSERT INTO aliases (item_id, alias, alias_lower, source) VALUES ('비치볼', '여름공', '여름공', 'rule');
INSERT INTO aliases (item_id, alias, alias_lower, source) VALUES ('비치볼', '인플래터블볼', '인플래터블볼', 'rule');
INSERT INTO aliases (item_id, alias, alias_lower, source) VALUES ('비치볼', '축구공', '축구공', 'rule');
INSERT INTO aliases (item_id, alias, alias_lower, source) VALUES ('비치볼', '캐릭터볼', '캐릭터볼', 'rule');
INSERT INTO aliases (item_id, alias, alias_lower, source) VALUES ('비치볼', '폼롤러', '폼롤러', 'rule');
INSERT INTO aliases (item_id, alias, alias_lower, source) VALUES ('비치볼', '풀볼', '풀볼', 'rule');
INSERT INTO aliases (item_id, alias, alias_lower, source) VALUES ('비치볼', '풍선공', '풍선공', 'rule');
INSERT INTO aliases (item_id, alias, alias_lower, source) VALUES ('비치볼', '해변볼', '해변볼', 'rule');
INSERT INTO aliases (item_id, alias, alias_lower, source) VALUES ('비치볼', '휴가볼', '휴가볼', 'rule');
INSERT OR REPLACE INTO items (id, name, category, note, steps, confidence, source_url, source_name, source_grade, feature, caution, last_verified, region_variation, official_classification) VALUES ('화장솜', '화장솜', 'general', '·화장솜은 면 또는 펄프와 레이온 혼방 재질로 제작되며 재활용이 어럽습니다. ※ 배출방법은 지역별로 차이가 있을 수 있으니, 해당 지방자치단체에서 정하는 방법이 있는 경우에는 해당 방법에 따라 배출하시기 바랍니다. 가까운 분리배출 장소를 확인해보세요. 현재 위치에 가까운 배출장소가 없습니다. 근처의 다른 지역을 검색해보세요. 현 위치 배출장소 전체보기 현', '["화장솜은 종량제봉투로 배출합니다."]', 'high', 'https://www.xn--oy2b29bd3a601b.kr/front/dischargeMethod/dictionaryView.do?niIdx=733', '분리배출.kr (한국폐기물협회·환경부)', 'A', '·화장솜은 면 또는 펄프와 레이온 혼방 재질로 제작되며 재활용이 어럽습니다. ※ 배출방법은 지역별로 차이가 있을 수 있으니, 해당 지방자치단체에서 정하는 방법이 있는 경우에는 해당 방법에 따라 배출하시기 바랍니다. 가까운 분리배출 장소를 확인해보세요. 현재 위치에 가까운 배출장소가 없습니다. 근처의 다른 지역을 검색해보세요. 현 위치 배출장소 전체보기 현 지도에서 검색 장소 더보기 분리배출...', '', '2026-05-18', 0, '["일반폐기물", "일반종량제폐기물"]');
INSERT INTO aliases (item_id, alias, alias_lower, source) VALUES ('화장솜', '닦는 솜', '닦는 솜', 'rule');
INSERT INTO aliases (item_id, alias, alias_lower, source) VALUES ('화장솜', '메이크업 솜', '메이크업 솜', 'rule');
INSERT INTO aliases (item_id, alias, alias_lower, source) VALUES ('화장솜', '면솜', '면솜', 'rule');
INSERT INTO aliases (item_id, alias, alias_lower, source) VALUES ('화장솜', '미용 솜', '미용 솜', 'rule');
INSERT INTO aliases (item_id, alias, alias_lower, source) VALUES ('화장솜', '솜솜이', '솜솜이', 'rule');
INSERT INTO aliases (item_id, alias, alias_lower, source) VALUES ('화장솜', '솜패드', '솜패드', 'rule');
INSERT INTO aliases (item_id, alias, alias_lower, source) VALUES ('화장솜', '시루콧토', '시루콧토', 'rule');
INSERT INTO aliases (item_id, alias, alias_lower, source) VALUES ('화장솜', '코튼 패드', '코튼 패드', 'rule');
INSERT INTO aliases (item_id, alias, alias_lower, source) VALUES ('화장솜', '클렌징 솜', '클렌징 솜', 'rule');
INSERT INTO aliases (item_id, alias, alias_lower, source) VALUES ('화장솜', '토너 솜', '토너 솜', 'rule');
INSERT INTO aliases (item_id, alias, alias_lower, source) VALUES ('화장솜', '화장 코튼', '화장 코튼', 'rule');
INSERT INTO aliases (item_id, alias, alias_lower, source) VALUES ('화장솜', '화장용 솜', '화장용 솜', 'rule');
INSERT OR REPLACE INTO items (id, name, category, note, steps, confidence, source_url, source_name, source_grade, feature, caution, last_verified, region_variation, official_classification) VALUES ('깨끗한 핸드크림 용기', '깨끗한 핸드크림 용기', 'can', '· 바세린, 핸드크림 등의 화장품(내용물)은 재활용이 어렵습니다. · 내용물을 모두 사용한 용기는 물로 헹구는 등 이물질을 제거한 후 재질에 맞게 금속, 플라스틱으로 배출하여 주시면 재활용에 용이합니다. · 화장품의 내용물이 남아 있어서 제거하기 곤란한 경우에는 종량제봉투에 배출합니다.', '["깨끗한 핸드크림 용기는 재질에 맞게 고철수거함, 플라스틱 수거함으로 배출합니다.", "내용물 제거가 어려운 경우 종량제봉투로 배출합니다."]', 'high', 'https://www.xn--oy2b29bd3a601b.kr/front/dischargeMethod/dictionaryView.do?niIdx=734', '분리배출.kr (한국폐기물협회·환경부)', 'A', '· 바세린, 핸드크림 등의 화장품(내용물)은 재활용이 어렵습니다. · 내용물을 모두 사용한 용기는 물로 헹구는 등 이물질을 제거한 후 재질에 맞게 금속, 플라스틱으로 배출하여 주시면 재활용에 용이합니다. · 화장품의 내용물이 남아 있어서 제거하기 곤란한 경우에는 종량제봉투에 배출합니다.', '· 이물질을 제거한 후 배출', '2026-05-18', 0, '["재활용폐기물", "합성수지 용기류", "금속류", "고철"]');
INSERT INTO aliases (item_id, alias, alias_lower, source) VALUES ('깨끗한 핸드크림 용기', '깨끗한핸드크림용기', '깨끗한핸드크림용기', 'rule');
INSERT INTO aliases (item_id, alias, alias_lower, source) VALUES ('깨끗한 핸드크림 용기', '다쓴 핸드크림 통', '다쓴 핸드크림 통', 'rule');
INSERT INTO aliases (item_id, alias, alias_lower, source) VALUES ('깨끗한 핸드크림 용기', '다쓴 핸크', '다쓴 핸크', 'rule');
INSERT INTO aliases (item_id, alias, alias_lower, source) VALUES ('깨끗한 핸드크림 용기', '록시땅 핸드크림 통', '록시땅 핸드크림 통', 'rule');
INSERT INTO aliases (item_id, alias, alias_lower, source) VALUES ('깨끗한 핸드크림 용기', '비워진 핸드크림 용기', '비워진 핸드크림 용기', 'rule');
INSERT INTO aliases (item_id, alias, alias_lower, source) VALUES ('깨끗한 핸드크림 용기', '세척 핸드크림 용기', '세척 핸드크림 용기', 'rule');
INSERT INTO aliases (item_id, alias, alias_lower, source) VALUES ('깨끗한 핸드크림 용기', '손크림 통', '손크림 통', 'rule');
INSERT INTO aliases (item_id, alias, alias_lower, source) VALUES ('깨끗한 핸드크림 용기', '크림 튜브', '크림 튜브', 'rule');
INSERT INTO aliases (item_id, alias, alias_lower, source) VALUES ('깨끗한 핸드크림 용기', '튜브형 용기', '튜브형 용기', 'rule');
INSERT INTO aliases (item_id, alias, alias_lower, source) VALUES ('깨끗한 핸드크림 용기', '핸드크림 깡통', '핸드크림 깡통', 'rule');
INSERT INTO aliases (item_id, alias, alias_lower, source) VALUES ('깨끗한 핸드크림 용기', '핸드크림 컨테이너', '핸드크림 컨테이너', 'rule');
INSERT INTO aliases (item_id, alias, alias_lower, source) VALUES ('깨끗한 핸드크림 용기', '핸드크림 튜브', '핸드크림 튜브', 'rule');
INSERT INTO aliases (item_id, alias, alias_lower, source) VALUES ('깨끗한 핸드크림 용기', '핸크통', '핸크통', 'rule');
INSERT OR REPLACE INTO items (id, name, category, note, steps, confidence, source_url, source_name, source_grade, feature, caution, last_verified, region_variation, official_classification) VALUES ('침대커버', '침대커버', 'general', '· 대부분의 상태가 좋은 의류 및 섬유제품은 의류수거함으로 배출하여 국내 또는 국외로 판매하여 재사용하고 있습니다. · 다만, 솜이불, 베개, 방석, 침대 커버 등 일부 의류수거함으로 배출하기 어려운 품목이 있으며 해당 품목들은 일반폐기물, 대형폐기물, 재활용폐기물 배출방법에 의거하여 배출하여 주셔야 합니다.', '["침대커버는 종량제봉투로 배출합니다."]', 'high', 'https://www.xn--oy2b29bd3a601b.kr/front/dischargeMethod/dictionaryView.do?niIdx=735', '분리배출.kr (한국폐기물협회·환경부)', 'A', '· 대부분의 상태가 좋은 의류 및 섬유제품은 의류수거함으로 배출하여 국내 또는 국외로 판매하여 재사용하고 있습니다. · 다만, 솜이불, 베개, 방석, 침대 커버 등 일부 의류수거함으로 배출하기 어려운 품목이 있으며 해당 품목들은 일반폐기물, 대형폐기물, 재활용폐기물 배출방법에 의거하여 배출하여 주셔야 합니다.', '· 의류수거함으로 배출할 수 있는 제품은 정해져 있으므로 배출가능 대상 품목을 확인한 후 배출', '2026-05-18', 0, '["일반폐기물", "일반종량제폐기물"]');
INSERT INTO aliases (item_id, alias, alias_lower, source) VALUES ('침대커버', '매트리스 커버', '매트리스 커버', 'rule');
INSERT INTO aliases (item_id, alias, alias_lower, source) VALUES ('침대커버', '베드시트', '베드시트', 'rule');
INSERT INTO aliases (item_id, alias, alias_lower, source) VALUES ('침대커버', '베드커버', '베드커버', 'rule');
INSERT INTO aliases (item_id, alias, alias_lower, source) VALUES ('침대커버', '베딩 커버', '베딩 커버', 'rule');
INSERT INTO aliases (item_id, alias, alias_lower, source) VALUES ('침대커버', '이불 껍데기', '이불 껍데기', 'rule');
INSERT INTO aliases (item_id, alias, alias_lower, source) VALUES ('침대커버', '이불 덮개', '이불 덮개', 'rule');
INSERT INTO aliases (item_id, alias, alias_lower, source) VALUES ('침대커버', '이불커버', '이불커버', 'rule');
INSERT INTO aliases (item_id, alias, alias_lower, source) VALUES ('침대커버', '침구 커버', '침구 커버', 'rule');
INSERT INTO aliases (item_id, alias, alias_lower, source) VALUES ('침대커버', '침대 덮개', '침대 덮개', 'rule');
INSERT INTO aliases (item_id, alias, alias_lower, source) VALUES ('침대커버', '침대 씌우개', '침대 씌우개', 'rule');
INSERT INTO aliases (item_id, alias, alias_lower, source) VALUES ('침대커버', '침대보', '침대보', 'rule');
INSERT INTO aliases (item_id, alias, alias_lower, source) VALUES ('침대커버', '커버 천', '커버 천', 'rule');
INSERT OR REPLACE INTO items (id, name, category, note, steps, confidence, source_url, source_name, source_grade, feature, caution, last_verified, region_variation, official_classification) VALUES ('닭뼈', '닭뼈', 'general', '· 음식물류폐기물은 재활용과정을 거쳐 동물의 사료, 퇴비(비료), 바이오가스로 재활용하고 있습니다. · 동물의 뼈와 같이 딱딱한 물질이 처리시설에 반입되면 분쇄시 설비 고장을 일으킬 수 있으므로 종량제봉투로 배출하여야 합니다. ※ 배출방법은 지역별로 차이가 있을 수 있으니, 해당 지방자치단체에서 정하는 방법이 있는 경우에는 해당 방법에 따라 배출하시기 바랍', '["닭뼈는 종량제봉투로 배출합니다."]', 'high', 'https://www.xn--oy2b29bd3a601b.kr/front/dischargeMethod/dictionaryView.do?niIdx=736', '분리배출.kr (한국폐기물협회·환경부)', 'A', '· 음식물류폐기물은 재활용과정을 거쳐 동물의 사료, 퇴비(비료), 바이오가스로 재활용하고 있습니다. · 동물의 뼈와 같이 딱딱한 물질이 처리시설에 반입되면 분쇄시 설비 고장을 일으킬 수 있으므로 종량제봉투로 배출하여야 합니다. ※ 배출방법은 지역별로 차이가 있을 수 있으니, 해당 지방자치단체에서 정하는 방법이 있는 경우에는 해당 방법에 따라 배출하시기 바랍니다. 가까운 분리배출 장소를 확인해...', '', '2026-05-18', 0, '["일반폐기물", "일반종량제폐기물"]');
INSERT INTO aliases (item_id, alias, alias_lower, source) VALUES ('닭뼈', 'Chicken bone', 'chicken bone', 'rule');
INSERT INTO aliases (item_id, alias, alias_lower, source) VALUES ('닭뼈', '닭고기뼈', '닭고기뼈', 'rule');
INSERT INTO aliases (item_id, alias, alias_lower, source) VALUES ('닭뼈', '닭다리뼈', '닭다리뼈', 'rule');
INSERT INTO aliases (item_id, alias, alias_lower, source) VALUES ('닭뼈', '닭발뼈', '닭발뼈', 'rule');
INSERT INTO aliases (item_id, alias, alias_lower, source) VALUES ('닭뼈', '닭뼈다구', '닭뼈다구', 'rule');
INSERT INTO aliases (item_id, alias, alias_lower, source) VALUES ('닭뼈', '닭뼈다귀', '닭뼈다귀', 'rule');
INSERT INTO aliases (item_id, alias, alias_lower, source) VALUES ('닭뼈', '양념치킨뼈', '양념치킨뼈', 'rule');
INSERT INTO aliases (item_id, alias, alias_lower, source) VALUES ('닭뼈', '치킨 본', '치킨 본', 'rule');
INSERT INTO aliases (item_id, alias, alias_lower, source) VALUES ('닭뼈', '치킨뼈', '치킨뼈', 'rule');
INSERT INTO aliases (item_id, alias, alias_lower, source) VALUES ('닭뼈', '치킨뼈다귀', '치킨뼈다귀', 'rule');
INSERT INTO aliases (item_id, alias, alias_lower, source) VALUES ('닭뼈', '통닭뼈', '통닭뼈', 'rule');
INSERT INTO aliases (item_id, alias, alias_lower, source) VALUES ('닭뼈', '후라이드치킨뼈', '후라이드치킨뼈', 'rule');
INSERT OR REPLACE INTO items (id, name, category, note, steps, confidence, source_url, source_name, source_grade, feature, caution, last_verified, region_variation, official_classification) VALUES ('상장 케이스', '상장 케이스', 'general', '· 상장 케이스는 주로 종이 상장을 보호하기 위하여 사용하는 제품입니다. · 상장 케이스는 벨벳(우단), 금속, 종이 등이 혼합된 복합재질 제품으로 재활용이 어렵습니다. ※ 배출방법은 지역별로 차이가 있을 수 있으니, 해당 지방자치단체에서 정하는 방법이 있는 경우에는 해당 방법에 따라 배출하시기 바랍니다. 가까운 분리배출 장소를 확인해보세요. 현재 위치에', '["상장 케이스는 종량제봉투로 배출합니다."]', 'high', 'https://www.xn--oy2b29bd3a601b.kr/front/dischargeMethod/dictionaryView.do?niIdx=737', '분리배출.kr (한국폐기물협회·환경부)', 'A', '· 상장 케이스는 주로 종이 상장을 보호하기 위하여 사용하는 제품입니다. · 상장 케이스는 벨벳(우단), 금속, 종이 등이 혼합된 복합재질 제품으로 재활용이 어렵습니다. ※ 배출방법은 지역별로 차이가 있을 수 있으니, 해당 지방자치단체에서 정하는 방법이 있는 경우에는 해당 방법에 따라 배출하시기 바랍니다. 가까운 분리배출 장소를 확인해보세요. 현재 위치에 가까운 배출장소가 없습니다. 근처의...', '', '2026-05-18', 0, '["일반폐기물", "일반종량제폐기물"]');
INSERT INTO aliases (item_id, alias, alias_lower, source) VALUES ('상장 케이스', '디플로마 케이스', '디플로마 케이스', 'rule');
INSERT INTO aliases (item_id, alias, alias_lower, source) VALUES ('상장 케이스', '상장 박스', '상장 박스', 'rule');
INSERT INTO aliases (item_id, alias, alias_lower, source) VALUES ('상장 케이스', '상장 보관함', '상장 보관함', 'rule');
INSERT INTO aliases (item_id, alias, alias_lower, source) VALUES ('상장 케이스', '상장 상자', '상장 상자', 'rule');
INSERT INTO aliases (item_id, alias, alias_lower, source) VALUES ('상장 케이스', '상장갑', '상장갑', 'rule');
INSERT INTO aliases (item_id, alias, alias_lower, source) VALUES ('상장 케이스', '상장통', '상장통', 'rule');
INSERT INTO aliases (item_id, alias, alias_lower, source) VALUES ('상장 케이스', '서티피케이트 케이스', '서티피케이트 케이스', 'rule');
INSERT INTO aliases (item_id, alias, alias_lower, source) VALUES ('상장 케이스', '수료증 케이스', '수료증 케이스', 'rule');
INSERT INTO aliases (item_id, alias, alias_lower, source) VALUES ('상장 케이스', '어워드 케이스', '어워드 케이스', 'rule');
INSERT INTO aliases (item_id, alias, alias_lower, source) VALUES ('상장 케이스', '졸업장 케이스', '졸업장 케이스', 'rule');
INSERT INTO aliases (item_id, alias, alias_lower, source) VALUES ('상장 케이스', '증서 케이스', '증서 케이스', 'rule');
INSERT INTO aliases (item_id, alias, alias_lower, source) VALUES ('상장 케이스', '표창장 케이스', '표창장 케이스', 'rule');
INSERT OR REPLACE INTO items (id, name, category, note, steps, confidence, source_url, source_name, source_grade, feature, caution, last_verified, region_variation, official_classification) VALUES ('인슐린 주사기', '인슐린 주사기', 'general', '· 가정에서 발생하는 인슐린 주사기는 폐의약품에 해당하지 않으며 의료폐기물에도 해당하지 않습니다. · 주사기는 주사기의 바늘이 외부로 노출되지 않도록 안전하게 밀봉한 후 배출합니다.', '["인슐린 주사기는 충분히 감싼 후 종량제봉투로 배출합니다."]', 'high', 'https://www.xn--oy2b29bd3a601b.kr/front/dischargeMethod/dictionaryView.do?niIdx=738', '분리배출.kr (한국폐기물협회·환경부)', 'A', '· 가정에서 발생하는 인슐린 주사기는 폐의약품에 해당하지 않으며 의료폐기물에도 해당하지 않습니다. · 주사기는 주사기의 바늘이 외부로 노출되지 않도록 안전하게 밀봉한 후 배출합니다.', '· 주사기의 날카로운 부분이 외부로 노출되어 사람이 찔리거나 베이지 않도록 용기에 담거나 신문지, 테이프 등을 활용하여 충분히 감싼 후 배출', '2026-05-18', 0, '["일반폐기물", "일반종량제폐기물", "생활계 유해폐기물", "기타"]');
INSERT INTO aliases (item_id, alias, alias_lower, source) VALUES ('인슐린 주사기', 'insulin syringe', 'insulin syringe', 'rule');
INSERT INTO aliases (item_id, alias, alias_lower, source) VALUES ('인슐린 주사기', '당뇨 주사', '당뇨 주사', 'rule');
INSERT INTO aliases (item_id, alias, alias_lower, source) VALUES ('인슐린 주사기', '란투스 펜', '란투스 펜', 'rule');
INSERT INTO aliases (item_id, alias, alias_lower, source) VALUES ('인슐린 주사기', '인슐린 바늘', '인슐린 바늘', 'rule');
INSERT INTO aliases (item_id, alias, alias_lower, source) VALUES ('인슐린 주사기', '인슐린 샷', '인슐린 샷', 'rule');
INSERT INTO aliases (item_id, alias, alias_lower, source) VALUES ('인슐린 주사기', '인슐린 시린지', '인슐린 시린지', 'rule');
INSERT INTO aliases (item_id, alias, alias_lower, source) VALUES ('인슐린 주사기', '인슐린 주사', '인슐린 주사', 'rule');
INSERT INTO aliases (item_id, alias, alias_lower, source) VALUES ('인슐린 주사기', '인슐린 주삿바늘', '인슐린 주삿바늘', 'rule');
INSERT INTO aliases (item_id, alias, alias_lower, source) VALUES ('인슐린 주사기', '주사 콩', '주사 콩', 'rule');
INSERT INTO aliases (item_id, alias, alias_lower, source) VALUES ('인슐린 주사기', '휴마로그 펜', '휴마로그 펜', 'rule');
INSERT OR REPLACE INTO items (id, name, category, note, steps, confidence, source_url, source_name, source_grade, feature, caution, last_verified, region_variation, official_classification) VALUES ('콜라겐 가루', '콜라겐 가루', 'general', '· 가루 형태의 건강보조 식품은 음식물류폐기물과 의약품에 해당하지 않으며 일반쓰레기로 배출합니다.', '["콜라겐 가루는 종량제봉투로 배출합니다."]', 'high', 'https://www.xn--oy2b29bd3a601b.kr/front/dischargeMethod/dictionaryView.do?niIdx=739', '분리배출.kr (한국폐기물협회·환경부)', 'A', '· 가루 형태의 건강보조 식품은 음식물류폐기물과 의약품에 해당하지 않으며 일반쓰레기로 배출합니다.', '· 가루가 흘러나오지 않도록 밀봉하여 배출', '2026-05-18', 0, '["일반폐기물", "일반종량제폐기물"]');
INSERT INTO aliases (item_id, alias, alias_lower, source) VALUES ('콜라겐 가루', '단백질 가루', '단백질 가루', 'rule');
INSERT OR REPLACE INTO items (id, name, category, note, steps, confidence, source_url, source_name, source_grade, feature, caution, last_verified, region_variation, official_classification) VALUES ('안경', '안경', 'general', '· 안경은 유리, 플라스틱, 금속 등이 혼합된 복합재질 제품으로 재활용이 어렵습니다. ※ 배출방법은 지역별로 차이가 있을 수 있으니, 해당 지방자치단체에서 정하는 방법이 있는 경우에는 해당 방법에 따라 배출하시기 바랍니다. 가까운 분리배출 장소를 확인해보세요. 현재 위치에 가까운 배출장소가 없습니다. 근처의 다른 지역을 검색해보세요. 현 위치 배출장소 전체', '["안경은 종량제봉투로 배출합니다."]', 'high', 'https://www.xn--oy2b29bd3a601b.kr/front/dischargeMethod/dictionaryView.do?niIdx=740', '분리배출.kr (한국폐기물협회·환경부)', 'A', '· 안경은 유리, 플라스틱, 금속 등이 혼합된 복합재질 제품으로 재활용이 어렵습니다. ※ 배출방법은 지역별로 차이가 있을 수 있으니, 해당 지방자치단체에서 정하는 방법이 있는 경우에는 해당 방법에 따라 배출하시기 바랍니다. 가까운 분리배출 장소를 확인해보세요. 현재 위치에 가까운 배출장소가 없습니다. 근처의 다른 지역을 검색해보세요. 현 위치 배출장소 전체보기 현 지도에서 검색 장소 더보기...', '', '2026-05-18', 0, '["일반폐기물", "일반종량제폐기물"]');
INSERT INTO aliases (item_id, alias, alias_lower, source) VALUES ('안경', '글래시스', '글래시스', 'rule');
INSERT INTO aliases (item_id, alias, alias_lower, source) VALUES ('안경', '돋보기', '돋보기', 'rule');
INSERT INTO aliases (item_id, alias, alias_lower, source) VALUES ('안경', '레이밴', '레이밴', 'rule');
INSERT INTO aliases (item_id, alias, alias_lower, source) VALUES ('안경', '색안경', '색안경', 'rule');
INSERT INTO aliases (item_id, alias, alias_lower, source) VALUES ('안경', '스펙터클스', '스펙터클스', 'rule');
INSERT INTO aliases (item_id, alias, alias_lower, source) VALUES ('안경', '시력안경', '시력안경', 'rule');
INSERT INTO aliases (item_id, alias, alias_lower, source) VALUES ('안경', '아이웨어', '아이웨어', 'rule');
INSERT INTO aliases (item_id, alias, alias_lower, source) VALUES ('안경', '안경이', '안경이', 'rule');
INSERT INTO aliases (item_id, alias, alias_lower, source) VALUES ('안경', '옵티컬', '옵티컬', 'rule');
INSERT INTO aliases (item_id, alias, alias_lower, source) VALUES ('안경', '젠틀몬스터', '젠틀몬스터', 'rule');
INSERT OR REPLACE INTO items (id, name, category, note, steps, confidence, source_url, source_name, source_grade, feature, caution, last_verified, region_variation, official_classification) VALUES ('은박 접시', '은박 접시', 'general', '· 재활용 선별장에서는 알루미늄 캔, 용기, 제품을 선별하나 은박 접시는 선별이 용이하지 않기 때문에 종량제봉투로 배출합니다.', '["은박 접시는 종량제봉투로 배출합니다."]', 'high', 'https://www.xn--oy2b29bd3a601b.kr/front/dischargeMethod/dictionaryView.do?niIdx=741', '분리배출.kr (한국폐기물협회·환경부)', 'A', '· 재활용 선별장에서는 알루미늄 캔, 용기, 제품을 선별하나 은박 접시는 선별이 용이하지 않기 때문에 종량제봉투로 배출합니다.', '· 금속캔, 고철류로 배출 불가', '2026-05-18', 0, '["일반폐기물", "일반종량제폐기물"]');
INSERT INTO aliases (item_id, alias, alias_lower, source) VALUES ('은박 접시', '구이용 접시', '구이용 접시', 'rule');
INSERT INTO aliases (item_id, alias, alias_lower, source) VALUES ('은박 접시', '바비큐 접시', '바비큐 접시', 'rule');
INSERT INTO aliases (item_id, alias, alias_lower, source) VALUES ('은박 접시', '빤짝이 접시', '빤짝이 접시', 'rule');
INSERT INTO aliases (item_id, alias, alias_lower, source) VALUES ('은박 접시', '알루미늄 용기', '알루미늄 용기', 'rule');
INSERT INTO aliases (item_id, alias, alias_lower, source) VALUES ('은박 접시', '알루미늄 접시', '알루미늄 접시', 'rule');
INSERT INTO aliases (item_id, alias, alias_lower, source) VALUES ('은박 접시', '알루미늄 트레이', '알루미늄 트레이', 'rule');
INSERT INTO aliases (item_id, alias, alias_lower, source) VALUES ('은박 접시', '알루미늄 플레이트', '알루미늄 플레이트', 'rule');
INSERT INTO aliases (item_id, alias, alias_lower, source) VALUES ('은박 접시', '은박 그릇', '은박 그릇', 'rule');
INSERT INTO aliases (item_id, alias, alias_lower, source) VALUES ('은박 접시', '은박이', '은박이', 'rule');
INSERT INTO aliases (item_id, alias, alias_lower, source) VALUES ('은박 접시', '은박접시', '은박접시', 'rule');
INSERT INTO aliases (item_id, alias, alias_lower, source) VALUES ('은박 접시', '일회용 은박 접시', '일회용 은박 접시', 'rule');
INSERT INTO aliases (item_id, alias, alias_lower, source) VALUES ('은박 접시', '캠핑 접시', '캠핑 접시', 'rule');
INSERT INTO aliases (item_id, alias, alias_lower, source) VALUES ('은박 접시', '호일 접시', '호일 접시', 'rule');
INSERT OR REPLACE INTO items (id, name, category, note, steps, confidence, source_url, source_name, source_grade, feature, caution, last_verified, region_variation, official_classification) VALUES ('토너', '토너', 'general', '· 토너, 잉크는 프린터기, 복합기 등 탈착식으로 내장된 카트리지에 포함된 물질로 토너는 분말 형태로, 잉크는 액체 형태입니다. · 토너와 잉크는 종량제봉투로 배출합니다. ※ 배출방법은 지역별로 차이가 있을 수 있으니, 해당 지방자치단체에서 정하는 방법이 있는 경우에는 해당 방법에 따라 배출하시기 바랍니다. 가까운 분리배출 장소를 확인해보세요. 현재 위치에', '["토너는 카트리지에 들어있는 분말가루로 종량제봉투로 배출합니다."]', 'high', 'https://www.xn--oy2b29bd3a601b.kr/front/dischargeMethod/dictionaryView.do?niIdx=742', '분리배출.kr (한국폐기물협회·환경부)', 'A', '· 토너, 잉크는 프린터기, 복합기 등 탈착식으로 내장된 카트리지에 포함된 물질로 토너는 분말 형태로, 잉크는 액체 형태입니다. · 토너와 잉크는 종량제봉투로 배출합니다. ※ 배출방법은 지역별로 차이가 있을 수 있으니, 해당 지방자치단체에서 정하는 방법이 있는 경우에는 해당 방법에 따라 배출하시기 바랍니다. 가까운 분리배출 장소를 확인해보세요. 현재 위치에 가까운 배출장소가 없습니다. 근처의...', '', '2026-05-18', 0, '["일반폐기물", "일반종량제폐기물"]');
INSERT INTO aliases (item_id, alias, alias_lower, source) VALUES ('토너', '레이저 토너', '레이저 토너', 'rule');
INSERT INTO aliases (item_id, alias, alias_lower, source) VALUES ('토너', '분말 토너', '분말 토너', 'rule');
INSERT INTO aliases (item_id, alias, alias_lower, source) VALUES ('토너', '인쇄 토너', '인쇄 토너', 'rule');
INSERT INTO aliases (item_id, alias, alias_lower, source) VALUES ('토너', '잉크통', '잉크통', 'rule');
INSERT INTO aliases (item_id, alias, alias_lower, source) VALUES ('토너', '재생 토너', '재생 토너', 'rule');
INSERT INTO aliases (item_id, alias, alias_lower, source) VALUES ('토너', '정품 토너', '정품 토너', 'rule');
INSERT INTO aliases (item_id, alias, alias_lower, source) VALUES ('토너', '카트리지', '카트리지', 'rule');
INSERT INTO aliases (item_id, alias, alias_lower, source) VALUES ('토너', '토너 가루', '토너 가루', 'rule');
INSERT INTO aliases (item_id, alias, alias_lower, source) VALUES ('토너', '토너 리필', '토너 리필', 'rule');
INSERT INTO aliases (item_id, alias, alias_lower, source) VALUES ('토너', '토너통', '토너통', 'rule');
INSERT INTO aliases (item_id, alias, alias_lower, source) VALUES ('토너', '프린터 밥', '프린터 밥', 'rule');
INSERT INTO aliases (item_id, alias, alias_lower, source) VALUES ('토너', '프린터 잉크', '프린터 잉크', 'rule');
INSERT INTO aliases (item_id, alias, alias_lower, source) VALUES ('토너', '프린터 토너', '프린터 토너', 'rule');
INSERT OR REPLACE INTO items (id, name, category, note, steps, confidence, source_url, source_name, source_grade, feature, caution, last_verified, region_variation, official_classification) VALUES ('스키신발', '스키신발', 'general', '· 스키신발은 플라스틱과 섬유 등 다양한 재질이 혼합된 복합재질 제품으로 재활용이 어렵습니다.', '["스키신발은 종량제봉투로 배출합니다.", "크기가 커 종량제봉투로 배출하기 어려운 경우에는 대형폐기물로 배출합니다."]', 'high', 'https://www.xn--oy2b29bd3a601b.kr/front/dischargeMethod/dictionaryView.do?niIdx=743', '분리배출.kr (한국폐기물협회·환경부)', 'A', '· 스키신발은 플라스틱과 섬유 등 다양한 재질이 혼합된 복합재질 제품으로 재활용이 어렵습니다.', '· 의류수거함에 배출 불가능', '2026-05-18', 0, '["일반폐기물", "일반종량제폐기물"]');
INSERT INTO aliases (item_id, alias, alias_lower, source) VALUES ('스키신발', 'Ski boot', 'ski boot', 'rule');
INSERT INTO aliases (item_id, alias, alias_lower, source) VALUES ('스키신발', 'Ski boots', 'ski boots', 'rule');
INSERT INTO aliases (item_id, alias, alias_lower, source) VALUES ('스키신발', '겨울 스키 부츠', '겨울 스키 부츠', 'rule');
INSERT INTO aliases (item_id, alias, alias_lower, source) VALUES ('스키신발', '동계 스키 부츠', '동계 스키 부츠', 'rule');
INSERT INTO aliases (item_id, alias, alias_lower, source) VALUES ('스키신발', '설상 스키 부츠', '설상 스키 부츠', 'rule');
INSERT INTO aliases (item_id, alias, alias_lower, source) VALUES ('스키신발', '스키 부츠', '스키 부츠', 'rule');
INSERT INTO aliases (item_id, alias, alias_lower, source) VALUES ('스키신발', '스키 슈즈', '스키 슈즈', 'rule');
INSERT INTO aliases (item_id, alias, alias_lower, source) VALUES ('스키신발', '스키부츠', '스키부츠', 'rule');
INSERT INTO aliases (item_id, alias, alias_lower, source) VALUES ('스키신발', '스키용 부츠', '스키용 부츠', 'rule');
INSERT INTO aliases (item_id, alias, alias_lower, source) VALUES ('스키신발', '스키용 신발', '스키용 신발', 'rule');
INSERT INTO aliases (item_id, alias, alias_lower, source) VALUES ('스키신발', '스키화', '스키화', 'rule');
INSERT INTO aliases (item_id, alias, alias_lower, source) VALUES ('스키신발', '알파인 스키 부츠', '알파인 스키 부츠', 'rule');
INSERT INTO aliases (item_id, alias, alias_lower, source) VALUES ('스키신발', '인라인 스케이트', '인라인 스케이트', 'rule');
INSERT OR REPLACE INTO items (id, name, category, note, steps, confidence, source_url, source_name, source_grade, feature, caution, last_verified, region_variation, official_classification) VALUES ('육수팩', '육수팩', 'general', '· 육수팩은 멸치, 버섯, 다시마 등을 담아 국물을 우려낼때 사용한 제품으로 재질은 PLA, 부직포 등이 사용되고 있습니다. · 육수팩은 재활용이 어려우므로 일반쓰레기로 배출합니다. · 육수팩의 멸치, 버섯, 다시마 등 내용물은 음식물류폐기물로 배출합니다.', '["육수팩은 종량제봉투로 배출합니다."]', 'high', 'https://www.xn--oy2b29bd3a601b.kr/front/dischargeMethod/dictionaryView.do?niIdx=744', '분리배출.kr (한국폐기물협회·환경부)', 'A', '· 육수팩은 멸치, 버섯, 다시마 등을 담아 국물을 우려낼때 사용한 제품으로 재질은 PLA, 부직포 등이 사용되고 있습니다. · 육수팩은 재활용이 어려우므로 일반쓰레기로 배출합니다. · 육수팩의 멸치, 버섯, 다시마 등 내용물은 음식물류폐기물로 배출합니다.', '· 음식물류폐기물로 배출 불가능', '2026-05-18', 0, '["일반폐기물", "일반종량제폐기물"]');
INSERT INTO aliases (item_id, alias, alias_lower, source) VALUES ('육수팩', '국물봉지', '국물봉지', 'rule');
INSERT INTO aliases (item_id, alias, alias_lower, source) VALUES ('육수팩', '국물팩', '국물팩', 'rule');
INSERT INTO aliases (item_id, alias, alias_lower, source) VALUES ('육수팩', '다시팩', '다시팩', 'rule');
INSERT INTO aliases (item_id, alias, alias_lower, source) VALUES ('육수팩', '멸치다시팩', '멸치다시팩', 'rule');
INSERT INTO aliases (item_id, alias, alias_lower, source) VALUES ('육수팩', '브로스 팩', '브로스 팩', 'rule');
INSERT INTO aliases (item_id, alias, alias_lower, source) VALUES ('육수팩', '스톡 팩', '스톡 팩', 'rule');
INSERT INTO aliases (item_id, alias, alias_lower, source) VALUES ('육수팩', '야채다시팩', '야채다시팩', 'rule');
INSERT INTO aliases (item_id, alias, alias_lower, source) VALUES ('육수팩', '육수 주머니', '육수 주머니', 'rule');
INSERT INTO aliases (item_id, alias, alias_lower, source) VALUES ('육수팩', '육수 티백', '육수 티백', 'rule');
INSERT INTO aliases (item_id, alias, alias_lower, source) VALUES ('육수팩', '육수용 팩', '육수용 팩', 'rule');
INSERT INTO aliases (item_id, alias, alias_lower, source) VALUES ('육수팩', '육팩', '육팩', 'rule');
INSERT INTO aliases (item_id, alias, alias_lower, source) VALUES ('육수팩', '해물다시팩', '해물다시팩', 'rule');
INSERT OR REPLACE INTO items (id, name, category, note, steps, confidence, source_url, source_name, source_grade, feature, caution, last_verified, region_variation, official_classification) VALUES ('한약 찌꺼기', '한약 찌꺼기', 'general', '· 녹차잎 등 차류 및 한약의 찌꺼기는 영양성분이 거의 남아있지 않아 재활용품(사료, 퇴비)의 가치가 떨어지므로 일반쓰레기로 배출합니다. ※ 배출방법은 지역별로 차이가 있을 수 있으니, 해당 지방자치단체에서 정하는 방법이 있는 경우에는 해당 방법에 따라 배출하시기 바랍니다. 가까운 분리배출 장소를 확인해보세요. 현재 위치에 가까운 배출장소가 없습니다. 근처', '["한약 찌꺼기는 종량제봉투로 배출합니다."]', 'high', 'https://www.xn--oy2b29bd3a601b.kr/front/dischargeMethod/dictionaryView.do?niIdx=745', '분리배출.kr (한국폐기물협회·환경부)', 'A', '· 녹차잎 등 차류 및 한약의 찌꺼기는 영양성분이 거의 남아있지 않아 재활용품(사료, 퇴비)의 가치가 떨어지므로 일반쓰레기로 배출합니다. ※ 배출방법은 지역별로 차이가 있을 수 있으니, 해당 지방자치단체에서 정하는 방법이 있는 경우에는 해당 방법에 따라 배출하시기 바랍니다. 가까운 분리배출 장소를 확인해보세요. 현재 위치에 가까운 배출장소가 없습니다. 근처의 다른 지역을 검색해보세요. 현 위...', '', '2026-05-18', 0, '["일반폐기물", "일반종량제폐기물"]');
INSERT INTO aliases (item_id, alias, alias_lower, source) VALUES ('한약 찌꺼기', 'Herbal dregs', 'herbal dregs', 'rule');
INSERT INTO aliases (item_id, alias, alias_lower, source) VALUES ('한약 찌꺼기', 'Herbal waste', 'herbal waste', 'rule');
INSERT INTO aliases (item_id, alias, alias_lower, source) VALUES ('한약 찌꺼기', '녹차잎', '녹차잎', 'rule');
INSERT INTO aliases (item_id, alias, alias_lower, source) VALUES ('한약 찌꺼기', '약 찌꺼기', '약 찌꺼기', 'rule');
INSERT INTO aliases (item_id, alias, alias_lower, source) VALUES ('한약 찌꺼기', '약초 찌꺼기', '약초 찌꺼기', 'rule');
INSERT INTO aliases (item_id, alias, alias_lower, source) VALUES ('한약 찌꺼기', '탕약 찌꺼기', '탕약 찌꺼기', 'rule');
INSERT INTO aliases (item_id, alias, alias_lower, source) VALUES ('한약 찌꺼기', '탕제 찌꺼기', '탕제 찌꺼기', 'rule');
INSERT INTO aliases (item_id, alias, alias_lower, source) VALUES ('한약 찌꺼기', '한약 부산물', '한약 부산물', 'rule');
INSERT INTO aliases (item_id, alias, alias_lower, source) VALUES ('한약 찌꺼기', '한약 쓰레기', '한약 쓰레기', 'rule');
INSERT INTO aliases (item_id, alias, alias_lower, source) VALUES ('한약 찌꺼기', '한약 잔여물', '한약 잔여물', 'rule');
INSERT INTO aliases (item_id, alias, alias_lower, source) VALUES ('한약 찌꺼기', '한약 폐기물', '한약 폐기물', 'rule');
INSERT INTO aliases (item_id, alias, alias_lower, source) VALUES ('한약 찌꺼기', '한약물 찌꺼기', '한약물 찌꺼기', 'rule');
INSERT INTO aliases (item_id, alias, alias_lower, source) VALUES ('한약 찌꺼기', '한약재 찌꺼기', '한약재 찌꺼기', 'rule');
INSERT INTO aliases (item_id, alias, alias_lower, source) VALUES ('한약 찌꺼기', '한약찌꺼기', '한약찌꺼기', 'rule');
INSERT OR REPLACE INTO items (id, name, category, note, steps, confidence, source_url, source_name, source_grade, feature, caution, last_verified, region_variation, official_classification) VALUES ('과일그물망', '과일그물망', 'general', '', '["과일그물망은 종량제봉투로 배출합니다."]', 'high', 'https://www.xn--oy2b29bd3a601b.kr/front/dischargeMethod/dictionaryView.do?niIdx=746', '분리배출.kr (한국폐기물협회·환경부)', 'A', '', '· 과일을 포장할 때 사용하는 팬캡, 그물망은 EPE 재질로 된 발포합성수지입니다. · EPE는 재활용업체수가 적고 EPS와 분리하여 수집과 선별하기가 어려워서 가정에서 소량으로 발생하는 경우에는 일반쓰레기로 배출합니다.', '2026-05-18', 0, '["일반폐기물", "일반종량제폐기물"]');
INSERT INTO aliases (item_id, alias, alias_lower, source) VALUES ('과일그물망', '과일보호망', '과일보호망', 'rule');
INSERT INTO aliases (item_id, alias, alias_lower, source) VALUES ('과일그물망', '과일폼', '과일폼', 'rule');
INSERT INTO aliases (item_id, alias, alias_lower, source) VALUES ('과일그물망', '메쉬망', '메쉬망', 'rule');
INSERT INTO aliases (item_id, alias, alias_lower, source) VALUES ('과일그물망', '배망', '배망', 'rule');
INSERT INTO aliases (item_id, alias, alias_lower, source) VALUES ('과일그물망', '사과망', '사과망', 'rule');
INSERT INTO aliases (item_id, alias, alias_lower, source) VALUES ('과일그물망', '충격흡수망', '충격흡수망', 'rule');
INSERT INTO aliases (item_id, alias, alias_lower, source) VALUES ('과일그물망', '폼망', '폼망', 'rule');
INSERT OR REPLACE INTO items (id, name, category, note, steps, confidence, source_url, source_name, source_grade, feature, caution, last_verified, region_variation, official_classification) VALUES ('옥수수껍질', '옥수수껍질', 'general', '· 옥수수껍질은 기계고장의 원인이 될 수 있고, 동물의 사료로 적합하지 않기 때문에 일반쓰레기로 배출합니다.', '["옥수수껍질은 종량제봉투로 배출합니다."]', 'high', 'https://www.xn--oy2b29bd3a601b.kr/front/dischargeMethod/dictionaryView.do?niIdx=747', '분리배출.kr (한국폐기물협회·환경부)', 'A', '· 옥수수껍질은 기계고장의 원인이 될 수 있고, 동물의 사료로 적합하지 않기 때문에 일반쓰레기로 배출합니다.', '·음식물류폐기물로 배출 불가능', '2026-05-18', 0, '["일반폐기물", "일반종량제폐기물"]');
INSERT INTO aliases (item_id, alias, alias_lower, source) VALUES ('옥수수껍질', '조개 껍데기', '조개 껍데기', 'rule');
INSERT OR REPLACE INTO items (id, name, category, note, steps, confidence, source_url, source_name, source_grade, feature, caution, last_verified, region_variation, official_classification) VALUES ('바이올린', '바이올린', 'furniture', '· 바이올린은 나무재질에 나일론, 카본 등 여러가지 재질로 구성되어 있어 복합재질이므로 재활용이 어렵습니다. · 크기가 큰 기타, 첼로는 대형폐기물로 배출합니다. ※ 배출방법은 지역별로 차이가 있을 수 있으니, 해당 지방자치단체에서 정하는 방법이 있는 경우에는 해당 방법에 따라 배출하시기 바랍니다. 가까운 분리배출 장소를 확인해보세요. 현재 위치에 가까운', '["바이올린은 종량제봉투로 배출합니다.", "종량제봉투에 담기 어려운 경우에는 대형폐기물로 배출합니다"]', 'high', 'https://www.xn--oy2b29bd3a601b.kr/front/dischargeMethod/dictionaryView.do?niIdx=749', '분리배출.kr (한국폐기물협회·환경부)', 'A', '· 바이올린은 나무재질에 나일론, 카본 등 여러가지 재질로 구성되어 있어 복합재질이므로 재활용이 어렵습니다. · 크기가 큰 기타, 첼로는 대형폐기물로 배출합니다. ※ 배출방법은 지역별로 차이가 있을 수 있으니, 해당 지방자치단체에서 정하는 방법이 있는 경우에는 해당 방법에 따라 배출하시기 바랍니다. 가까운 분리배출 장소를 확인해보세요. 현재 위치에 가까운 배출장소가 없습니다. 근처의 다른 지...', '', '2026-05-18', 0, '["일반폐기물", "일반종량제폐기물", "대형폐기물"]');
INSERT INTO aliases (item_id, alias, alias_lower, source) VALUES ('바이올린', 'violin', 'violin', 'rule');
INSERT INTO aliases (item_id, alias, alias_lower, source) VALUES ('바이올린', '바욜', '바욜', 'rule');
INSERT INTO aliases (item_id, alias, alias_lower, source) VALUES ('바이올린', '바욜린', '바욜린', 'rule');
INSERT INTO aliases (item_id, alias, alias_lower, source) VALUES ('바이올린', '바이얼린', '바이얼린', 'rule');
INSERT INTO aliases (item_id, alias, alias_lower, source) VALUES ('바이올린', '바이오린', '바이오린', 'rule');
INSERT INTO aliases (item_id, alias, alias_lower, source) VALUES ('바이올린', '바이올린 악기', '바이올린 악기', 'rule');
INSERT INTO aliases (item_id, alias, alias_lower, source) VALUES ('바이올린', '서양 악기', '서양 악기', 'rule');
INSERT INTO aliases (item_id, alias, alias_lower, source) VALUES ('바이올린', '스트링 악기', '스트링 악기', 'rule');
INSERT INTO aliases (item_id, alias, alias_lower, source) VALUES ('바이올린', '클래식 악기', '클래식 악기', 'rule');
INSERT INTO aliases (item_id, alias, alias_lower, source) VALUES ('바이올린', '피들', '피들', 'rule');
INSERT INTO aliases (item_id, alias, alias_lower, source) VALUES ('바이올린', '현악기', '현악기', 'rule');
INSERT INTO aliases (item_id, alias, alias_lower, source) VALUES ('바이올린', '활악기', '활악기', 'rule');
INSERT OR REPLACE INTO items (id, name, category, note, steps, confidence, source_url, source_name, source_grade, feature, caution, last_verified, region_variation, official_classification) VALUES ('공갈젖꼭지', '공갈젖꼭지', 'general', '· 실리콘 수지는 열에 잘 변형되지 않는 열경화성 수지 제품으로 주로 조리도구, 유아용품 등에 사용됩니다. · 합성수지 제품(플라스틱 제품)은 선별압축-파쇄-세척-용융압출 등의 과정을 거쳐 재활용하고 있습니다. · 열경화성 수지 제품의 경우 열에 쉽게 변형되지 않아 재활용이 어렵습니다. ※ 배출방법은 지역별로 차이가 있을 수 있으니, 해당 지방자치단체에서', '["공갈젖꼭지는 종량제봉투로 배출합니다."]', 'high', 'https://www.xn--oy2b29bd3a601b.kr/front/dischargeMethod/dictionaryView.do?niIdx=752', '분리배출.kr (한국폐기물협회·환경부)', 'A', '· 실리콘 수지는 열에 잘 변형되지 않는 열경화성 수지 제품으로 주로 조리도구, 유아용품 등에 사용됩니다. · 합성수지 제품(플라스틱 제품)은 선별압축-파쇄-세척-용융압출 등의 과정을 거쳐 재활용하고 있습니다. · 열경화성 수지 제품의 경우 열에 쉽게 변형되지 않아 재활용이 어렵습니다. ※ 배출방법은 지역별로 차이가 있을 수 있으니, 해당 지방자치단체에서 정하는 방법이 있는 경우에는 해당 방...', '', '2026-05-18', 0, '["일반폐기물", "일반종량제폐기물"]');
INSERT INTO aliases (item_id, alias, alias_lower, source) VALUES ('공갈젖꼭지', '가짜젖꼭지', '가짜젖꼭지', 'rule');
INSERT INTO aliases (item_id, alias, alias_lower, source) VALUES ('공갈젖꼭지', '고무젖꼭지', '고무젖꼭지', 'rule');
INSERT INTO aliases (item_id, alias, alias_lower, source) VALUES ('공갈젖꼭지', '공갈이', '공갈이', 'rule');
INSERT INTO aliases (item_id, alias, alias_lower, source) VALUES ('공갈젖꼭지', '공갈젖', '공갈젖', 'rule');
INSERT INTO aliases (item_id, alias, alias_lower, source) VALUES ('공갈젖꼭지', '노리개젖꼭지', '노리개젖꼭지', 'rule');
INSERT INTO aliases (item_id, alias, alias_lower, source) VALUES ('공갈젖꼭지', '누크', '누크', 'rule');
INSERT INTO aliases (item_id, alias, alias_lower, source) VALUES ('공갈젖꼭지', '더미', '더미', 'rule');
INSERT INTO aliases (item_id, alias, alias_lower, source) VALUES ('공갈젖꼭지', '실리콘 주걱', '실리콘 주걱', 'rule');
INSERT INTO aliases (item_id, alias, alias_lower, source) VALUES ('공갈젖꼭지', '실리콘젖꼭지', '실리콘젖꼭지', 'rule');
INSERT INTO aliases (item_id, alias, alias_lower, source) VALUES ('공갈젖꼭지', '아기젖꼭지', '아기젖꼭지', 'rule');
INSERT INTO aliases (item_id, alias, alias_lower, source) VALUES ('공갈젖꼭지', '아벤트', '아벤트', 'rule');
INSERT INTO aliases (item_id, alias, alias_lower, source) VALUES ('공갈젖꼭지', '쪽쪽이', '쪽쪽이', 'rule');
INSERT INTO aliases (item_id, alias, alias_lower, source) VALUES ('공갈젖꼭지', '페시파이어', '페시파이어', 'rule');
INSERT OR REPLACE INTO items (id, name, category, note, steps, confidence, source_url, source_name, source_grade, feature, caution, last_verified, region_variation, official_classification) VALUES ('아보카도씨', '아보카도씨', 'general', '· 아보카도, 감, 아보카도 등 단단한 씨앗은 분쇄시설의 고장을 유발할 수 있어 일반쓰레기로 배출합니다. ※ 배출방법은 지역별로 차이가 있을 수 있으니, 해당 지방자치단체에서 정하는 방법이 있는 경우에는 해당 방법에 따라 배출하시기 바랍니다. 가까운 분리배출 장소를 확인해보세요. 현재 위치에 가까운 배출장소가 없습니다. 근처의 다른 지역을 검색해보세요. 현', '["아보카도씨는 종량제봉투로 배출합니다."]', 'high', 'https://www.xn--oy2b29bd3a601b.kr/front/dischargeMethod/dictionaryView.do?niIdx=753', '분리배출.kr (한국폐기물협회·환경부)', 'A', '· 아보카도, 감, 아보카도 등 단단한 씨앗은 분쇄시설의 고장을 유발할 수 있어 일반쓰레기로 배출합니다. ※ 배출방법은 지역별로 차이가 있을 수 있으니, 해당 지방자치단체에서 정하는 방법이 있는 경우에는 해당 방법에 따라 배출하시기 바랍니다. 가까운 분리배출 장소를 확인해보세요. 현재 위치에 가까운 배출장소가 없습니다. 근처의 다른 지역을 검색해보세요. 현 위치 배출장소 전체보기 현 지도에서...', '', '2026-05-18', 0, '["일반폐기물", "일반종량제폐기물"]');
INSERT OR REPLACE INTO items (id, name, category, note, steps, confidence, source_url, source_name, source_grade, feature, caution, last_verified, region_variation, official_classification) VALUES ('칼라타이', '칼라타이', 'general', '· 칼라타이는 철심을 종이나 비닐로 깜싼 것으로 빵 봉지 등 봉지와 같은 용기의 입구를 묶는 데 사용됩니다. · 칼라타이는 크기가 작고 금속과 분리하는데 어려움이 있기 때문에 일반쓰레기로 배출합니다. ※ 배출방법은 지역별로 차이가 있을 수 있으니, 해당 지방자치단체에서 정하는 방법이 있는 경우에는 해당 방법에 따라 배출하시기 바랍니다. 가까운 분리배출 장소', '["칼라타이는 종량제봉투로 배출합니다."]', 'high', 'https://www.xn--oy2b29bd3a601b.kr/front/dischargeMethod/dictionaryView.do?niIdx=754', '분리배출.kr (한국폐기물협회·환경부)', 'A', '· 칼라타이는 철심을 종이나 비닐로 깜싼 것으로 빵 봉지 등 봉지와 같은 용기의 입구를 묶는 데 사용됩니다. · 칼라타이는 크기가 작고 금속과 분리하는데 어려움이 있기 때문에 일반쓰레기로 배출합니다. ※ 배출방법은 지역별로 차이가 있을 수 있으니, 해당 지방자치단체에서 정하는 방법이 있는 경우에는 해당 방법에 따라 배출하시기 바랍니다. 가까운 분리배출 장소를 확인해보세요. 현재 위치에 가까운...', '', '2026-05-18', 0, '["일반폐기물", "일반종량제폐기물"]');
INSERT OR REPLACE INTO items (id, name, category, note, steps, confidence, source_url, source_name, source_grade, feature, caution, last_verified, region_variation, official_classification) VALUES ('깨끗한 꿀 용기', '깨끗한 꿀 용기', 'glass', '· 물엿, 꿀 등은 물로 헹구어 하수로 배출합니다. · 라벨은 제거하여 비닐류로 배출하며, 용기는 재질에 맞게 유리병 수거함 또는 플라스틱 수거함으로 배출합니다. · 내용물(물엿, 꿀 등) 제거가 어려운 경우에는 뚜껑을 닫아 제품 그대로 종량제봉투로 배출하여 주시기 바랍니다. ※ 배출방법은 지역별로 차이가 있을 수 있으니, 해당 지방자치단체에서 정하는 방법', '["깨끗한 꿀 용기는 재질에 맞게 유리병 수거함 또는 플라스틱 수거함으로 배출합니다.", "내용물 제거가 어려운 경우 종량제봉투로 배출합니다."]', 'high', 'https://www.xn--oy2b29bd3a601b.kr/front/dischargeMethod/dictionaryView.do?niIdx=755', '분리배출.kr (한국폐기물협회·환경부)', 'A', '· 물엿, 꿀 등은 물로 헹구어 하수로 배출합니다. · 라벨은 제거하여 비닐류로 배출하며, 용기는 재질에 맞게 유리병 수거함 또는 플라스틱 수거함으로 배출합니다. · 내용물(물엿, 꿀 등) 제거가 어려운 경우에는 뚜껑을 닫아 제품 그대로 종량제봉투로 배출하여 주시기 바랍니다. ※ 배출방법은 지역별로 차이가 있을 수 있으니, 해당 지방자치단체에서 정하는 방법이 있는 경우에는 해당 방법에 따라...', '', '2026-05-18', 0, '["재활용폐기물", "합성수지 용기류", "유리병"]');
INSERT INTO aliases (item_id, alias, alias_lower, source) VALUES ('깨끗한 꿀 용기', 'honey bottle', 'honey bottle', 'rule');
INSERT INTO aliases (item_id, alias, alias_lower, source) VALUES ('깨끗한 꿀 용기', 'honey jar', 'honey jar', 'rule');
INSERT INTO aliases (item_id, alias, alias_lower, source) VALUES ('깨끗한 꿀 용기', '깨끗한꿀용기', '깨끗한꿀용기', 'rule');
INSERT INTO aliases (item_id, alias, alias_lower, source) VALUES ('깨끗한 꿀 용기', '꿀 담았던 병', '꿀 담았던 병', 'rule');
INSERT INTO aliases (item_id, alias, alias_lower, source) VALUES ('깨끗한 꿀 용기', '꿀 유리병', '꿀 유리병', 'rule');
INSERT INTO aliases (item_id, alias, alias_lower, source) VALUES ('깨끗한 꿀 용기', '꿀 저장병', '꿀 저장병', 'rule');
INSERT INTO aliases (item_id, alias, alias_lower, source) VALUES ('깨끗한 꿀 용기', '꿀단지', '꿀단지', 'rule');
INSERT INTO aliases (item_id, alias, alias_lower, source) VALUES ('깨끗한 꿀 용기', '꿀병이', '꿀병이', 'rule');
INSERT INTO aliases (item_id, alias, alias_lower, source) VALUES ('깨끗한 꿀 용기', '꿀통', '꿀통', 'rule');
INSERT INTO aliases (item_id, alias, alias_lower, source) VALUES ('깨끗한 꿀 용기', '꿀통이', '꿀통이', 'rule');
INSERT INTO aliases (item_id, alias, alias_lower, source) VALUES ('깨끗한 꿀 용기', '벌꿀 용기', '벌꿀 용기', 'rule');
INSERT INTO aliases (item_id, alias, alias_lower, source) VALUES ('깨끗한 꿀 용기', '벌꿀 유리용기', '벌꿀 유리용기', 'rule');
INSERT OR REPLACE INTO items (id, name, category, note, steps, confidence, source_url, source_name, source_grade, feature, caution, last_verified, region_variation, official_classification) VALUES ('냄비뚜껑(내열)', '냄비뚜껑(내열)', 'general', '· 내열유리란 일반 유리와 달리 내열성이 강하고 급격한 온도변화에도 견딜 수 있는 유리를 말합니다. · 내열유리로 만들어진 제품은 재활용이 어려우며 불에 타지 않는 불연성 폐기물로 전용봉투(마대)에 담아 배출하여야 합니다. · 재활용이 어렵고 불에 타지 않는 불연성폐기물은 수거 후 매립장으로 운반되어 매립하고 있습니다. ※ 배출방법은 지역별로 차이가 있을', '["냄비뚜껑(내열)은 불연성 종량제봉투(마대)로 배출합니다."]', 'high', 'https://www.xn--oy2b29bd3a601b.kr/front/dischargeMethod/dictionaryView.do?niIdx=757', '분리배출.kr (한국폐기물협회·환경부)', 'A', '· 내열유리란 일반 유리와 달리 내열성이 강하고 급격한 온도변화에도 견딜 수 있는 유리를 말합니다. · 내열유리로 만들어진 제품은 재활용이 어려우며 불에 타지 않는 불연성 폐기물로 전용봉투(마대)에 담아 배출하여야 합니다. · 재활용이 어렵고 불에 타지 않는 불연성폐기물은 수거 후 매립장으로 운반되어 매립하고 있습니다. ※ 배출방법은 지역별로 차이가 있을 수 있으니, 해당 지방자치단체에서 정...', '', '2026-05-18', 0, '["일반폐기물", "불연성종량제폐기물"]');
INSERT INTO aliases (item_id, alias, alias_lower, source) VALUES ('냄비뚜껑(내열)', 'Pot lid', 'pot lid', 'rule');
INSERT INTO aliases (item_id, alias, alias_lower, source) VALUES ('냄비뚜껑(내열)', '내열 냄비 뚜껑', '내열 냄비 뚜껑', 'rule');
INSERT INTO aliases (item_id, alias, alias_lower, source) VALUES ('냄비뚜껑(내열)', '냄뚜', '냄뚜', 'rule');
INSERT INTO aliases (item_id, alias, alias_lower, source) VALUES ('냄비뚜껑(내열)', '냄비 뚜껑', '냄비 뚜껑', 'rule');
INSERT INTO aliases (item_id, alias, alias_lower, source) VALUES ('냄비뚜껑(내열)', '냄비 리드', '냄비 리드', 'rule');
INSERT INTO aliases (item_id, alias, alias_lower, source) VALUES ('냄비뚜껑(내열)', '냄비 커버', '냄비 커버', 'rule');
INSERT INTO aliases (item_id, alias, alias_lower, source) VALUES ('냄비뚜껑(내열)', '냄비덮개', '냄비덮개', 'rule');
INSERT INTO aliases (item_id, alias, alias_lower, source) VALUES ('냄비뚜껑(내열)', '덮개', '덮개', 'rule');
INSERT INTO aliases (item_id, alias, alias_lower, source) VALUES ('냄비뚜껑(내열)', '뚜껑이', '뚜껑이', 'rule');
INSERT INTO aliases (item_id, alias, alias_lower, source) VALUES ('냄비뚜껑(내열)', '스텐 냄비 뚜껑', '스텐 냄비 뚜껑', 'rule');
INSERT INTO aliases (item_id, alias, alias_lower, source) VALUES ('냄비뚜껑(내열)', '유리 냄비 뚜껑', '유리 냄비 뚜껑', 'rule');
INSERT INTO aliases (item_id, alias, alias_lower, source) VALUES ('냄비뚜껑(내열)', '테팔 뚜껑', '테팔 뚜껑', 'rule');
INSERT OR REPLACE INTO items (id, name, category, note, steps, confidence, source_url, source_name, source_grade, feature, caution, last_verified, region_variation, official_classification) VALUES ('와인잔', '와인잔', 'general', '·와인잔, 소주잔, 맥주잔과 같은 유리잔은 재활용이 어렵고 불에 타지 않는 폐기물로 불연성폐기물에 해당됩니다. ·불연성폐기물은 불연성종량제 마대로 배출하며 수거 후 매립장으로 운반되어 매립하고 있습니다. ·소량의 유리잔을 배출하실 때에는 제품이 깨지지 않도록 주의하여 종량제봉투로 배출하며, 유리잔이 깨진 경우에는 작업자, 수거원 등이 다치지 않도록 신문지,', '["와인잔은 불연성 종량제봉투(마대)로 배출합니다."]', 'high', 'https://www.xn--oy2b29bd3a601b.kr/front/dischargeMethod/dictionaryView.do?niIdx=758', '분리배출.kr (한국폐기물협회·환경부)', 'A', '·와인잔, 소주잔, 맥주잔과 같은 유리잔은 재활용이 어렵고 불에 타지 않는 폐기물로 불연성폐기물에 해당됩니다. ·불연성폐기물은 불연성종량제 마대로 배출하며 수거 후 매립장으로 운반되어 매립하고 있습니다. ·소량의 유리잔을 배출하실 때에는 제품이 깨지지 않도록 주의하여 종량제봉투로 배출하며, 유리잔이 깨진 경우에는 작업자, 수거원 등이 다치지 않도록 신문지, 테이프 등을 활용하여 충분히 감싼...', '· 깨진 유리는 날카로워 외부로 누출될 시 사람이 다칠 우려가 있으므로 베이지 않도록 신문지, 테이프 등을 활용하여 충분히 감싼 후 배출', '2026-05-18', 0, '["일반폐기물", "불연성종량제폐기물"]');
INSERT INTO aliases (item_id, alias, alias_lower, source) VALUES ('와인잔', 'wine glass', 'wine glass', 'rule');
INSERT INTO aliases (item_id, alias, alias_lower, source) VALUES ('와인잔', '고급 와인잔', '고급 와인잔', 'rule');
INSERT INTO aliases (item_id, alias, alias_lower, source) VALUES ('와인잔', '글라스잔', '글라스잔', 'rule');
INSERT INTO aliases (item_id, alias, alias_lower, source) VALUES ('와인잔', '술잔', '술잔', 'rule');
INSERT INTO aliases (item_id, alias, alias_lower, source) VALUES ('와인잔', '스템웨어', '스템웨어', 'rule');
INSERT INTO aliases (item_id, alias, alias_lower, source) VALUES ('와인잔', '와인글라스', '와인글라스', 'rule');
INSERT INTO aliases (item_id, alias, alias_lower, source) VALUES ('와인잔', '와인용 잔', '와인용 잔', 'rule');
INSERT INTO aliases (item_id, alias, alias_lower, source) VALUES ('와인잔', '와인컵', '와인컵', 'rule');
INSERT INTO aliases (item_id, alias, alias_lower, source) VALUES ('와인잔', '음주잔', '음주잔', 'rule');
INSERT INTO aliases (item_id, alias, alias_lower, source) VALUES ('와인잔', '크리스탈잔', '크리스탈잔', 'rule');
INSERT INTO aliases (item_id, alias, alias_lower, source) VALUES ('와인잔', '포도주잔', '포도주잔', 'rule');
INSERT OR REPLACE INTO items (id, name, category, note, steps, confidence, source_url, source_name, source_grade, feature, caution, last_verified, region_variation, official_classification) VALUES ('수석', '수석', 'general', '· 수석은 재활용이 어렵고 불에타지 않은 폐기물로 불연성종량제봉투(마대)로 배출하여야 합니다. · 불연성폐기물은 불연성종량제 마대로 배출하며 수거 후 매립장으로 운반되어 매립하고 있습니다. · 인테리어 공사 등에서 발생한 폐기물은 공사장생활폐기물에 해당되며, 폐기물 특성에 따라 종량제봉투, 불연성 마대, 재활용품 또는 대형폐기물로 배출하여야 합니다. 공사장', '["수석은 불연성종량제봉투(마대)로 배출합니다.", "다량으로 배출할 때에는 지자체에 문의하여 공사장생활폐기물 전문 처리업체에 위탁하여 처리합니다."]', 'high', 'https://www.xn--oy2b29bd3a601b.kr/front/dischargeMethod/dictionaryView.do?niIdx=759', '분리배출.kr (한국폐기물협회·환경부)', 'A', '· 수석은 재활용이 어렵고 불에타지 않은 폐기물로 불연성종량제봉투(마대)로 배출하여야 합니다. · 불연성폐기물은 불연성종량제 마대로 배출하며 수거 후 매립장으로 운반되어 매립하고 있습니다. · 인테리어 공사 등에서 발생한 폐기물은 공사장생활폐기물에 해당되며, 폐기물 특성에 따라 종량제봉투, 불연성 마대, 재활용품 또는 대형폐기물로 배출하여야 합니다. 공사장생활폐기물을 다량으로 배출할 시 지자...', '', '2026-05-18', 0, '["일반폐기물", "불연성종량제폐기물", "공사장 생활폐기물"]');
INSERT INTO aliases (item_id, alias, alias_lower, source) VALUES ('수석', '강돌', '강돌', 'rule');
INSERT INTO aliases (item_id, alias, alias_lower, source) VALUES ('수석', '경석', '경석', 'rule');
INSERT INTO aliases (item_id, alias, alias_lower, source) VALUES ('수석', '관상석', '관상석', 'rule');
INSERT INTO aliases (item_id, alias, alias_lower, source) VALUES ('수석', '돌덩이', '돌덩이', 'rule');
INSERT INTO aliases (item_id, alias, alias_lower, source) VALUES ('수석', '돌멩이', '돌멩이', 'rule');
INSERT INTO aliases (item_id, alias, alias_lower, source) VALUES ('수석', '돌삐', '돌삐', 'rule');
INSERT INTO aliases (item_id, alias, alias_lower, source) VALUES ('수석', '바우', '바우', 'rule');
INSERT INTO aliases (item_id, alias, alias_lower, source) VALUES ('수석', '스톤', '스톤', 'rule');
INSERT INTO aliases (item_id, alias, alias_lower, source) VALUES ('수석', '오너멘탈 락', '오너멘탈 락', 'rule');
INSERT INTO aliases (item_id, alias, alias_lower, source) VALUES ('수석', '오석', '오석', 'rule');
INSERT INTO aliases (item_id, alias, alias_lower, source) VALUES ('수석', '장식돌', '장식돌', 'rule');
INSERT OR REPLACE INTO items (id, name, category, note, steps, confidence, source_url, source_name, source_grade, feature, caution, last_verified, region_variation, official_classification) VALUES ('대리석 상판', '대리석 상판', 'general', '· 대리석 상판은 대리석 재질로 불에 타지 않은 재질이므로 불연성폐기물로 배출합니다. · 인테리어 공사 등에서 발생한 폐기물은 공사장생활폐기물에 해당되며, 폐기물 특성에 따라 종량제봉투, 불연성 마대, 재활용품 또는 대형폐기물로 배출하여야 합니다. 공사장생활폐기물을 다량으로 배출할 시 지자체에 문의하여 공사장생활폐기물 전문 수거업체에 연락하여 처리할 수 있', '["대리석 상판은 불연성종량제봉투(특수규격마대)에 배출합니다.", "다량으로 배출할 때에는 지자체에 문의하여 공사장생활폐기물 전문 처리업체에 위탁하여 처리합니다."]', 'high', 'https://www.xn--oy2b29bd3a601b.kr/front/dischargeMethod/dictionaryView.do?niIdx=760', '분리배출.kr (한국폐기물협회·환경부)', 'A', '· 대리석 상판은 대리석 재질로 불에 타지 않은 재질이므로 불연성폐기물로 배출합니다. · 인테리어 공사 등에서 발생한 폐기물은 공사장생활폐기물에 해당되며, 폐기물 특성에 따라 종량제봉투, 불연성 마대, 재활용품 또는 대형폐기물로 배출하여야 합니다. 공사장생활폐기물을 다량으로 배출할 시 지자체에 문의하여 공사장생활폐기물 전문 수거업체에 연락하여 처리할 수 있습니다.', '· 리모델링, 인테리어 공사 등 일련의 공사 또는 작업 등으로 전체 기간 동안 발생하는 5톤 미만의 폐기물은 공사장생활폐기물에 해당되며, 올바른 배출방법은 해당 지자체에 문의', '2026-05-18', 0, '["일반폐기물", "불연성종량제폐기물", "공사장 생활폐기물"]');
INSERT INTO aliases (item_id, alias, alias_lower, source) VALUES ('대리석 상판', '규조토 발매트', '규조토 발매트', 'rule');
INSERT INTO aliases (item_id, alias, alias_lower, source) VALUES ('대리석 상판', '깨진 유리', '깨진 유리', 'rule');
INSERT INTO aliases (item_id, alias, alias_lower, source) VALUES ('대리석 상판', '내열식기', '내열식기', 'rule');
INSERT INTO aliases (item_id, alias, alias_lower, source) VALUES ('대리석 상판', '대리석상판', '대리석상판', 'rule');
INSERT INTO aliases (item_id, alias, alias_lower, source) VALUES ('대리석 상판', '불연성종량제폐기물', '불연성종량제폐기물', 'rule');
INSERT INTO aliases (item_id, alias, alias_lower, source) VALUES ('대리석 상판', '와인잔', '와인잔', 'rule');
INSERT INTO aliases (item_id, alias, alias_lower, source) VALUES ('대리석 상판', '유리컵', '유리컵', 'rule');
INSERT INTO aliases (item_id, alias, alias_lower, source) VALUES ('대리석 상판', '조명 유리커버', '조명 유리커버', 'rule');
INSERT INTO aliases (item_id, alias, alias_lower, source) VALUES ('대리석 상판', '책상유리', '책상유리', 'rule');
INSERT OR REPLACE INTO items (id, name, category, note, steps, confidence, source_url, source_name, source_grade, feature, caution, last_verified, region_variation, official_classification) VALUES ('reusable_cup', '재사용 컵 (유리·머그·스테인리스)', 'reusable', '재사용 가능한 식기류는 분리배출 대상이 아닙니다.', '["세척 후 본인이 다시 사용", "버릴 때만 폐기 절차 (깨진 유리/도자기는 불연성 종량제봉투)"]', 'high', NULL, NULL, NULL, NULL, NULL, NULL, 0, NULL);
INSERT INTO aliases (item_id, alias, alias_lower, source) VALUES ('reusable_cup', 'Tumbler', 'tumbler', 'rule');
INSERT INTO aliases (item_id, alias, alias_lower, source) VALUES ('reusable_cup', '개인컵', '개인컵', 'rule');
INSERT INTO aliases (item_id, alias, alias_lower, source) VALUES ('reusable_cup', '다회용 컵', '다회용 컵', 'rule');
INSERT INTO aliases (item_id, alias, alias_lower, source) VALUES ('reusable_cup', '리유저블 컵', '리유저블 컵', 'rule');
INSERT INTO aliases (item_id, alias, alias_lower, source) VALUES ('reusable_cup', '머그잔(재사용)', '머그잔(재사용)', 'rule');
INSERT INTO aliases (item_id, alias, alias_lower, source) VALUES ('reusable_cup', '보냉컵', '보냉컵', 'rule');
INSERT INTO aliases (item_id, alias, alias_lower, source) VALUES ('reusable_cup', '스테인리스 잔', '스테인리스 잔', 'rule');
INSERT INTO aliases (item_id, alias, alias_lower, source) VALUES ('reusable_cup', '스테인리스 컵', '스테인리스 컵', 'rule');
INSERT INTO aliases (item_id, alias, alias_lower, source) VALUES ('reusable_cup', '스테인리스컵', '스테인리스컵', 'rule');
INSERT INTO aliases (item_id, alias, alias_lower, source) VALUES ('reusable_cup', '스텐컵', '스텐컵', 'rule');
INSERT INTO aliases (item_id, alias, alias_lower, source) VALUES ('reusable_cup', '유리 컵', '유리 컵', 'rule');
INSERT INTO aliases (item_id, alias, alias_lower, source) VALUES ('reusable_cup', '재사용 컵', '재사용 컵', 'rule');
INSERT INTO aliases (item_id, alias, alias_lower, source) VALUES ('reusable_cup', '재사용컵', '재사용컵', 'rule');
INSERT INTO aliases (item_id, alias, alias_lower, source) VALUES ('reusable_cup', '환경컵', '환경컵', 'rule');
INSERT OR REPLACE INTO items (id, name, category, note, steps, confidence, source_url, source_name, source_grade, feature, caution, last_verified, region_variation, official_classification) VALUES ('reusable_tumbler', '텀블러', 'reusable', '재사용 가능 — 분리배출 대상 아님.', '["세척 후 본인이 다시 사용", "버릴 때만 폐기 절차"]', 'high', NULL, NULL, NULL, NULL, NULL, NULL, 0, NULL);
INSERT INTO aliases (item_id, alias, alias_lower, source) VALUES ('reusable_tumbler', '텀블러', '텀블러', 'rule');
INSERT INTO aliases (item_id, alias, alias_lower, source) VALUES ('reusable_tumbler', '텀블러 컵', '텀블러 컵', 'rule');
INSERT INTO aliases (item_id, alias, alias_lower, source) VALUES ('reusable_tumbler', '스테인리스 텀블러', '스테인리스 텀블러', 'rule');
INSERT INTO aliases (item_id, alias, alias_lower, source) VALUES ('reusable_tumbler', '물병', '물병', 'rule');
INSERT INTO aliases (item_id, alias, alias_lower, source) VALUES ('reusable_tumbler', '물병(스테인리스)', '물병(스테인리스)', 'rule');
INSERT OR REPLACE INTO items (id, name, category, note, steps, confidence, source_url, source_name, source_grade, feature, caution, last_verified, region_variation, official_classification) VALUES ('침대', '침대', 'furniture', '대형폐기물로 별도 신고. 지자체별 수수료 차이 있음.', '["주민센터 또는 지자체 앱에서 대형폐기물 신고", "수수료 결제 후 스티커 발급", "지정 장소에 스티커 부착하여 배출"]', 'high', NULL, NULL, NULL, NULL, NULL, NULL, 1, NULL);
INSERT INTO aliases (item_id, alias, alias_lower, source) VALUES ('침대', '돌침대', '돌침대', 'rule');
INSERT INTO aliases (item_id, alias, alias_lower, source) VALUES ('침대', '벙커베드', '벙커베드', 'rule');
INSERT INTO aliases (item_id, alias, alias_lower, source) VALUES ('침대', '베드', '베드', 'rule');
INSERT INTO aliases (item_id, alias, alias_lower, source) VALUES ('침대', '싱글침대', '싱글침대', 'rule');
INSERT INTO aliases (item_id, alias, alias_lower, source) VALUES ('침대', '안방침대', '안방침대', 'rule');
INSERT INTO aliases (item_id, alias, alias_lower, source) VALUES ('침대', '애기침대', '애기침대', 'rule');
INSERT INTO aliases (item_id, alias, alias_lower, source) VALUES ('침대', '잠자리', '잠자리', 'rule');
INSERT INTO aliases (item_id, alias, alias_lower, source) VALUES ('침대', '침상', '침상', 'rule');
INSERT INTO aliases (item_id, alias, alias_lower, source) VALUES ('침대', '퀸침대', '퀸침대', 'rule');
INSERT INTO aliases (item_id, alias, alias_lower, source) VALUES ('침대', '평상', '평상', 'rule');
INSERT OR REPLACE INTO items (id, name, category, note, steps, confidence, source_url, source_name, source_grade, feature, caution, last_verified, region_variation, official_classification) VALUES ('soju_bottle', '소주병/맥주병', 'glass', '공병 보증금 환불 가능 (소매점). 깨끗이 비워서 배출.', '["내용물 비우기", "라벨 가능하면 제거", "보증금 환불 또는 유리류 배출함"]', 'high', 'https://xn--oy2b29bd3a601b.kr/front/dischargeMethod/index.do', '분리배출.kr (한국폐기물협회·환경부)', 'A', NULL, NULL, NULL, 0, NULL);
INSERT INTO aliases (item_id, alias, alias_lower, source) VALUES ('soju_bottle', '갈색병', '갈색병', 'rule');
INSERT INTO aliases (item_id, alias, alias_lower, source) VALUES ('soju_bottle', '공병', '공병', 'rule');
INSERT INTO aliases (item_id, alias, alias_lower, source) VALUES ('soju_bottle', '막걸리병', '막걸리병', 'rule');
INSERT INTO aliases (item_id, alias, alias_lower, source) VALUES ('soju_bottle', '맥병', '맥병', 'rule');
INSERT INTO aliases (item_id, alias, alias_lower, source) VALUES ('soju_bottle', '바틀', '바틀', 'rule');
INSERT INTO aliases (item_id, alias, alias_lower, source) VALUES ('soju_bottle', '병다구', '병다구', 'rule');
INSERT INTO aliases (item_id, alias, alias_lower, source) VALUES ('soju_bottle', '소병', '소병', 'rule');
INSERT INTO aliases (item_id, alias, alias_lower, source) VALUES ('soju_bottle', '술병', '술병', 'rule');
INSERT INTO aliases (item_id, alias, alias_lower, source) VALUES ('soju_bottle', '주류병', '주류병', 'rule');
INSERT INTO aliases (item_id, alias, alias_lower, source) VALUES ('soju_bottle', '주병', '주병', 'rule');
INSERT INTO aliases (item_id, alias, alias_lower, source) VALUES ('soju_bottle', '참이슬병', '참이슬병', 'rule');
INSERT INTO aliases (item_id, alias, alias_lower, source) VALUES ('soju_bottle', '초록병', '초록병', 'rule');
INSERT INTO aliases (item_id, alias, alias_lower, source) VALUES ('soju_bottle', '카스병', '카스병', 'rule');
INSERT OR REPLACE INTO items (id, name, category, note, steps, confidence, source_url, source_name, source_grade, feature, caution, last_verified, region_variation, official_classification) VALUES ('tissue_diaper', '휴지/기저귀/생리대', 'general', '위생용품은 모두 일반쓰레기. 분리수거 불가', '["일반쓰레기(종량제봉투)로 배출"]', 'high', NULL, NULL, NULL, NULL, NULL, NULL, 0, NULL);
INSERT INTO aliases (item_id, alias, alias_lower, source) VALUES ('tissue_diaper', '두루마리 휴지', '두루마리 휴지', 'rule');
INSERT INTO aliases (item_id, alias, alias_lower, source) VALUES ('tissue_diaper', '위생용품', '위생용품', 'rule');
INSERT OR REPLACE INTO items (id, name, category, note, steps, confidence, source_url, source_name, source_grade, feature, caution, last_verified, region_variation, official_classification) VALUES ('ceramic_broken_glass', '도자기/깨진 유리/거울', 'general', '불연성 폐기물. 깨진 유리는 신문지로 감싸 ''위험'' 표시', '["깨진 유리는 신문지로 안전하게 감싸기", "''위험'' 표시", "불연성 종량제봉투 또는 일반쓰레기"]', 'high', NULL, NULL, NULL, NULL, NULL, NULL, 0, NULL);
INSERT INTO aliases (item_id, alias, alias_lower, source) VALUES ('ceramic_broken_glass', '거울파편', '거울파편', 'rule');
INSERT INTO aliases (item_id, alias, alias_lower, source) VALUES ('ceramic_broken_glass', '깨진 글라스', '깨진 글라스', 'rule');
INSERT INTO aliases (item_id, alias, alias_lower, source) VALUES ('ceramic_broken_glass', '깨진 미러', '깨진 미러', 'rule');
INSERT INTO aliases (item_id, alias, alias_lower, source) VALUES ('ceramic_broken_glass', '깨진그릇', '깨진그릇', 'rule');
INSERT INTO aliases (item_id, alias, alias_lower, source) VALUES ('ceramic_broken_glass', '도자기', '도자기', 'rule');
INSERT INTO aliases (item_id, alias, alias_lower, source) VALUES ('ceramic_broken_glass', '사금파리', '사금파리', 'rule');
INSERT INTO aliases (item_id, alias, alias_lower, source) VALUES ('ceramic_broken_glass', '세라믹', '세라믹', 'rule');
INSERT INTO aliases (item_id, alias, alias_lower, source) VALUES ('ceramic_broken_glass', '유리조각', '유리조각', 'rule');
INSERT INTO aliases (item_id, alias, alias_lower, source) VALUES ('ceramic_broken_glass', '자기', '자기', 'rule');
INSERT INTO aliases (item_id, alias, alias_lower, source) VALUES ('ceramic_broken_glass', '접시조각', '접시조각', 'rule');
INSERT INTO aliases (item_id, alias, alias_lower, source) VALUES ('ceramic_broken_glass', '컵조각', '컵조각', 'rule');
INSERT INTO aliases (item_id, alias, alias_lower, source) VALUES ('ceramic_broken_glass', '토기', '토기', 'rule');
INSERT INTO aliases (item_id, alias, alias_lower, source) VALUES ('ceramic_broken_glass', '화병조각', '화병조각', 'rule');
INSERT OR REPLACE INTO items (id, name, category, note, steps, confidence, source_url, source_name, source_grade, feature, caution, last_verified, region_variation, official_classification) VALUES ('mask_glove', '마스크/일회용 장갑', 'general', '위생상 일반쓰레기. 끈은 자르고 배출', '["마스크 끈 자르기", "일반쓰레기(종량제봉투)로 배출"]', 'high', NULL, NULL, NULL, NULL, NULL, NULL, 0, NULL);
INSERT INTO aliases (item_id, alias, alias_lower, source) VALUES ('mask_glove', 'KF94 마스크', 'kf94 마스크', 'rule');
INSERT INTO aliases (item_id, alias, alias_lower, source) VALUES ('mask_glove', 'disposable mask', 'disposable mask', 'rule');
INSERT INTO aliases (item_id, alias, alias_lower, source) VALUES ('mask_glove', '덴탈마', '덴탈마', 'rule');
INSERT INTO aliases (item_id, alias, alias_lower, source) VALUES ('mask_glove', '수술용 마스크', '수술용 마스크', 'rule');
INSERT INTO aliases (item_id, alias, alias_lower, source) VALUES ('mask_glove', '위생 장갑', '위생 장갑', 'rule');
INSERT INTO aliases (item_id, alias, alias_lower, source) VALUES ('mask_glove', '일회용 장갑', '일회용 장갑', 'rule');
INSERT OR REPLACE INTO items (id, name, category, note, steps, confidence, source_url, source_name, source_grade, feature, caution, last_verified, region_variation, official_classification) VALUES ('cigarette_butt', '담배꽁초/담배갑', 'general', '필터에 화학물질. 일반쓰레기', '["완전히 끄고 일반쓰레기(종량제봉투)"]', 'high', 'https://xn--oy2b29bd3a601b.kr/front/dischargeMethod/index.do', '분리배출.kr (한국폐기물협회·환경부)', 'A', NULL, NULL, NULL, 0, NULL);
INSERT INTO aliases (item_id, alias, alias_lower, source) VALUES ('cigarette_butt', '꽁초', '꽁초', 'rule');
INSERT INTO aliases (item_id, alias, alias_lower, source) VALUES ('cigarette_butt', '담배 케이스', '담배 케이스', 'rule');
INSERT INTO aliases (item_id, alias, alias_lower, source) VALUES ('cigarette_butt', '담배갑', '담배갑', 'rule');
INSERT INTO aliases (item_id, alias, alias_lower, source) VALUES ('cigarette_butt', '담배꽁초', '담배꽁초', 'rule');
INSERT INTO aliases (item_id, alias, alias_lower, source) VALUES ('cigarette_butt', '담뱃재', '담뱃재', 'rule');
INSERT INTO aliases (item_id, alias, alias_lower, source) VALUES ('cigarette_butt', '라이터', '라이터', 'rule');
INSERT INTO aliases (item_id, alias, alias_lower, source) VALUES ('cigarette_butt', '재떨이 꽁초', '재떨이 꽁초', 'rule');
INSERT OR REPLACE INTO items (id, name, category, note, steps, confidence, source_url, source_name, source_grade, feature, caution, last_verified, region_variation, official_classification) VALUES ('toy_general', '장난감/인형/공', 'general', '복합소재. 큰 것은 대형폐기물 신고', '["일반쓰레기 또는 대형폐기물 신고 (크기에 따라)"]', 'medium', NULL, NULL, NULL, NULL, NULL, NULL, 1, NULL);
INSERT INTO aliases (item_id, alias, alias_lower, source) VALUES ('toy_general', '고무공', '고무공', 'rule');
INSERT INTO aliases (item_id, alias, alias_lower, source) VALUES ('toy_general', '놀잇감', '놀잇감', 'rule');
INSERT INTO aliases (item_id, alias, alias_lower, source) VALUES ('toy_general', '덤벨(작은)', '덤벨(작은)', 'rule');
INSERT INTO aliases (item_id, alias, alias_lower, source) VALUES ('toy_general', '레고', '레고', 'rule');
INSERT INTO aliases (item_id, alias, alias_lower, source) VALUES ('toy_general', '마사지볼', '마사지볼', 'rule');
INSERT INTO aliases (item_id, alias, alias_lower, source) VALUES ('toy_general', '바비인형', '바비인형', 'rule');
INSERT INTO aliases (item_id, alias, alias_lower, source) VALUES ('toy_general', '보드게임', '보드게임', 'rule');
INSERT INTO aliases (item_id, alias, alias_lower, source) VALUES ('toy_general', '봉제인형', '봉제인형', 'rule');
INSERT INTO aliases (item_id, alias, alias_lower, source) VALUES ('toy_general', '블록', '블록', 'rule');
INSERT INTO aliases (item_id, alias, alias_lower, source) VALUES ('toy_general', '스트레칭 도구', '스트레칭 도구', 'rule');
INSERT INTO aliases (item_id, alias, alias_lower, source) VALUES ('toy_general', '아기 인형', '아기 인형', 'rule');
INSERT INTO aliases (item_id, alias, alias_lower, source) VALUES ('toy_general', '요가매트', '요가매트', 'rule');
INSERT INTO aliases (item_id, alias, alias_lower, source) VALUES ('toy_general', '운동공', '운동공', 'rule');
INSERT INTO aliases (item_id, alias, alias_lower, source) VALUES ('toy_general', '장난감', '장난감', 'rule');
INSERT INTO aliases (item_id, alias, alias_lower, source) VALUES ('toy_general', '장난감 자동차', '장난감 자동차', 'rule');
INSERT INTO aliases (item_id, alias, alias_lower, source) VALUES ('toy_general', '테디베어', '테디베어', 'rule');
INSERT INTO aliases (item_id, alias, alias_lower, source) VALUES ('toy_general', '토이', '토이', 'rule');
INSERT INTO aliases (item_id, alias, alias_lower, source) VALUES ('toy_general', '퍼즐', '퍼즐', 'rule');
INSERT INTO aliases (item_id, alias, alias_lower, source) VALUES ('toy_general', '피규어', '피규어', 'rule');
INSERT INTO aliases (item_id, alias, alias_lower, source) VALUES ('toy_general', '훌라후프', '훌라후프', 'rule');
INSERT OR REPLACE INTO items (id, name, category, note, steps, confidence, source_url, source_name, source_grade, feature, caution, last_verified, region_variation, official_classification) VALUES ('cosmetic_container', '화장품 용기', 'plastic', '비우고 헹궈서 플라스틱류. 작은 것은 일반쓰레기 가능', '["내용물 비우기", "헹구기", "라벨 제거", "플라스틱류 또는 일반쓰레기"]', 'high', 'https://xn--oy2b29bd3a601b.kr/front/dischargeMethod/index.do', '분리배출.kr (한국폐기물협회·환경부)', 'A', NULL, NULL, NULL, 0, NULL);
INSERT INTO aliases (item_id, alias, alias_lower, source) VALUES ('cosmetic_container', '로션통', '로션통', 'rule');
INSERT INTO aliases (item_id, alias, alias_lower, source) VALUES ('cosmetic_container', '마스카라', '마스카라', 'rule');
INSERT INTO aliases (item_id, alias, alias_lower, source) VALUES ('cosmetic_container', '바디워시', '바디워시', 'rule');
INSERT INTO aliases (item_id, alias, alias_lower, source) VALUES ('cosmetic_container', '샤워젤', '샤워젤', 'rule');
INSERT INTO aliases (item_id, alias, alias_lower, source) VALUES ('cosmetic_container', '샴푸통(소형)', '샴푸통(소형)', 'rule');
INSERT INTO aliases (item_id, alias, alias_lower, source) VALUES ('cosmetic_container', '선크림', '선크림', 'rule');
INSERT INTO aliases (item_id, alias, alias_lower, source) VALUES ('cosmetic_container', '세럼', '세럼', 'rule');
INSERT INTO aliases (item_id, alias, alias_lower, source) VALUES ('cosmetic_container', '스킨', '스킨', 'rule');
INSERT INTO aliases (item_id, alias, alias_lower, source) VALUES ('cosmetic_container', '아이브로우', '아이브로우', 'rule');
INSERT INTO aliases (item_id, alias, alias_lower, source) VALUES ('cosmetic_container', '아이크림', '아이크림', 'rule');
INSERT INTO aliases (item_id, alias, alias_lower, source) VALUES ('cosmetic_container', '에센스', '에센스', 'rule');
INSERT INTO aliases (item_id, alias, alias_lower, source) VALUES ('cosmetic_container', '토너', '토너', 'rule');
INSERT INTO aliases (item_id, alias, alias_lower, source) VALUES ('cosmetic_container', '파운데이션', '파운데이션', 'rule');
INSERT INTO aliases (item_id, alias, alias_lower, source) VALUES ('cosmetic_container', '헤어에센스', '헤어에센스', 'rule');
INSERT INTO aliases (item_id, alias, alias_lower, source) VALUES ('cosmetic_container', '화장품', '화장품', 'rule');
INSERT INTO aliases (item_id, alias, alias_lower, source) VALUES ('cosmetic_container', '화장품용기', '화장품용기', 'rule');
INSERT OR REPLACE INTO items (id, name, category, note, steps, confidence, source_url, source_name, source_grade, feature, caution, last_verified, region_variation, official_classification) VALUES ('small_metal_utensil', '수저/젓가락/포크 (금속)', 'can', '스테인리스/금속은 캔류와 함께. 작은 것은 일반쓰레기 가능', '["금속이면 캔류 배출함", "플라스틱이면 일반쓰레기"]', 'medium', 'https://xn--oy2b29bd3a601b.kr/front/dischargeMethod/index.do', '분리배출.kr (한국폐기물협회·환경부)', 'A', NULL, NULL, NULL, 0, NULL);
INSERT INTO aliases (item_id, alias, alias_lower, source) VALUES ('small_metal_utensil', '젓가락(금속)', '젓가락(금속)', 'rule');
INSERT INTO aliases (item_id, alias, alias_lower, source) VALUES ('small_metal_utensil', '스푼', '스푼', 'rule');
INSERT INTO aliases (item_id, alias, alias_lower, source) VALUES ('small_metal_utensil', '스테인리스 수저', '스테인리스 수저', 'rule');
INSERT INTO aliases (item_id, alias, alias_lower, source) VALUES ('small_metal_utensil', '양푼', '양푼', 'rule');
INSERT INTO aliases (item_id, alias, alias_lower, source) VALUES ('small_metal_utensil', '찜기', '찜기', 'rule');
INSERT INTO aliases (item_id, alias, alias_lower, source) VALUES ('small_metal_utensil', '주방기구(작은)', '주방기구(작은)', 'rule');
INSERT INTO aliases (item_id, alias, alias_lower, source) VALUES ('small_metal_utensil', '국자', '국자', 'rule');
INSERT INTO aliases (item_id, alias, alias_lower, source) VALUES ('small_metal_utensil', '뒤집개', '뒤집개', 'rule');
INSERT INTO aliases (item_id, alias, alias_lower, source) VALUES ('small_metal_utensil', '젓가락통', '젓가락통', 'rule');
INSERT INTO aliases (item_id, alias, alias_lower, source) VALUES ('small_metal_utensil', '수저통', '수저통', 'rule');
INSERT OR REPLACE INTO items (id, name, category, note, steps, confidence, source_url, source_name, source_grade, feature, caution, last_verified, region_variation, official_classification) VALUES ('plant_flower', '꽃/화분/식물', 'general', '흙은 별도 분리. 화분(플라스틱)은 플라스틱류', '["흙 털어내기", "식물은 음식물 X 일반쓰레기", "화분은 재질별 분리"]', 'medium', NULL, NULL, NULL, NULL, NULL, NULL, 0, NULL);
INSERT INTO aliases (item_id, alias, alias_lower, source) VALUES ('plant_flower', '꽃다발', '꽃다발', 'rule');
INSERT INTO aliases (item_id, alias, alias_lower, source) VALUES ('plant_flower', '다육이', '다육이', 'rule');
INSERT INTO aliases (item_id, alias, alias_lower, source) VALUES ('plant_flower', '몬스테라', '몬스테라', 'rule');
INSERT INTO aliases (item_id, alias, alias_lower, source) VALUES ('plant_flower', '부케', '부케', 'rule');
INSERT INTO aliases (item_id, alias, alias_lower, source) VALUES ('plant_flower', '분재', '분재', 'rule');
INSERT INTO aliases (item_id, alias, alias_lower, source) VALUES ('plant_flower', '시든 꽃', '시든 꽃', 'rule');
INSERT INTO aliases (item_id, alias, alias_lower, source) VALUES ('plant_flower', '식집사', '식집사', 'rule');
INSERT INTO aliases (item_id, alias, alias_lower, source) VALUES ('plant_flower', '포트', '포트', 'rule');
INSERT INTO aliases (item_id, alias, alias_lower, source) VALUES ('plant_flower', '풀떼기', '풀떼기', 'rule');
INSERT OR REPLACE INTO items (id, name, category, note, steps, confidence, source_url, source_name, source_grade, feature, caution, last_verified, region_variation, official_classification) VALUES ('glasses_lens', '안경/콘택트렌즈', 'general', '복합소재. 일반쓰레기 또는 안경점에 기부', '["일반쓰레기 또는 시각장애인 단체에 기부"]', 'high', NULL, NULL, NULL, NULL, NULL, NULL, 0, NULL);
INSERT INTO aliases (item_id, alias, alias_lower, source) VALUES ('glasses_lens', '콘택트렌즈', '콘택트렌즈', 'rule');
INSERT INTO aliases (item_id, alias, alias_lower, source) VALUES ('glasses_lens', '렌즈', '렌즈', 'rule');
INSERT INTO aliases (item_id, alias, alias_lower, source) VALUES ('glasses_lens', '안경테', '안경테', 'rule');
INSERT OR REPLACE INTO items (id, name, category, note, steps, confidence, source_url, source_name, source_grade, feature, caution, last_verified, region_variation, official_classification) VALUES ('lunchbox_container', '도시락통/반찬통 (재사용)', 'reusable', '깨끗이 세척 후 본인이 다시 사용', '["세척 후 재사용", "버릴 때만 플라스틱류 또는 캔류"]', 'high', NULL, NULL, NULL, NULL, NULL, NULL, 0, NULL);
INSERT INTO aliases (item_id, alias, alias_lower, source) VALUES ('lunchbox_container', 'food container', 'food container', 'rule');
INSERT INTO aliases (item_id, alias, alias_lower, source) VALUES ('lunchbox_container', 'lunch box', 'lunch box', 'rule');
INSERT INTO aliases (item_id, alias, alias_lower, source) VALUES ('lunchbox_container', 'storage container', 'storage container', 'rule');
INSERT INTO aliases (item_id, alias, alias_lower, source) VALUES ('lunchbox_container', '글라스락', '글라스락', 'rule');
INSERT INTO aliases (item_id, alias, alias_lower, source) VALUES ('lunchbox_container', '도시락 용기', '도시락 용기', 'rule');
INSERT INTO aliases (item_id, alias, alias_lower, source) VALUES ('lunchbox_container', '락앤락', '락앤락', 'rule');
INSERT INTO aliases (item_id, alias, alias_lower, source) VALUES ('lunchbox_container', '밀폐 용기', '밀폐 용기', 'rule');
INSERT INTO aliases (item_id, alias, alias_lower, source) VALUES ('lunchbox_container', '밀폐통', '밀폐통', 'rule');
INSERT INTO aliases (item_id, alias, alias_lower, source) VALUES ('lunchbox_container', '보관 용기', '보관 용기', 'rule');
INSERT INTO aliases (item_id, alias, alias_lower, source) VALUES ('lunchbox_container', '음식 보관통', '음식 보관통', 'rule');
INSERT INTO aliases (item_id, alias, alias_lower, source) VALUES ('lunchbox_container', '찬통', '찬통', 'rule');
INSERT INTO aliases (item_id, alias, alias_lower, source) VALUES ('lunchbox_container', '찬합', '찬합', 'rule');
INSERT INTO aliases (item_id, alias, alias_lower, source) VALUES ('lunchbox_container', '코멕스', '코멕스', 'rule');
INSERT INTO aliases (item_id, alias, alias_lower, source) VALUES ('lunchbox_container', '타파웨어', '타파웨어', 'rule');
INSERT OR REPLACE INTO items (id, name, category, note, steps, confidence, source_url, source_name, source_grade, feature, caution, last_verified, region_variation, official_classification) VALUES ('reusable_kitchenware', '재사용 주방기구 (압력솥·냄비 등)', 'reusable', '고장 X 깨끗 = 계속 사용. 버릴 때만 폐기 절차.', '["세척 후 본인이 다시 사용", "고장난 경우 금속이면 캔류, 도자기면 일반쓰레기"]', 'high', NULL, NULL, NULL, NULL, NULL, NULL, 0, NULL);
INSERT INTO aliases (item_id, alias, alias_lower, source) VALUES ('reusable_kitchenware', '공예 도구 (안 쓰는)', '공예 도구 (안 쓰는)', 'rule');
INSERT INTO aliases (item_id, alias, alias_lower, source) VALUES ('reusable_kitchenware', '기부 가능 가구', '기부 가능 가구', 'rule');
INSERT INTO aliases (item_id, alias, alias_lower, source) VALUES ('reusable_kitchenware', '기부 가능 가전', '기부 가능 가전', 'rule');
INSERT INTO aliases (item_id, alias, alias_lower, source) VALUES ('reusable_kitchenware', '깨끗한 도서', '깨끗한 도서', 'rule');
INSERT INTO aliases (item_id, alias, alias_lower, source) VALUES ('reusable_kitchenware', '깨끗한 신발', '깨끗한 신발', 'rule');
INSERT INTO aliases (item_id, alias, alias_lower, source) VALUES ('reusable_kitchenware', '깨끗한 옷 (재사용)', '깨끗한 옷 (재사용)', 'rule');
INSERT INTO aliases (item_id, alias, alias_lower, source) VALUES ('reusable_kitchenware', '냄비(고장X)', '냄비(고장x)', 'rule');
INSERT INTO aliases (item_id, alias, alias_lower, source) VALUES ('reusable_kitchenware', '다 읽은 책 (깨끗)', '다 읽은 책 (깨끗)', 'rule');
INSERT INTO aliases (item_id, alias, alias_lower, source) VALUES ('reusable_kitchenware', '단순히 안 입는 옷', '단순히 안 입는 옷', 'rule');
INSERT INTO aliases (item_id, alias, alias_lower, source) VALUES ('reusable_kitchenware', '당근마켓 처분', '당근마켓 처분', 'rule');
INSERT INTO aliases (item_id, alias, alias_lower, source) VALUES ('reusable_kitchenware', '베이비 의류 (성장)', '베이비 의류 (성장)', 'rule');
INSERT INTO aliases (item_id, alias, alias_lower, source) VALUES ('reusable_kitchenware', '사용 안 하는 식기', '사용 안 하는 식기', 'rule');
INSERT INTO aliases (item_id, alias, alias_lower, source) VALUES ('reusable_kitchenware', '사용 중단한 가전', '사용 중단한 가전', 'rule');
INSERT INTO aliases (item_id, alias, alias_lower, source) VALUES ('reusable_kitchenware', '사이즈 안 맞는 옷', '사이즈 안 맞는 옷', 'rule');
INSERT INTO aliases (item_id, alias, alias_lower, source) VALUES ('reusable_kitchenware', '선글라스 (안 쓰는)', '선글라스 (안 쓰는)', 'rule');
INSERT INTO aliases (item_id, alias, alias_lower, source) VALUES ('reusable_kitchenware', '스테인리스 냄비', '스테인리스 냄비', 'rule');
INSERT INTO aliases (item_id, alias, alias_lower, source) VALUES ('reusable_kitchenware', '아름다운가게 기부', '아름다운가게 기부', 'rule');
INSERT INTO aliases (item_id, alias, alias_lower, source) VALUES ('reusable_kitchenware', '아이들이 안 가지고 노는 장난감', '아이들이 안 가지고 노는 장난감', 'rule');
INSERT INTO aliases (item_id, alias, alias_lower, source) VALUES ('reusable_kitchenware', '악기 (안 연주)', '악기 (안 연주)', 'rule');
INSERT INTO aliases (item_id, alias, alias_lower, source) VALUES ('reusable_kitchenware', '안 신는 신발', '안 신는 신발', 'rule');
INSERT INTO aliases (item_id, alias, alias_lower, source) VALUES ('reusable_kitchenware', '안경 (도수 안 맞는)', '안경 (도수 안 맞는)', 'rule');
INSERT INTO aliases (item_id, alias, alias_lower, source) VALUES ('reusable_kitchenware', '양은냄비', '양은냄비', 'rule');
INSERT INTO aliases (item_id, alias, alias_lower, source) VALUES ('reusable_kitchenware', '운동기구 (안 쓰는)', '운동기구 (안 쓰는)', 'rule');
INSERT INTO aliases (item_id, alias, alias_lower, source) VALUES ('reusable_kitchenware', '유아용품 (성장)', '유아용품 (성장)', 'rule');
INSERT INTO aliases (item_id, alias, alias_lower, source) VALUES ('reusable_kitchenware', '유행 지난 옷', '유행 지난 옷', 'rule');
INSERT INTO aliases (item_id, alias, alias_lower, source) VALUES ('reusable_kitchenware', '잘 작동하는 가전', '잘 작동하는 가전', 'rule');
INSERT INTO aliases (item_id, alias, alias_lower, source) VALUES ('reusable_kitchenware', '장난감 (작동)', '장난감 (작동)', 'rule');
INSERT INTO aliases (item_id, alias, alias_lower, source) VALUES ('reusable_kitchenware', '전기밥솥(고장X)', '전기밥솥(고장x)', 'rule');
INSERT INTO aliases (item_id, alias, alias_lower, source) VALUES ('reusable_kitchenware', '주방기구 재사용', '주방기구 재사용', 'rule');
INSERT INTO aliases (item_id, alias, alias_lower, source) VALUES ('reusable_kitchenware', '주방용품 (안 쓰는)', '주방용품 (안 쓰는)', 'rule');
INSERT INTO aliases (item_id, alias, alias_lower, source) VALUES ('reusable_kitchenware', '취미용품 (안 쓰는)', '취미용품 (안 쓰는)', 'rule');
INSERT INTO aliases (item_id, alias, alias_lower, source) VALUES ('reusable_kitchenware', '프라이팬(고장X)', '프라이팬(고장x)', 'rule');
INSERT INTO aliases (item_id, alias, alias_lower, source) VALUES ('reusable_kitchenware', '헌책방 기부', '헌책방 기부', 'rule');
INSERT OR REPLACE INTO items (id, name, category, note, steps, confidence, source_url, source_name, source_grade, feature, caution, last_verified, region_variation, official_classification) VALUES ('exercise_equipment', '운동기구', 'general', '소형 운동기구는 일반쓰레기. 대형은 대형폐기물 신고.', '["소형: 일반쓰레기(종량제봉투)", "대형: 대형폐기물 신고 (지자체)"]', 'high', NULL, NULL, NULL, NULL, NULL, NULL, 1, NULL);
INSERT INTO aliases (item_id, alias, alias_lower, source) VALUES ('exercise_equipment', '런닝머신(소형)', '런닝머신(소형)', 'rule');
INSERT INTO aliases (item_id, alias, alias_lower, source) VALUES ('exercise_equipment', '사이클(소형)', '사이클(소형)', 'rule');
INSERT INTO aliases (item_id, alias, alias_lower, source) VALUES ('exercise_equipment', '스텝퍼', '스텝퍼', 'rule');
INSERT INTO aliases (item_id, alias, alias_lower, source) VALUES ('exercise_equipment', '악력기', '악력기', 'rule');
INSERT INTO aliases (item_id, alias, alias_lower, source) VALUES ('exercise_equipment', '엑서사이즈 머신', '엑서사이즈 머신', 'rule');
INSERT INTO aliases (item_id, alias, alias_lower, source) VALUES ('exercise_equipment', '운동기구', '운동기구', 'rule');
INSERT INTO aliases (item_id, alias, alias_lower, source) VALUES ('exercise_equipment', '운동용품', '운동용품', 'rule');
INSERT INTO aliases (item_id, alias, alias_lower, source) VALUES ('exercise_equipment', '운동장비', '운동장비', 'rule');
INSERT INTO aliases (item_id, alias, alias_lower, source) VALUES ('exercise_equipment', '웨이트 기구', '웨이트 기구', 'rule');
INSERT INTO aliases (item_id, alias, alias_lower, source) VALUES ('exercise_equipment', '줄넘기', '줄넘기', 'rule');
INSERT INTO aliases (item_id, alias, alias_lower, source) VALUES ('exercise_equipment', '철봉', '철봉', 'rule');
INSERT INTO aliases (item_id, alias, alias_lower, source) VALUES ('exercise_equipment', '체력단련기구', '체력단련기구', 'rule');
INSERT INTO aliases (item_id, alias, alias_lower, source) VALUES ('exercise_equipment', '피트니스 장비', '피트니스 장비', 'rule');
INSERT INTO aliases (item_id, alias, alias_lower, source) VALUES ('exercise_equipment', '헬스용품', '헬스용품', 'rule');
INSERT OR REPLACE INTO items (id, name, category, note, steps, confidence, source_url, source_name, source_grade, feature, caution, last_verified, region_variation, official_classification) VALUES ('bag_backpack', '가방/배낭/지갑', 'clothes', '재사용 가능하면 의류수거함, 훼손시 일반쓰레기', '["재사용 가능 → 의류수거함", "훼손 심함 → 일반쓰레기"]', 'high', 'https://xn--oy2b29bd3a601b.kr/front/dischargeMethod/index.do', '분리배출.kr (한국폐기물협회·환경부)', 'A', NULL, NULL, NULL, 0, NULL);
INSERT INTO aliases (item_id, alias, alias_lower, source) VALUES ('bag_backpack', '배낭', '배낭', 'rule');
INSERT INTO aliases (item_id, alias, alias_lower, source) VALUES ('bag_backpack', '백팩', '백팩', 'rule');
INSERT INTO aliases (item_id, alias, alias_lower, source) VALUES ('bag_backpack', '핸드백', '핸드백', 'rule');
INSERT INTO aliases (item_id, alias, alias_lower, source) VALUES ('bag_backpack', '크로스백', '크로스백', 'rule');
INSERT INTO aliases (item_id, alias, alias_lower, source) VALUES ('bag_backpack', '지갑', '지갑', 'rule');
INSERT INTO aliases (item_id, alias, alias_lower, source) VALUES ('bag_backpack', '동전지갑', '동전지갑', 'rule');
INSERT INTO aliases (item_id, alias, alias_lower, source) VALUES ('bag_backpack', '장지갑', '장지갑', 'rule');
INSERT OR REPLACE INTO items (id, name, category, note, steps, confidence, source_url, source_name, source_grade, feature, caution, last_verified, region_variation, official_classification) VALUES ('택배_상자', '택배 상자', 'paper', '· 택배상자에 부착된 송장은 제거한 후 배출 · 상자에 부착된 테이프는 제거한 후 배출', '["택배 상자는 일반 종이와 구분하여 종이류수거함으로 배출합니다"]', 'high', 'https://www.xn--oy2b29bd3a601b.kr/front/dischargeMethod/dictionaryView.do?niIdx=19', '분리배출.kr (한국폐기물협회·환경부)', 'A', '· 종이의 종류로는 골판지, 백판지, 백상지, 종이팩이 있습니다. · 종이를 배출할 때에는 골판지와 골판지 외 종이류(백판지, 백상지 등)으로 구분하여 배출합니다. · 골판지 상자는 별도의 분리배출함(또는 마대)에 배출하거나 끈 등으로 묶어서 배출합니다. · 상자 내 내용물을 보호하기 위하여 비닐, 알루미늄 박 등이 코팅된 경우도 있으나 배출할 때에는 최대한 제거한 후 접어서 배출합니다. ·...', '· 택배상자에 부착된 송장은 제거한 후 배출 · 상자에 부착된 테이프는 제거한 후 배출', NULL, 1, '["재활용폐기물", "종이"]');
INSERT INTO aliases (item_id, alias, alias_lower, source) VALUES ('택배_상자', '딜리버리 박스', '딜리버리 박스', 'rule');
INSERT INTO aliases (item_id, alias, alias_lower, source) VALUES ('택배_상자', '배송 상자', '배송 상자', 'rule');
INSERT INTO aliases (item_id, alias, alias_lower, source) VALUES ('택배_상자', '소포 상자', '소포 상자', 'rule');
INSERT INTO aliases (item_id, alias, alias_lower, source) VALUES ('택배_상자', '우체국 박스', '우체국 박스', 'rule');
INSERT INTO aliases (item_id, alias, alias_lower, source) VALUES ('택배_상자', '이사 박스', '이사 박스', 'rule');
INSERT INTO aliases (item_id, alias, alias_lower, source) VALUES ('택배_상자', '종이 상자', '종이 상자', 'rule');
INSERT INTO aliases (item_id, alias, alias_lower, source) VALUES ('택배_상자', '택배통', '택배통', 'rule');
INSERT OR REPLACE INTO items (id, name, category, note, steps, confidence, source_url, source_name, source_grade, feature, caution, last_verified, region_variation, official_classification) VALUES ('음수대용_종이컵', '음수대용 종이컵', 'paper', '· 음수대용 종이컵은 봉투형, 고깔형, 원기둥형 등이 있습니다. · 음수대용(정수기) 종이컵은 종류와 상관없이 압착하여 봉투에 넣거나 한데 묶어서 종이류 수거함으로 배출합니다. ※ 배출방법은 지역별로 차이가 있을 수', '["음수대용 종이컵은 종이류수거함으로 배출합니다"]', 'high', 'https://www.xn--oy2b29bd3a601b.kr/front/dischargeMethod/dictionaryView.do?niIdx=41', '분리배출.kr (한국폐기물협회·환경부)', 'A', '· 음수대용 종이컵은 봉투형, 고깔형, 원기둥형 등이 있습니다. · 음수대용(정수기) 종이컵은 종류와 상관없이 압착하여 봉투에 넣거나 한데 묶어서 종이류 수거함으로 배출합니다. ※ 배출방법은 지역별로 차이가 있을 수 있으니, 해당 지방자치단체에서 정하는 방법이 있는 경우에는 해당 방법에 따라 배출하시기 바랍니다. 가까운 분리배출 장소를 확인해보세요. 현재 위치에 가까운 배출장소가 없습니다....', '', NULL, 1, '["재활용폐기물", "종이"]');
INSERT INTO aliases (item_id, alias, alias_lower, source) VALUES ('음수대용_종이컵', '꼬깔형 생수컵', '꼬깔형 생수컵', 'rule');
INSERT INTO aliases (item_id, alias, alias_lower, source) VALUES ('음수대용_종이컵', '음수대용종이컵', '음수대용종이컵', 'rule');
INSERT OR REPLACE INTO items (id, name, category, note, steps, confidence, source_url, source_name, source_grade, feature, caution, last_verified, region_variation, official_classification) VALUES ('책꽂이', '책꽂이', 'can', '· 재질에 맞게 배출', '["책꽂이는 재질에 맞게 고철수거함, 플라스틱 수거함 등으로 배출합니다", "목재제품이거나 복합재질인 경우에는 종량제봉투로 배출합니다", "크기가 커 수거함으로 배출하기 어려운 경우에는 대형폐기물로 배출합니다"]', 'high', 'https://www.xn--oy2b29bd3a601b.kr/front/dischargeMethod/dictionaryView.do?niIdx=49', '분리배출.kr (한국폐기물협회·환경부)', 'A', '· 책상위에 책, 물건 등을 구분하기 위해 사용하는 책꽂이는 금속, 목재, 플라스틱 등 다양한 재질로 제작하고 있습니다. · 책꽂이를 배출하실 때에는 재질에 맞게 배출하며, 금속은 고철 수거함에 배출하고, 플라스틱은 재활용품으로, 목재는 일반쓰레기로 배출합니다. · 크기가 큰 경우에는 대형폐기물로 배출합니다.', '· 재질에 맞게 배출', NULL, 1, '["재활용폐기물", "금속류", "고철", "합성수지 용기류"]');
INSERT INTO aliases (item_id, alias, alias_lower, source) VALUES ('책꽂이', '북쉘프', '북쉘프', 'rule');
INSERT INTO aliases (item_id, alias, alias_lower, source) VALUES ('책꽂이', '북케이스', '북케이스', 'rule');
INSERT INTO aliases (item_id, alias, alias_lower, source) VALUES ('책꽂이', '서가', '서가', 'rule');
INSERT INTO aliases (item_id, alias, alias_lower, source) VALUES ('책꽂이', '원목 책장', '원목 책장', 'rule');
INSERT INTO aliases (item_id, alias, alias_lower, source) VALUES ('책꽂이', '이케아 책장', '이케아 책장', 'rule');
INSERT INTO aliases (item_id, alias, alias_lower, source) VALUES ('책꽂이', '책꼬지', '책꼬지', 'rule');
INSERT INTO aliases (item_id, alias, alias_lower, source) VALUES ('책꽂이', '책놓는곳', '책놓는곳', 'rule');
INSERT INTO aliases (item_id, alias, alias_lower, source) VALUES ('책꽂이', '책선반', '책선반', 'rule');
INSERT INTO aliases (item_id, alias, alias_lower, source) VALUES ('책꽂이', '책정리대', '책정리대', 'rule');
INSERT INTO aliases (item_id, alias, alias_lower, source) VALUES ('책꽂이', '플라스틱 책꽂이', '플라스틱 책꽂이', 'rule');
INSERT INTO aliases (item_id, alias, alias_lower, source) VALUES ('책꽂이', '한샘 책장', '한샘 책장', 'rule');
INSERT OR REPLACE INTO items (id, name, category, note, steps, confidence, source_url, source_name, source_grade, feature, caution, last_verified, region_variation, official_classification) VALUES ('세탁소_옷걸이', '세탁소 옷걸이', 'can', '· 세탁소에서 사용하는 철제 옷걸이는 대부분 금속으로 되어있으나 의류를 보호하기 위하여 곁면에 플라스틱을 감아 제작하고 있습니다. · 철제 옷걸이는 금속 단일재질은 아니나 겉면의 플라스틱을 녹이는 공정을 거쳐 재활용', '["세탁소 옷걸이는 고철수거함으로 배출합니다"]', 'high', 'https://www.xn--oy2b29bd3a601b.kr/front/dischargeMethod/dictionaryView.do?niIdx=61', '분리배출.kr (한국폐기물협회·환경부)', 'A', '· 세탁소에서 사용하는 철제 옷걸이는 대부분 금속으로 되어있으나 의류를 보호하기 위하여 곁면에 플라스틱을 감아 제작하고 있습니다. · 철제 옷걸이는 금속 단일재질은 아니나 겉면의 플라스틱을 녹이는 공정을 거쳐 재활용이 가능하므로 고철로 배출하여 주시면 됩니다. · 사용하지 않는 옷걸이는 가까운 세탁소에서 반납하는 경우도 있습니다. ※ 배출방법은 지역별로 차이가 있을 수 있으니, 해당 지방자치...', '', NULL, 1, '["재활용폐기물", "금속류", "고철"]');
INSERT INTO aliases (item_id, alias, alias_lower, source) VALUES ('세탁소_옷걸이', '금속 옷걸이', '금속 옷걸이', 'rule');
INSERT INTO aliases (item_id, alias, alias_lower, source) VALUES ('세탁소_옷걸이', '드라이클리닝 옷걸이', '드라이클리닝 옷걸이', 'rule');
INSERT INTO aliases (item_id, alias, alias_lower, source) VALUES ('세탁소_옷걸이', '드라이클리닝 행거', '드라이클리닝 행거', 'rule');
INSERT INTO aliases (item_id, alias, alias_lower, source) VALUES ('세탁소_옷걸이', '메탈 옷걸이', '메탈 옷걸이', 'rule');
INSERT INTO aliases (item_id, alias, alias_lower, source) VALUES ('세탁소_옷걸이', '세탁 옷걸이', '세탁 옷걸이', 'rule');
INSERT INTO aliases (item_id, alias, alias_lower, source) VALUES ('세탁소_옷걸이', '세탁물 옷걸이', '세탁물 옷걸이', 'rule');
INSERT INTO aliases (item_id, alias, alias_lower, source) VALUES ('세탁소_옷걸이', '세탁소 걸이', '세탁소 걸이', 'rule');
INSERT INTO aliases (item_id, alias, alias_lower, source) VALUES ('세탁소_옷걸이', '세탁소 철사 옷걸이', '세탁소 철사 옷걸이', 'rule');
INSERT INTO aliases (item_id, alias, alias_lower, source) VALUES ('세탁소_옷걸이', '세탁소옷걸이', '세탁소옷걸이', 'rule');
INSERT INTO aliases (item_id, alias, alias_lower, source) VALUES ('세탁소_옷걸이', '세탁용 옷걸이', '세탁용 옷걸이', 'rule');
INSERT INTO aliases (item_id, alias, alias_lower, source) VALUES ('세탁소_옷걸이', '와이어 옷걸이', '와이어 옷걸이', 'rule');
INSERT INTO aliases (item_id, alias, alias_lower, source) VALUES ('세탁소_옷걸이', '철사 옷걸이', '철사 옷걸이', 'rule');
INSERT INTO aliases (item_id, alias, alias_lower, source) VALUES ('세탁소_옷걸이', '철제 옷걸이', '철제 옷걸이', 'rule');
INSERT OR REPLACE INTO items (id, name, category, note, steps, confidence, source_url, source_name, source_grade, feature, caution, last_verified, region_variation, official_classification) VALUES ('캔커피', '캔커피', 'can', '· 내용물을 비우고 물로 헹군 후 배출', '["캔커피는 금속캔 수거함으로 배출합니다"]', 'high', 'https://www.xn--oy2b29bd3a601b.kr/front/dischargeMethod/dictionaryView.do?niIdx=86', '분리배출.kr (한국폐기물협회·환경부)', 'A', '· 캔커피는 몸체, 뚜껑이 금속(알루미늄) 재질로 금속캔으로 배출합니다. · 금속제품은 재활용 선별장에서 철캔, 알루미늄 캔, 생활철, 스테인리스 등으로 선별하여 제철소로 운반되며 이후 용융 과정을 거쳐 철판, 알루미늄 판 등으로 재활용하고 있습니다.', '· 내용물을 비우고 물로 헹군 후 배출', NULL, 1, '["재활용폐기물", "금속류", "금속캔"]');
INSERT INTO aliases (item_id, alias, alias_lower, source) VALUES ('캔커피', 'canned coffee', 'canned coffee', 'rule');
INSERT INTO aliases (item_id, alias, alias_lower, source) VALUES ('캔커피', '깡통커피', '깡통커피', 'rule');
INSERT INTO aliases (item_id, alias, alias_lower, source) VALUES ('캔커피', '레쓰비', '레쓰비', 'rule');
INSERT INTO aliases (item_id, alias, alias_lower, source) VALUES ('캔커피', '조지아', '조지아', 'rule');
INSERT INTO aliases (item_id, alias, alias_lower, source) VALUES ('캔커피', '칸타타', '칸타타', 'rule');
INSERT INTO aliases (item_id, alias, alias_lower, source) VALUES ('캔커피', '캔 라떼', '캔 라떼', 'rule');
INSERT INTO aliases (item_id, alias, alias_lower, source) VALUES ('캔커피', '캔 아메리카노', '캔 아메리카노', 'rule');
INSERT INTO aliases (item_id, alias, alias_lower, source) VALUES ('캔커피', '캔 커피', '캔 커피', 'rule');
INSERT INTO aliases (item_id, alias, alias_lower, source) VALUES ('캔커피', '캔음료 커피', '캔음료 커피', 'rule');
INSERT INTO aliases (item_id, alias, alias_lower, source) VALUES ('캔커피', '캔커', '캔커', 'rule');
INSERT INTO aliases (item_id, alias, alias_lower, source) VALUES ('캔커피', '캔커피통', '캔커피통', 'rule');
INSERT INTO aliases (item_id, alias, alias_lower, source) VALUES ('캔커피', '커피캔', '커피캔', 'rule');
INSERT OR REPLACE INTO items (id, name, category, note, steps, confidence, source_url, source_name, source_grade, feature, caution, last_verified, region_variation, official_classification) VALUES ('캔시머_용기', '캔시머 용기', 'plastic', '·캔시머 용기는 페트(PET) 몸체에 알루미늄 재질 마개가 결합되어 있습니다. ·캔시머 용기는 대부분 몸체와 마개를 분리하기 어렵고 대부분 페트로 제작되어 있어 플라스틱 수거함으로 배출합니다. ※ 배출방법은 지역별로', '["캔시머 용기는 플라스틱 수거함으로 배출합니다"]', 'high', 'https://www.xn--oy2b29bd3a601b.kr/front/dischargeMethod/dictionaryView.do?niIdx=112', '분리배출.kr (한국폐기물협회·환경부)', 'A', '·캔시머 용기는 페트(PET) 몸체에 알루미늄 재질 마개가 결합되어 있습니다. ·캔시머 용기는 대부분 몸체와 마개를 분리하기 어렵고 대부분 페트로 제작되어 있어 플라스틱 수거함으로 배출합니다. ※ 배출방법은 지역별로 차이가 있을 수 있으니, 해당 지방자치단체에서 정하는 방법이 있는 경우에는 해당 방법에 따라 배출하시기 바랍니다. 가까운 분리배출 장소를 확인해보세요. 현재 위치에 가까운 배출장...', '', NULL, 1, '["재활용폐기물", "합성수지 용기류"]');
INSERT INTO aliases (item_id, alias, alias_lower, source) VALUES ('캔시머_용기', '깡통컵', '깡통컵', 'rule');
INSERT INTO aliases (item_id, alias, alias_lower, source) VALUES ('캔시머_용기', '밀봉 용기', '밀봉 용기', 'rule');
INSERT INTO aliases (item_id, alias, alias_lower, source) VALUES ('캔시머_용기', '밀봉 플라스틱 용기', '밀봉 플라스틱 용기', 'rule');
INSERT INTO aliases (item_id, alias, alias_lower, source) VALUES ('캔시머_용기', '밀폐 플라스틱 용기', '밀폐 플라스틱 용기', 'rule');
INSERT INTO aliases (item_id, alias, alias_lower, source) VALUES ('캔시머_용기', '시머 컵', '시머 컵', 'rule');
INSERT INTO aliases (item_id, alias, alias_lower, source) VALUES ('캔시머_용기', '실링 컵', '실링 컵', 'rule');
INSERT INTO aliases (item_id, alias, alias_lower, source) VALUES ('캔시머_용기', '플라스틱 밀봉통', '플라스틱 밀봉통', 'rule');
INSERT OR REPLACE INTO items (id, name, category, note, steps, confidence, source_url, source_name, source_grade, feature, caution, last_verified, region_variation, official_classification) VALUES ('음료_페트병', '음료 페트병', 'plastic', '· 내용물을 비우고 물로 헹군 후 배출 · 용기 뒷면 분리배출 표시 확인 후 배출(플라스틱표시인 경우에는 플라스틱 수거함으로 배출)', '["음료 페트병은 무색페트병수거함으로 배출합니다"]', 'high', 'https://www.xn--oy2b29bd3a601b.kr/front/dischargeMethod/dictionaryView.do?niIdx=123', '분리배출.kr (한국폐기물협회·환경부)', 'A', '·음료 페트병은 대부분 무색페트 재질로 내용물을 깨끗이 비우고 부착상표(라벨) 등을 제거한 후 무색페트병수거함으로 배출합니다. ·용기에서 제거한 라벨은 비닐류수거함으로 배출합니다. ·별도 분리배출된 음료, 생수 투명페트병은 품질 좋은 재생원료로 재활용되어, 옷이나 신발, 새로운 페트병(식품용기) 등의 원료가 됩니다. ·유색페트병 또는 여러 재질이 혼합된 플라스틱 제품은 투명 페트병과 혼합 배...', '· 내용물을 비우고 물로 헹군 후 배출 · 용기 뒷면 분리배출 표시 확인 후 배출(플라스틱표시인 경우에는 플라스틱 수거함으로 배출)', NULL, 1, '["재활용폐기물", "무색페트병"]');
INSERT INTO aliases (item_id, alias, alias_lower, source) VALUES ('음료_페트병', 'PET 보틀', 'pet 보틀', 'rule');
INSERT INTO aliases (item_id, alias, alias_lower, source) VALUES ('음료_페트병', '물 페트', '물 페트', 'rule');
INSERT INTO aliases (item_id, alias, alias_lower, source) VALUES ('음료_페트병', '음료 페트', '음료 페트', 'rule');
INSERT INTO aliases (item_id, alias, alias_lower, source) VALUES ('음료_페트병', '음료페트병', '음료페트병', 'rule');
INSERT INTO aliases (item_id, alias, alias_lower, source) VALUES ('음료_페트병', '플라스틱 음료병', '플라스틱 음료병', 'rule');
INSERT OR REPLACE INTO items (id, name, category, note, steps, confidence, source_url, source_name, source_grade, feature, caution, last_verified, region_variation, official_classification) VALUES ('전신거울', '전신거울', 'furniture', '· 유리, 거울이 부착된 가구류는 가능한 분리하지 않고 제품 그대로 배출', '["전신거울은 대형폐기물로 배출합니다"]', 'high', 'https://www.xn--oy2b29bd3a601b.kr/front/dischargeMethod/dictionaryView.do?niIdx=195', '분리배출.kr (한국폐기물협회·환경부)', 'A', '· 거울과 같은 유리제품은 재활용이 어렵습니다. · 제품의 상태가 좋아 다른 사람이 사용할 수 있는 폐가구는 재활용센터에 판매할 수 있으며, 업체에 따라 무상으로 수거하는 경우도 있습니다. · 폐가구를 배출하시기 전 가까운 재활용센터에 문의하여 주시기 바랍니다.', '· 유리, 거울이 부착된 가구류는 가능한 분리하지 않고 제품 그대로 배출', NULL, 1, '["대형폐기물"]');
INSERT INTO aliases (item_id, alias, alias_lower, source) VALUES ('전신거울', '건식 반신욕기', '건식 반신욕기', 'rule');
INSERT INTO aliases (item_id, alias, alias_lower, source) VALUES ('전신거울', '길다란 거울', '길다란 거울', 'rule');
INSERT INTO aliases (item_id, alias, alias_lower, source) VALUES ('전신거울', '길이거울', '길이거울', 'rule');
INSERT INTO aliases (item_id, alias, alias_lower, source) VALUES ('전신거울', '대형거울', '대형거울', 'rule');
INSERT INTO aliases (item_id, alias, alias_lower, source) VALUES ('전신거울', '드레스룸 거울', '드레스룸 거울', 'rule');
INSERT INTO aliases (item_id, alias, alias_lower, source) VALUES ('전신거울', '롱미러', '롱미러', 'rule');
INSERT INTO aliases (item_id, alias, alias_lower, source) VALUES ('전신거울', '매트리스', '매트리스', 'rule');
INSERT INTO aliases (item_id, alias, alias_lower, source) VALUES ('전신거울', '바디미러', '바디미러', 'rule');
INSERT INTO aliases (item_id, alias, alias_lower, source) VALUES ('전신거울', '벤치프레스', '벤치프레스', 'rule');
INSERT INTO aliases (item_id, alias, alias_lower, source) VALUES ('전신거울', '스탠드 미러', '스탠드 미러', 'rule');
INSERT INTO aliases (item_id, alias, alias_lower, source) VALUES ('전신거울', '에어매트', '에어매트', 'rule');
INSERT INTO aliases (item_id, alias, alias_lower, source) VALUES ('전신거울', '역기', '역기', 'rule');
INSERT INTO aliases (item_id, alias, alias_lower, source) VALUES ('전신거울', '온몸 거울', '온몸 거울', 'rule');
INSERT INTO aliases (item_id, alias, alias_lower, source) VALUES ('전신거울', '입구 거울', '입구 거울', 'rule');
INSERT INTO aliases (item_id, alias, alias_lower, source) VALUES ('전신거울', '전신이', '전신이', 'rule');
INSERT INTO aliases (item_id, alias, alias_lower, source) VALUES ('전신거울', '탈의실 거울', '탈의실 거울', 'rule');
INSERT INTO aliases (item_id, alias, alias_lower, source) VALUES ('전신거울', '풀미러', '풀미러', 'rule');
INSERT OR REPLACE INTO items (id, name, category, note, steps, confidence, source_url, source_name, source_grade, feature, caution, last_verified, region_variation, official_classification) VALUES ('칫솔살균기', '칫솔살균기', 'general', '· 칫솔살균기 등 일부 소형가전제품은 환경성보장제도 대상품목에 해당되지 않습니다. · 환경성보장제도에 포함되지 않은 전기전자제품이어도 무상방문수거서비스를 이용할 때 함께 배출할 수 있으며, 가까운 소형전기전자제품 전', '["칫솔살균기는 소형전기전자제품 전용수거함으로 배출합니다", "인근에 전용수거함이 없는 경우에는 지자체에 문의한 후 배출하여 주시기 바랍니다"]', 'high', 'https://www.xn--oy2b29bd3a601b.kr/front/dischargeMethod/dictionaryView.do?niIdx=286', '분리배출.kr (한국폐기물협회·환경부)', 'A', '· 칫솔살균기 등 일부 소형가전제품은 환경성보장제도 대상품목에 해당되지 않습니다. · 환경성보장제도에 포함되지 않은 전기전자제품이어도 무상방문수거서비스를 이용할 때 함께 배출할 수 있으며, 가까운 소형전기전자제품 전용수거함으로 배출할 수도 있습니다. · 또한, 지자체에 따라 소형가전제품을 수거하는 경우도 있으니 확인하신 후 배출하시는 것이 좋습니다. ※ 배출방법은 지역별로 차이가 있을 수 있...', '', NULL, 1, '["재활용폐기물", "전기전자 제품류"]');
INSERT INTO aliases (item_id, alias, alias_lower, source) VALUES ('칫솔살균기', 'UV 칫솔살균기', 'uv 칫솔살균기', 'rule');
INSERT INTO aliases (item_id, alias, alias_lower, source) VALUES ('칫솔살균기', 'toothbrush sterilizer', 'toothbrush sterilizer', 'rule');
INSERT INTO aliases (item_id, alias, alias_lower, source) VALUES ('칫솔살균기', '벽걸이 칫솔살균기', '벽걸이 칫솔살균기', 'rule');
INSERT INTO aliases (item_id, alias, alias_lower, source) VALUES ('칫솔살균기', '살균 칫솔꽂이', '살균 칫솔꽂이', 'rule');
INSERT INTO aliases (item_id, alias, alias_lower, source) VALUES ('칫솔살균기', '전동칫솔살균기', '전동칫솔살균기', 'rule');
INSERT INTO aliases (item_id, alias, alias_lower, source) VALUES ('칫솔살균기', '치솔살균기', '치솔살균기', 'rule');
INSERT INTO aliases (item_id, alias, alias_lower, source) VALUES ('칫솔살균기', '치카살균기', '치카살균기', 'rule');
INSERT INTO aliases (item_id, alias, alias_lower, source) VALUES ('칫솔살균기', '칫솔 살균', '칫솔 살균', 'rule');
INSERT INTO aliases (item_id, alias, alias_lower, source) VALUES ('칫솔살균기', '칫솔 살균 장치', '칫솔 살균 장치', 'rule');
INSERT INTO aliases (item_id, alias, alias_lower, source) VALUES ('칫솔살균기', '칫솔 소독기', '칫솔 소독기', 'rule');
INSERT INTO aliases (item_id, alias, alias_lower, source) VALUES ('칫솔살균기', '칫솔 클리너', '칫솔 클리너', 'rule');
INSERT INTO aliases (item_id, alias, alias_lower, source) VALUES ('칫솔살균기', '휴대용 칫솔살균기', '휴대용 칫솔살균기', 'rule');
INSERT OR REPLACE INTO items (id, name, category, note, steps, confidence, source_url, source_name, source_grade, feature, caution, last_verified, region_variation, official_classification) VALUES ('전동칫솔', '전동칫솔', 'general', '· 전동칫솔 등 일부 소형가전제품은 환경성보장제도 대상품목에 해당되지 않습니다. · 환경성보장제도에 포함되지 않은 전기전자제품이어도 무상방문수거서비스를 이용할 때 함께 배출할 수 있으며, 가까운 소형전기전자제품 전용', '["전동칫솔은 가까운 소형전기전자제품 전용수거함으로 배출합니다", "인근에 전용수거함이 없는 경우에는 지자체에 문의한 후 배출하여 주시기 바랍니다"]', 'high', 'https://www.xn--oy2b29bd3a601b.kr/front/dischargeMethod/dictionaryView.do?niIdx=301', '분리배출.kr (한국폐기물협회·환경부)', 'A', '· 전동칫솔 등 일부 소형가전제품은 환경성보장제도 대상품목에 해당되지 않습니다. · 환경성보장제도에 포함되지 않은 전기전자제품이어도 무상방문수거서비스를 이용할 때 함께 배출할 수 있으며, 가까운 소형전기전자제품 전용수거함으로 배출할 수도 있습니다. · 또한, 지자체에 따라 소형가전제품을 수거하는 경우도 있으니 확인하신 후 배출하시는 것이 좋습니다. ※ 배출방법은 지역별로 차이가 있을 수 있으...', '', NULL, 1, '["재활용폐기물", "전기전자 제품류"]');
INSERT INTO aliases (item_id, alias, alias_lower, source) VALUES ('전동칫솔', '브라운 칫솔', '브라운 칫솔', 'rule');
INSERT INTO aliases (item_id, alias, alias_lower, source) VALUES ('전동칫솔', '소니케어', '소니케어', 'rule');
INSERT INTO aliases (item_id, alias, alias_lower, source) VALUES ('전동칫솔', '음파칫솔', '음파칫솔', 'rule');
INSERT INTO aliases (item_id, alias, alias_lower, source) VALUES ('전동칫솔', '일렉트릭 칫솔', '일렉트릭 칫솔', 'rule');
INSERT INTO aliases (item_id, alias, alias_lower, source) VALUES ('전동칫솔', '자동칫솔', '자동칫솔', 'rule');
INSERT INTO aliases (item_id, alias, alias_lower, source) VALUES ('전동칫솔', '전기칫솔', '전기칫솔', 'rule');
INSERT INTO aliases (item_id, alias, alias_lower, source) VALUES ('전동칫솔', '전동솔', '전동솔', 'rule');
INSERT INTO aliases (item_id, alias, alias_lower, source) VALUES ('전동칫솔', '진동솔', '진동솔', 'rule');
INSERT INTO aliases (item_id, alias, alias_lower, source) VALUES ('전동칫솔', '진동칫솔', '진동칫솔', 'rule');
INSERT INTO aliases (item_id, alias, alias_lower, source) VALUES ('전동칫솔', '치솔', '치솔', 'rule');
INSERT INTO aliases (item_id, alias, alias_lower, source) VALUES ('전동칫솔', '필립스 칫솔', '필립스 칫솔', 'rule');
INSERT OR REPLACE INTO items (id, name, category, note, steps, confidence, source_url, source_name, source_grade, feature, caution, last_verified, region_variation, official_classification) VALUES ('티백', '티백', 'general', '· 음식물류폐기물로 배출 불가능', '["티백은 종량제봉투로 배출합니다"]', 'high', 'https://www.xn--oy2b29bd3a601b.kr/front/dischargeMethod/dictionaryView.do?niIdx=419', '분리배출.kr (한국폐기물협회·환경부)', 'A', '· 티백은 차, 커피 등 고유 성분이 물에 우러나올 수 있도록 미세한 다공질 포장재로 소포장한 것으로, 티백의 재질은 종이, PP, PET, PLA 등이 사용되고 있습니다. · 티백은 재활용이 어려우므로 일반쓰레기로 배출합니다.', '· 음식물류폐기물로 배출 불가능', NULL, 1, '["일반폐기물", "일반종량제폐기물"]');
INSERT INTO aliases (item_id, alias, alias_lower, source) VALUES ('티백', 'teabag', 'teabag', 'rule');
INSERT INTO aliases (item_id, alias, alias_lower, source) VALUES ('티백', '녹차 티백', '녹차 티백', 'rule');
INSERT INTO aliases (item_id, alias, alias_lower, source) VALUES ('티백', '립톤 티백', '립톤 티백', 'rule');
INSERT INTO aliases (item_id, alias, alias_lower, source) VALUES ('티백', '차 껍데기', '차 껍데기', 'rule');
INSERT INTO aliases (item_id, alias, alias_lower, source) VALUES ('티백', '차 봉다리', '차 봉다리', 'rule');
INSERT INTO aliases (item_id, alias, alias_lower, source) VALUES ('티백', '차 봉지', '차 봉지', 'rule');
INSERT INTO aliases (item_id, alias, alias_lower, source) VALUES ('티백', '차 찌끄레기', '차 찌끄레기', 'rule');
INSERT INTO aliases (item_id, alias, alias_lower, source) VALUES ('티백', '찻잎 찌꺼기', '찻잎 찌꺼기', 'rule');
INSERT INTO aliases (item_id, alias, alias_lower, source) VALUES ('티백', '티 백', '티 백', 'rule');
INSERT INTO aliases (item_id, alias, alias_lower, source) VALUES ('티백', '티백이', '티백이', 'rule');
INSERT INTO aliases (item_id, alias, alias_lower, source) VALUES ('티백', '한약 찌꺼기', '한약 찌꺼기', 'rule');
INSERT INTO aliases (item_id, alias, alias_lower, source) VALUES ('티백', '홍차 티백', '홍차 티백', 'rule');
INSERT OR REPLACE INTO items (id, name, category, note, steps, confidence, source_url, source_name, source_grade, feature, caution, last_verified, region_variation, official_classification) VALUES ('캔버스', '캔버스', 'furniture', '· 캔버스는 면, 아사 등의 천을 나무틀에 박아서 그림을 그릴수 있도록 한 제품으로 복합재질 재활용이 어려우므로 일반쓰레기로 배출합니다. ※ 배출방법은 지역별로 차이가 있을 수 있으니, 해당 지방자치단체에서 정하는', '["캔버스는 종량제봉투로 배출합니다", "크기가 커 종량제봉투로 배출하기 어려운 경우에는 대형폐기물로 배출합니다"]', 'high', 'https://www.xn--oy2b29bd3a601b.kr/front/dischargeMethod/dictionaryView.do?niIdx=433', '분리배출.kr (한국폐기물협회·환경부)', 'A', '· 캔버스는 면, 아사 등의 천을 나무틀에 박아서 그림을 그릴수 있도록 한 제품으로 복합재질 재활용이 어려우므로 일반쓰레기로 배출합니다. ※ 배출방법은 지역별로 차이가 있을 수 있으니, 해당 지방자치단체에서 정하는 방법이 있는 경우에는 해당 방법에 따라 배출하시기 바랍니다. 가까운 분리배출 장소를 확인해보세요. 현재 위치에 가까운 배출장소가 없습니다. 근처의 다른 지역을 검색해보세요. 현 위...', '', NULL, 1, '["일반폐기물", "일반종량제폐기물", "대형폐기물"]');
INSERT INTO aliases (item_id, alias, alias_lower, source) VALUES ('캔버스', 'canvas', 'canvas', 'rule');
INSERT INTO aliases (item_id, alias, alias_lower, source) VALUES ('캔버스', '갤러리캔버스', '갤러리캔버스', 'rule');
INSERT INTO aliases (item_id, alias, alias_lower, source) VALUES ('캔버스', '그림천', '그림천', 'rule');
INSERT INTO aliases (item_id, alias, alias_lower, source) VALUES ('캔버스', '미술캔버스', '미술캔버스', 'rule');
INSERT INTO aliases (item_id, alias, alias_lower, source) VALUES ('캔버스', '벽그림', '벽그림', 'rule');
INSERT INTO aliases (item_id, alias, alias_lower, source) VALUES ('캔버스', '스트레쳐', '스트레쳐', 'rule');
INSERT INTO aliases (item_id, alias, alias_lower, source) VALUES ('캔버스', '아트보드', '아트보드', 'rule');
INSERT INTO aliases (item_id, alias, alias_lower, source) VALUES ('캔버스', '유화캔버스', '유화캔버스', 'rule');
INSERT INTO aliases (item_id, alias, alias_lower, source) VALUES ('캔버스', '이젤캔버스', '이젤캔버스', 'rule');
INSERT INTO aliases (item_id, alias, alias_lower, source) VALUES ('캔버스', '캔바스', '캔바스', 'rule');
INSERT INTO aliases (item_id, alias, alias_lower, source) VALUES ('캔버스', '화판', '화판', 'rule');
INSERT OR REPLACE INTO items (id, name, category, note, steps, confidence, source_url, source_name, source_grade, feature, caution, last_verified, region_variation, official_classification) VALUES ('종이', '종이', 'paper', '·양면이 코팅되어 찢어지지 않는 경우 일반종량제폐기물로 배출', '["종이는 골판지, 기타 종이로 구분하여 배출합니다", "물에 젖거나 이물질이 묻지 않도록 하고 끈으로 묶거나 마대 등에 담아 배출합니다"]', 'high', 'https://www.xn--oy2b29bd3a601b.kr/front/dischargeMethod/dictionaryView.do?niIdx=528', '분리배출.kr (한국폐기물협회·환경부)', 'A', '·종이의 종류로는 골판지와 기타 종이류 (신문지,백판지,책자,백상지,종이컵)이 있습니다. ·골판지는 테이프, 송장, 철핀, 알루미늄박을 제거하고 접어서 배출합니다. 테이프를 제거하기 곤란한 경우에는 칼이나 가위로 잘라서 배출합니다. ·기타 종이류는 비닐, 플라스틱, 코팅된 전단지, 노트·달력 스프링 등 제거하여 배출합니다. ·종이컵은 압착하여 봉투에 넣거나 묶어서 기타종이로 배출합니다. ·1...', '·양면이 코팅되어 찢어지지 않는 경우 일반종량제폐기물로 배출', NULL, 1, '["재활용폐기물", "종이"]');
INSERT INTO aliases (item_id, alias, alias_lower, source) VALUES ('종이', '백지', '백지', 'rule');
INSERT INTO aliases (item_id, alias, alias_lower, source) VALUES ('종이', '용지', '용지', 'rule');
INSERT INTO aliases (item_id, alias, alias_lower, source) VALUES ('종이', '인쇄용지', '인쇄용지', 'rule');
INSERT INTO aliases (item_id, alias, alias_lower, source) VALUES ('종이', '종이쪼가리', '종이쪼가리', 'rule');
INSERT INTO aliases (item_id, alias, alias_lower, source) VALUES ('종이', '종잇장', '종잇장', 'rule');
INSERT INTO aliases (item_id, alias, alias_lower, source) VALUES ('종이', '지류', '지류', 'rule');
INSERT OR REPLACE INTO items (id, name, category, note, steps, confidence, source_url, source_name, source_grade, feature, caution, last_verified, region_variation, official_classification) VALUES ('서랍_책꽂이', '서랍 책꽂이', 'can', '· 재질에 맞게 배출', '["서랍 책꽂이는 재질에 맞게 고철 수거함, 플라스틱 수거함 등으로 배출합니다", "목재제품이거나 복합재질인 경우에는 종량제봉투로 배출합니다", "크기가 커 수거함으로 배출하기 어려운 경우에는 대형폐기물로 배출합니다"]', 'high', 'https://www.xn--oy2b29bd3a601b.kr/front/dischargeMethod/dictionaryView.do?niIdx=570', '분리배출.kr (한국폐기물협회·환경부)', 'A', '· 책, 물건 등을 구분하기 위해 사용하는 서랍 책꽂이는 금속, 목재, 플라스틱 등 다양한 재질로 제작하고 있습니다. · 서랍 책꽂이를 배출하실 때에는 재질에 맞게 배출하며, 금속은 고철 수거함에 배출하고, 플라스틱은 재활용품으로, 목재는 일반쓰레기로 배출합니다. · 크기가 큰 경우에는 대형폐기물로 배출합니다.', '· 재질에 맞게 배출', NULL, 1, '["재활용폐기물", "금속류", "고철", "합성수지 용기류"]');
INSERT INTO aliases (item_id, alias, alias_lower, source) VALUES ('서랍_책꽂이', 'bookcase with drawers', 'bookcase with drawers', 'rule');
INSERT INTO aliases (item_id, alias, alias_lower, source) VALUES ('서랍_책꽂이', 'drawer bookshelf', 'drawer bookshelf', 'rule');
INSERT INTO aliases (item_id, alias, alias_lower, source) VALUES ('서랍_책꽂이', '다용도 서랍 책장', '다용도 서랍 책장', 'rule');
INSERT INTO aliases (item_id, alias, alias_lower, source) VALUES ('서랍_책꽂이', '서랍 달린 책꽂이', '서랍 달린 책꽂이', 'rule');
INSERT INTO aliases (item_id, alias, alias_lower, source) VALUES ('서랍_책꽂이', '서랍 책장', '서랍 책장', 'rule');
INSERT INTO aliases (item_id, alias, alias_lower, source) VALUES ('서랍_책꽂이', '서랍책꽂이', '서랍책꽂이', 'rule');
INSERT INTO aliases (item_id, alias, alias_lower, source) VALUES ('서랍_책꽂이', '서랍형 책장', '서랍형 책장', 'rule');
INSERT INTO aliases (item_id, alias, alias_lower, source) VALUES ('서랍_책꽂이', '선반 서랍장', '선반 서랍장', 'rule');
INSERT INTO aliases (item_id, alias, alias_lower, source) VALUES ('서랍_책꽂이', '수납 책장', '수납 책장', 'rule');
INSERT INTO aliases (item_id, alias, alias_lower, source) VALUES ('서랍_책꽂이', '책 수납장', '책 수납장', 'rule');
INSERT INTO aliases (item_id, alias, alias_lower, source) VALUES ('서랍_책꽂이', '책서랍장', '책서랍장', 'rule');
INSERT INTO aliases (item_id, alias, alias_lower, source) VALUES ('서랍_책꽂이', '책장 서랍', '책장 서랍', 'rule');
INSERT OR REPLACE INTO items (id, name, category, note, steps, confidence, source_url, source_name, source_grade, feature, caution, last_verified, region_variation, official_classification) VALUES ('생선', '생선', 'food', '· 해당 지자체의 배출방법에 따라 배출', '["생선은 음식물류폐기물로 배출합니다", "음식물 전용 종량제봉투 또는 납부필증(스티커, 칩)을 부착하여 전용용기에 담아 배출하거나 RFID에 배출합니다"]', 'high', 'https://www.xn--oy2b29bd3a601b.kr/front/dischargeMethod/dictionaryView.do?niIdx=648', '분리배출.kr (한국폐기물협회·환경부)', 'A', '· 음식물류폐기물은 재활용과정을 거쳐 동물의 사료, 퇴비(비료), 바이오가스로 재활용하고 있습니다. 이 중 사료화는 동물이 직접 섭취하기 때문에 세밀한 기준이 요구되므로 음식물류폐기물의 배출기준은 사료화에 준하여 안내하고 있습니다. · 고등어, 우럭, 갈치 등과 같은 생선은 음식물류폐기물로 배출합니다.', '· 해당 지자체의 배출방법에 따라 배출', NULL, 1, '["음식물류폐기물"]');
INSERT INTO aliases (item_id, alias, alias_lower, source) VALUES ('생선', '갈치', '갈치', 'rule');
INSERT INTO aliases (item_id, alias, alias_lower, source) VALUES ('생선', '광어', '광어', 'rule');
INSERT INTO aliases (item_id, alias, alias_lower, source) VALUES ('생선', '물고기', '물고기', 'rule');
INSERT INTO aliases (item_id, alias, alias_lower, source) VALUES ('생선', '선어', '선어', 'rule');
INSERT INTO aliases (item_id, alias, alias_lower, source) VALUES ('생선', '어류', '어류', 'rule');
INSERT INTO aliases (item_id, alias, alias_lower, source) VALUES ('생선', '연어', '연어', 'rule');
INSERT INTO aliases (item_id, alias, alias_lower, source) VALUES ('생선', '조기', '조기', 'rule');
INSERT INTO aliases (item_id, alias, alias_lower, source) VALUES ('생선', '참치', '참치', 'rule');
INSERT INTO aliases (item_id, alias, alias_lower, source) VALUES ('생선', '피쉬', '피쉬', 'rule');
INSERT INTO aliases (item_id, alias, alias_lower, source) VALUES ('생선', '활어', '활어', 'rule');
INSERT INTO aliases (item_id, alias, alias_lower, source) VALUES ('생선', '횟감', '횟감', 'rule');
INSERT OR REPLACE INTO items (id, name, category, note, steps, confidence, source_url, source_name, source_grade, feature, caution, last_verified, region_variation, official_classification) VALUES ('치간칫솔', '치간칫솔', 'general', '· 치간칫솔은 플라스틱, 솔, 금속 등이 혼합된 복합재질로, 재질별 분리가 어려워 재활용이 어렵습니다. ※ 배출방법은 지역별로 차이가 있을 수 있으니, 해당 지방자치단체에서 정하는 방법이 있는 경우에는 해당 방법에', '["치간칫솔은 종량제봉투로 배출합니다"]', 'high', 'https://www.xn--oy2b29bd3a601b.kr/front/dischargeMethod/dictionaryView.do?niIdx=724', '분리배출.kr (한국폐기물협회·환경부)', 'A', '· 치간칫솔은 플라스틱, 솔, 금속 등이 혼합된 복합재질로, 재질별 분리가 어려워 재활용이 어렵습니다. ※ 배출방법은 지역별로 차이가 있을 수 있으니, 해당 지방자치단체에서 정하는 방법이 있는 경우에는 해당 방법에 따라 배출하시기 바랍니다. 가까운 분리배출 장소를 확인해보세요. 현재 위치에 가까운 배출장소가 없습니다. 근처의 다른 지역을 검색해보세요. 현 위치 배출장소 전체보기 현 지도에서...', '', NULL, 1, '["일반폐기물", "일반종량제폐기물"]');
INSERT INTO aliases (item_id, alias, alias_lower, source) VALUES ('치간칫솔', 'L자형 치간솔', 'l자형 치간솔', 'rule');
INSERT INTO aliases (item_id, alias, alias_lower, source) VALUES ('치간칫솔', 'interdental brush', 'interdental brush', 'rule');
INSERT INTO aliases (item_id, alias, alias_lower, source) VALUES ('치간칫솔', '검 치간칫솔', '검 치간칫솔', 'rule');
INSERT INTO aliases (item_id, alias, alias_lower, source) VALUES ('치간칫솔', '오랄비 치간칫솔', '오랄비 치간칫솔', 'rule');
INSERT INTO aliases (item_id, alias, alias_lower, source) VALUES ('치간칫솔', '이 사이솔', '이 사이솔', 'rule');
INSERT INTO aliases (item_id, alias, alias_lower, source) VALUES ('치간칫솔', '인터덴탈 브러쉬', '인터덴탈 브러쉬', 'rule');
INSERT INTO aliases (item_id, alias, alias_lower, source) VALUES ('치간칫솔', '일회용 치간칫솔', '일회용 치간칫솔', 'rule');
INSERT INTO aliases (item_id, alias, alias_lower, source) VALUES ('치간칫솔', '치간 브러쉬', '치간 브러쉬', 'rule');
INSERT INTO aliases (item_id, alias, alias_lower, source) VALUES ('치간칫솔', '치간 세정솔', '치간 세정솔', 'rule');
INSERT INTO aliases (item_id, alias, alias_lower, source) VALUES ('치간칫솔', '치간솔', '치간솔', 'rule');
INSERT INTO aliases (item_id, alias, alias_lower, source) VALUES ('치간칫솔', '치아 틈새 솔', '치아 틈새 솔', 'rule');
INSERT INTO aliases (item_id, alias, alias_lower, source) VALUES ('치간칫솔', '틈새 칫솔', '틈새 칫솔', 'rule');
INSERT OR REPLACE INTO items (id, name, category, note, steps, confidence, source_url, source_name, source_grade, feature, caution, last_verified, region_variation, official_classification) VALUES ('책상유리', '책상유리', 'furniture', '· 유리 제품은 배출, 운반과정에서 깨질 우려가 있으므로 가능한 주의하여 배출 · 깨진 유리는 날카로워 외부로 누출될 시 사람이 다칠 우려가 있으므로 베이지 않도록 신문지, 테이프 등을 활용하여 충분히 감싼 후 배출', '["책상유리는 불연성종량제봉투(마대)로 배출합니다", "크기가 크거나 무게가 무거운 제품은 대형폐기물로 배출합니다", "다량으로 배출할 때에는 지자체에 문의하여 공사장생활폐기물 전문 처리업체에 위탁하여 처리합니다"]', 'high', 'https://www.xn--oy2b29bd3a601b.kr/front/dischargeMethod/dictionaryView.do?niIdx=756', '분리배출.kr (한국폐기물협회·환경부)', 'A', '· 책상유리와 같은 유리제품은 재활용이 어렵습니다. · 재활용이 어렵고 불에 타지 않는 불연성폐기물은 수거 후 매립장으로 운반되어 매립하고 있습니다. · 인테리어 공사 등에서 발생한 폐기물은 공사장생활폐기물에 해당되며, 폐기물 특성에 따라 종량제봉투, 불연성 마대, 재활용품 또는 대형폐기물로 배출하여야 합니다. 공사장생활폐기물을 다량으로 배출할 시 지자체에 문의하여 공사장생활폐기물 전문 수거...', '· 유리 제품은 배출, 운반과정에서 깨질 우려가 있으므로 가능한 주의하여 배출 · 깨진 유리는 날카로워 외부로 누출될 시 사람이 다칠 우려가 있으므로 베이지 않도록 신문지, 테이프 등을 활용하여 충분히 감싼 후 배출 · 리모델링, 인테리어 공사 등 일련의 공사 또는 작...', NULL, 1, '["일반폐기물", "불연성종량제폐기물", "대형폐기물", "공사장 생활폐기물"]');
INSERT INTO aliases (item_id, alias, alias_lower, source) VALUES ('책상유리', 'desk', 'desk', 'rule');
INSERT INTO aliases (item_id, alias, alias_lower, source) VALUES ('책상유리', '글라스 데스크', '글라스 데스크', 'rule');
INSERT INTO aliases (item_id, alias, alias_lower, source) VALUES ('책상유리', '데스크 글라스', '데스크 글라스', 'rule');
INSERT INTO aliases (item_id, alias, alias_lower, source) VALUES ('책상유리', '데스크탑 글라스', '데스크탑 글라스', 'rule');
INSERT INTO aliases (item_id, alias, alias_lower, source) VALUES ('책상유리', '상판 유리', '상판 유리', 'rule');
INSERT INTO aliases (item_id, alias, alias_lower, source) VALUES ('책상유리', '유리 뚜껑', '유리 뚜껑', 'rule');
INSERT INTO aliases (item_id, alias, alias_lower, source) VALUES ('책상유리', '유리 책상', '유리 책상', 'rule');
INSERT INTO aliases (item_id, alias, alias_lower, source) VALUES ('책상유리', '책상 보호 유리', '책상 보호 유리', 'rule');
INSERT INTO aliases (item_id, alias, alias_lower, source) VALUES ('책상유리', '책상 상판 유리', '책상 상판 유리', 'rule');
INSERT INTO aliases (item_id, alias, alias_lower, source) VALUES ('책상유리', '책상 유리판', '책상 유리판', 'rule');
INSERT INTO aliases (item_id, alias, alias_lower, source) VALUES ('책상유리', '책유리', '책유리', 'rule');
INSERT OR REPLACE INTO items (id, name, category, note, steps, confidence, source_url, source_name, source_grade, feature, caution, last_verified, region_variation, official_classification) VALUES ('packaging_general', '포장재 (일반)', 'plastic', '재질 확인 후 분리. 플라스틱·비닐·종이·스티로폼 각각 해당 분리수거함에 배출.', '["재질 확인 (플라스틱/비닐/종이/스티로폼)", "각 분리수거함에 배출", "복합재질은 분리 어려우면 종량제봉투"]', 'high', 'https://xn--oy2b29bd3a601b.kr/front/dischargeMethod/index.do', '분리배출.kr (한국폐기물협회·환경부)', 'A', NULL, NULL, NULL, 0, NULL);
INSERT INTO aliases (item_id, alias, alias_lower, source) VALUES ('packaging_general', '포장재', '포장재', 'rule');
INSERT INTO aliases (item_id, alias, alias_lower, source) VALUES ('packaging_general', '포장 재료', '포장 재료', 'rule');
INSERT INTO aliases (item_id, alias, alias_lower, source) VALUES ('packaging_general', '포장지', '포장지', 'rule');
INSERT INTO aliases (item_id, alias, alias_lower, source) VALUES ('packaging_general', '포장 용기', '포장 용기', 'rule');
INSERT INTO aliases (item_id, alias, alias_lower, source) VALUES ('packaging_general', '택배 포장재', '택배 포장재', 'rule');
INSERT OR REPLACE INTO items (id, name, category, note, steps, confidence, source_url, source_name, source_grade, feature, caution, last_verified, region_variation, official_classification) VALUES ('packaging_styrofoam', '포장재 스티로폼', 'styrofoam', '흰색 깨끗 → 스티로폼류, 색상/오염 → 종량제봉투', '["테이프·운송장 완전 제거", "내용물·이물질 제거", "흰색만 분리배출", "색상/오염은 종량제봉투"]', 'high', 'https://xn--oy2b29bd3a601b.kr/front/dischargeMethod/index.do', '분리배출.kr (한국폐기물협회·환경부)', 'A', NULL, NULL, NULL, 0, NULL);
INSERT INTO aliases (item_id, alias, alias_lower, source) VALUES ('packaging_styrofoam', 'EPS', 'eps', 'rule');
INSERT INTO aliases (item_id, alias, alias_lower, source) VALUES ('packaging_styrofoam', 'Packaging Styrofoam', 'packaging styrofoam', 'rule');
INSERT INTO aliases (item_id, alias, alias_lower, source) VALUES ('packaging_styrofoam', '물건 포장 스티로폼', '물건 포장 스티로폼', 'rule');
INSERT INTO aliases (item_id, alias, alias_lower, source) VALUES ('packaging_styrofoam', '박스 스티로폼', '박스 스티로폼', 'rule');
INSERT INTO aliases (item_id, alias, alias_lower, source) VALUES ('packaging_styrofoam', '발포 스티로폼', '발포 스티로폼', 'rule');
INSERT INTO aliases (item_id, alias, alias_lower, source) VALUES ('packaging_styrofoam', '스치로폴', '스치로폴', 'rule');
INSERT INTO aliases (item_id, alias, alias_lower, source) VALUES ('packaging_styrofoam', '스치로폼', '스치로폼', 'rule');
INSERT INTO aliases (item_id, alias, alias_lower, source) VALUES ('packaging_styrofoam', '스타이로폼', '스타이로폼', 'rule');
INSERT INTO aliases (item_id, alias, alias_lower, source) VALUES ('packaging_styrofoam', '완충재', '완충재', 'rule');
INSERT INTO aliases (item_id, alias, alias_lower, source) VALUES ('packaging_styrofoam', '포장용 스티로폼', '포장용 스티로폼', 'rule');
INSERT INTO aliases (item_id, alias, alias_lower, source) VALUES ('packaging_styrofoam', '포장재 스티로폼', '포장재 스티로폼', 'rule');
INSERT INTO aliases (item_id, alias, alias_lower, source) VALUES ('packaging_styrofoam', '포장재스티로폼', '포장재스티로폼', 'rule');
INSERT OR REPLACE INTO items (id, name, category, note, steps, confidence, source_url, source_name, source_grade, feature, caution, last_verified, region_variation, official_classification) VALUES ('aluminum_can', '알루미늄캔', 'can', '내용물 비우고 헹궈서 캔·금속류로 배출. 음료수캔·맥주캔 모두 포함.', '["내용물 비우기", "물로 헹구기", "압착하여 부피 줄이기", "캔/금속류 수거함에 배출"]', 'high', 'https://xn--oy2b29bd3a601b.kr/front/dischargeMethod/index.do', '분리배출.kr (한국폐기물협회·환경부)', 'A', NULL, NULL, NULL, 0, NULL);
INSERT INTO aliases (item_id, alias, alias_lower, source) VALUES ('aluminum_can', 'aluminum can', 'aluminum can', 'rule');
INSERT INTO aliases (item_id, alias, alias_lower, source) VALUES ('aluminum_can', '강아지 사료 캔', '강아지 사료 캔', 'rule');
INSERT INTO aliases (item_id, alias, alias_lower, source) VALUES ('aluminum_can', '고등어 통조림 캔', '고등어 통조림 캔', 'rule');
INSERT INTO aliases (item_id, alias, alias_lower, source) VALUES ('aluminum_can', '고등어캔', '고등어캔', 'rule');
INSERT INTO aliases (item_id, alias, alias_lower, source) VALUES ('aluminum_can', '고양이 사료 캔', '고양이 사료 캔', 'rule');
INSERT INTO aliases (item_id, alias, alias_lower, source) VALUES ('aluminum_can', '골뱅이 통조림', '골뱅이 통조림', 'rule');
INSERT INTO aliases (item_id, alias, alias_lower, source) VALUES ('aluminum_can', '꽁치 통조림', '꽁치 통조림', 'rule');
INSERT INTO aliases (item_id, alias, alias_lower, source) VALUES ('aluminum_can', '런천미트 캔', '런천미트 캔', 'rule');
INSERT INTO aliases (item_id, alias, alias_lower, source) VALUES ('aluminum_can', '맥주 캔(국산)', '맥주 캔(국산)', 'rule');
INSERT INTO aliases (item_id, alias, alias_lower, source) VALUES ('aluminum_can', '맥주 캔(수입)', '맥주 캔(수입)', 'rule');
INSERT INTO aliases (item_id, alias, alias_lower, source) VALUES ('aluminum_can', '맥주캔', '맥주캔', 'rule');
INSERT INTO aliases (item_id, alias, alias_lower, source) VALUES ('aluminum_can', '방향제 캔', '방향제 캔', 'rule');
INSERT INTO aliases (item_id, alias, alias_lower, source) VALUES ('aluminum_can', '복숭아 통조림', '복숭아 통조림', 'rule');
INSERT INTO aliases (item_id, alias, alias_lower, source) VALUES ('aluminum_can', '빈 캔', '빈 캔', 'rule');
INSERT INTO aliases (item_id, alias, alias_lower, source) VALUES ('aluminum_can', '사이다 캔', '사이다 캔', 'rule');
INSERT INTO aliases (item_id, alias, alias_lower, source) VALUES ('aluminum_can', '쇠고기 통조림', '쇠고기 통조림', 'rule');
INSERT INTO aliases (item_id, alias, alias_lower, source) VALUES ('aluminum_can', '스팸 통조림', '스팸 통조림', 'rule');
INSERT INTO aliases (item_id, alias, alias_lower, source) VALUES ('aluminum_can', '스팸캔', '스팸캔', 'rule');
INSERT INTO aliases (item_id, alias, alias_lower, source) VALUES ('aluminum_can', '스프라이트 캔', '스프라이트 캔', 'rule');
INSERT INTO aliases (item_id, alias, alias_lower, source) VALUES ('aluminum_can', '알루미늄 캔', '알루미늄 캔', 'rule');
INSERT INTO aliases (item_id, alias, alias_lower, source) VALUES ('aluminum_can', '알루미늄캔', '알루미늄캔', 'rule');
INSERT INTO aliases (item_id, alias, alias_lower, source) VALUES ('aluminum_can', '에너지음료 캔', '에너지음료 캔', 'rule');
INSERT INTO aliases (item_id, alias, alias_lower, source) VALUES ('aluminum_can', '에어로졸 캔(빈)', '에어로졸 캔(빈)', 'rule');
INSERT INTO aliases (item_id, alias, alias_lower, source) VALUES ('aluminum_can', '옥수수캔', '옥수수캔', 'rule');
INSERT INTO aliases (item_id, alias, alias_lower, source) VALUES ('aluminum_can', '와인 캔', '와인 캔', 'rule');
INSERT INTO aliases (item_id, alias, alias_lower, source) VALUES ('aluminum_can', '음료 깡통', '음료 깡통', 'rule');
INSERT INTO aliases (item_id, alias, alias_lower, source) VALUES ('aluminum_can', '음료수캔', '음료수캔', 'rule');
INSERT INTO aliases (item_id, alias, alias_lower, source) VALUES ('aluminum_can', '주스 캔', '주스 캔', 'rule');
INSERT INTO aliases (item_id, alias, alias_lower, source) VALUES ('aluminum_can', '참치캔 뚜껑', '참치캔 뚜껑', 'rule');
INSERT INTO aliases (item_id, alias, alias_lower, source) VALUES ('aluminum_can', '커피 캔', '커피 캔', 'rule');
INSERT INTO aliases (item_id, alias, alias_lower, source) VALUES ('aluminum_can', '코코아 캔', '코코아 캔', 'rule');
INSERT INTO aliases (item_id, alias, alias_lower, source) VALUES ('aluminum_can', '콘 비프 캔', '콘 비프 캔', 'rule');
INSERT INTO aliases (item_id, alias, alias_lower, source) VALUES ('aluminum_can', '콜라 캔', '콜라 캔', 'rule');
INSERT INTO aliases (item_id, alias, alias_lower, source) VALUES ('aluminum_can', '콜라캔', '콜라캔', 'rule');
INSERT INTO aliases (item_id, alias, alias_lower, source) VALUES ('aluminum_can', '콩 통조림', '콩 통조림', 'rule');
INSERT INTO aliases (item_id, alias, alias_lower, source) VALUES ('aluminum_can', '탄산음료 캔', '탄산음료 캔', 'rule');
INSERT INTO aliases (item_id, alias, alias_lower, source) VALUES ('aluminum_can', '헤어스프레이 캔(빈)', '헤어스프레이 캔(빈)', 'rule');
INSERT INTO aliases (item_id, alias, alias_lower, source) VALUES ('aluminum_can', '환타 캔', '환타 캔', 'rule');
INSERT OR REPLACE INTO items (id, name, category, note, steps, confidence, source_url, source_name, source_grade, feature, caution, last_verified, region_variation, official_classification) VALUES ('old_clothes', '헌 옷/의류', 'clothes', '재사용 가능 → 의류수거함, 오염·훼손 심함 → 종량제봉투', '["깨끗하게 세탁·건조", "의류수거함에 배출", "오염·훼손 심함 → 종량제봉투"]', 'high', 'https://xn--oy2b29bd3a601b.kr/front/dischargeMethod/index.do', '분리배출.kr (한국폐기물협회·환경부)', 'A', NULL, NULL, NULL, 0, NULL);
INSERT INTO aliases (item_id, alias, alias_lower, source) VALUES ('old_clothes', '낡은 옷', '낡은 옷', 'rule');
INSERT INTO aliases (item_id, alias, alias_lower, source) VALUES ('old_clothes', '못 입는 옷', '못 입는 옷', 'rule');
INSERT INTO aliases (item_id, alias, alias_lower, source) VALUES ('old_clothes', '버릴 옷', '버릴 옷', 'rule');
INSERT INTO aliases (item_id, alias, alias_lower, source) VALUES ('old_clothes', '세컨드핸드 옷', '세컨드핸드 옷', 'rule');
INSERT INTO aliases (item_id, alias, alias_lower, source) VALUES ('old_clothes', '수거 옷', '수거 옷', 'rule');
INSERT INTO aliases (item_id, alias, alias_lower, source) VALUES ('old_clothes', '안 입는 옷', '안 입는 옷', 'rule');
INSERT INTO aliases (item_id, alias, alias_lower, source) VALUES ('old_clothes', '안 입는 옷가지', '안 입는 옷가지', 'rule');
INSERT INTO aliases (item_id, alias, alias_lower, source) VALUES ('old_clothes', '안입는 옷', '안입는 옷', 'rule');
INSERT INTO aliases (item_id, alias, alias_lower, source) VALUES ('old_clothes', '오래된 옷', '오래된 옷', 'rule');
INSERT INTO aliases (item_id, alias, alias_lower, source) VALUES ('old_clothes', '옷 쓰레기', '옷 쓰레기', 'rule');
INSERT INTO aliases (item_id, alias, alias_lower, source) VALUES ('old_clothes', '옷가지', '옷가지', 'rule');
INSERT INTO aliases (item_id, alias, alias_lower, source) VALUES ('old_clothes', '유즈드 클로스', '유즈드 클로스', 'rule');
INSERT INTO aliases (item_id, alias, alias_lower, source) VALUES ('old_clothes', '입지 않는 옷', '입지 않는 옷', 'rule');
INSERT INTO aliases (item_id, alias, alias_lower, source) VALUES ('old_clothes', '재활용 의류', '재활용 의류', 'rule');
INSERT INTO aliases (item_id, alias, alias_lower, source) VALUES ('old_clothes', '폐의류', '폐의류', 'rule');
INSERT INTO aliases (item_id, alias, alias_lower, source) VALUES ('old_clothes', '헌 옷', '헌 옷', 'rule');
INSERT INTO aliases (item_id, alias, alias_lower, source) VALUES ('old_clothes', '헌 의류', '헌 의류', 'rule');
INSERT INTO aliases (item_id, alias, alias_lower, source) VALUES ('old_clothes', '헌옷', '헌옷', 'rule');
INSERT OR REPLACE INTO items (id, name, category, note, steps, confidence, source_url, source_name, source_grade, feature, caution, last_verified, region_variation, official_classification) VALUES ('disposable_paper_cup', '종이컵 (일회용)', 'general', '음료 묻은 종이컵은 종량제봉투. 깨끗하면 종이류 가능 (지역별 차이).', '["내용물 비우기", "오염된 종이컵 → 종량제봉투", "깨끗한 종이컵 → 종이류 (선택, 지역 확인)"]', 'high', 'https://xn--oy2b29bd3a601b.kr/front/dischargeMethod/index.do', '분리배출.kr (한국폐기물협회·환경부)', 'A', NULL, NULL, NULL, 1, NULL);
INSERT INTO aliases (item_id, alias, alias_lower, source) VALUES ('disposable_paper_cup', 'PE코팅 종이컵', 'pe코팅 종이컵', 'rule');
INSERT INTO aliases (item_id, alias, alias_lower, source) VALUES ('disposable_paper_cup', 'disposable cup', 'disposable cup', 'rule');
INSERT INTO aliases (item_id, alias, alias_lower, source) VALUES ('disposable_paper_cup', 'paper cup', 'paper cup', 'rule');
INSERT INTO aliases (item_id, alias, alias_lower, source) VALUES ('disposable_paper_cup', '스타벅스컵', '스타벅스컵', 'rule');
INSERT INTO aliases (item_id, alias, alias_lower, source) VALUES ('disposable_paper_cup', '일회용 종이잔', '일회용 종이잔', 'rule');
INSERT INTO aliases (item_id, alias, alias_lower, source) VALUES ('disposable_paper_cup', '일회용 종이컵', '일회용 종이컵', 'rule');
INSERT INTO aliases (item_id, alias, alias_lower, source) VALUES ('disposable_paper_cup', '종이잔', '종이잔', 'rule');
INSERT INTO aliases (item_id, alias, alias_lower, source) VALUES ('disposable_paper_cup', '종이컵', '종이컵', 'rule');
INSERT INTO aliases (item_id, alias, alias_lower, source) VALUES ('disposable_paper_cup', '종컵', '종컵', 'rule');
INSERT INTO aliases (item_id, alias, alias_lower, source) VALUES ('disposable_paper_cup', '카페컵', '카페컵', 'rule');
INSERT INTO aliases (item_id, alias, alias_lower, source) VALUES ('disposable_paper_cup', '커피컵', '커피컵', 'rule');
INSERT INTO aliases (item_id, alias, alias_lower, source) VALUES ('disposable_paper_cup', '테이크아웃 잔', '테이크아웃 잔', 'rule');
INSERT OR REPLACE INTO items (id, name, category, note, steps, confidence, source_url, source_name, source_grade, feature, caution, last_verified, region_variation, official_classification) VALUES ('dumbbell', '덤벨/아령', 'general', '소형 덤벨(2kg 미만)은 종량제봉투. 대형은 대형폐기물 신고.', '["소형(2kg 미만) → 종량제봉투", "대형 → 거주 지자체 대형폐기물 신고"]', 'high', 'https://xn--oy2b29bd3a601b.kr/front/dischargeMethod/index.do', '분리배출.kr (한국폐기물협회·환경부)', 'A', NULL, NULL, NULL, 1, NULL);
INSERT INTO aliases (item_id, alias, alias_lower, source) VALUES ('dumbbell', '덤벨', '덤벨', 'rule');
INSERT INTO aliases (item_id, alias, alias_lower, source) VALUES ('dumbbell', '아령', '아령', 'rule');
INSERT INTO aliases (item_id, alias, alias_lower, source) VALUES ('dumbbell', '무게추', '무게추', 'rule');
INSERT INTO aliases (item_id, alias, alias_lower, source) VALUES ('dumbbell', '케틀벨', '케틀벨', 'rule');
INSERT OR REPLACE INTO items (id, name, category, note, steps, confidence, source_url, source_name, source_grade, feature, caution, last_verified, region_variation, official_classification) VALUES ('vase', '꽃병/화병', 'general', '유리 꽃병은 깨지지 않은 채 유리병 수거함. 도자기는 일반쓰레기.', '["유리 → 유리병 수거함", "도자기 → 종량제봉투", "깨졌으면 신문지로 감싸 종량제봉투"]', 'high', 'https://xn--oy2b29bd3a601b.kr/front/dischargeMethod/index.do', '분리배출.kr (한국폐기물협회·환경부)', 'A', NULL, NULL, NULL, 1, NULL);
INSERT INTO aliases (item_id, alias, alias_lower, source) VALUES ('vase', '꽃 그릇', '꽃 그릇', 'rule');
INSERT INTO aliases (item_id, alias, alias_lower, source) VALUES ('vase', '꽃 담는 병', '꽃 담는 병', 'rule');
INSERT INTO aliases (item_id, alias, alias_lower, source) VALUES ('vase', '꽃꽂이 용기', '꽃꽂이 용기', 'rule');
INSERT INTO aliases (item_id, alias, alias_lower, source) VALUES ('vase', '꽃병', '꽃병', 'rule');
INSERT INTO aliases (item_id, alias, alias_lower, source) VALUES ('vase', '꽃병이', '꽃병이', 'rule');
INSERT INTO aliases (item_id, alias, alias_lower, source) VALUES ('vase', '꽃통', '꽃통', 'rule');
INSERT INTO aliases (item_id, alias, alias_lower, source) VALUES ('vase', '바스', '바스', 'rule');
INSERT INTO aliases (item_id, alias, alias_lower, source) VALUES ('vase', '유리 화병', '유리 화병', 'rule');
INSERT INTO aliases (item_id, alias, alias_lower, source) VALUES ('vase', '장식병', '장식병', 'rule');
INSERT INTO aliases (item_id, alias, alias_lower, source) VALUES ('vase', '플라워 베이스', '플라워 베이스', 'rule');
INSERT INTO aliases (item_id, alias, alias_lower, source) VALUES ('vase', '화기', '화기', 'rule');
INSERT INTO aliases (item_id, alias, alias_lower, source) VALUES ('vase', '화병', '화병', 'rule');
INSERT INTO aliases (item_id, alias, alias_lower, source) VALUES ('vase', '화병이', '화병이', 'rule');
INSERT OR REPLACE INTO items (id, name, category, note, steps, confidence, source_url, source_name, source_grade, feature, caution, last_verified, region_variation, official_classification) VALUES ('toothpick', '이쑤시개', 'general', '녹말(전분) 이쑤시개는 음식물쓰레기, 나무 이쑤시개는 일반쓰레기', '["녹말(전분) 이쑤시개 → 음식물쓰레기", "나무 이쑤시개 → 종량제봉투"]', 'high', 'https://xn--oy2b29bd3a601b.kr/front/dischargeMethod/index.do', '분리배출.kr (한국폐기물협회·환경부)', 'A', NULL, NULL, NULL, 0, NULL);
INSERT INTO aliases (item_id, alias, alias_lower, source) VALUES ('toothpick', '이쑤시개', '이쑤시개', 'rule');
INSERT INTO aliases (item_id, alias, alias_lower, source) VALUES ('toothpick', '나무 이쑤시개', '나무 이쑤시개', 'rule');
INSERT INTO aliases (item_id, alias, alias_lower, source) VALUES ('toothpick', '녹말 이쑤시개', '녹말 이쑤시개', 'rule');
INSERT INTO aliases (item_id, alias, alias_lower, source) VALUES ('toothpick', '전분 이쑤시개', '전분 이쑤시개', 'rule');
INSERT OR REPLACE INTO items (id, name, category, note, steps, confidence, source_url, source_name, source_grade, feature, caution, last_verified, region_variation, official_classification) VALUES ('led_bulb', 'LED 전구', 'general', 'LED 전구는 형광등과 달리 수은이 없어 일반쓰레기. 깨지지 않게 종량제봉투에.', '["깨지지 않게 신문지로 감싸기", "종량제봉투에 배출", "(형광등은 별도 전용수거함)"]', 'high', 'https://xn--oy2b29bd3a601b.kr/front/dischargeMethod/index.do', '분리배출.kr (한국폐기물협회·환경부)', 'A', NULL, NULL, NULL, 0, NULL);
INSERT INTO aliases (item_id, alias, alias_lower, source) VALUES ('led_bulb', 'LED 램프', 'led 램프', 'rule');
INSERT INTO aliases (item_id, alias, alias_lower, source) VALUES ('led_bulb', 'LED 전구', 'led 전구', 'rule');
INSERT INTO aliases (item_id, alias, alias_lower, source) VALUES ('led_bulb', 'LED전구', 'led전구', 'rule');
INSERT INTO aliases (item_id, alias, alias_lower, source) VALUES ('led_bulb', '에너지절약 전구', '에너지절약 전구', 'rule');
INSERT INTO aliases (item_id, alias, alias_lower, source) VALUES ('led_bulb', '엘이디 전구', '엘이디 전구', 'rule');
INSERT OR REPLACE INTO items (id, name, category, note, steps, confidence, source_url, source_name, source_grade, feature, caution, last_verified, region_variation, official_classification) VALUES ('face_mask', '마스크', 'general', '보건용·KF 마스크 모두 일반쓰레기. 사용한 마스크는 종량제봉투에.', '["끈 잘라서 분리", "종량제봉투에 담아 배출"]', 'high', 'https://xn--oy2b29bd3a601b.kr/front/dischargeMethod/index.do', '분리배출.kr (한국폐기물협회·환경부)', 'A', NULL, NULL, NULL, 0, NULL);
INSERT INTO aliases (item_id, alias, alias_lower, source) VALUES ('face_mask', 'KF80', 'kf80', 'rule');
INSERT INTO aliases (item_id, alias, alias_lower, source) VALUES ('face_mask', 'KF94', 'kf94', 'rule');
INSERT INTO aliases (item_id, alias, alias_lower, source) VALUES ('face_mask', 'N95 마스크', 'n95 마스크', 'rule');
INSERT INTO aliases (item_id, alias, alias_lower, source) VALUES ('face_mask', 'mask', 'mask', 'rule');
INSERT INTO aliases (item_id, alias, alias_lower, source) VALUES ('face_mask', '덴탈 마스크', '덴탈 마스크', 'rule');
INSERT INTO aliases (item_id, alias, alias_lower, source) VALUES ('face_mask', '마스크', '마스크', 'rule');
INSERT INTO aliases (item_id, alias, alias_lower, source) VALUES ('face_mask', '마스키', '마스키', 'rule');
INSERT INTO aliases (item_id, alias, alias_lower, source) VALUES ('face_mask', '방역 마스크', '방역 마스크', 'rule');
INSERT INTO aliases (item_id, alias, alias_lower, source) VALUES ('face_mask', '방진 마스크', '방진 마스크', 'rule');
INSERT INTO aliases (item_id, alias, alias_lower, source) VALUES ('face_mask', '방한 마스크', '방한 마스크', 'rule');
INSERT INTO aliases (item_id, alias, alias_lower, source) VALUES ('face_mask', '보건용 마스크', '보건용 마스크', 'rule');
INSERT INTO aliases (item_id, alias, alias_lower, source) VALUES ('face_mask', '의료용 마스크', '의료용 마스크', 'rule');
INSERT INTO aliases (item_id, alias, alias_lower, source) VALUES ('face_mask', '천 마스크', '천 마스크', 'rule');
INSERT INTO aliases (item_id, alias, alias_lower, source) VALUES ('face_mask', '페이스 마스크', '페이스 마스크', 'rule');
INSERT INTO aliases (item_id, alias, alias_lower, source) VALUES ('face_mask', '필터 마스크', '필터 마스크', 'rule');
INSERT INTO aliases (item_id, alias, alias_lower, source) VALUES ('face_mask', '황사 마스크', '황사 마스크', 'rule');
INSERT OR REPLACE INTO items (id, name, category, note, steps, confidence, source_url, source_name, source_grade, feature, caution, last_verified, region_variation, official_classification) VALUES ('thermometer', '체온계', 'hazardous', '수은 체온계는 유해폐기물 (전자식은 소형가전). 깨진 체온계는 동주민센터로.', '["수은 체온계 → 유해폐기물 또는 동주민센터", "전자 체온계 → 소형가전"]', 'high', 'https://xn--oy2b29bd3a601b.kr/front/dischargeMethod/index.do', '분리배출.kr (한국폐기물협회·환경부)', 'A', NULL, NULL, NULL, 1, NULL);
INSERT INTO aliases (item_id, alias, alias_lower, source) VALUES ('thermometer', '귀 체온계', '귀 체온계', 'rule');
INSERT INTO aliases (item_id, alias, alias_lower, source) VALUES ('thermometer', '디지털 체온계', '디지털 체온계', 'rule');
INSERT INTO aliases (item_id, alias, alias_lower, source) VALUES ('thermometer', '발열 측정기', '발열 측정기', 'rule');
INSERT INTO aliases (item_id, alias, alias_lower, source) VALUES ('thermometer', '브라운 체온계', '브라운 체온계', 'rule');
INSERT INTO aliases (item_id, alias, alias_lower, source) VALUES ('thermometer', '비접촉 체온계', '비접촉 체온계', 'rule');
INSERT INTO aliases (item_id, alias, alias_lower, source) VALUES ('thermometer', '수은 체온계', '수은 체온계', 'rule');
INSERT INTO aliases (item_id, alias, alias_lower, source) VALUES ('thermometer', '써모미터', '써모미터', 'rule');
INSERT INTO aliases (item_id, alias, alias_lower, source) VALUES ('thermometer', '열 재는 기계', '열 재는 기계', 'rule');
INSERT INTO aliases (item_id, alias, alias_lower, source) VALUES ('thermometer', '열체크기', '열체크기', 'rule');
INSERT INTO aliases (item_id, alias, alias_lower, source) VALUES ('thermometer', '오므론 체온계', '오므론 체온계', 'rule');
INSERT INTO aliases (item_id, alias, alias_lower, source) VALUES ('thermometer', '이마 체온계', '이마 체온계', 'rule');
INSERT INTO aliases (item_id, alias, alias_lower, source) VALUES ('thermometer', '인체 온도계', '인체 온도계', 'rule');
INSERT INTO aliases (item_id, alias, alias_lower, source) VALUES ('thermometer', '전자 체온계', '전자 체온계', 'rule');
INSERT INTO aliases (item_id, alias, alias_lower, source) VALUES ('thermometer', '체열 측정기', '체열 측정기', 'rule');
INSERT INTO aliases (item_id, alias, alias_lower, source) VALUES ('thermometer', '체온계', '체온계', 'rule');
INSERT INTO aliases (item_id, alias, alias_lower, source) VALUES ('thermometer', '체온체크기', '체온체크기', 'rule');
INSERT OR REPLACE INTO items (id, name, category, note, steps, confidence, source_url, source_name, source_grade, feature, caution, last_verified, region_variation, official_classification) VALUES ('diaper', '기저귀', 'general', '유아·성인용 기저귀 모두 일반쓰레기 (배설물 등 오염물 포함).', '["오염물 비우기 (가능한 경우)", "둘둘 말아서 종량제봉투에"]', 'high', 'https://xn--oy2b29bd3a601b.kr/front/dischargeMethod/index.do', '분리배출.kr (한국폐기물협회·환경부)', 'A', NULL, NULL, NULL, 0, NULL);
INSERT INTO aliases (item_id, alias, alias_lower, source) VALUES ('diaper', 'nappy', 'nappy', 'rule');
INSERT INTO aliases (item_id, alias, alias_lower, source) VALUES ('diaper', '귀저기', '귀저기', 'rule');
INSERT INTO aliases (item_id, alias, alias_lower, source) VALUES ('diaper', '기저귀', '기저귀', 'rule');
INSERT INTO aliases (item_id, alias, alias_lower, source) VALUES ('diaper', '마미포코', '마미포코', 'rule');
INSERT INTO aliases (item_id, alias, alias_lower, source) VALUES ('diaper', '성인용 기저귀', '성인용 기저귀', 'rule');
INSERT INTO aliases (item_id, alias, alias_lower, source) VALUES ('diaper', '쉬야 기저귀', '쉬야 기저귀', 'rule');
INSERT INTO aliases (item_id, alias, alias_lower, source) VALUES ('diaper', '애기 기저귀', '애기 기저귀', 'rule');
INSERT INTO aliases (item_id, alias, alias_lower, source) VALUES ('diaper', '유아 기저귀', '유아 기저귀', 'rule');
INSERT INTO aliases (item_id, alias, alias_lower, source) VALUES ('diaper', '응가 기저귀', '응가 기저귀', 'rule');
INSERT INTO aliases (item_id, alias, alias_lower, source) VALUES ('diaper', '일회용 기저귀', '일회용 기저귀', 'rule');
INSERT INTO aliases (item_id, alias, alias_lower, source) VALUES ('diaper', '천 기저귀', '천 기저귀', 'rule');
INSERT INTO aliases (item_id, alias, alias_lower, source) VALUES ('diaper', '패드', '패드', 'rule');
INSERT INTO aliases (item_id, alias, alias_lower, source) VALUES ('diaper', '팸퍼스', '팸퍼스', 'rule');
INSERT INTO aliases (item_id, alias, alias_lower, source) VALUES ('diaper', '하기스', '하기스', 'rule');
INSERT OR REPLACE INTO items (id, name, category, note, steps, confidence, source_url, source_name, source_grade, feature, caution, last_verified, region_variation, official_classification) VALUES ('gum', '껌', 'general', '씹은 껌은 일반쓰레기. 음식물쓰레기 아님 (재활용 불가).', '["껌은 종량제봉투에", "포장지(은박)는 비닐류 또는 종이류"]', 'high', 'https://xn--oy2b29bd3a601b.kr/front/dischargeMethod/index.do', '분리배출.kr (한국폐기물협회·환경부)', 'A', NULL, NULL, NULL, 0, NULL);
INSERT INTO aliases (item_id, alias, alias_lower, source) VALUES ('gum', 'chewing gum', 'chewing gum', 'rule');
INSERT INTO aliases (item_id, alias, alias_lower, source) VALUES ('gum', '껌덩이', '껌덩이', 'rule');
INSERT INTO aliases (item_id, alias, alias_lower, source) VALUES ('gum', '롯데껌', '롯데껌', 'rule');
INSERT INTO aliases (item_id, alias, alias_lower, source) VALUES ('gum', '막대껌', '막대껌', 'rule');
INSERT INTO aliases (item_id, alias, alias_lower, source) VALUES ('gum', '씹는 껌', '씹는 껌', 'rule');
INSERT INTO aliases (item_id, alias, alias_lower, source) VALUES ('gum', '씹은 껌', '씹은 껌', 'rule');
INSERT INTO aliases (item_id, alias, alias_lower, source) VALUES ('gum', '자일리톨', '자일리톨', 'rule');
INSERT INTO aliases (item_id, alias, alias_lower, source) VALUES ('gum', '쥬시후레쉬', '쥬시후레쉬', 'rule');
INSERT INTO aliases (item_id, alias, alias_lower, source) VALUES ('gum', '질겅이', '질겅이', 'rule');
INSERT INTO aliases (item_id, alias, alias_lower, source) VALUES ('gum', '판껌', '판껌', 'rule');
INSERT INTO aliases (item_id, alias, alias_lower, source) VALUES ('gum', '풍선껌', '풍선껌', 'rule');
INSERT INTO aliases (item_id, alias, alias_lower, source) VALUES ('gum', '해태껌', '해태껌', 'rule');
INSERT INTO aliases (item_id, alias, alias_lower, source) VALUES ('gum', '후라보노', '후라보노', 'rule');
INSERT OR REPLACE INTO items (id, name, category, note, steps, confidence, source_url, source_name, source_grade, feature, caution, last_verified, region_variation, official_classification) VALUES ('takeout_cup', '테이크아웃 컵', 'general', 'PE코팅 종이컵·플라스틱 컵 모두 음료 묻으면 일반쓰레기. 깨끗하면 재질별 분리.', '["내용물 비우기", "오염 → 종량제봉투", "깨끗 종이컵 → 종이류 / 깨끗 플라스틱 → 플라스틱"]', 'high', 'https://xn--oy2b29bd3a601b.kr/front/dischargeMethod/index.do', '분리배출.kr (한국폐기물협회·환경부)', 'A', NULL, NULL, NULL, 1, NULL);
INSERT INTO aliases (item_id, alias, alias_lower, source) VALUES ('takeout_cup', 'PE컵', 'pe컵', 'rule');
INSERT INTO aliases (item_id, alias, alias_lower, source) VALUES ('takeout_cup', '스타벅스 컵', '스타벅스 컵', 'rule');
INSERT INTO aliases (item_id, alias, alias_lower, source) VALUES ('takeout_cup', '음료컵', '음료컵', 'rule');
INSERT INTO aliases (item_id, alias, alias_lower, source) VALUES ('takeout_cup', '테이크아웃 컵', '테이크아웃 컵', 'rule');
INSERT INTO aliases (item_id, alias, alias_lower, source) VALUES ('takeout_cup', '테이크아웃컵', '테이크아웃컵', 'rule');
INSERT OR REPLACE INTO items (id, name, category, note, steps, confidence, source_url, source_name, source_grade, feature, caution, last_verified, region_variation, official_classification) VALUES ('treadmill', '런닝머신', 'furniture', '대형 운동기구는 대형폐기물 신고. 소형 (스텝퍼 등)은 종량제봉투.', '["거주 지자체 대형폐기물 신고", "수수료 납부 + 필증 부착", "지정 일자에 배출"]', 'high', 'https://xn--oy2b29bd3a601b.kr/front/dischargeMethod/index.do', '분리배출.kr (한국폐기물협회·환경부)', 'A', NULL, NULL, NULL, 1, NULL);
INSERT INTO aliases (item_id, alias, alias_lower, source) VALUES ('treadmill', '런닝머신', '런닝머신', 'rule');
INSERT INTO aliases (item_id, alias, alias_lower, source) VALUES ('treadmill', '사이클', '사이클', 'rule');
INSERT INTO aliases (item_id, alias, alias_lower, source) VALUES ('treadmill', '에어로빅 자전거', '에어로빅 자전거', 'rule');
INSERT INTO aliases (item_id, alias, alias_lower, source) VALUES ('treadmill', '트레드밀', '트레드밀', 'rule');
INSERT INTO aliases (item_id, alias, alias_lower, source) VALUES ('treadmill', '헬스기구', '헬스기구', 'rule');
INSERT OR REPLACE INTO items (id, name, category, note, steps, confidence, source_url, source_name, source_grade, feature, caution, last_verified, region_variation, official_classification) VALUES ('ceramic_vase', '도자기 꽃병', 'general', '도자기는 재활용 불가 일반쓰레기. 깨지면 신문지에 감싸 종량제봉투.', '["깨지지 않게 신문지로 감싸기", "종량제봉투에 배출"]', 'high', 'https://xn--oy2b29bd3a601b.kr/front/dischargeMethod/index.do', '분리배출.kr (한국폐기물협회·환경부)', 'A', NULL, NULL, NULL, 0, NULL);
INSERT INTO aliases (item_id, alias, alias_lower, source) VALUES ('ceramic_vase', '거실 꽃병', '거실 꽃병', 'rule');
INSERT INTO aliases (item_id, alias, alias_lower, source) VALUES ('ceramic_vase', '꽃 담는 통', '꽃 담는 통', 'rule');
INSERT INTO aliases (item_id, alias, alias_lower, source) VALUES ('ceramic_vase', '꽃그릇', '꽃그릇', 'rule');
INSERT INTO aliases (item_id, alias, alias_lower, source) VALUES ('ceramic_vase', '도예 꽃병', '도예 꽃병', 'rule');
INSERT INTO aliases (item_id, alias, alias_lower, source) VALUES ('ceramic_vase', '도자 화병', '도자 화병', 'rule');
INSERT INTO aliases (item_id, alias, alias_lower, source) VALUES ('ceramic_vase', '도자기 꽃병', '도자기 꽃병', 'rule');
INSERT INTO aliases (item_id, alias, alias_lower, source) VALUES ('ceramic_vase', '도자기꽃병', '도자기꽃병', 'rule');
INSERT INTO aliases (item_id, alias, alias_lower, source) VALUES ('ceramic_vase', '세라믹 꽃병', '세라믹 꽃병', 'rule');
INSERT INTO aliases (item_id, alias, alias_lower, source) VALUES ('ceramic_vase', '예쁜 꽃병', '예쁜 꽃병', 'rule');
INSERT INTO aliases (item_id, alias, alias_lower, source) VALUES ('ceramic_vase', '예쁜이 꽃병', '예쁜이 꽃병', 'rule');
INSERT INTO aliases (item_id, alias, alias_lower, source) VALUES ('ceramic_vase', '옹기 꽃병', '옹기 꽃병', 'rule');
INSERT INTO aliases (item_id, alias, alias_lower, source) VALUES ('ceramic_vase', '장식 꽃병', '장식 꽃병', 'rule');
INSERT OR REPLACE INTO items (id, name, category, note, steps, confidence, source_url, source_name, source_grade, feature, caution, last_verified, region_variation, official_classification) VALUES ('glass_vase', '유리 꽃병', 'glass', '깨지지 않은 유리 꽃병은 유리병 수거함. 깨진 유리는 신문지에 싸서 종량제봉투.', '["깨끗이 헹구기", "유리병 수거함에 배출", "깨진 유리는 신문지로 감싸 종량제봉투"]', 'high', 'https://xn--oy2b29bd3a601b.kr/front/dischargeMethod/index.do', '분리배출.kr (한국폐기물협회·환경부)', 'A', NULL, NULL, NULL, 0, NULL);
INSERT INTO aliases (item_id, alias, alias_lower, source) VALUES ('glass_vase', '글래스 꽃병', '글래스 꽃병', 'rule');
INSERT INTO aliases (item_id, alias, alias_lower, source) VALUES ('glass_vase', '유리 꽃병', '유리 꽃병', 'rule');
INSERT INTO aliases (item_id, alias, alias_lower, source) VALUES ('glass_vase', '유리꽃병', '유리꽃병', 'rule');
INSERT INTO aliases (item_id, alias, alias_lower, source) VALUES ('glass_vase', '크리스탈 꽃병', '크리스탈 꽃병', 'rule');
INSERT OR REPLACE INTO items (id, name, category, note, steps, confidence, source_url, source_name, source_grade, feature, caution, last_verified, region_variation, official_classification) VALUES ('cotton_swab', '면봉', 'general', '면봉은 일반쓰레기. 사용한 것은 종량제봉투에.', '["종량제봉투에 배출"]', 'high', 'https://xn--oy2b29bd3a601b.kr/front/dischargeMethod/index.do', '분리배출.kr (한국폐기물협회·환경부)', 'A', NULL, NULL, NULL, 0, NULL);
INSERT INTO aliases (item_id, alias, alias_lower, source) VALUES ('cotton_swab', '귀닦개', '귀닦개', 'rule');
INSERT INTO aliases (item_id, alias, alias_lower, source) VALUES ('cotton_swab', '귀지제거봉', '귀지제거봉', 'rule');
INSERT INTO aliases (item_id, alias, alias_lower, source) VALUES ('cotton_swab', '귀청소봉', '귀청소봉', 'rule');
INSERT INTO aliases (item_id, alias, alias_lower, source) VALUES ('cotton_swab', '면 스틱', '면 스틱', 'rule');
INSERT INTO aliases (item_id, alias, alias_lower, source) VALUES ('cotton_swab', '면봉', '면봉', 'rule');
INSERT INTO aliases (item_id, alias, alias_lower, source) VALUES ('cotton_swab', '면봉솜', '면봉솜', 'rule');
INSERT INTO aliases (item_id, alias, alias_lower, source) VALUES ('cotton_swab', '면봉이', '면봉이', 'rule');
INSERT INTO aliases (item_id, alias, alias_lower, source) VALUES ('cotton_swab', '솜봉', '솜봉', 'rule');
INSERT INTO aliases (item_id, alias, alias_lower, source) VALUES ('cotton_swab', '아기면봉', '아기면봉', 'rule');
INSERT INTO aliases (item_id, alias, alias_lower, source) VALUES ('cotton_swab', '유아면봉', '유아면봉', 'rule');
INSERT INTO aliases (item_id, alias, alias_lower, source) VALUES ('cotton_swab', '이어픽', '이어픽', 'rule');
INSERT INTO aliases (item_id, alias, alias_lower, source) VALUES ('cotton_swab', '코튼 스왑', '코튼 스왑', 'rule');
INSERT INTO aliases (item_id, alias, alias_lower, source) VALUES ('cotton_swab', '큐팁', '큐팁', 'rule');
INSERT INTO aliases (item_id, alias, alias_lower, source) VALUES ('cotton_swab', '화장면봉', '화장면봉', 'rule');
INSERT OR REPLACE INTO items (id, name, category, note, steps, confidence, source_url, source_name, source_grade, feature, caution, last_verified, region_variation, official_classification) VALUES ('wet_tissue', '물티슈', 'general', '물티슈는 화학섬유 함유로 재활용 불가. 일반쓰레기.', '["종량제봉투에 배출", "(절대 변기에 버리지 말 것 — 막힘 원인)"]', 'high', 'https://xn--oy2b29bd3a601b.kr/front/dischargeMethod/index.do', '분리배출.kr (한국폐기물협회·환경부)', 'A', NULL, NULL, NULL, 0, NULL);
INSERT INTO aliases (item_id, alias, alias_lower, source) VALUES ('wet_tissue', 'wet wipe', 'wet wipe', 'rule');
INSERT INTO aliases (item_id, alias, alias_lower, source) VALUES ('wet_tissue', 'wipes', 'wipes', 'rule');
INSERT INTO aliases (item_id, alias, alias_lower, source) VALUES ('wet_tissue', '닦는 티슈', '닦는 티슈', 'rule');
INSERT INTO aliases (item_id, alias, alias_lower, source) VALUES ('wet_tissue', '물수건', '물수건', 'rule');
INSERT INTO aliases (item_id, alias, alias_lower, source) VALUES ('wet_tissue', '물티슈', '물티슈', 'rule');
INSERT INTO aliases (item_id, alias, alias_lower, source) VALUES ('wet_tissue', '베이비 티슈', '베이비 티슈', 'rule');
INSERT INTO aliases (item_id, alias, alias_lower, source) VALUES ('wet_tissue', '슥슥이', '슥슥이', 'rule');
INSERT INTO aliases (item_id, alias, alias_lower, source) VALUES ('wet_tissue', '아기닦이', '아기닦이', 'rule');
INSERT INTO aliases (item_id, alias, alias_lower, source) VALUES ('wet_tissue', '위생 티슈', '위생 티슈', 'rule');
INSERT INTO aliases (item_id, alias, alias_lower, source) VALUES ('wet_tissue', '젖은 티슈', '젖은 티슈', 'rule');
INSERT INTO aliases (item_id, alias, alias_lower, source) VALUES ('wet_tissue', '촉촉한 티슈', '촉촉한 티슈', 'rule');
INSERT INTO aliases (item_id, alias, alias_lower, source) VALUES ('wet_tissue', '클리너 티슈', '클리너 티슈', 'rule');
INSERT OR REPLACE INTO items (id, name, category, note, steps, confidence, source_url, source_name, source_grade, feature, caution, last_verified, region_variation, official_classification) VALUES ('tetra_pack', '테트라팩 (멸균팩)', 'paper_pack', '두유·주스 멸균팩. 내용물 비우고 헹궈서 종이팩 수거함.', '["내용물 비우기", "물로 헹구기", "펼쳐서 말리기", "종이팩 전용 수거함에 배출"]', 'high', 'https://xn--oy2b29bd3a601b.kr/front/dischargeMethod/index.do', '분리배출.kr (한국폐기물협회·환경부)', 'A', NULL, NULL, NULL, 0, NULL);
INSERT INTO aliases (item_id, alias, alias_lower, source) VALUES ('tetra_pack', '두유팩(멸균)', '두유팩(멸균)', 'rule');
INSERT INTO aliases (item_id, alias, alias_lower, source) VALUES ('tetra_pack', '멸균팩', '멸균팩', 'rule');
INSERT INTO aliases (item_id, alias, alias_lower, source) VALUES ('tetra_pack', '주스팩(멸균)', '주스팩(멸균)', 'rule');
INSERT INTO aliases (item_id, alias, alias_lower, source) VALUES ('tetra_pack', '테트라팩', '테트라팩', 'rule');
INSERT OR REPLACE INTO items (id, name, category, note, steps, confidence, source_url, source_name, source_grade, feature, caution, last_verified, region_variation, official_classification) VALUES ('pressure_cooker', '압력솥/압력밥솥', 'general', '버리려는 경우 종량제봉투. 깨끗·작동 → 본인이 계속 사용.', '["사용 가능 상태 → 본인이 계속 사용 (재사용 권장)", "버릴 때만 → 종량제봉투에 담아 배출", "대형이면 → 대형폐기물 신고"]', 'high', 'https://xn--oy2b29bd3a601b.kr/front/dischargeMethod/index.do', '분리배출.kr (한국폐기물협회·환경부)', 'A', NULL, NULL, NULL, 1, NULL);
INSERT INTO aliases (item_id, alias, alias_lower, source) VALUES ('pressure_cooker', '압력솥', '압력솥', 'rule');
INSERT INTO aliases (item_id, alias, alias_lower, source) VALUES ('pressure_cooker', '압력밥솥', '압력밥솥', 'rule');
INSERT INTO aliases (item_id, alias, alias_lower, source) VALUES ('pressure_cooker', '압력 밥솥', '압력 밥솥', 'rule');
INSERT INTO aliases (item_id, alias, alias_lower, source) VALUES ('pressure_cooker', '압력 솥', '압력 솥', 'rule');
INSERT INTO aliases (item_id, alias, alias_lower, source) VALUES ('pressure_cooker', '프레셔쿠커', '프레셔쿠커', 'rule');
INSERT INTO aliases (item_id, alias, alias_lower, source) VALUES ('pressure_cooker', '프레셔 쿠커', '프레셔 쿠커', 'rule');
INSERT INTO aliases (item_id, alias, alias_lower, source) VALUES ('pressure_cooker', '압력솥류', '압력솥류', 'rule');
INSERT OR REPLACE INTO items (id, name, category, note, steps, confidence, source_url, source_name, source_grade, feature, caution, last_verified, region_variation, official_classification) VALUES ('frying_pan', '프라이팬/후라이팬', 'general', '코팅 프라이팬은 코팅·금속·플라스틱 손잡이 복합재질로 재활용 불가. 종량제봉투 배출.', '["코팅 벗겨진·소형 → 종량제봉투", "큰 프라이팬 → 대형폐기물 신고", "스테인리스 단일 재질 → 캔/금속류 (재질 확실 시)"]', 'high', 'https://xn--oy2b29bd3a601b.kr/front/dischargeMethod/index.do', '분리배출.kr (한국폐기물협회·환경부)', 'A', NULL, NULL, NULL, 1, NULL);
INSERT INTO aliases (item_id, alias, alias_lower, source) VALUES ('frying_pan', '후라이팬', '후라이팬', 'rule');
INSERT INTO aliases (item_id, alias, alias_lower, source) VALUES ('frying_pan', '코팅 팬', '코팅 팬', 'rule');
INSERT INTO aliases (item_id, alias, alias_lower, source) VALUES ('frying_pan', '프라이 팬', '프라이 팬', 'rule');
INSERT INTO aliases (item_id, alias, alias_lower, source) VALUES ('frying_pan', '후라이 팬', '후라이 팬', 'rule');
INSERT INTO aliases (item_id, alias, alias_lower, source) VALUES ('frying_pan', '테플론팬', '테플론팬', 'rule');
INSERT INTO aliases (item_id, alias, alias_lower, source) VALUES ('frying_pan', '스테인리스 팬', '스테인리스 팬', 'rule');
INSERT INTO aliases (item_id, alias, alias_lower, source) VALUES ('frying_pan', '철판', '철판', 'rule');
INSERT OR REPLACE INTO items (id, name, category, note, steps, confidence, source_url, source_name, source_grade, feature, caution, last_verified, region_variation, official_classification) VALUES ('wok', '웍/중식 팬', 'general', '중식 웍·궁중팬. 종량제봉투 또는 대형폐기물 신고.', '["소형 → 종량제봉투", "대형 → 대형폐기물 신고"]', 'high', 'https://xn--oy2b29bd3a601b.kr/front/dischargeMethod/index.do', '분리배출.kr (한국폐기물협회·환경부)', 'A', NULL, NULL, NULL, 1, NULL);
INSERT INTO aliases (item_id, alias, alias_lower, source) VALUES ('wok', 'stir-fry pan', 'stir-fry pan', 'rule');
INSERT INTO aliases (item_id, alias, alias_lower, source) VALUES ('wok', 'wok pan', 'wok pan', 'rule');
INSERT INTO aliases (item_id, alias, alias_lower, source) VALUES ('wok', '궁중 팬', '궁중 팬', 'rule');
INSERT INTO aliases (item_id, alias, alias_lower, source) VALUES ('wok', '궁중이', '궁중이', 'rule');
INSERT INTO aliases (item_id, alias, alias_lower, source) VALUES ('wok', '궁중팬', '궁중팬', 'rule');
INSERT INTO aliases (item_id, alias, alias_lower, source) VALUES ('wok', '깊은팬', '깊은팬', 'rule');
INSERT INTO aliases (item_id, alias, alias_lower, source) VALUES ('wok', '무쇠웍', '무쇠웍', 'rule');
INSERT INTO aliases (item_id, alias, alias_lower, source) VALUES ('wok', '볶음용팬', '볶음용팬', 'rule');
INSERT INTO aliases (item_id, alias, alias_lower, source) VALUES ('wok', '볶이팬', '볶이팬', 'rule');
INSERT INTO aliases (item_id, alias, alias_lower, source) VALUES ('wok', '중식 팬', '중식 팬', 'rule');
INSERT INTO aliases (item_id, alias, alias_lower, source) VALUES ('wok', '중화팬', '중화팬', 'rule');
INSERT INTO aliases (item_id, alias, alias_lower, source) VALUES ('wok', '차이나 팬', '차이나 팬', 'rule');
INSERT INTO aliases (item_id, alias, alias_lower, source) VALUES ('wok', '철웍', '철웍', 'rule');
INSERT INTO aliases (item_id, alias, alias_lower, source) VALUES ('wok', '코팅웍', '코팅웍', 'rule');
INSERT INTO aliases (item_id, alias, alias_lower, source) VALUES ('wok', '튀김용팬', '튀김용팬', 'rule');
INSERT OR REPLACE INTO items (id, name, category, note, steps, confidence, source_url, source_name, source_grade, feature, caution, last_verified, region_variation, official_classification) VALUES ('기타_생활용품', '기타 생활용품', 'general', '사용자 일상 어휘 보강 항목', '["해당 카테고리 분리수거함에 배출"]', 'medium', 'https://xn--oy2b29bd3a601b.kr/front/dischargeMethod/index.do', NULL, NULL, NULL, NULL, NULL, 0, NULL);
INSERT INTO aliases (item_id, alias, alias_lower, source) VALUES ('기타_생활용품', '거울', '거울', 'rule');
INSERT INTO aliases (item_id, alias, alias_lower, source) VALUES ('기타_생활용품', '기타생활용품', '기타생활용품', 'rule');
INSERT INTO aliases (item_id, alias, alias_lower, source) VALUES ('기타_생활용품', '꽃꽂이', '꽃꽂이', 'rule');
INSERT INTO aliases (item_id, alias, alias_lower, source) VALUES ('기타_생활용품', '담요', '담요', 'rule');
INSERT INTO aliases (item_id, alias, alias_lower, source) VALUES ('기타_생활용품', '도장', '도장', 'rule');
INSERT INTO aliases (item_id, alias, alias_lower, source) VALUES ('기타_생활용품', '도장통', '도장통', 'rule');
INSERT INTO aliases (item_id, alias, alias_lower, source) VALUES ('기타_생활용품', '디퓨저', '디퓨저', 'rule');
INSERT INTO aliases (item_id, alias, alias_lower, source) VALUES ('기타_생활용품', '러그', '러그', 'rule');
INSERT INTO aliases (item_id, alias, alias_lower, source) VALUES ('기타_생활용품', '명함통', '명함통', 'rule');
INSERT INTO aliases (item_id, alias, alias_lower, source) VALUES ('기타_생활용품', '방향제', '방향제', 'rule');
INSERT INTO aliases (item_id, alias, alias_lower, source) VALUES ('기타_생활용품', '벌레퇴치제', '벌레퇴치제', 'rule');
INSERT INTO aliases (item_id, alias, alias_lower, source) VALUES ('기타_생활용품', '베개', '베개', 'rule');
INSERT INTO aliases (item_id, alias, alias_lower, source) VALUES ('기타_생활용품', '보호대', '보호대', 'rule');
INSERT INTO aliases (item_id, alias, alias_lower, source) VALUES ('기타_생활용품', '비누', '비누', 'rule');
INSERT INTO aliases (item_id, alias, alias_lower, source) VALUES ('기타_생활용품', '아로마 오일', '아로마 오일', 'rule');
INSERT INTO aliases (item_id, alias, alias_lower, source) VALUES ('기타_생활용품', '양산', '양산', 'rule');
INSERT INTO aliases (item_id, alias, alias_lower, source) VALUES ('기타_생활용품', '욕실 매트', '욕실 매트', 'rule');
INSERT INTO aliases (item_id, alias, alias_lower, source) VALUES ('기타_생활용품', '인테리어 소품', '인테리어 소품', 'rule');
INSERT INTO aliases (item_id, alias, alias_lower, source) VALUES ('기타_생활용품', '쥐덫', '쥐덫', 'rule');
INSERT INTO aliases (item_id, alias, alias_lower, source) VALUES ('기타_생활용품', '칫솔통', '칫솔통', 'rule');
INSERT INTO aliases (item_id, alias, alias_lower, source) VALUES ('기타_생활용품', '카펫', '카펫', 'rule');
INSERT INTO aliases (item_id, alias, alias_lower, source) VALUES ('기타_생활용품', '캔들', '캔들', 'rule');
INSERT INTO aliases (item_id, alias, alias_lower, source) VALUES ('기타_생활용품', '커튼', '커튼', 'rule');
INSERT INTO aliases (item_id, alias, alias_lower, source) VALUES ('기타_생활용품', '향초', '향초', 'rule');
INSERT OR REPLACE INTO items (id, name, category, note, steps, confidence, source_url, source_name, source_grade, feature, caution, last_verified, region_variation, official_classification) VALUES ('paper', 'paper', 'paper', '사용자 일상 어휘 보강 항목', '["해당 카테고리 분리수거함에 배출"]', 'medium', 'https://xn--oy2b29bd3a601b.kr/front/dischargeMethod/index.do', NULL, NULL, NULL, NULL, NULL, 0, NULL);
INSERT INTO aliases (item_id, alias, alias_lower, source) VALUES ('paper', 'A4 용지', 'a4 용지', 'rule');
INSERT INTO aliases (item_id, alias, alias_lower, source) VALUES ('paper', 'DM', 'dm', 'rule');
INSERT INTO aliases (item_id, alias, alias_lower, source) VALUES ('paper', '거래명세서', '거래명세서', 'rule');
INSERT INTO aliases (item_id, alias, alias_lower, source) VALUES ('paper', '결재 서류', '결재 서류', 'rule');
INSERT INTO aliases (item_id, alias, alias_lower, source) VALUES ('paper', '공연 팜플렛', '공연 팜플렛', 'rule');
INSERT INTO aliases (item_id, alias, alias_lower, source) VALUES ('paper', '공책 표지', '공책 표지', 'rule');
INSERT INTO aliases (item_id, alias, alias_lower, source) VALUES ('paper', '관광 안내문', '관광 안내문', 'rule');
INSERT INTO aliases (item_id, alias, alias_lower, source) VALUES ('paper', '광고 신문', '광고 신문', 'rule');
INSERT INTO aliases (item_id, alias, alias_lower, source) VALUES ('paper', '광고 카탈로그', '광고 카탈로그', 'rule');
INSERT INTO aliases (item_id, alias, alias_lower, source) VALUES ('paper', '광고우편', '광고우편', 'rule');
INSERT INTO aliases (item_id, alias, alias_lower, source) VALUES ('paper', '광고지', '광고지', 'rule');
INSERT INTO aliases (item_id, alias, alias_lower, source) VALUES ('paper', '광고지 (마트)', '광고지 (마트)', 'rule');
INSERT INTO aliases (item_id, alias, alias_lower, source) VALUES ('paper', '광고지 (음식점)', '광고지 (음식점)', 'rule');
INSERT INTO aliases (item_id, alias, alias_lower, source) VALUES ('paper', '광고지 (학원)', '광고지 (학원)', 'rule');
INSERT INTO aliases (item_id, alias, alias_lower, source) VALUES ('paper', '교과서', '교과서', 'rule');
INSERT INTO aliases (item_id, alias, alias_lower, source) VALUES ('paper', '교과서 (낡은)', '교과서 (낡은)', 'rule');
INSERT INTO aliases (item_id, alias, alias_lower, source) VALUES ('paper', '기념품 종이백', '기념품 종이백', 'rule');
INSERT INTO aliases (item_id, alias, alias_lower, source) VALUES ('paper', '기차표 (출력)', '기차표 (출력)', 'rule');
INSERT INTO aliases (item_id, alias, alias_lower, source) VALUES ('paper', '노트 (다 쓴)', '노트 (다 쓴)', 'rule');
INSERT INTO aliases (item_id, alias, alias_lower, source) VALUES ('paper', '다이렉트 메일', '다이렉트 메일', 'rule');
INSERT INTO aliases (item_id, alias, alias_lower, source) VALUES ('paper', '다이어리 (낡은)', '다이어리 (낡은)', 'rule');
INSERT INTO aliases (item_id, alias, alias_lower, source) VALUES ('paper', '다이어리 종이', '다이어리 종이', 'rule');
INSERT INTO aliases (item_id, alias, alias_lower, source) VALUES ('paper', '달력', '달력', 'rule');
INSERT INTO aliases (item_id, alias, alias_lower, source) VALUES ('paper', '달력 종이', '달력 종이', 'rule');
INSERT INTO aliases (item_id, alias, alias_lower, source) VALUES ('paper', '맥주 박스 (캔 포장)', '맥주 박스 (캔 포장)', 'rule');
INSERT INTO aliases (item_id, alias, alias_lower, source) VALUES ('paper', '메모장', '메모장', 'rule');
INSERT INTO aliases (item_id, alias, alias_lower, source) VALUES ('paper', '명찰', '명찰', 'rule');
INSERT INTO aliases (item_id, alias, alias_lower, source) VALUES ('paper', '명함', '명함', 'rule');
INSERT INTO aliases (item_id, alias, alias_lower, source) VALUES ('paper', '문제집', '문제집', 'rule');
INSERT INTO aliases (item_id, alias, alias_lower, source) VALUES ('paper', '문제집 (다 푼)', '문제집 (다 푼)', 'rule');
INSERT INTO aliases (item_id, alias, alias_lower, source) VALUES ('paper', '물티슈 박스 (다 쓴)', '물티슈 박스 (다 쓴)', 'rule');
INSERT INTO aliases (item_id, alias, alias_lower, source) VALUES ('paper', '박물관 입장권', '박물관 입장권', 'rule');
INSERT INTO aliases (item_id, alias, alias_lower, source) VALUES ('paper', '받침 메모지', '받침 메모지', 'rule');
INSERT INTO aliases (item_id, alias, alias_lower, source) VALUES ('paper', '백과사전 (낡은)', '백과사전 (낡은)', 'rule');
INSERT INTO aliases (item_id, alias, alias_lower, source) VALUES ('paper', '백화점 쇼핑백', '백화점 쇼핑백', 'rule');
INSERT INTO aliases (item_id, alias, alias_lower, source) VALUES ('paper', '버스 노선도', '버스 노선도', 'rule');
INSERT INTO aliases (item_id, alias, alias_lower, source) VALUES ('paper', '보고서 묶음', '보고서 묶음', 'rule');
INSERT INTO aliases (item_id, alias, alias_lower, source) VALUES ('paper', '보증서', '보증서', 'rule');
INSERT INTO aliases (item_id, alias, alias_lower, source) VALUES ('paper', '복사 용지 (사용한)', '복사 용지 (사용한)', 'rule');
INSERT INTO aliases (item_id, alias, alias_lower, source) VALUES ('paper', '복사용지', '복사용지', 'rule');
INSERT INTO aliases (item_id, alias, alias_lower, source) VALUES ('paper', '브로셔', '브로셔', 'rule');
INSERT INTO aliases (item_id, alias, alias_lower, source) VALUES ('paper', '비행기표 (출력)', '비행기표 (출력)', 'rule');
INSERT INTO aliases (item_id, alias, alias_lower, source) VALUES ('paper', '사용설명서', '사용설명서', 'rule');
INSERT INTO aliases (item_id, alias, alias_lower, source) VALUES ('paper', '사전 (낡은)', '사전 (낡은)', 'rule');
INSERT INTO aliases (item_id, alias, alias_lower, source) VALUES ('paper', '서류', '서류', 'rule');
INSERT INTO aliases (item_id, alias, alias_lower, source) VALUES ('paper', '선물 박스', '선물 박스', 'rule');
INSERT INTO aliases (item_id, alias, alias_lower, source) VALUES ('paper', '선물 카드 박스', '선물 카드 박스', 'rule');
INSERT INTO aliases (item_id, alias, alias_lower, source) VALUES ('paper', '선물 포장지', '선물 포장지', 'rule');
INSERT INTO aliases (item_id, alias, alias_lower, source) VALUES ('paper', '소책자', '소책자', 'rule');
INSERT INTO aliases (item_id, alias, alias_lower, source) VALUES ('paper', '쇼핑백 (종이)', '쇼핑백 (종이)', 'rule');
INSERT INTO aliases (item_id, alias, alias_lower, source) VALUES ('paper', '쇼핑백 종이', '쇼핑백 종이', 'rule');
INSERT INTO aliases (item_id, alias, alias_lower, source) VALUES ('paper', '수첩 (다 쓴)', '수첩 (다 쓴)', 'rule');
INSERT INTO aliases (item_id, alias, alias_lower, source) VALUES ('paper', '스카치테이프', '스카치테이프', 'rule');
INSERT INTO aliases (item_id, alias, alias_lower, source) VALUES ('paper', '신문', '신문', 'rule');
INSERT INTO aliases (item_id, alias, alias_lower, source) VALUES ('paper', '신문 배달 종이', '신문 배달 종이', 'rule');
INSERT INTO aliases (item_id, alias, alias_lower, source) VALUES ('paper', '신문기사 스크랩', '신문기사 스크랩', 'rule');
INSERT INTO aliases (item_id, alias, alias_lower, source) VALUES ('paper', '신발 상자', '신발 상자', 'rule');
INSERT INTO aliases (item_id, alias, alias_lower, source) VALUES ('paper', '엽서', '엽서', 'rule');
INSERT INTO aliases (item_id, alias, alias_lower, source) VALUES ('paper', '영수증 묶음', '영수증 묶음', 'rule');
INSERT INTO aliases (item_id, alias, alias_lower, source) VALUES ('paper', '영화표', '영화표', 'rule');
INSERT INTO aliases (item_id, alias, alias_lower, source) VALUES ('paper', '워크북', '워크북', 'rule');
INSERT INTO aliases (item_id, alias, alias_lower, source) VALUES ('paper', '유인물', '유인물', 'rule');
INSERT INTO aliases (item_id, alias, alias_lower, source) VALUES ('paper', '음료수 박스 (캔 포장)', '음료수 박스 (캔 포장)', 'rule');
INSERT INTO aliases (item_id, alias, alias_lower, source) VALUES ('paper', '이력서 (출력)', '이력서 (출력)', 'rule');
INSERT INTO aliases (item_id, alias, alias_lower, source) VALUES ('paper', '이면지', '이면지', 'rule');
INSERT INTO aliases (item_id, alias, alias_lower, source) VALUES ('paper', '자기소개서 (출력)', '자기소개서 (출력)', 'rule');
INSERT INTO aliases (item_id, alias, alias_lower, source) VALUES ('paper', '잡지 스크랩', '잡지 스크랩', 'rule');
INSERT INTO aliases (item_id, alias, alias_lower, source) VALUES ('paper', '잡지(낡은)', '잡지(낡은)', 'rule');
INSERT INTO aliases (item_id, alias, alias_lower, source) VALUES ('paper', '전단', '전단', 'rule');
INSERT INTO aliases (item_id, alias, alias_lower, source) VALUES ('paper', '전화번호부', '전화번호부', 'rule');
INSERT INTO aliases (item_id, alias, alias_lower, source) VALUES ('paper', '지하철 노선도', '지하철 노선도', 'rule');
INSERT INTO aliases (item_id, alias, alias_lower, source) VALUES ('paper', '찌라시', '찌라시', 'rule');
INSERT INTO aliases (item_id, alias, alias_lower, source) VALUES ('paper', '참고서', '참고서', 'rule');
INSERT INTO aliases (item_id, alias, alias_lower, source) VALUES ('paper', '참고서 (낡은)', '참고서 (낡은)', 'rule');
INSERT INTO aliases (item_id, alias, alias_lower, source) VALUES ('paper', '책갈피', '책갈피', 'rule');
INSERT INTO aliases (item_id, alias, alias_lower, source) VALUES ('paper', '책자', '책자', 'rule');
INSERT INTO aliases (item_id, alias, alias_lower, source) VALUES ('paper', '책표지', '책표지', 'rule');
INSERT INTO aliases (item_id, alias, alias_lower, source) VALUES ('paper', '청구서', '청구서', 'rule');
INSERT INTO aliases (item_id, alias, alias_lower, source) VALUES ('paper', '카탈로그', '카탈로그', 'rule');
INSERT INTO aliases (item_id, alias, alias_lower, source) VALUES ('paper', '콘서트 티켓', '콘서트 티켓', 'rule');
INSERT INTO aliases (item_id, alias, alias_lower, source) VALUES ('paper', '쿠폰북', '쿠폰북', 'rule');
INSERT INTO aliases (item_id, alias, alias_lower, source) VALUES ('paper', '택배 상자 (대형)', '택배 상자 (대형)', 'rule');
INSERT INTO aliases (item_id, alias, alias_lower, source) VALUES ('paper', '택배 상자 (작은)', '택배 상자 (작은)', 'rule');
INSERT INTO aliases (item_id, alias, alias_lower, source) VALUES ('paper', '파지', '파지', 'rule');
INSERT INTO aliases (item_id, alias, alias_lower, source) VALUES ('paper', '팸플릿', '팸플릿', 'rule');
INSERT INTO aliases (item_id, alias, alias_lower, source) VALUES ('paper', '페이퍼', '페이퍼', 'rule');
INSERT INTO aliases (item_id, alias, alias_lower, source) VALUES ('paper', '편지', '편지', 'rule');
INSERT INTO aliases (item_id, alias, alias_lower, source) VALUES ('paper', '편지봉투', '편지봉투', 'rule');
INSERT INTO aliases (item_id, alias, alias_lower, source) VALUES ('paper', '편지지', '편지지', 'rule');
INSERT INTO aliases (item_id, alias, alias_lower, source) VALUES ('paper', '포스터', '포스터', 'rule');
INSERT INTO aliases (item_id, alias, alias_lower, source) VALUES ('paper', '포스트잇', '포스트잇', 'rule');
INSERT INTO aliases (item_id, alias, alias_lower, source) VALUES ('paper', '포장 종이박스', '포장 종이박스', 'rule');
INSERT INTO aliases (item_id, alias, alias_lower, source) VALUES ('paper', '포장지 (꽃다발)', '포장지 (꽃다발)', 'rule');
INSERT INTO aliases (item_id, alias, alias_lower, source) VALUES ('paper', '포장지 (선물)', '포장지 (선물)', 'rule');
INSERT INTO aliases (item_id, alias, alias_lower, source) VALUES ('paper', '포장지 종이', '포장지 종이', 'rule');
INSERT INTO aliases (item_id, alias, alias_lower, source) VALUES ('paper', '프린트물', '프린트물', 'rule');
INSERT INTO aliases (item_id, alias, alias_lower, source) VALUES ('paper', '학습지', '학습지', 'rule');
INSERT INTO aliases (item_id, alias, alias_lower, source) VALUES ('paper', '회의록 (낡은)', '회의록 (낡은)', 'rule');
INSERT INTO aliases (item_id, alias, alias_lower, source) VALUES ('paper', '휴지 박스 (다 쓴)', '휴지 박스 (다 쓴)', 'rule');
INSERT OR REPLACE INTO items (id, name, category, note, steps, confidence, source_url, source_name, source_grade, feature, caution, last_verified, region_variation, official_classification) VALUES ('general', 'general', 'general', '사용자 일상 어휘 보강 항목', '["해당 카테고리 분리수거함에 배출"]', 'medium', 'https://xn--oy2b29bd3a601b.kr/front/dischargeMethod/index.do', NULL, NULL, NULL, NULL, NULL, 0, NULL);
INSERT INTO aliases (item_id, alias, alias_lower, source) VALUES ('general', '각도기', '각도기', 'rule');
INSERT INTO aliases (item_id, alias, alias_lower, source) VALUES ('general', '각질 제거 봉', '각질 제거 봉', 'rule');
INSERT INTO aliases (item_id, alias, alias_lower, source) VALUES ('general', '각질 제거 장갑', '각질 제거 장갑', 'rule');
INSERT INTO aliases (item_id, alias, alias_lower, source) VALUES ('general', '강아지 모래', '강아지 모래', 'rule');
INSERT INTO aliases (item_id, alias, alias_lower, source) VALUES ('general', '강아지 목줄', '강아지 목줄', 'rule');
INSERT INTO aliases (item_id, alias, alias_lower, source) VALUES ('general', '강아지 변', '강아지 변', 'rule');
INSERT INTO aliases (item_id, alias, alias_lower, source) VALUES ('general', '강아지 신발', '강아지 신발', 'rule');
INSERT INTO aliases (item_id, alias, alias_lower, source) VALUES ('general', '강아지 옷', '강아지 옷', 'rule');
INSERT INTO aliases (item_id, alias, alias_lower, source) VALUES ('general', '강아지 장난감(낡은)', '강아지 장난감(낡은)', 'rule');
INSERT INTO aliases (item_id, alias, alias_lower, source) VALUES ('general', '강아지 패드', '강아지 패드', 'rule');
INSERT INTO aliases (item_id, alias, alias_lower, source) VALUES ('general', '거품기', '거품기', 'rule');
INSERT INTO aliases (item_id, alias, alias_lower, source) VALUES ('general', '게 껍데기', '게 껍데기', 'rule');
INSERT INTO aliases (item_id, alias, alias_lower, source) VALUES ('general', '결재판', '결재판', 'rule');
INSERT INTO aliases (item_id, alias, alias_lower, source) VALUES ('general', '계량스푼', '계량스푼', 'rule');
INSERT INTO aliases (item_id, alias, alias_lower, source) VALUES ('general', '계량컵', '계량컵', 'rule');
INSERT INTO aliases (item_id, alias, alias_lower, source) VALUES ('general', '계산기', '계산기', 'rule');
INSERT INTO aliases (item_id, alias, alias_lower, source) VALUES ('general', '고양이 모래', '고양이 모래', 'rule');
INSERT INTO aliases (item_id, alias, alias_lower, source) VALUES ('general', '고양이 목줄', '고양이 목줄', 'rule');
INSERT INTO aliases (item_id, alias, alias_lower, source) VALUES ('general', '고양이 변', '고양이 변', 'rule');
INSERT INTO aliases (item_id, alias, alias_lower, source) VALUES ('general', '고양이 장난감', '고양이 장난감', 'rule');
INSERT INTO aliases (item_id, alias, alias_lower, source) VALUES ('general', '굴 껍데기', '굴 껍데기', 'rule');
INSERT INTO aliases (item_id, alias, alias_lower, source) VALUES ('general', '귀이개', '귀이개', 'rule');
INSERT INTO aliases (item_id, alias, alias_lower, source) VALUES ('general', '깁스', '깁스', 'rule');
INSERT INTO aliases (item_id, alias, alias_lower, source) VALUES ('general', '깔때기', '깔때기', 'rule');
INSERT INTO aliases (item_id, alias, alias_lower, source) VALUES ('general', '껌 (씹은)', '껌 (씹은)', 'rule');
INSERT INTO aliases (item_id, alias, alias_lower, source) VALUES ('general', '꼬리뼈', '꼬리뼈', 'rule');
INSERT INTO aliases (item_id, alias, alias_lower, source) VALUES ('general', '꽃 꺾꽂이', '꽃 꺾꽂이', 'rule');
INSERT INTO aliases (item_id, alias, alias_lower, source) VALUES ('general', '꽃게 껍데기', '꽃게 껍데기', 'rule');
INSERT INTO aliases (item_id, alias, alias_lower, source) VALUES ('general', '녹차 티백 거름망', '녹차 티백 거름망', 'rule');
INSERT INTO aliases (item_id, alias, alias_lower, source) VALUES ('general', '눈썹가위', '눈썹가위', 'rule');
INSERT INTO aliases (item_id, alias, alias_lower, source) VALUES ('general', '다리뼈', '다리뼈', 'rule');
INSERT INTO aliases (item_id, alias, alias_lower, source) VALUES ('general', '달팽이 껍데기', '달팽이 껍데기', 'rule');
INSERT INTO aliases (item_id, alias, alias_lower, source) VALUES ('general', '닭 뼈 (큰)', '닭 뼈 (큰)', 'rule');
INSERT INTO aliases (item_id, alias, alias_lower, source) VALUES ('general', '도마', '도마', 'rule');
INSERT INTO aliases (item_id, alias, alias_lower, source) VALUES ('general', '독서대', '독서대', 'rule');
INSERT INTO aliases (item_id, alias, alias_lower, source) VALUES ('general', '독서대(낡은)', '독서대(낡은)', 'rule');
INSERT INTO aliases (item_id, alias, alias_lower, source) VALUES ('general', '돼지 갈비뼈', '돼지 갈비뼈', 'rule');
INSERT INTO aliases (item_id, alias, alias_lower, source) VALUES ('general', '돼지뼈', '돼지뼈', 'rule');
INSERT INTO aliases (item_id, alias, alias_lower, source) VALUES ('general', '랍스터 껍데기', '랍스터 껍데기', 'rule');
INSERT INTO aliases (item_id, alias, alias_lower, source) VALUES ('general', '마늘 마른 껍질', '마늘 마른 껍질', 'rule');
INSERT INTO aliases (item_id, alias, alias_lower, source) VALUES ('general', '마늘대', '마늘대', 'rule');
INSERT INTO aliases (item_id, alias, alias_lower, source) VALUES ('general', '마스킹 테이프', '마스킹 테이프', 'rule');
INSERT INTO aliases (item_id, alias, alias_lower, source) VALUES ('general', '만년필(고장)', '만년필(고장)', 'rule');
INSERT INTO aliases (item_id, alias, alias_lower, source) VALUES ('general', '망고 씨', '망고 씨', 'rule');
INSERT INTO aliases (item_id, alias, alias_lower, source) VALUES ('general', '망치(작은)', '망치(작은)', 'rule');
INSERT INTO aliases (item_id, alias, alias_lower, source) VALUES ('general', '매직(다 쓴)', '매직(다 쓴)', 'rule');
INSERT INTO aliases (item_id, alias, alias_lower, source) VALUES ('general', '먼지떨이', '먼지떨이', 'rule');
INSERT INTO aliases (item_id, alias, alias_lower, source) VALUES ('general', '명절 음식 박스', '명절 음식 박스', 'rule');
INSERT INTO aliases (item_id, alias, alias_lower, source) VALUES ('general', '물감 튜브', '물감 튜브', 'rule');
INSERT INTO aliases (item_id, alias, alias_lower, source) VALUES ('general', '물감통(빈)', '물감통(빈)', 'rule');
INSERT INTO aliases (item_id, alias, alias_lower, source) VALUES ('general', '발 매트', '발 매트', 'rule');
INSERT INTO aliases (item_id, alias, alias_lower, source) VALUES ('general', '밤 (단단한 껍질)', '밤 (단단한 껍질)', 'rule');
INSERT INTO aliases (item_id, alias, alias_lower, source) VALUES ('general', '배변 패드', '배변 패드', 'rule');
INSERT INTO aliases (item_id, alias, alias_lower, source) VALUES ('general', '변기 솔', '변기 솔', 'rule');
INSERT INTO aliases (item_id, alias, alias_lower, source) VALUES ('general', '변기 시트(낡은)', '변기 시트(낡은)', 'rule');
INSERT INTO aliases (item_id, alias, alias_lower, source) VALUES ('general', '보고서', '보고서', 'rule');
INSERT INTO aliases (item_id, alias, alias_lower, source) VALUES ('general', '복사용지 박스(빈)', '복사용지 박스(빈)', 'rule');
INSERT INTO aliases (item_id, alias, alias_lower, source) VALUES ('general', '복숭아 씨 (큰)', '복숭아 씨 (큰)', 'rule');
INSERT INTO aliases (item_id, alias, alias_lower, source) VALUES ('general', '복싱장갑', '복싱장갑', 'rule');
INSERT INTO aliases (item_id, alias, alias_lower, source) VALUES ('general', '본드', '본드', 'rule');
INSERT INTO aliases (item_id, alias, alias_lower, source) VALUES ('general', '볼펜(다 쓴)', '볼펜(다 쓴)', 'rule');
INSERT INTO aliases (item_id, alias, alias_lower, source) VALUES ('general', '북엔드', '북엔드', 'rule');
INSERT INTO aliases (item_id, alias, alias_lower, source) VALUES ('general', '비데 노즐 솔', '비데 노즐 솔', 'rule');
INSERT INTO aliases (item_id, alias, alias_lower, source) VALUES ('general', '비료', '비료', 'rule');
INSERT INTO aliases (item_id, alias, alias_lower, source) VALUES ('general', '사료 봉지', '사료 봉지', 'rule');
INSERT INTO aliases (item_id, alias, alias_lower, source) VALUES ('general', '사인펜(다 쓴)', '사인펜(다 쓴)', 'rule');
INSERT INTO aliases (item_id, alias, alias_lower, source) VALUES ('general', '사포', '사포', 'rule');
INSERT INTO aliases (item_id, alias, alias_lower, source) VALUES ('general', '사포 디스크', '사포 디스크', 'rule');
INSERT INTO aliases (item_id, alias, alias_lower, source) VALUES ('general', '새우 껍데기', '새우 껍데기', 'rule');
INSERT INTO aliases (item_id, alias, alias_lower, source) VALUES ('general', '생선 뼈 (큰)', '생선 뼈 (큰)', 'rule');
INSERT INTO aliases (item_id, alias, alias_lower, source) VALUES ('general', '생선뼈', '생선뼈', 'rule');
INSERT INTO aliases (item_id, alias, alias_lower, source) VALUES ('general', '샤워 타올', '샤워 타올', 'rule');
INSERT INTO aliases (item_id, alias, alias_lower, source) VALUES ('general', '샤워볼', '샤워볼', 'rule');
INSERT INTO aliases (item_id, alias, alias_lower, source) VALUES ('general', '샤프', '샤프', 'rule');
INSERT INTO aliases (item_id, alias, alias_lower, source) VALUES ('general', '샤프심', '샤프심', 'rule');
INSERT INTO aliases (item_id, alias, alias_lower, source) VALUES ('general', '성인 기저귀', '성인 기저귀', 'rule');
INSERT INTO aliases (item_id, alias, alias_lower, source) VALUES ('general', '소갈비 뼈', '소갈비 뼈', 'rule');
INSERT INTO aliases (item_id, alias, alias_lower, source) VALUES ('general', '소변 패드', '소변 패드', 'rule');
INSERT INTO aliases (item_id, alias, alias_lower, source) VALUES ('general', '소뼈', '소뼈', 'rule');
INSERT INTO aliases (item_id, alias, alias_lower, source) VALUES ('general', '손톱깎이', '손톱깎이', 'rule');
INSERT INTO aliases (item_id, alias, alias_lower, source) VALUES ('general', '송곳(작은)', '송곳(작은)', 'rule');
INSERT INTO aliases (item_id, alias, alias_lower, source) VALUES ('general', '스케치 연필', '스케치 연필', 'rule');
INSERT INTO aliases (item_id, alias, alias_lower, source) VALUES ('general', '스프링 (낱장)', '스프링 (낱장)', 'rule');
INSERT INTO aliases (item_id, alias, alias_lower, source) VALUES ('general', '스프링 노트', '스프링 노트', 'rule');
INSERT INTO aliases (item_id, alias, alias_lower, source) VALUES ('general', '식물', '식물', 'rule');
INSERT INTO aliases (item_id, alias, alias_lower, source) VALUES ('general', '신년 카드', '신년 카드', 'rule');
INSERT INTO aliases (item_id, alias, alias_lower, source) VALUES ('general', '쓰레받기', '쓰레받기', 'rule');
INSERT INTO aliases (item_id, alias, alias_lower, source) VALUES ('general', '아기 기저귀', '아기 기저귀', 'rule');
INSERT INTO aliases (item_id, alias, alias_lower, source) VALUES ('general', '아기 장난감', '아기 장난감', 'rule');
INSERT INTO aliases (item_id, alias, alias_lower, source) VALUES ('general', '아보카도 씨', '아보카도 씨', 'rule');
INSERT INTO aliases (item_id, alias, alias_lower, source) VALUES ('general', '양면 테이프', '양면 테이프', 'rule');
INSERT INTO aliases (item_id, alias, alias_lower, source) VALUES ('general', '양파 마른 껍질', '양파 마른 껍질', 'rule');
INSERT INTO aliases (item_id, alias, alias_lower, source) VALUES ('general', '어깨뼈', '어깨뼈', 'rule');
INSERT INTO aliases (item_id, alias, alias_lower, source) VALUES ('general', '어린이 가면', '어린이 가면', 'rule');
INSERT INTO aliases (item_id, alias, alias_lower, source) VALUES ('general', '올리브 씨', '올리브 씨', 'rule');
INSERT INTO aliases (item_id, alias, alias_lower, source) VALUES ('general', '와이퍼 블레이드', '와이퍼 블레이드', 'rule');
INSERT INTO aliases (item_id, alias, alias_lower, source) VALUES ('general', '요가블록', '요가블록', 'rule');
INSERT INTO aliases (item_id, alias, alias_lower, source) VALUES ('general', '운동매트', '운동매트', 'rule');
INSERT INTO aliases (item_id, alias, alias_lower, source) VALUES ('general', '은행 껍데기', '은행 껍데기', 'rule');
INSERT INTO aliases (item_id, alias, alias_lower, source) VALUES ('general', '이쑤시개 (사용)', '이쑤시개 (사용)', 'rule');
INSERT INTO aliases (item_id, alias, alias_lower, source) VALUES ('general', '잉크 통(빈)', '잉크 통(빈)', 'rule');
INSERT INTO aliases (item_id, alias, alias_lower, source) VALUES ('general', '자동차 키 케이스', '자동차 키 케이스', 'rule');
INSERT INTO aliases (item_id, alias, alias_lower, source) VALUES ('general', '자두 씨 (큰)', '자두 씨 (큰)', 'rule');
INSERT INTO aliases (item_id, alias, alias_lower, source) VALUES ('general', '잔디 가위', '잔디 가위', 'rule');
INSERT INTO aliases (item_id, alias, alias_lower, source) VALUES ('general', '잣 껍데기', '잣 껍데기', 'rule');
INSERT INTO aliases (item_id, alias, alias_lower, source) VALUES ('general', '장도리', '장도리', 'rule');
INSERT INTO aliases (item_id, alias, alias_lower, source) VALUES ('general', '저항밴드', '저항밴드', 'rule');
INSERT INTO aliases (item_id, alias, alias_lower, source) VALUES ('general', '전복 껍데기', '전복 껍데기', 'rule');
INSERT INTO aliases (item_id, alias, alias_lower, source) VALUES ('general', '절단 디스크', '절단 디스크', 'rule');
INSERT INTO aliases (item_id, alias, alias_lower, source) VALUES ('general', '조개 껍데기', '조개 껍데기', 'rule');
INSERT INTO aliases (item_id, alias, alias_lower, source) VALUES ('general', '족집게', '족집게', 'rule');
INSERT INTO aliases (item_id, alias, alias_lower, source) VALUES ('general', '주차증', '주차증', 'rule');
INSERT INTO aliases (item_id, alias, alias_lower, source) VALUES ('general', '지우개 가루', '지우개 가루', 'rule');
INSERT INTO aliases (item_id, alias, alias_lower, source) VALUES ('general', '지우개 솔', '지우개 솔', 'rule');
INSERT INTO aliases (item_id, alias, alias_lower, source) VALUES ('general', '집게', '집게', 'rule');
INSERT INTO aliases (item_id, alias, alias_lower, source) VALUES ('general', '차량 매트', '차량 매트', 'rule');
INSERT INTO aliases (item_id, alias, alias_lower, source) VALUES ('general', '차량 방향제(다 쓴)', '차량 방향제(다 쓴)', 'rule');
INSERT INTO aliases (item_id, alias, alias_lower, source) VALUES ('general', '차량용 휴지통', '차량용 휴지통', 'rule');
INSERT INTO aliases (item_id, alias, alias_lower, source) VALUES ('general', '책받침', '책받침', 'rule');
INSERT INTO aliases (item_id, alias, alias_lower, source) VALUES ('general', '청소포', '청소포', 'rule');
INSERT INTO aliases (item_id, alias, alias_lower, source) VALUES ('general', '체리 씨', '체리 씨', 'rule');
INSERT INTO aliases (item_id, alias, alias_lower, source) VALUES ('general', '추석 송편 트레이', '추석 송편 트레이', 'rule');
INSERT INTO aliases (item_id, alias, alias_lower, source) VALUES ('general', '출력물(파쇄용)', '출력물(파쇄용)', 'rule');
INSERT INTO aliases (item_id, alias, alias_lower, source) VALUES ('general', '캡슐 커피 (사용)', '캡슐 커피 (사용)', 'rule');
INSERT INTO aliases (item_id, alias, alias_lower, source) VALUES ('general', '캣타워(부서진)', '캣타워(부서진)', 'rule');
INSERT INTO aliases (item_id, alias, alias_lower, source) VALUES ('general', '커피 캡슐 (네스프레소)', '커피 캡슐 (네스프레소)', 'rule');
INSERT INTO aliases (item_id, alias, alias_lower, source) VALUES ('general', '컴퍼스', '컴퍼스', 'rule');
INSERT INTO aliases (item_id, alias, alias_lower, source) VALUES ('general', '크레용', '크레용', 'rule');
INSERT INTO aliases (item_id, alias, alias_lower, source) VALUES ('general', '크레파스(다 쓴)', '크레파스(다 쓴)', 'rule');
INSERT INTO aliases (item_id, alias, alias_lower, source) VALUES ('general', '크리스마스 장식', '크리스마스 장식', 'rule');
INSERT INTO aliases (item_id, alias, alias_lower, source) VALUES ('general', '크리스마스 트리(작은)', '크리스마스 트리(작은)', 'rule');
INSERT INTO aliases (item_id, alias, alias_lower, source) VALUES ('general', '타이어 공기압 측정기', '타이어 공기압 측정기', 'rule');
INSERT INTO aliases (item_id, alias, alias_lower, source) VALUES ('general', '탐폰', '탐폰', 'rule');
INSERT INTO aliases (item_id, alias, alias_lower, source) VALUES ('general', '테이프', '테이프', 'rule');
INSERT INTO aliases (item_id, alias, alias_lower, source) VALUES ('general', '톱밥', '톱밥', 'rule');
INSERT INTO aliases (item_id, alias, alias_lower, source) VALUES ('general', '팔레트', '팔레트', 'rule');
INSERT INTO aliases (item_id, alias, alias_lower, source) VALUES ('general', '포장 테이프', '포장 테이프', 'rule');
INSERT INTO aliases (item_id, alias, alias_lower, source) VALUES ('general', '프린터 토너 박스(빈)', '프린터 토너 박스(빈)', 'rule');
INSERT INTO aliases (item_id, alias, alias_lower, source) VALUES ('general', '필라테스링', '필라테스링', 'rule');
INSERT INTO aliases (item_id, alias, alias_lower, source) VALUES ('general', '한복 (낡은)', '한복 (낡은)', 'rule');
INSERT INTO aliases (item_id, alias, alias_lower, source) VALUES ('general', '한복 신발', '한복 신발', 'rule');
INSERT INTO aliases (item_id, alias, alias_lower, source) VALUES ('general', '한약 찌꺼기', '한약 찌꺼기', 'rule');
INSERT INTO aliases (item_id, alias, alias_lower, source) VALUES ('general', '한약재 (다 쓴)', '한약재 (다 쓴)', 'rule');
INSERT INTO aliases (item_id, alias, alias_lower, source) VALUES ('general', '할로윈 가면', '할로윈 가면', 'rule');
INSERT INTO aliases (item_id, alias, alias_lower, source) VALUES ('general', '할로윈 의상', '할로윈 의상', 'rule');
INSERT INTO aliases (item_id, alias, alias_lower, source) VALUES ('general', '형광펜', '형광펜', 'rule');
INSERT INTO aliases (item_id, alias, alias_lower, source) VALUES ('general', '호두 (단단한 껍질)', '호두 (단단한 껍질)', 'rule');
INSERT INTO aliases (item_id, alias, alias_lower, source) VALUES ('general', '홍차 티백 거름망', '홍차 티백 거름망', 'rule');
INSERT INTO aliases (item_id, alias, alias_lower, source) VALUES ('general', '회의록', '회의록', 'rule');
INSERT OR REPLACE INTO items (id, name, category, note, steps, confidence, source_url, source_name, source_grade, feature, caution, last_verified, region_variation, official_classification) VALUES ('vinyl', 'vinyl', 'vinyl', '사용자 일상 어휘 보강 항목', '["해당 카테고리 분리수거함에 배출"]', 'medium', 'https://xn--oy2b29bd3a601b.kr/front/dischargeMethod/index.do', NULL, NULL, NULL, NULL, NULL, 0, NULL);
INSERT INTO aliases (item_id, alias, alias_lower, source) VALUES ('vinyl', 'OPP 비닐', 'opp 비닐', 'rule');
INSERT INTO aliases (item_id, alias, alias_lower, source) VALUES ('vinyl', 'PE 비닐', 'pe 비닐', 'rule');
INSERT INTO aliases (item_id, alias, alias_lower, source) VALUES ('vinyl', 'PVC 비닐', 'pvc 비닐', 'rule');
INSERT INTO aliases (item_id, alias, alias_lower, source) VALUES ('vinyl', '검은 비닐봉투', '검은 비닐봉투', 'rule');
INSERT INTO aliases (item_id, alias, alias_lower, source) VALUES ('vinyl', '공기주머니', '공기주머니', 'rule');
INSERT INTO aliases (item_id, alias, alias_lower, source) VALUES ('vinyl', '랩 사용한 것', '랩 사용한 것', 'rule');
INSERT INTO aliases (item_id, alias, alias_lower, source) VALUES ('vinyl', '랩(주방용)', '랩(주방용)', 'rule');
INSERT INTO aliases (item_id, alias, alias_lower, source) VALUES ('vinyl', '롤백', '롤백', 'rule');
INSERT INTO aliases (item_id, alias, alias_lower, source) VALUES ('vinyl', '마트 비닐봉투', '마트 비닐봉투', 'rule');
INSERT INTO aliases (item_id, alias, alias_lower, source) VALUES ('vinyl', '보관용 비닐', '보관용 비닐', 'rule');
INSERT INTO aliases (item_id, alias, alias_lower, source) VALUES ('vinyl', '비니루', '비니루', 'rule');
INSERT INTO aliases (item_id, alias, alias_lower, source) VALUES ('vinyl', '비닐 모자', '비닐 모자', 'rule');
INSERT INTO aliases (item_id, alias, alias_lower, source) VALUES ('vinyl', '비닐 앞치마', '비닐 앞치마', 'rule');
INSERT INTO aliases (item_id, alias, alias_lower, source) VALUES ('vinyl', '비닐 커버', '비닐 커버', 'rule');
INSERT INTO aliases (item_id, alias, alias_lower, source) VALUES ('vinyl', '비닐 포장재', '비닐 포장재', 'rule');
INSERT INTO aliases (item_id, alias, alias_lower, source) VALUES ('vinyl', '비닐봉투', '비닐봉투', 'rule');
INSERT INTO aliases (item_id, alias, alias_lower, source) VALUES ('vinyl', '비닐장갑', '비닐장갑', 'rule');
INSERT INTO aliases (item_id, alias, alias_lower, source) VALUES ('vinyl', '뽁뽁이', '뽁뽁이', 'rule');
INSERT INTO aliases (item_id, alias, alias_lower, source) VALUES ('vinyl', '샌드위치 백', '샌드위치 백', 'rule');
INSERT INTO aliases (item_id, alias, alias_lower, source) VALUES ('vinyl', '쇼핑 비닐봉투', '쇼핑 비닐봉투', 'rule');
INSERT INTO aliases (item_id, alias, alias_lower, source) VALUES ('vinyl', '쓰레기봉투', '쓰레기봉투', 'rule');
INSERT INTO aliases (item_id, alias, alias_lower, source) VALUES ('vinyl', '은박지', '은박지', 'rule');
INSERT INTO aliases (item_id, alias, alias_lower, source) VALUES ('vinyl', '음식 포장 비닐', '음식 포장 비닐', 'rule');
INSERT INTO aliases (item_id, alias, alias_lower, source) VALUES ('vinyl', '쿠션 비닐', '쿠션 비닐', 'rule');
INSERT INTO aliases (item_id, alias, alias_lower, source) VALUES ('vinyl', '쿠킹 포일', '쿠킹 포일', 'rule');
INSERT INTO aliases (item_id, alias, alias_lower, source) VALUES ('vinyl', '택배 비닐', '택배 비닐', 'rule');
INSERT INTO aliases (item_id, alias, alias_lower, source) VALUES ('vinyl', '택배 비닐봉투', '택배 비닐봉투', 'rule');
INSERT INTO aliases (item_id, alias, alias_lower, source) VALUES ('vinyl', '투명 비닐', '투명 비닐', 'rule');
INSERT INTO aliases (item_id, alias, alias_lower, source) VALUES ('vinyl', '투명 비닐봉투', '투명 비닐봉투', 'rule');
INSERT INTO aliases (item_id, alias, alias_lower, source) VALUES ('vinyl', '편의점 비닐봉투', '편의점 비닐봉투', 'rule');
INSERT INTO aliases (item_id, alias, alias_lower, source) VALUES ('vinyl', '포일', '포일', 'rule');
INSERT OR REPLACE INTO items (id, name, category, note, steps, confidence, source_url, source_name, source_grade, feature, caution, last_verified, region_variation, official_classification) VALUES ('기타_일반', '기타_일반', 'general', '사용자 일상 어휘 보강', '["해당 카테고리 분리수거함에 배출"]', 'medium', 'https://xn--oy2b29bd3a601b.kr/front/dischargeMethod/index.do', NULL, NULL, NULL, NULL, NULL, 0, NULL);
INSERT INTO aliases (item_id, alias, alias_lower, source) VALUES ('기타_일반', '가위(둔한)', '가위(둔한)', 'rule');
INSERT INTO aliases (item_id, alias, alias_lower, source) VALUES ('기타_일반', '가족사진', '가족사진', 'rule');
INSERT INTO aliases (item_id, alias, alias_lower, source) VALUES ('기타_일반', '고무장갑(낡은)', '고무장갑(낡은)', 'rule');
INSERT INTO aliases (item_id, alias, alias_lower, source) VALUES ('기타_일반', '골프공', '골프공', 'rule');
INSERT INTO aliases (item_id, alias, alias_lower, source) VALUES ('기타_일반', '골프티', '골프티', 'rule');
INSERT INTO aliases (item_id, alias, alias_lower, source) VALUES ('기타_일반', '공구함', '공구함', 'rule');
INSERT INTO aliases (item_id, alias, alias_lower, source) VALUES ('기타_일반', '구두 솔', '구두 솔', 'rule');
INSERT INTO aliases (item_id, alias, alias_lower, source) VALUES ('기타_일반', '구두약 통', '구두약 통', 'rule');
INSERT INTO aliases (item_id, alias, alias_lower, source) VALUES ('기타_일반', '귀마개', '귀마개', 'rule');
INSERT INTO aliases (item_id, alias, alias_lower, source) VALUES ('기타_일반', '그림책', '그림책', 'rule');
INSERT INTO aliases (item_id, alias, alias_lower, source) VALUES ('기타_일반', '기타 줄', '기타 줄', 'rule');
INSERT INTO aliases (item_id, alias, alias_lower, source) VALUES ('기타_일반', '넥워머', '넥워머', 'rule');
INSERT INTO aliases (item_id, alias, alias_lower, source) VALUES ('기타_일반', '노트북(공책)', '노트북(공책)', 'rule');
INSERT INTO aliases (item_id, alias, alias_lower, source) VALUES ('기타_일반', '농구공(낡은)', '농구공(낡은)', 'rule');
INSERT INTO aliases (item_id, alias, alias_lower, source) VALUES ('기타_일반', '다이어리', '다이어리', 'rule');
INSERT INTO aliases (item_id, alias, alias_lower, source) VALUES ('기타_일반', '드라이버', '드라이버', 'rule');
INSERT INTO aliases (item_id, alias, alias_lower, source) VALUES ('기타_일반', '런닝셔츠', '런닝셔츠', 'rule');
INSERT INTO aliases (item_id, alias, alias_lower, source) VALUES ('기타_일반', '레깅스(낡은)', '레깅스(낡은)', 'rule');
INSERT INTO aliases (item_id, alias, alias_lower, source) VALUES ('기타_일반', '립스틱(다 쓴)', '립스틱(다 쓴)', 'rule');
INSERT INTO aliases (item_id, alias, alias_lower, source) VALUES ('기타_일반', '마스카라(굳은)', '마스카라(굳은)', 'rule');
INSERT INTO aliases (item_id, alias, alias_lower, source) VALUES ('기타_일반', '마스크팩 사용한 것', '마스크팩 사용한 것', 'rule');
INSERT INTO aliases (item_id, alias, alias_lower, source) VALUES ('기타_일반', '메이크업 브러시(낡은)', '메이크업 브러시(낡은)', 'rule');
INSERT INTO aliases (item_id, alias, alias_lower, source) VALUES ('기타_일반', '면도크림 통', '면도크림 통', 'rule');
INSERT INTO aliases (item_id, alias, alias_lower, source) VALUES ('기타_일반', '물안경', '물안경', 'rule');
INSERT INTO aliases (item_id, alias, alias_lower, source) VALUES ('기타_일반', '물티슈 케이스', '물티슈 케이스', 'rule');
INSERT INTO aliases (item_id, alias, alias_lower, source) VALUES ('기타_일반', '방석', '방석', 'rule');
INSERT INTO aliases (item_id, alias, alias_lower, source) VALUES ('기타_일반', '방한 부츠', '방한 부츠', 'rule');
INSERT INTO aliases (item_id, alias, alias_lower, source) VALUES ('기타_일반', '보드게임 카드', '보드게임 카드', 'rule');
INSERT INTO aliases (item_id, alias, alias_lower, source) VALUES ('기타_일반', '비치 샌들', '비치 샌들', 'rule');
INSERT INTO aliases (item_id, alias, alias_lower, source) VALUES ('기타_일반', '비키니', '비키니', 'rule');
INSERT INTO aliases (item_id, alias, alias_lower, source) VALUES ('기타_일반', '샴푸 캡', '샴푸 캡', 'rule');
INSERT INTO aliases (item_id, alias, alias_lower, source) VALUES ('기타_일반', '송곳', '송곳', 'rule');
INSERT INTO aliases (item_id, alias, alias_lower, source) VALUES ('기타_일반', '수납박스(부서진)', '수납박스(부서진)', 'rule');
INSERT INTO aliases (item_id, alias, alias_lower, source) VALUES ('기타_일반', '수분팩', '수분팩', 'rule');
INSERT INTO aliases (item_id, alias, alias_lower, source) VALUES ('기타_일반', '수영모', '수영모', 'rule');
INSERT INTO aliases (item_id, alias, alias_lower, source) VALUES ('기타_일반', '수영복(낡은)', '수영복(낡은)', 'rule');
INSERT INTO aliases (item_id, alias, alias_lower, source) VALUES ('기타_일반', '수평계', '수평계', 'rule');
INSERT INTO aliases (item_id, alias, alias_lower, source) VALUES ('기타_일반', '스케치북', '스케치북', 'rule');
INSERT INTO aliases (item_id, alias, alias_lower, source) VALUES ('기타_일반', '스타킹(찢어진)', '스타킹(찢어진)', 'rule');
INSERT INTO aliases (item_id, alias, alias_lower, source) VALUES ('기타_일반', '스테이플 심', '스테이플 심', 'rule');
INSERT INTO aliases (item_id, alias, alias_lower, source) VALUES ('기타_일반', '스폰지', '스폰지', 'rule');
INSERT INTO aliases (item_id, alias, alias_lower, source) VALUES ('기타_일반', '신발 깔창', '신발 깔창', 'rule');
INSERT INTO aliases (item_id, alias, alias_lower, source) VALUES ('기타_일반', '신발끈', '신발끈', 'rule');
INSERT INTO aliases (item_id, alias, alias_lower, source) VALUES ('기타_일반', '아이라이너(굳은)', '아이라이너(굳은)', 'rule');
INSERT INTO aliases (item_id, alias, alias_lower, source) VALUES ('기타_일반', '악기 케이스', '악기 케이스', 'rule');
INSERT INTO aliases (item_id, alias, alias_lower, source) VALUES ('기타_일반', '안대', '안대', 'rule');
INSERT INTO aliases (item_id, alias, alias_lower, source) VALUES ('기타_일반', '안약 케이스', '안약 케이스', 'rule');
INSERT INTO aliases (item_id, alias, alias_lower, source) VALUES ('기타_일반', '안약 통', '안약 통', 'rule');
INSERT INTO aliases (item_id, alias, alias_lower, source) VALUES ('기타_일반', '앨범', '앨범', 'rule');
INSERT INTO aliases (item_id, alias, alias_lower, source) VALUES ('기타_일반', '야구공', '야구공', 'rule');
INSERT INTO aliases (item_id, alias, alias_lower, source) VALUES ('기타_일반', '약병(빈)', '약병(빈)', 'rule');
INSERT INTO aliases (item_id, alias, alias_lower, source) VALUES ('기타_일반', '옷걸이(나무)', '옷걸이(나무)', 'rule');
INSERT INTO aliases (item_id, alias, alias_lower, source) VALUES ('기타_일반', '옷걸이(철)', '옷걸이(철)', 'rule');
INSERT INTO aliases (item_id, alias, alias_lower, source) VALUES ('기타_일반', '옷걸이(플라스틱 부서진)', '옷걸이(플라스틱 부서진)', 'rule');
INSERT INTO aliases (item_id, alias, alias_lower, source) VALUES ('기타_일반', '운동화 솔', '운동화 솔', 'rule');
INSERT INTO aliases (item_id, alias, alias_lower, source) VALUES ('기타_일반', '잠옷 바지', '잠옷 바지', 'rule');
INSERT INTO aliases (item_id, alias, alias_lower, source) VALUES ('기타_일반', '잠옷 셔츠', '잠옷 셔츠', 'rule');
INSERT INTO aliases (item_id, alias, alias_lower, source) VALUES ('기타_일반', '장도리(작은)', '장도리(작은)', 'rule');
INSERT INTO aliases (item_id, alias, alias_lower, source) VALUES ('기타_일반', '장화', '장화', 'rule');
INSERT INTO aliases (item_id, alias, alias_lower, source) VALUES ('기타_일반', '정리함(부서진)', '정리함(부서진)', 'rule');
INSERT INTO aliases (item_id, alias, alias_lower, source) VALUES ('기타_일반', '주사위', '주사위', 'rule');
INSERT INTO aliases (item_id, alias, alias_lower, source) VALUES ('기타_일반', '줄자', '줄자', 'rule');
INSERT INTO aliases (item_id, alias, alias_lower, source) VALUES ('기타_일반', '찜질팩(낡은)', '찜질팩(낡은)', 'rule');
INSERT INTO aliases (item_id, alias, alias_lower, source) VALUES ('기타_일반', '체스 말', '체스 말', 'rule');
INSERT INTO aliases (item_id, alias, alias_lower, source) VALUES ('기타_일반', '체온계 케이스', '체온계 케이스', 'rule');
INSERT INTO aliases (item_id, alias, alias_lower, source) VALUES ('기타_일반', '축구공(낡은)', '축구공(낡은)', 'rule');
INSERT INTO aliases (item_id, alias, alias_lower, source) VALUES ('기타_일반', '커터 칼', '커터 칼', 'rule');
INSERT INTO aliases (item_id, alias, alias_lower, source) VALUES ('기타_일반', '콘돔', '콘돔', 'rule');
INSERT INTO aliases (item_id, alias, alias_lower, source) VALUES ('기타_일반', '콘돔 케이스', '콘돔 케이스', 'rule');
INSERT INTO aliases (item_id, alias, alias_lower, source) VALUES ('기타_일반', '콘택트렌즈 케이스', '콘택트렌즈 케이스', 'rule');
INSERT INTO aliases (item_id, alias, alias_lower, source) VALUES ('기타_일반', '쿨팩(낡은)', '쿨팩(낡은)', 'rule');
INSERT INTO aliases (item_id, alias, alias_lower, source) VALUES ('기타_일반', '키친타올', '키친타올', 'rule');
INSERT INTO aliases (item_id, alias, alias_lower, source) VALUES ('기타_일반', '키친타올심', '키친타올심', 'rule');
INSERT INTO aliases (item_id, alias, alias_lower, source) VALUES ('기타_일반', '타이즈', '타이즈', 'rule');
INSERT INTO aliases (item_id, alias, alias_lower, source) VALUES ('기타_일반', '테니스공', '테니스공', 'rule');
INSERT INTO aliases (item_id, alias, alias_lower, source) VALUES ('기타_일반', '팩 시트', '팩 시트', 'rule');
INSERT INTO aliases (item_id, alias, alias_lower, source) VALUES ('기타_일반', '퍼즐 조각', '퍼즐 조각', 'rule');
INSERT INTO aliases (item_id, alias, alias_lower, source) VALUES ('기타_일반', '퍼프', '퍼프', 'rule');
INSERT INTO aliases (item_id, alias, alias_lower, source) VALUES ('기타_일반', '피크', '피크', 'rule');
INSERT INTO aliases (item_id, alias, alias_lower, source) VALUES ('기타_일반', '핫팩', '핫팩', 'rule');
INSERT INTO aliases (item_id, alias, alias_lower, source) VALUES ('기타_일반', '헤어밴드', '헤어밴드', 'rule');
INSERT INTO aliases (item_id, alias, alias_lower, source) VALUES ('기타_일반', '헤어왁스 통', '헤어왁스 통', 'rule');
INSERT INTO aliases (item_id, alias, alias_lower, source) VALUES ('기타_일반', '헤어핀', '헤어핀', 'rule');
INSERT INTO aliases (item_id, alias, alias_lower, source) VALUES ('기타_일반', '화장솜(사용)', '화장솜(사용)', 'rule');
INSERT INTO aliases (item_id, alias, alias_lower, source) VALUES ('기타_일반', '휴지', '휴지', 'rule');
INSERT INTO aliases (item_id, alias, alias_lower, source) VALUES ('기타_일반', '굿즈', '굿즈', 'rule');
INSERT INTO aliases (item_id, alias, alias_lower, source) VALUES ('기타_일반', '물품', '물품', 'rule');
INSERT INTO aliases (item_id, alias, alias_lower, source) VALUES ('기타_일반', '살림살이', '살림살이', 'rule');
INSERT INTO aliases (item_id, alias, alias_lower, source) VALUES ('기타_일반', '소품', '소품', 'rule');
INSERT INTO aliases (item_id, alias, alias_lower, source) VALUES ('기타_일반', '시계', '시계', 'rule');
INSERT INTO aliases (item_id, alias, alias_lower, source) VALUES ('기타_일반', '아이템', '아이템', 'rule');
INSERT INTO aliases (item_id, alias, alias_lower, source) VALUES ('기타_일반', '오브젝트', '오브젝트', 'rule');
INSERT INTO aliases (item_id, alias, alias_lower, source) VALUES ('기타_일반', '용품', '용품', 'rule');
INSERT INTO aliases (item_id, alias, alias_lower, source) VALUES ('기타_일반', '잡동사니', '잡동사니', 'rule');
INSERT INTO aliases (item_id, alias, alias_lower, source) VALUES ('기타_일반', '장비', '장비', 'rule');
INSERT OR REPLACE INTO items (id, name, category, note, steps, confidence, source_url, source_name, source_grade, feature, caution, last_verified, region_variation, official_classification) VALUES ('styrofoam', 'styrofoam', 'styrofoam', '사용자 일상 어휘 보강', '["해당 카테고리 분리수거함에 배출"]', 'medium', 'https://xn--oy2b29bd3a601b.kr/front/dischargeMethod/index.do', NULL, NULL, NULL, NULL, NULL, 0, NULL);
INSERT INTO aliases (item_id, alias, alias_lower, source) VALUES ('styrofoam', 'EPS 폼', 'eps 폼', 'rule');
INSERT INTO aliases (item_id, alias, alias_lower, source) VALUES ('styrofoam', 'TV 포장 스티로폼', 'tv 포장 스티로폼', 'rule');
INSERT INTO aliases (item_id, alias, alias_lower, source) VALUES ('styrofoam', '가구 스티로폼 (서랍/책장)', '가구 스티로폼 (서랍/책장)', 'rule');
INSERT INTO aliases (item_id, alias, alias_lower, source) VALUES ('styrofoam', '가전제품 스티로폼', '가전제품 스티로폼', 'rule');
INSERT INTO aliases (item_id, alias, alias_lower, source) VALUES ('styrofoam', '건어물 박스 (스티로폼)', '건어물 박스 (스티로폼)', 'rule');
INSERT INTO aliases (item_id, alias, alias_lower, source) VALUES ('styrofoam', '냉장고 포장 스티로폼', '냉장고 포장 스티로폼', 'rule');
INSERT INTO aliases (item_id, alias, alias_lower, source) VALUES ('styrofoam', '농수산물 스티로폼 박스', '농수산물 스티로폼 박스', 'rule');
INSERT INTO aliases (item_id, alias, alias_lower, source) VALUES ('styrofoam', '당일배송 스티로폼', '당일배송 스티로폼', 'rule');
INSERT INTO aliases (item_id, alias, alias_lower, source) VALUES ('styrofoam', '라면 용기 (스티로폼)', '라면 용기 (스티로폼)', 'rule');
INSERT INTO aliases (item_id, alias, alias_lower, source) VALUES ('styrofoam', '발포 스티렌', '발포 스티렌', 'rule');
INSERT INTO aliases (item_id, alias, alias_lower, source) VALUES ('styrofoam', '보냉박스', '보냉박스', 'rule');
INSERT INTO aliases (item_id, alias, alias_lower, source) VALUES ('styrofoam', '비드 스티로폼', '비드 스티로폼', 'rule');
INSERT INTO aliases (item_id, alias, alias_lower, source) VALUES ('styrofoam', '색깔 있는 스티로폼', '색깔 있는 스티로폼', 'rule');
INSERT INTO aliases (item_id, alias, alias_lower, source) VALUES ('styrofoam', '수산물 박스 (스티로폼)', '수산물 박스 (스티로폼)', 'rule');
INSERT INTO aliases (item_id, alias, alias_lower, source) VALUES ('styrofoam', '스티로폼 그릇', '스티로폼 그릇', 'rule');
INSERT INTO aliases (item_id, alias, alias_lower, source) VALUES ('styrofoam', '스티로폼 도시락', '스티로폼 도시락', 'rule');
INSERT INTO aliases (item_id, alias, alias_lower, source) VALUES ('styrofoam', '스티로폼 보호 패드', '스티로폼 보호 패드', 'rule');
INSERT INTO aliases (item_id, alias, alias_lower, source) VALUES ('styrofoam', '스티로폼 완충재', '스티로폼 완충재', 'rule');
INSERT INTO aliases (item_id, alias, alias_lower, source) VALUES ('styrofoam', '스티로폼 재질', '스티로폼 재질', 'rule');
INSERT INTO aliases (item_id, alias, alias_lower, source) VALUES ('styrofoam', '스티로폼 칩', '스티로폼 칩', 'rule');
INSERT INTO aliases (item_id, alias, alias_lower, source) VALUES ('styrofoam', '스티로폼 칩 (포장)', '스티로폼 칩 (포장)', 'rule');
INSERT INTO aliases (item_id, alias, alias_lower, source) VALUES ('styrofoam', '스티로폼 컵', '스티로폼 컵', 'rule');
INSERT INTO aliases (item_id, alias, alias_lower, source) VALUES ('styrofoam', '스티로폼 트레이', '스티로폼 트레이', 'rule');
INSERT INTO aliases (item_id, alias, alias_lower, source) VALUES ('styrofoam', '스티로폼 트레이 (과일)', '스티로폼 트레이 (과일)', 'rule');
INSERT INTO aliases (item_id, alias, alias_lower, source) VALUES ('styrofoam', '스티로폼 트레이 (생선)', '스티로폼 트레이 (생선)', 'rule');
INSERT INTO aliases (item_id, alias, alias_lower, source) VALUES ('styrofoam', '스티로폼 트레이 (정육)', '스티로폼 트레이 (정육)', 'rule');
INSERT INTO aliases (item_id, alias, alias_lower, source) VALUES ('styrofoam', '스티로폼 트레이 (채소)', '스티로폼 트레이 (채소)', 'rule');
INSERT INTO aliases (item_id, alias, alias_lower, source) VALUES ('styrofoam', '식품 포장 스티로폼', '식품 포장 스티로폼', 'rule');
INSERT INTO aliases (item_id, alias, alias_lower, source) VALUES ('styrofoam', '아이스박스 (스티로폼)', '아이스박스 (스티로폼)', 'rule');
INSERT INTO aliases (item_id, alias, alias_lower, source) VALUES ('styrofoam', '아이스크림 박스 (스티로폼)', '아이스크림 박스 (스티로폼)', 'rule');
INSERT INTO aliases (item_id, alias, alias_lower, source) VALUES ('styrofoam', '오염된 스티로폼', '오염된 스티로폼', 'rule');
INSERT INTO aliases (item_id, alias, alias_lower, source) VALUES ('styrofoam', '온라인 쇼핑 스티로폼', '온라인 쇼핑 스티로폼', 'rule');
INSERT INTO aliases (item_id, alias, alias_lower, source) VALUES ('styrofoam', '완충 스티로폼', '완충 스티로폼', 'rule');
INSERT INTO aliases (item_id, alias, alias_lower, source) VALUES ('styrofoam', '장난감 포장 스티로폼', '장난감 포장 스티로폼', 'rule');
INSERT INTO aliases (item_id, alias, alias_lower, source) VALUES ('styrofoam', '전자제품 스티로폼 (TV/냉장고)', '전자제품 스티로폼 (tv/냉장고)', 'rule');
INSERT INTO aliases (item_id, alias, alias_lower, source) VALUES ('styrofoam', '전자제품 포장 스티로폼', '전자제품 포장 스티로폼', 'rule');
INSERT INTO aliases (item_id, alias, alias_lower, source) VALUES ('styrofoam', '택배 스티로폼 (대형)', '택배 스티로폼 (대형)', 'rule');
INSERT INTO aliases (item_id, alias, alias_lower, source) VALUES ('styrofoam', '택배 스티로폼 (소형)', '택배 스티로폼 (소형)', 'rule');
INSERT INTO aliases (item_id, alias, alias_lower, source) VALUES ('styrofoam', '포장 스티로폼', '포장 스티로폼', 'rule');
INSERT INTO aliases (item_id, alias, alias_lower, source) VALUES ('styrofoam', '포장용 스티로폼 충진재', '포장용 스티로폼 충진재', 'rule');
INSERT INTO aliases (item_id, alias, alias_lower, source) VALUES ('styrofoam', '하얀 스티로폼', '하얀 스티로폼', 'rule');
INSERT INTO aliases (item_id, alias, alias_lower, source) VALUES ('styrofoam', '흰색 스티로폼 박스', '흰색 스티로폼 박스', 'rule');
INSERT OR REPLACE INTO items (id, name, category, note, steps, confidence, source_url, source_name, source_grade, feature, caution, last_verified, region_variation, official_classification) VALUES ('hazardous_gas', 'hazardous gas', 'hazardous', '약한 카테고리 보강', '["해당 카테고리 분리수거함 또는 지자체 안내 참고"]', 'medium', 'https://xn--oy2b29bd3a601b.kr/front/dischargeMethod/index.do', NULL, NULL, NULL, NULL, NULL, 0, NULL);
INSERT INTO aliases (item_id, alias, alias_lower, source) VALUES ('hazardous_gas', 'hazardousgas', 'hazardousgas', 'rule');
INSERT INTO aliases (item_id, alias, alias_lower, source) VALUES ('hazardous_gas', '가스라이터', '가스라이터', 'rule');
INSERT INTO aliases (item_id, alias, alias_lower, source) VALUES ('hazardous_gas', '가위(낡은)', '가위(낡은)', 'rule');
INSERT INTO aliases (item_id, alias, alias_lower, source) VALUES ('hazardous_gas', '거울 깨진 것', '거울 깨진 것', 'rule');
INSERT INTO aliases (item_id, alias, alias_lower, source) VALUES ('hazardous_gas', '당뇨 주사기', '당뇨 주사기', 'rule');
INSERT INTO aliases (item_id, alias, alias_lower, source) VALUES ('hazardous_gas', '락스 잔여물', '락스 잔여물', 'rule');
INSERT INTO aliases (item_id, alias, alias_lower, source) VALUES ('hazardous_gas', '면도기 헤드', '면도기 헤드', 'rule');
INSERT INTO aliases (item_id, alias, alias_lower, source) VALUES ('hazardous_gas', '모기약 캔', '모기약 캔', 'rule');
INSERT INTO aliases (item_id, alias, alias_lower, source) VALUES ('hazardous_gas', '부탄가스 캔', '부탄가스 캔', 'rule');
INSERT INTO aliases (item_id, alias, alias_lower, source) VALUES ('hazardous_gas', '살충제 캔', '살충제 캔', 'rule');
INSERT INTO aliases (item_id, alias, alias_lower, source) VALUES ('hazardous_gas', '수은 온도계', '수은 온도계', 'rule');
INSERT INTO aliases (item_id, alias, alias_lower, source) VALUES ('hazardous_gas', '수은 혈압계', '수은 혈압계', 'rule');
INSERT INTO aliases (item_id, alias, alias_lower, source) VALUES ('hazardous_gas', '스프레이 캔', '스프레이 캔', 'rule');
INSERT INTO aliases (item_id, alias, alias_lower, source) VALUES ('hazardous_gas', '안경 알(깨진)', '안경 알(깨진)', 'rule');
INSERT INTO aliases (item_id, alias, alias_lower, source) VALUES ('hazardous_gas', '에어로졸', '에어로졸', 'rule');
INSERT INTO aliases (item_id, alias, alias_lower, source) VALUES ('hazardous_gas', '유리 파편', '유리 파편', 'rule');
INSERT INTO aliases (item_id, alias, alias_lower, source) VALUES ('hazardous_gas', '인슐린 펜', '인슐린 펜', 'rule');
INSERT INTO aliases (item_id, alias, alias_lower, source) VALUES ('hazardous_gas', '전구 깨진 것', '전구 깨진 것', 'rule');
INSERT INTO aliases (item_id, alias, alias_lower, source) VALUES ('hazardous_gas', '정맥 주사기', '정맥 주사기', 'rule');
INSERT INTO aliases (item_id, alias, alias_lower, source) VALUES ('hazardous_gas', '주방 칼(낡은)', '주방 칼(낡은)', 'rule');
INSERT INTO aliases (item_id, alias, alias_lower, source) VALUES ('hazardous_gas', '주사기(빈)', '주사기(빈)', 'rule');
INSERT INTO aliases (item_id, alias, alias_lower, source) VALUES ('hazardous_gas', '페인트 캔', '페인트 캔', 'rule');
INSERT INTO aliases (item_id, alias, alias_lower, source) VALUES ('hazardous_gas', '폐 LED', '폐 led', 'rule');
INSERT INTO aliases (item_id, alias, alias_lower, source) VALUES ('hazardous_gas', '폐 본드(대용량)', '폐 본드(대용량)', 'rule');
INSERT INTO aliases (item_id, alias, alias_lower, source) VALUES ('hazardous_gas', '폐 시너', '폐 시너', 'rule');
INSERT INTO aliases (item_id, alias, alias_lower, source) VALUES ('hazardous_gas', '폐 페인트', '폐 페인트', 'rule');
INSERT INTO aliases (item_id, alias, alias_lower, source) VALUES ('hazardous_gas', '폐 형광등(깨진)', '폐 형광등(깨진)', 'rule');
INSERT INTO aliases (item_id, alias, alias_lower, source) VALUES ('hazardous_gas', '표백제 잔여물', '표백제 잔여물', 'rule');
INSERT INTO aliases (item_id, alias, alias_lower, source) VALUES ('hazardous_gas', '헤어스프레이', '헤어스프레이', 'rule');
INSERT OR REPLACE INTO items (id, name, category, note, steps, confidence, source_url, source_name, source_grade, feature, caution, last_verified, region_variation, official_classification) VALUES ('hazardous_battery', 'hazardous battery', 'hazardous', '약한 카테고리 보강', '["해당 카테고리 분리수거함 또는 지자체 안내 참고"]', 'medium', 'https://xn--oy2b29bd3a601b.kr/front/dischargeMethod/index.do', NULL, NULL, NULL, NULL, NULL, 0, NULL);
INSERT INTO aliases (item_id, alias, alias_lower, source) VALUES ('hazardous_battery', 'RC 배터리', 'rc 배터리', 'rule');
INSERT INTO aliases (item_id, alias, alias_lower, source) VALUES ('hazardous_battery', 'hazardousbattery', 'hazardousbattery', 'rule');
INSERT INTO aliases (item_id, alias, alias_lower, source) VALUES ('hazardous_battery', '드론 배터리', '드론 배터리', 'rule');
INSERT INTO aliases (item_id, alias, alias_lower, source) VALUES ('hazardous_battery', '리튬 배터리', '리튬 배터리', 'rule');
INSERT INTO aliases (item_id, alias, alias_lower, source) VALUES ('hazardous_battery', '리튬 폴리머 배터리', '리튬 폴리머 배터리', 'rule');
INSERT INTO aliases (item_id, alias, alias_lower, source) VALUES ('hazardous_battery', '부풀은 배터리', '부풀은 배터리', 'rule');
INSERT INTO aliases (item_id, alias, alias_lower, source) VALUES ('hazardous_battery', '전동킥보드 배터리', '전동킥보드 배터리', 'rule');
INSERT OR REPLACE INTO items (id, name, category, note, steps, confidence, source_url, source_name, source_grade, feature, caution, last_verified, region_variation, official_classification) VALUES ('hazardous_chemical', 'hazardous chemical', 'hazardous', '약한 카테고리 보강', '["해당 카테고리 분리수거함 또는 지자체 안내 참고"]', 'medium', 'https://xn--oy2b29bd3a601b.kr/front/dischargeMethod/index.do', NULL, NULL, NULL, NULL, NULL, 0, NULL);
INSERT INTO aliases (item_id, alias, alias_lower, source) VALUES ('hazardous_chemical', 'hazardouschemical', 'hazardouschemical', 'rule');
INSERT INTO aliases (item_id, alias, alias_lower, source) VALUES ('hazardous_chemical', '농약', '농약', 'rule');
INSERT INTO aliases (item_id, alias, alias_lower, source) VALUES ('hazardous_chemical', '독성물질', '독성물질', 'rule');
INSERT INTO aliases (item_id, alias, alias_lower, source) VALUES ('hazardous_chemical', '래커', '래커', 'rule');
INSERT INTO aliases (item_id, alias, alias_lower, source) VALUES ('hazardous_chemical', '본드(대량)', '본드(대량)', 'rule');
INSERT INTO aliases (item_id, alias, alias_lower, source) VALUES ('hazardous_chemical', '부동액', '부동액', 'rule');
INSERT INTO aliases (item_id, alias, alias_lower, source) VALUES ('hazardous_chemical', '솔벤트', '솔벤트', 'rule');
INSERT INTO aliases (item_id, alias, alias_lower, source) VALUES ('hazardous_chemical', '시너', '시너', 'rule');
INSERT INTO aliases (item_id, alias, alias_lower, source) VALUES ('hazardous_chemical', '식용유(못 쓰는)', '식용유(못 쓰는)', 'rule');
INSERT INTO aliases (item_id, alias, alias_lower, source) VALUES ('hazardous_chemical', '실험용 약품', '실험용 약품', 'rule');
INSERT INTO aliases (item_id, alias, alias_lower, source) VALUES ('hazardous_chemical', '위험물질', '위험물질', 'rule');
INSERT INTO aliases (item_id, alias, alias_lower, source) VALUES ('hazardous_chemical', '유독물', '유독물', 'rule');
INSERT INTO aliases (item_id, alias, alias_lower, source) VALUES ('hazardous_chemical', '유해화학물질', '유해화학물질', 'rule');
INSERT INTO aliases (item_id, alias, alias_lower, source) VALUES ('hazardous_chemical', '케미컬', '케미컬', 'rule');
INSERT INTO aliases (item_id, alias, alias_lower, source) VALUES ('hazardous_chemical', '폐기름', '폐기름', 'rule');
INSERT INTO aliases (item_id, alias, alias_lower, source) VALUES ('hazardous_chemical', '폐식용유', '폐식용유', 'rule');
INSERT INTO aliases (item_id, alias, alias_lower, source) VALUES ('hazardous_chemical', '화학약품', '화학약품', 'rule');
INSERT INTO aliases (item_id, alias, alias_lower, source) VALUES ('hazardous_chemical', '화학폐기물', '화학폐기물', 'rule');
INSERT OR REPLACE INTO items (id, name, category, note, steps, confidence, source_url, source_name, source_grade, feature, caution, last_verified, region_variation, official_classification) VALUES ('sharp_glass', 'sharp glass', 'hazardous', '약한 카테고리 보강', '["해당 카테고리 분리수거함 또는 지자체 안내 참고"]', 'medium', 'https://xn--oy2b29bd3a601b.kr/front/dischargeMethod/index.do', NULL, NULL, NULL, NULL, NULL, 0, NULL);
INSERT INTO aliases (item_id, alias, alias_lower, source) VALUES ('sharp_glass', 'sharpglass', 'sharpglass', 'rule');
INSERT INTO aliases (item_id, alias, alias_lower, source) VALUES ('sharp_glass', '깨진 그릇', '깨진 그릇', 'rule');
INSERT INTO aliases (item_id, alias, alias_lower, source) VALUES ('sharp_glass', '깨진 도자기', '깨진 도자기', 'rule');
INSERT INTO aliases (item_id, alias, alias_lower, source) VALUES ('sharp_glass', '나사못(녹슨)', '나사못(녹슨)', 'rule');
INSERT INTO aliases (item_id, alias, alias_lower, source) VALUES ('sharp_glass', '면도날', '면도날', 'rule');
INSERT INTO aliases (item_id, alias, alias_lower, source) VALUES ('sharp_glass', '주사 바늘', '주사 바늘', 'rule');
INSERT INTO aliases (item_id, alias, alias_lower, source) VALUES ('sharp_glass', '칼날', '칼날', 'rule');
INSERT INTO aliases (item_id, alias, alias_lower, source) VALUES ('sharp_glass', '핀(굵은)', '핀(굵은)', 'rule');
INSERT OR REPLACE INTO items (id, name, category, note, steps, confidence, source_url, source_name, source_grade, feature, caution, last_verified, region_variation, official_classification) VALUES ('paper_pack_general', 'paper pack general', 'paper_pack', '약한 카테고리 보강', '["해당 카테고리 분리수거함 또는 지자체 안내 참고"]', 'medium', 'https://xn--oy2b29bd3a601b.kr/front/dischargeMethod/index.do', NULL, NULL, NULL, NULL, NULL, 0, NULL);
INSERT INTO aliases (item_id, alias, alias_lower, source) VALUES ('paper_pack_general', 'paperpackgeneral', 'paperpackgeneral', 'rule');
INSERT INTO aliases (item_id, alias, alias_lower, source) VALUES ('paper_pack_general', '두유팩', '두유팩', 'rule');
INSERT INTO aliases (item_id, alias, alias_lower, source) VALUES ('paper_pack_general', '맥주팩', '맥주팩', 'rule');
INSERT INTO aliases (item_id, alias, alias_lower, source) VALUES ('paper_pack_general', '아동 음료팩', '아동 음료팩', 'rule');
INSERT INTO aliases (item_id, alias, alias_lower, source) VALUES ('paper_pack_general', '아이스크림 팩', '아이스크림 팩', 'rule');
INSERT INTO aliases (item_id, alias, alias_lower, source) VALUES ('paper_pack_general', '액상요구르트 팩', '액상요구르트 팩', 'rule');
INSERT INTO aliases (item_id, alias, alias_lower, source) VALUES ('paper_pack_general', '요거트 팩', '요거트 팩', 'rule');
INSERT INTO aliases (item_id, alias, alias_lower, source) VALUES ('paper_pack_general', '음료팩', '음료팩', 'rule');
INSERT INTO aliases (item_id, alias, alias_lower, source) VALUES ('paper_pack_general', '테트라브릭', '테트라브릭', 'rule');
INSERT INTO aliases (item_id, alias, alias_lower, source) VALUES ('paper_pack_general', '판멸균팩', '판멸균팩', 'rule');
INSERT OR REPLACE INTO items (id, name, category, note, steps, confidence, source_url, source_name, source_grade, feature, caution, last_verified, region_variation, official_classification) VALUES ('styrofoam_packaging', 'styrofoam packaging', 'styrofoam', '약한 카테고리 보강', '["해당 카테고리 분리수거함 또는 지자체 안내 참고"]', 'medium', 'https://xn--oy2b29bd3a601b.kr/front/dischargeMethod/index.do', NULL, NULL, NULL, NULL, NULL, 0, NULL);
INSERT INTO aliases (item_id, alias, alias_lower, source) VALUES ('styrofoam_packaging', 'styrofoampackaging', 'styrofoampackaging', 'rule');
INSERT INTO aliases (item_id, alias, alias_lower, source) VALUES ('styrofoam_packaging', '계란판(스티로폼)', '계란판(스티로폼)', 'rule');
INSERT INTO aliases (item_id, alias, alias_lower, source) VALUES ('styrofoam_packaging', '과일 상자(스티로폼)', '과일 상자(스티로폼)', 'rule');
INSERT INTO aliases (item_id, alias, alias_lower, source) VALUES ('styrofoam_packaging', '냉장 보냉박스', '냉장 보냉박스', 'rule');
INSERT INTO aliases (item_id, alias, alias_lower, source) VALUES ('styrofoam_packaging', '농수산물 스티로폼', '농수산물 스티로폼', 'rule');
INSERT INTO aliases (item_id, alias, alias_lower, source) VALUES ('styrofoam_packaging', '도시락 용기(스티로폼)', '도시락 용기(스티로폼)', 'rule');
INSERT INTO aliases (item_id, alias, alias_lower, source) VALUES ('styrofoam_packaging', '스티로폼 박스', '스티로폼 박스', 'rule');
INSERT INTO aliases (item_id, alias, alias_lower, source) VALUES ('styrofoam_packaging', '스티로폼 상자', '스티로폼 상자', 'rule');
INSERT INTO aliases (item_id, alias, alias_lower, source) VALUES ('styrofoam_packaging', '아이스박스 스티로폼', '아이스박스 스티로폼', 'rule');
INSERT INTO aliases (item_id, alias, alias_lower, source) VALUES ('styrofoam_packaging', '컵라면 용기(스티로폼)', '컵라면 용기(스티로폼)', 'rule');
INSERT INTO aliases (item_id, alias, alias_lower, source) VALUES ('styrofoam_packaging', '택배 스티로폼', '택배 스티로폼', 'rule');
INSERT OR REPLACE INTO items (id, name, category, note, steps, confidence, source_url, source_name, source_grade, feature, caution, last_verified, region_variation, official_classification) VALUES ('dehumidifier', '제습제·습기제거제', 'plastic', '용기·뚜껑은 플라스틱 수거함. 은박지는 종량제봉투. 흡습액은 하수구.', '["습기제거제(용기, 뚜껑)는 플라스틱 수거함으로 배출합니다."]', 'high', 'https://www.xn--oy2b29bd3a601b.kr/front/dischargeMethod/dictionaryView.do?niIdx=113', '분리배출.kr (한국폐기물협회·환경부)', 'A', NULL, NULL, NULL, 0, NULL);
INSERT INTO aliases (item_id, alias, alias_lower, source) VALUES ('dehumidifier', '디휴미디파이어', '디휴미디파이어', 'rule');
INSERT INTO aliases (item_id, alias, alias_lower, source) VALUES ('dehumidifier', '모이스처 리무버', '모이스처 리무버', 'rule');
INSERT INTO aliases (item_id, alias, alias_lower, source) VALUES ('dehumidifier', '물먹는', '물먹는', 'rule');
INSERT INTO aliases (item_id, alias, alias_lower, source) VALUES ('dehumidifier', '물먹는하마', '물먹는하마', 'rule');
INSERT INTO aliases (item_id, alias, alias_lower, source) VALUES ('dehumidifier', '물먹는하마 통', '물먹는하마 통', 'rule');
INSERT INTO aliases (item_id, alias, alias_lower, source) VALUES ('dehumidifier', '방습제', '방습제', 'rule');
INSERT INTO aliases (item_id, alias, alias_lower, source) VALUES ('dehumidifier', '습기 없애는 통', '습기 없애는 통', 'rule');
INSERT INTO aliases (item_id, alias, alias_lower, source) VALUES ('dehumidifier', '습기제거통', '습기제거통', 'rule');
INSERT INTO aliases (item_id, alias, alias_lower, source) VALUES ('dehumidifier', '습기통', '습기통', 'rule');
INSERT INTO aliases (item_id, alias, alias_lower, source) VALUES ('dehumidifier', '제습용기', '제습용기', 'rule');
INSERT INTO aliases (item_id, alias, alias_lower, source) VALUES ('dehumidifier', '제습제 케이스', '제습제 케이스', 'rule');
INSERT INTO aliases (item_id, alias, alias_lower, source) VALUES ('dehumidifier', '제습통', '제습통', 'rule');
INSERT INTO aliases (item_id, alias, alias_lower, source) VALUES ('dehumidifier', '플라스틱 서랍장', '플라스틱 서랍장', 'rule');

-- Regions + Exceptions
INSERT OR REPLACE INTO regions (code, name, short_name, parent_code, type, lat_min, lat_max, lng_min, lng_max, phone, official_url, inherits_from, city_guide) VALUES ('11110', '서울특별시 종로구', '종로구', '11', '구', 37.56, 37.7, 126.94, 127.02, '02-2148-1114', 'https://www.jongno.go.kr/', NULL, '{"city": "서울특별시 종로구", "officialUrl": "https://www.jongno.go.kr/", "phones": {"청소행정과": "02-2148-2444", "구청대표": "02-2148-2114"}, "applianceRecycle": {"name": "폐가전 무상 방문수거", "phone": "1599-0903", "url": "https://15990903.or.kr/"}}');
INSERT OR REPLACE INTO regions (code, name, short_name, parent_code, type, lat_min, lat_max, lng_min, lng_max, phone, official_url, inherits_from, city_guide) VALUES ('11140', '서울특별시 중구', '중구', '11', '구', 37.54, 37.58, 126.95, 127.02, '02-3396-4114', 'https://www.junggu.seoul.kr/', NULL, '{"city": "서울특별시 중구", "officialUrl": "https://www.junggu.seoul.kr/", "phones": {"청소행정과": "02-3396-5921", "구청대표": "02-3396-4114"}, "applianceRecycle": {"name": "폐가전 무상 방문수거", "phone": "1599-0903", "url": "https://15990903.or.kr/"}}');
INSERT OR REPLACE INTO regions (code, name, short_name, parent_code, type, lat_min, lat_max, lng_min, lng_max, phone, official_url, inherits_from, city_guide) VALUES ('11170', '서울특별시 용산구', '용산구', '11', '구', 37.51, 37.56, 126.96, 127.03, '02-2199-6114', 'https://www.yongsan.go.kr/', NULL, '{"city": "서울특별시 용산구", "officialUrl": "https://www.yongsan.go.kr/", "phones": {"청소행정과": "02-2199-7400", "구청대표": "02-2199-7000"}, "applianceRecycle": {"name": "폐가전 무상 방문수거", "phone": "1599-0903", "url": "https://15990903.or.kr/"}}');
INSERT OR REPLACE INTO regions (code, name, short_name, parent_code, type, lat_min, lat_max, lng_min, lng_max, phone, official_url, inherits_from, city_guide) VALUES ('11200', '서울특별시 성동구', '성동구', '11', '구', 37.53, 37.57, 127.01, 127.08, '02-2286-5114', 'https://www.sd.go.kr/', NULL, '{"city": "서울특별시 성동구", "officialUrl": "https://www.sd.go.kr/", "phones": {"구청대표": "02-2286-5114"}, "applianceRecycle": {"name": "폐가전 무상수거", "phone": "1599-0903", "url": "https://15990903.or.kr/"}}');
INSERT OR REPLACE INTO regions (code, name, short_name, parent_code, type, lat_min, lat_max, lng_min, lng_max, phone, official_url, inherits_from, city_guide) VALUES ('11215', '서울특별시 광진구', '광진구', '11', '구', 37.53, 37.56, 127.06, 127.12, '02-450-1114', 'https://www.gwangjin.go.kr/', NULL, '{"city": "서울특별시 광진구", "officialUrl": "https://www.gwangjin.go.kr/", "phones": {"구청대표": "02-450-1114"}, "applianceRecycle": {"name": "폐가전 무상수거", "phone": "1599-0903", "url": "https://15990903.or.kr/"}}');
INSERT OR REPLACE INTO regions (code, name, short_name, parent_code, type, lat_min, lat_max, lng_min, lng_max, phone, official_url, inherits_from, city_guide) VALUES ('11230', '서울특별시 동대문구', '동대문구', '11', '구', 37.56, 37.6, 127.03, 127.08, '02-2127-4114', 'https://www.ddm.go.kr/', NULL, '{"city": "서울특별시 동대문구", "officialUrl": "https://www.ddm.go.kr/", "phones": {"구청대표": "02-2127-4114"}, "applianceRecycle": {"name": "폐가전 무상수거", "phone": "1599-0903", "url": "https://15990903.or.kr/"}}');
INSERT OR REPLACE INTO regions (code, name, short_name, parent_code, type, lat_min, lat_max, lng_min, lng_max, phone, official_url, inherits_from, city_guide) VALUES ('11260', '서울특별시 중랑구', '중랑구', '11', '구', 37.58, 37.62, 127.07, 127.12, '02-2094-1114', 'https://www.jungnang.go.kr/', NULL, '{"city": "서울특별시 중랑구", "officialUrl": "https://www.jungnang.go.kr/", "phones": {"구청대표": "02-2094-1000"}, "applianceRecycle": {"name": "폐가전 무상수거", "phone": "1599-0903", "url": "https://15990903.or.kr/"}}');
INSERT OR REPLACE INTO regions (code, name, short_name, parent_code, type, lat_min, lat_max, lng_min, lng_max, phone, official_url, inherits_from, city_guide) VALUES ('11290', '서울특별시 성북구', '성북구', '11', '구', 37.58, 37.63, 127.0, 127.06, '02-2241-2114', 'https://www.sb.go.kr/', NULL, '{"city": "서울특별시 성북구", "officialUrl": "https://www.sb.go.kr/", "phones": {"구청대표": "02-2241-2114"}, "applianceRecycle": {"name": "폐가전 무상수거", "phone": "1599-0903", "url": "https://15990903.or.kr/"}}');
INSERT OR REPLACE INTO regions (code, name, short_name, parent_code, type, lat_min, lat_max, lng_min, lng_max, phone, official_url, inherits_from, city_guide) VALUES ('11305', '서울특별시 강북구', '강북구', '11', '구', 37.61, 37.67, 127.0, 127.05, '02-901-6114', 'https://www.gangbuk.go.kr/', NULL, '{"city": "서울특별시 강북구", "officialUrl": "https://www.gangbuk.go.kr/", "phones": {"구청대표": "02-901-6114"}, "applianceRecycle": {"name": "폐가전 무상수거", "phone": "1599-0903", "url": "https://15990903.or.kr/"}}');
INSERT OR REPLACE INTO regions (code, name, short_name, parent_code, type, lat_min, lat_max, lng_min, lng_max, phone, official_url, inherits_from, city_guide) VALUES ('11320', '서울특별시 도봉구', '도봉구', '11', '구', 37.63, 37.71, 127.02, 127.06, '02-2091-2000', 'https://www.dobong.go.kr/', NULL, '{"city": "서울특별시 도봉구", "officialUrl": "https://www.dobong.go.kr/", "phones": {"구청대표": "02-2091-2114"}, "applianceRecycle": {"name": "폐가전 무상수거", "phone": "1599-0903", "url": "https://15990903.or.kr/"}}');
INSERT OR REPLACE INTO regions (code, name, short_name, parent_code, type, lat_min, lat_max, lng_min, lng_max, phone, official_url, inherits_from, city_guide) VALUES ('11350', '서울특별시 노원구', '노원구', '11', '구', 37.62, 37.7, 127.04, 127.1, '02-2116-3114', 'https://www.nowon.kr/', NULL, '{"city": "서울특별시 노원구", "officialUrl": "https://www.nowon.kr/", "phones": {"구청대표": "02-2116-3114"}, "applianceRecycle": {"name": "폐가전 무상수거", "phone": "1599-0903", "url": "https://15990903.or.kr/"}}');
INSERT OR REPLACE INTO regions (code, name, short_name, parent_code, type, lat_min, lat_max, lng_min, lng_max, phone, official_url, inherits_from, city_guide) VALUES ('11380', '서울특별시 은평구', '은평구', '11', '구', 37.59, 37.66, 126.9, 126.95, '02-351-6114', 'https://www.ep.go.kr/', NULL, '{"city": "서울특별시 은평구", "officialUrl": "https://www.ep.go.kr/", "phones": {"청소행정과": "02-351-6371", "구청대표": "02-351-6114"}, "applianceRecycle": {"name": "폐가전 무상 방문수거", "phone": "1599-0903", "url": "https://15990903.or.kr/"}}');
INSERT OR REPLACE INTO regions (code, name, short_name, parent_code, type, lat_min, lat_max, lng_min, lng_max, phone, official_url, inherits_from, city_guide) VALUES ('11410', '서울특별시 서대문구', '서대문구', '11', '구', 37.56, 37.61, 126.92, 126.97, '02-330-1114', 'https://www.sdm.go.kr/', NULL, '{"city": "서울특별시 서대문구", "officialUrl": "https://www.sdm.go.kr/", "phones": {"청소행정과": "02-330-1399", "구청대표": "02-330-1114"}, "applianceRecycle": {"name": "폐가전 무상 방문수거", "phone": "1599-0903", "url": "https://15990903.or.kr/"}}');
INSERT OR REPLACE INTO regions (code, name, short_name, parent_code, type, lat_min, lat_max, lng_min, lng_max, phone, official_url, inherits_from, city_guide) VALUES ('11440', '서울특별시 마포구', '마포구', '11', '구', 37.53, 37.58, 126.89, 126.97, '02-3153-8114', 'https://www.mapo.go.kr/', NULL, '{"city": "서울특별시 마포구", "officialUrl": "https://www.mapo.go.kr/", "phones": {"청소행정과": "02-3153-8311", "구청대표": "02-3153-8114"}, "applianceRecycle": {"name": "폐가전 무상 방문수거", "phone": "1599-0903", "url": "https://15990903.or.kr/"}}');
INSERT OR REPLACE INTO regions (code, name, short_name, parent_code, type, lat_min, lat_max, lng_min, lng_max, phone, official_url, inherits_from, city_guide) VALUES ('11470', '서울특별시 양천구', '양천구', '11', '구', 37.51, 37.56, 126.84, 126.89, '02-2620-3114', 'https://www.yangcheon.go.kr/', NULL, '{"city": "서울특별시 양천구", "officialUrl": "https://www.yangcheon.go.kr/", "phones": {"청소행정과": "02-2620-3000", "구청대표": "02-2620-3114"}, "applianceRecycle": {"name": "폐가전 무상 방문수거", "phone": "1599-0903", "url": "https://15990903.or.kr/"}}');
INSERT OR REPLACE INTO regions (code, name, short_name, parent_code, type, lat_min, lat_max, lng_min, lng_max, phone, official_url, inherits_from, city_guide) VALUES ('11500', '서울특별시 강서구', '강서구', '11', '구', 37.53, 37.6, 126.77, 126.88, '02-2600-6114', 'https://www.gangseo.seoul.kr/', NULL, '{"city": "서울특별시 강서구", "officialUrl": "https://www.gangseo.seoul.kr/", "phones": {"청소행정과": "02-2600-1751", "구청대표": "02-2600-6114"}, "applianceRecycle": {"name": "폐가전 무상 방문수거", "phone": "1599-0903", "url": "https://15990903.or.kr/"}}');
INSERT OR REPLACE INTO regions (code, name, short_name, parent_code, type, lat_min, lat_max, lng_min, lng_max, phone, official_url, inherits_from, city_guide) VALUES ('11530', '서울특별시 구로구', '구로구', '11', '구', 37.47, 37.52, 126.82, 126.91, '02-860-2114', 'https://www.guro.go.kr/', NULL, '{"city": "서울특별시 구로구", "officialUrl": "https://www.guro.go.kr/", "phones": {"구청대표": "02-860-2114"}, "applianceRecycle": {"name": "폐가전 무상수거", "phone": "1599-0903", "url": "https://15990903.or.kr/"}}');
INSERT OR REPLACE INTO regions (code, name, short_name, parent_code, type, lat_min, lat_max, lng_min, lng_max, phone, official_url, inherits_from, city_guide) VALUES ('11545', '서울특별시 금천구', '금천구', '11', '구', 37.44, 37.48, 126.88, 126.92, '02-2627-1114', 'https://www.geumcheon.go.kr/', NULL, '{"city": "서울특별시 금천구", "officialUrl": "https://www.geumcheon.go.kr/", "phones": {"구청대표": "02-2627-1000"}, "applianceRecycle": {"name": "폐가전 무상수거", "phone": "1599-0903", "url": "https://15990903.or.kr/"}}');
INSERT OR REPLACE INTO regions (code, name, short_name, parent_code, type, lat_min, lat_max, lng_min, lng_max, phone, official_url, inherits_from, city_guide) VALUES ('11560', '서울특별시 영등포구', '영등포구', '11', '구', 37.5, 37.55, 126.88, 126.95, '02-2670-3114', 'https://www.ydp.go.kr/', NULL, '{"city": "서울특별시 영등포구", "officialUrl": "https://www.ydp.go.kr/", "phones": {"청소행정과": "02-2670-3777", "구청대표": "02-2670-3114"}, "applianceRecycle": {"name": "폐가전 무상 방문수거", "phone": "1599-0903", "url": "https://15990903.or.kr/"}}');
INSERT OR REPLACE INTO regions (code, name, short_name, parent_code, type, lat_min, lat_max, lng_min, lng_max, phone, official_url, inherits_from, city_guide) VALUES ('11590', '서울특별시 동작구', '동작구', '11', '구', 37.48, 37.52, 126.92, 126.98, '02-820-1114', 'https://www.dongjak.go.kr/', NULL, '{"city": "서울특별시 동작구", "officialUrl": "https://www.dongjak.go.kr/", "phones": {"구청대표": "02-820-1114"}, "applianceRecycle": {"name": "폐가전 무상수거", "phone": "1599-0903", "url": "https://15990903.or.kr/"}}');
INSERT OR REPLACE INTO regions (code, name, short_name, parent_code, type, lat_min, lat_max, lng_min, lng_max, phone, official_url, inherits_from, city_guide) VALUES ('11620', '서울특별시 관악구', '관악구', '11', '구', 37.44, 37.5, 126.92, 126.98, '02-879-5000', 'https://www.gwanak.go.kr/', NULL, '{"city": "서울특별시 관악구", "officialUrl": "https://www.gwanak.go.kr/", "phones": {"구청대표": "02-879-5114"}, "applianceRecycle": {"name": "폐가전 무상수거", "phone": "1599-0903", "url": "https://15990903.or.kr/"}}');
INSERT OR REPLACE INTO regions (code, name, short_name, parent_code, type, lat_min, lat_max, lng_min, lng_max, phone, official_url, inherits_from, city_guide) VALUES ('11650', '서울특별시 서초구', '서초구', '11', '구', 37.45, 37.51, 126.99, 127.06, '02-2155-6114', 'https://www.seocho.go.kr/', NULL, '{"city": "서울특별시 서초구", "officialUrl": "https://www.seocho.go.kr/", "phones": {"구청대표": "02-2155-6114"}, "applianceRecycle": {"name": "폐가전 무상수거", "phone": "1599-0903", "url": "https://15990903.or.kr/"}}');
INSERT OR REPLACE INTO regions (code, name, short_name, parent_code, type, lat_min, lat_max, lng_min, lng_max, phone, official_url, inherits_from, city_guide) VALUES ('11680', '서울특별시 강남구', '강남구', '11', '구', 37.46, 37.54, 127.0, 127.1, '02-3423-5114', 'https://www.gangnam.go.kr/', NULL, '{"city": "서울특별시 강남구", "officialUrl": "https://www.gangnam.go.kr/", "cleanUrl": "https://clean.gangnam.go.kr/", "specialNote": "강남구는 IoT 분리수거함(현금 환급) 운영. 종이팩·페트병 전용 수거기 사용 가능.", "phone": "02-3423-5000"}');
INSERT OR REPLACE INTO regions (code, name, short_name, parent_code, type, lat_min, lat_max, lng_min, lng_max, phone, official_url, inherits_from, city_guide) VALUES ('11710', '서울특별시 송파구', '송파구', '11', '구', 37.47, 37.53, 127.06, 127.15, '02-2147-2000', 'https://www.songpa.go.kr/', NULL, '{"city": "서울특별시 송파구", "officialUrl": "https://www.songpa.go.kr/", "phones": {"구청대표": "02-2147-2000"}, "applianceRecycle": {"name": "폐가전 무상수거", "phone": "1599-0903", "url": "https://15990903.or.kr/"}}');
INSERT OR REPLACE INTO regions (code, name, short_name, parent_code, type, lat_min, lat_max, lng_min, lng_max, phone, official_url, inherits_from, city_guide) VALUES ('11740', '서울특별시 강동구', '강동구', '11', '구', 37.52, 37.57, 127.12, 127.19, '02-3425-5000', 'https://www.gangdong.go.kr/', NULL, '{"city": "서울특별시 강동구", "officialUrl": "https://www.gangdong.go.kr/", "phones": {"구청대표": "02-3425-5114"}, "applianceRecycle": {"name": "폐가전 무상수거", "phone": "1599-0903", "url": "https://15990903.or.kr/"}}');
INSERT OR REPLACE INTO regions (code, name, short_name, parent_code, type, lat_min, lat_max, lng_min, lng_max, phone, official_url, inherits_from, city_guide) VALUES ('26110', '부산광역시 중구', '중구', '26', '구', 35.09, 35.12, 129.02, 129.05, '051-600-4000', 'https://www.bsjunggu.go.kr/', NULL, '{"city": "부산광역시 중구", "officialUrl": "https://www.bsjunggu.go.kr/", "phones": {"구청대표": "051-600-4000"}, "applianceRecycle": {"name": "폐가전 무상수거", "phone": "1599-0903", "url": "https://15990903.or.kr/"}}');
INSERT OR REPLACE INTO regions (code, name, short_name, parent_code, type, lat_min, lat_max, lng_min, lng_max, phone, official_url, inherits_from, city_guide) VALUES ('26140', '부산광역시 서구', '서구', '26', '구', 35.07, 35.12, 128.99, 129.03, '051-240-4000', 'https://www.bsseogu.go.kr/', NULL, '{"city": "부산광역시 서구", "officialUrl": "https://www.bsseogu.go.kr/", "phones": {"구청대표": "051-240-4000"}, "applianceRecycle": {"name": "폐가전 무상수거", "phone": "1599-0903", "url": "https://15990903.or.kr/"}}');
INSERT OR REPLACE INTO regions (code, name, short_name, parent_code, type, lat_min, lat_max, lng_min, lng_max, phone, official_url, inherits_from, city_guide) VALUES ('26170', '부산광역시 동구', '동구', '26', '구', 35.11, 35.14, 129.03, 129.06, '051-440-4000', 'https://www.bsdonggu.go.kr/', NULL, '{"city": "부산광역시 동구", "officialUrl": "https://www.bsdonggu.go.kr/", "phones": {"구청대표": "051-440-4000"}, "applianceRecycle": {"name": "폐가전 무상수거", "phone": "1599-0903", "url": "https://15990903.or.kr/"}}');
INSERT OR REPLACE INTO regions (code, name, short_name, parent_code, type, lat_min, lat_max, lng_min, lng_max, phone, official_url, inherits_from, city_guide) VALUES ('26200', '부산광역시 영도구', '영도구', '26', '구', 35.05, 35.1, 129.04, 129.09, '051-419-4000', 'https://www.yeongdo.go.kr/', NULL, '{"city": "부산광역시 영도구", "officialUrl": "https://www.yeongdo.go.kr/", "phones": {"구청대표": "051-419-4000"}, "applianceRecycle": {"name": "폐가전 무상수거", "phone": "1599-0903", "url": "https://15990903.or.kr/"}}');
INSERT OR REPLACE INTO regions (code, name, short_name, parent_code, type, lat_min, lat_max, lng_min, lng_max, phone, official_url, inherits_from, city_guide) VALUES ('26230', '부산광역시 부산진구', '부산진구', '26', '구', 35.14, 35.19, 129.02, 129.08, '051-605-4000', 'https://www.busanjin.go.kr/', NULL, '{"city": "부산광역시 부산진구", "officialUrl": "https://www.busanjin.go.kr/", "phones": {"구청대표": "051-605-4000"}, "applianceRecycle": {"name": "폐가전 무상수거", "phone": "1599-0903", "url": "https://15990903.or.kr/"}}');
INSERT OR REPLACE INTO regions (code, name, short_name, parent_code, type, lat_min, lat_max, lng_min, lng_max, phone, official_url, inherits_from, city_guide) VALUES ('26260', '부산광역시 동래구', '동래구', '26', '구', 35.18, 35.22, 129.06, 129.11, '051-550-4000', 'https://www.dongnae.go.kr/', NULL, '{"city": "부산광역시 동래구", "officialUrl": "https://www.dongnae.go.kr/", "phones": {"구청대표": "051-550-4000"}, "applianceRecycle": {"name": "폐가전 무상수거", "phone": "1599-0903", "url": "https://15990903.or.kr/"}}');
INSERT OR REPLACE INTO regions (code, name, short_name, parent_code, type, lat_min, lat_max, lng_min, lng_max, phone, official_url, inherits_from, city_guide) VALUES ('26290', '부산광역시 남구', '남구', '26', '구', 35.1, 35.15, 129.07, 129.12, '051-607-4000', 'https://www.bsnamgu.go.kr/', NULL, '{"city": "부산광역시 남구", "officialUrl": "https://www.bsnamgu.go.kr/", "phones": {"구청대표": "051-607-4000"}, "applianceRecycle": {"name": "폐가전 무상수거", "phone": "1599-0903", "url": "https://15990903.or.kr/"}}');
INSERT OR REPLACE INTO regions (code, name, short_name, parent_code, type, lat_min, lat_max, lng_min, lng_max, phone, official_url, inherits_from, city_guide) VALUES ('26320', '부산광역시 북구', '북구', '26', '구', 35.18, 35.25, 128.97, 129.04, '051-309-4000', 'https://www.bsbukgu.go.kr/', NULL, '{"city": "부산광역시 북구", "officialUrl": "https://www.bsbuk.go.kr/", "phones": {"구청대표": "051-309-4000"}, "applianceRecycle": {"name": "폐가전 무상수거", "phone": "1599-0903", "url": "https://15990903.or.kr/"}}');
INSERT OR REPLACE INTO regions (code, name, short_name, parent_code, type, lat_min, lat_max, lng_min, lng_max, phone, official_url, inherits_from, city_guide) VALUES ('26350', '부산광역시 해운대구', '해운대구', '26', '구', 35.15, 35.23, 129.12, 129.21, '051-749-4000', 'https://www.haeundae.go.kr/', NULL, '{"city": "부산광역시 해운대구", "officialUrl": "https://www.haeundae.go.kr/", "phones": {"구청대표": "051-749-4000"}, "applianceRecycle": {"name": "폐가전 무상수거", "phone": "1599-0903", "url": "https://15990903.or.kr/"}}');
INSERT OR REPLACE INTO regions (code, name, short_name, parent_code, type, lat_min, lat_max, lng_min, lng_max, phone, official_url, inherits_from, city_guide) VALUES ('26380', '부산광역시 사하구', '사하구', '26', '구', 35.05, 35.12, 128.94, 129.01, '051-220-4000', 'https://www.saha.go.kr/', NULL, '{"city": "부산광역시 사하구", "officialUrl": "https://www.saha.go.kr/", "phones": {"구청대표": "051-220-4000"}, "applianceRecycle": {"name": "폐가전 무상수거", "phone": "1599-0903", "url": "https://15990903.or.kr/"}}');
INSERT OR REPLACE INTO regions (code, name, short_name, parent_code, type, lat_min, lat_max, lng_min, lng_max, phone, official_url, inherits_from, city_guide) VALUES ('26410', '부산광역시 금정구', '금정구', '26', '구', 35.21, 35.3, 129.06, 129.13, '051-519-4000', 'https://www.geumjeong.go.kr/', NULL, '{"city": "부산광역시 금정구", "officialUrl": "https://www.geumjeong.go.kr/", "phones": {"구청대표": "051-519-4000"}, "applianceRecycle": {"name": "폐가전 무상수거", "phone": "1599-0903", "url": "https://15990903.or.kr/"}}');
INSERT OR REPLACE INTO regions (code, name, short_name, parent_code, type, lat_min, lat_max, lng_min, lng_max, phone, official_url, inherits_from, city_guide) VALUES ('26440', '부산광역시 강서구', '강서구', '26', '구', 35.07, 35.25, 128.8, 128.97, '051-970-4000', 'https://www.bsgangseo.go.kr/', NULL, '{"city": "부산광역시 강서구", "officialUrl": "https://www.bsgangseo.go.kr/", "phones": {"구청대표": "051-970-4000"}, "applianceRecycle": {"name": "폐가전 무상수거", "phone": "1599-0903", "url": "https://15990903.or.kr/"}}');
INSERT OR REPLACE INTO regions (code, name, short_name, parent_code, type, lat_min, lat_max, lng_min, lng_max, phone, official_url, inherits_from, city_guide) VALUES ('26470', '부산광역시 연제구', '연제구', '26', '구', 35.16, 35.2, 129.07, 129.1, '051-665-4000', 'https://www.yeonje.go.kr/', NULL, '{"city": "부산광역시 연제구", "officialUrl": "https://www.yeonje.go.kr/", "phones": {"구청대표": "051-665-4000"}, "applianceRecycle": {"name": "폐가전 무상수거", "phone": "1599-0903", "url": "https://15990903.or.kr/"}}');
INSERT OR REPLACE INTO regions (code, name, short_name, parent_code, type, lat_min, lat_max, lng_min, lng_max, phone, official_url, inherits_from, city_guide) VALUES ('26500', '부산광역시 수영구', '수영구', '26', '구', 35.13, 35.18, 129.1, 129.13, '051-610-4000', 'https://www.suyeong.go.kr/', NULL, '{"city": "부산광역시 수영구", "officialUrl": "https://www.suyeong.go.kr/", "phones": {"구청대표": "051-610-4000"}, "applianceRecycle": {"name": "폐가전 무상수거", "phone": "1599-0903", "url": "https://15990903.or.kr/"}}');
INSERT OR REPLACE INTO regions (code, name, short_name, parent_code, type, lat_min, lat_max, lng_min, lng_max, phone, official_url, inherits_from, city_guide) VALUES ('26530', '부산광역시 사상구', '사상구', '26', '구', 35.13, 35.2, 128.95, 129.01, '051-310-4000', 'https://www.sasang.go.kr/', NULL, '{"city": "부산광역시 사상구", "officialUrl": "https://www.sasang.go.kr/", "phones": {"구청대표": "051-310-4000"}, "applianceRecycle": {"name": "폐가전 무상수거", "phone": "1599-0903", "url": "https://15990903.or.kr/"}}');
INSERT OR REPLACE INTO regions (code, name, short_name, parent_code, type, lat_min, lat_max, lng_min, lng_max, phone, official_url, inherits_from, city_guide) VALUES ('26710', '부산광역시 기장군', '기장군', '26', '군', 35.2, 35.39, 129.13, 129.31, '051-709-4000', 'https://www.gijang.go.kr/', NULL, '{"city": "부산광역시 기장군", "officialUrl": "https://www.gijang.go.kr/", "phones": {"군청대표": "051-709-4000"}, "applianceRecycle": {"name": "폐가전 무상수거", "phone": "1599-0903", "url": "https://15990903.or.kr/"}}');
INSERT OR REPLACE INTO regions (code, name, short_name, parent_code, type, lat_min, lat_max, lng_min, lng_max, phone, official_url, inherits_from, city_guide) VALUES ('27110', '대구광역시 중구', '중구', '27', '구', 35.85, 35.88, 128.58, 128.61, '053-661-2114', 'https://www.jung.daegu.kr/', NULL, '{"city": "대구광역시 중구", "officialUrl": "https://www.jung.daegu.kr/", "phones": {"구청대표": "053-661-2000"}, "applianceRecycle": {"name": "폐가전 무상수거", "phone": "1599-0903", "url": "https://15990903.or.kr/"}}');
INSERT OR REPLACE INTO regions (code, name, short_name, parent_code, type, lat_min, lat_max, lng_min, lng_max, phone, official_url, inherits_from, city_guide) VALUES ('27140', '대구광역시 동구', '동구', '27', '구', 35.85, 36.02, 128.6, 128.78, '053-662-2114', 'https://www.dong.daegu.kr/', NULL, '{"city": "대구광역시 동구", "officialUrl": "https://www.dong.daegu.kr/", "phones": {"구청대표": "053-662-2000"}, "applianceRecycle": {"name": "폐가전 무상수거", "phone": "1599-0903", "url": "https://15990903.or.kr/"}}');
INSERT OR REPLACE INTO regions (code, name, short_name, parent_code, type, lat_min, lat_max, lng_min, lng_max, phone, official_url, inherits_from, city_guide) VALUES ('27170', '대구광역시 서구', '서구', '27', '구', 35.85, 35.89, 128.53, 128.58, '053-663-2114', 'https://www.dgs.go.kr/', NULL, '{"city": "대구광역시 서구", "officialUrl": "https://www.dgs.go.kr/", "phones": {"구청대표": "053-663-2000"}, "applianceRecycle": {"name": "폐가전 무상수거", "phone": "1599-0903", "url": "https://15990903.or.kr/"}}');
INSERT OR REPLACE INTO regions (code, name, short_name, parent_code, type, lat_min, lat_max, lng_min, lng_max, phone, official_url, inherits_from, city_guide) VALUES ('27200', '대구광역시 남구', '남구', '27', '구', 35.82, 35.85, 128.57, 128.61, '053-664-2114', 'https://www.nam.daegu.kr/', NULL, '{"city": "대구광역시 남구", "officialUrl": "https://www.nam.daegu.kr/", "phones": {"구청대표": "053-664-2000"}, "applianceRecycle": {"name": "폐가전 무상수거", "phone": "1599-0903", "url": "https://15990903.or.kr/"}}');
INSERT OR REPLACE INTO regions (code, name, short_name, parent_code, type, lat_min, lat_max, lng_min, lng_max, phone, official_url, inherits_from, city_guide) VALUES ('27230', '대구광역시 북구', '북구', '27', '구', 35.87, 36.02, 128.5, 128.65, '053-665-2114', 'https://www.buk.daegu.kr/', NULL, '{"city": "대구광역시 북구", "officialUrl": "https://www.buk.daegu.kr/", "phones": {"구청대표": "053-665-2000"}, "applianceRecycle": {"name": "폐가전 무상수거", "phone": "1599-0903", "url": "https://15990903.or.kr/"}}');
INSERT OR REPLACE INTO regions (code, name, short_name, parent_code, type, lat_min, lat_max, lng_min, lng_max, phone, official_url, inherits_from, city_guide) VALUES ('27260', '대구광역시 수성구', '수성구', '27', '구', 35.8, 35.88, 128.6, 128.72, '053-666-2114', 'https://www.suseong.kr/', NULL, '{"city": "대구광역시 수성구", "officialUrl": "https://www.suseong.kr/", "phones": {"구청대표": "053-666-2000"}, "applianceRecycle": {"name": "폐가전 무상수거", "phone": "1599-0903", "url": "https://15990903.or.kr/"}}');
INSERT OR REPLACE INTO regions (code, name, short_name, parent_code, type, lat_min, lat_max, lng_min, lng_max, phone, official_url, inherits_from, city_guide) VALUES ('27290', '대구광역시 달서구', '달서구', '27', '구', 35.78, 35.88, 128.48, 128.58, '053-667-2114', 'https://www.dalseo.daegu.kr/', NULL, '{"city": "대구광역시 달서구", "officialUrl": "https://www.dalseo.daegu.kr/", "phones": {"구청대표": "053-667-2000"}, "applianceRecycle": {"name": "폐가전 무상수거", "phone": "1599-0903", "url": "https://15990903.or.kr/"}}');
INSERT OR REPLACE INTO regions (code, name, short_name, parent_code, type, lat_min, lat_max, lng_min, lng_max, phone, official_url, inherits_from, city_guide) VALUES ('27710', '대구광역시 달성군', '달성군', '27', '군', 35.62, 35.85, 128.36, 128.62, '053-668-2114', 'https://www.dalseong.daegu.kr/', NULL, '{"city": "대구광역시 달성군", "officialUrl": "https://www.dalseong.daegu.kr/", "phones": {"군청대표": "053-668-2000"}, "applianceRecycle": {"name": "폐가전 무상수거", "phone": "1599-0903", "url": "https://15990903.or.kr/"}}');
INSERT OR REPLACE INTO regions (code, name, short_name, parent_code, type, lat_min, lat_max, lng_min, lng_max, phone, official_url, inherits_from, city_guide) VALUES ('28110', '인천광역시 중구', '중구', '28', '구', 37.41, 37.5, 126.41, 126.65, '032-760-7114', 'https://www.icjg.go.kr/', NULL, '{"city": "인천광역시 중구", "officialUrl": "https://www.icjg.go.kr/", "phones": {"구청대표": "032-760-7000"}, "applianceRecycle": {"name": "폐가전 무상수거", "phone": "1599-0903", "url": "https://15990903.or.kr/"}}');
INSERT OR REPLACE INTO regions (code, name, short_name, parent_code, type, lat_min, lat_max, lng_min, lng_max, phone, official_url, inherits_from, city_guide) VALUES ('28140', '인천광역시 동구', '동구', '28', '구', 37.46, 37.49, 126.62, 126.66, '032-770-6000', 'https://www.icdonggu.go.kr/', NULL, NULL);
INSERT OR REPLACE INTO regions (code, name, short_name, parent_code, type, lat_min, lat_max, lng_min, lng_max, phone, official_url, inherits_from, city_guide) VALUES ('28177', '인천광역시 미추홀구', '미추홀구', '28', '구', 37.41, 37.47, 126.63, 126.7, '032-880-4000', 'https://www.michuhol.go.kr/', NULL, '{"city": "인천광역시 미추홀구", "officialUrl": "https://www.michuhol.go.kr/", "phones": {"구청대표": "032-880-4000"}, "applianceRecycle": {"name": "폐가전 무상수거", "phone": "1599-0903", "url": "https://15990903.or.kr/"}}');
INSERT OR REPLACE INTO regions (code, name, short_name, parent_code, type, lat_min, lat_max, lng_min, lng_max, phone, official_url, inherits_from, city_guide) VALUES ('28185', '인천광역시 연수구', '연수구', '28', '구', 37.36, 37.43, 126.6, 126.72, '032-749-7000', 'https://www.yeonsu.go.kr/', NULL, '{"city": "인천광역시 연수구", "officialUrl": "https://www.yeonsu.go.kr/", "phones": {"구청대표": "032-749-7000"}, "applianceRecycle": {"name": "폐가전 무상수거", "phone": "1599-0903", "url": "https://15990903.or.kr/"}}');
INSERT OR REPLACE INTO regions (code, name, short_name, parent_code, type, lat_min, lat_max, lng_min, lng_max, phone, official_url, inherits_from, city_guide) VALUES ('28200', '인천광역시 남동구', '남동구', '28', '구', 37.39, 37.47, 126.68, 126.78, '032-453-2114', 'https://www.namdong.go.kr/', NULL, '{"city": "인천광역시 남동구", "officialUrl": "https://www.namdong.go.kr/", "phones": {"구청대표": "032-453-2000"}, "applianceRecycle": {"name": "폐가전 무상수거", "phone": "1599-0903", "url": "https://15990903.or.kr/"}}');
INSERT OR REPLACE INTO regions (code, name, short_name, parent_code, type, lat_min, lat_max, lng_min, lng_max, phone, official_url, inherits_from, city_guide) VALUES ('28237', '인천광역시 부평구', '부평구', '28', '구', 37.46, 37.55, 126.69, 126.76, '032-509-6000', 'https://www.icbp.go.kr/', NULL, '{"city": "인천광역시 부평구", "officialUrl": "https://www.icbp.go.kr/", "phones": {"구청대표": "032-509-6114"}, "applianceRecycle": {"name": "폐가전 무상수거", "phone": "1599-0903", "url": "https://15990903.or.kr/"}}');
INSERT OR REPLACE INTO regions (code, name, short_name, parent_code, type, lat_min, lat_max, lng_min, lng_max, phone, official_url, inherits_from, city_guide) VALUES ('28245', '인천광역시 계양구', '계양구', '28', '구', 37.51, 37.6, 126.69, 126.79, '032-450-5000', 'https://www.gyeyang.go.kr/', NULL, '{"city": "인천광역시 계양구", "officialUrl": "https://www.gyeyang.go.kr/", "phones": {"구청대표": "032-450-5000"}, "applianceRecycle": {"name": "폐가전 무상수거", "phone": "1599-0903", "url": "https://15990903.or.kr/"}}');
INSERT OR REPLACE INTO regions (code, name, short_name, parent_code, type, lat_min, lat_max, lng_min, lng_max, phone, official_url, inherits_from, city_guide) VALUES ('28260', '인천광역시 서구', '서구', '28', '구', 37.48, 37.62, 126.58, 126.72, '032-560-5000', 'https://www.seo.incheon.kr/', NULL, '{"city": "인천광역시 서구", "officialUrl": "https://www.seo.incheon.kr/", "phones": {"구청대표": "032-560-5114"}, "applianceRecycle": {"name": "폐가전 무상수거", "phone": "1599-0903", "url": "https://15990903.or.kr/"}}');
INSERT OR REPLACE INTO regions (code, name, short_name, parent_code, type, lat_min, lat_max, lng_min, lng_max, phone, official_url, inherits_from, city_guide) VALUES ('28710', '인천광역시 강화군', '강화군', '28', '군', 37.58, 37.8, 126.18, 126.55, '032-930-3114', 'https://www.ganghwa.go.kr/', NULL, '{"city": "인천광역시 강화군", "officialUrl": "https://www.ganghwa.go.kr/", "phones": {"군청대표": "032-930-3000"}, "applianceRecycle": {"name": "폐가전 무상수거", "phone": "1599-0903", "url": "https://15990903.or.kr/"}}');
INSERT OR REPLACE INTO regions (code, name, short_name, parent_code, type, lat_min, lat_max, lng_min, lng_max, phone, official_url, inherits_from, city_guide) VALUES ('28720', '인천광역시 옹진군', '옹진군', '28', '군', 37.2, 37.95, 124.6, 126.55, '032-899-2114', 'https://www.ongjin.go.kr/', NULL, NULL);
INSERT OR REPLACE INTO regions (code, name, short_name, parent_code, type, lat_min, lat_max, lng_min, lng_max, phone, official_url, inherits_from, city_guide) VALUES ('29110', '광주광역시 동구', '동구', '29', '구', 35.1, 35.18, 126.9, 126.96, '062-608-2114', 'https://donggu.gwangju.kr/', NULL, '{"city": "광주광역시 동구", "officialUrl": "https://donggu.gwangju.kr/", "phones": {"구청대표": "062-608-2000"}, "applianceRecycle": {"name": "폐가전 무상수거", "phone": "1599-0903", "url": "https://15990903.or.kr/"}}');
INSERT OR REPLACE INTO regions (code, name, short_name, parent_code, type, lat_min, lat_max, lng_min, lng_max, phone, official_url, inherits_from, city_guide) VALUES ('29140', '광주광역시 서구', '서구', '29', '구', 35.12, 35.17, 126.83, 126.9, '062-360-7114', 'https://www.seogu.gwangju.kr/', NULL, '{"city": "광주광역시 서구", "officialUrl": "https://www.seogu.gwangju.kr/", "phones": {"구청대표": "062-360-7000"}, "applianceRecycle": {"name": "폐가전 무상수거", "phone": "1599-0903", "url": "https://15990903.or.kr/"}}');
INSERT OR REPLACE INTO regions (code, name, short_name, parent_code, type, lat_min, lat_max, lng_min, lng_max, phone, official_url, inherits_from, city_guide) VALUES ('29155', '광주광역시 남구', '남구', '29', '구', 35.08, 35.15, 126.84, 126.92, '062-607-2114', 'https://namgu.gwangju.kr/', NULL, '{"city": "광주광역시 남구", "officialUrl": "https://www.namgu.gwangju.kr/", "phones": {"구청대표": "062-607-2000"}, "applianceRecycle": {"name": "폐가전 무상수거", "phone": "1599-0903", "url": "https://15990903.or.kr/"}}');
INSERT OR REPLACE INTO regions (code, name, short_name, parent_code, type, lat_min, lat_max, lng_min, lng_max, phone, official_url, inherits_from, city_guide) VALUES ('29170', '광주광역시 북구', '북구', '29', '구', 35.15, 35.26, 126.85, 126.96, '062-410-6114', 'https://bukgu.gwangju.kr/', NULL, '{"city": "광주광역시 북구", "officialUrl": "https://www.bukgu.gwangju.kr/", "phones": {"구청대표": "062-410-6000"}, "applianceRecycle": {"name": "폐가전 무상수거", "phone": "1599-0903", "url": "https://15990903.or.kr/"}}');
INSERT OR REPLACE INTO regions (code, name, short_name, parent_code, type, lat_min, lat_max, lng_min, lng_max, phone, official_url, inherits_from, city_guide) VALUES ('29200', '광주광역시 광산구', '광산구', '29', '구', 35.1, 35.22, 126.69, 126.85, '062-960-8114', 'https://www.gwangsan.go.kr/', NULL, '{"city": "광주광역시 광산구", "officialUrl": "https://www.gwangsan.go.kr/", "phones": {"구청대표": "062-960-8114"}, "applianceRecycle": {"name": "폐가전 무상수거", "phone": "1599-0903", "url": "https://15990903.or.kr/"}}');
INSERT OR REPLACE INTO regions (code, name, short_name, parent_code, type, lat_min, lat_max, lng_min, lng_max, phone, official_url, inherits_from, city_guide) VALUES ('30110', '대전광역시 동구', '동구', '30', '구', 36.25, 36.45, 127.43, 127.56, '042-251-4000', 'https://www.donggu.go.kr/', NULL, '{"city": "대전광역시 동구", "officialUrl": "https://www.donggu.go.kr/", "phones": {"구청대표": "042-251-4000"}, "applianceRecycle": {"name": "폐가전 무상수거", "phone": "1599-0903", "url": "https://15990903.or.kr/"}}');
INSERT OR REPLACE INTO regions (code, name, short_name, parent_code, type, lat_min, lat_max, lng_min, lng_max, phone, official_url, inherits_from, city_guide) VALUES ('30140', '대전광역시 중구', '중구', '30', '구', 36.28, 36.34, 127.38, 127.45, '042-606-6114', 'https://www.djjunggu.go.kr/', NULL, '{"city": "대전광역시 중구", "officialUrl": "https://www.djjunggu.go.kr/", "phones": {"구청대표": "042-606-7000"}, "applianceRecycle": {"name": "폐가전 무상수거", "phone": "1599-0903", "url": "https://15990903.or.kr/"}}');
INSERT OR REPLACE INTO regions (code, name, short_name, parent_code, type, lat_min, lat_max, lng_min, lng_max, phone, official_url, inherits_from, city_guide) VALUES ('30170', '대전광역시 서구', '서구', '30', '구', 36.25, 36.37, 127.32, 127.4, '042-288-2114', 'https://www.seogu.go.kr/', NULL, '{"city": "대전광역시 서구", "officialUrl": "https://www.seogu.go.kr/", "phones": {"구청대표": "042-288-2000"}, "applianceRecycle": {"name": "폐가전 무상수거", "phone": "1599-0903", "url": "https://15990903.or.kr/"}}');
INSERT OR REPLACE INTO regions (code, name, short_name, parent_code, type, lat_min, lat_max, lng_min, lng_max, phone, official_url, inherits_from, city_guide) VALUES ('30200', '대전광역시 유성구', '유성구', '30', '구', 36.3, 36.5, 127.25, 127.41, '042-611-2114', 'https://www.yuseong.go.kr/', NULL, '{"city": "대전광역시 유성구", "officialUrl": "https://www.yuseong.go.kr/", "phones": {"구청대표": "042-611-2000"}, "applianceRecycle": {"name": "폐가전 무상수거", "phone": "1599-0903", "url": "https://15990903.or.kr/"}}');
INSERT OR REPLACE INTO regions (code, name, short_name, parent_code, type, lat_min, lat_max, lng_min, lng_max, phone, official_url, inherits_from, city_guide) VALUES ('30230', '대전광역시 대덕구', '대덕구', '30', '구', 36.34, 36.46, 127.39, 127.48, '042-608-6114', 'https://www.daedeok.go.kr/', NULL, '{"city": "대전광역시 대덕구", "officialUrl": "https://www.daedeok.go.kr/", "phones": {"구청대표": "042-608-6114"}, "applianceRecycle": {"name": "폐가전 무상수거", "phone": "1599-0903", "url": "https://15990903.or.kr/"}}');
INSERT OR REPLACE INTO regions (code, name, short_name, parent_code, type, lat_min, lat_max, lng_min, lng_max, phone, official_url, inherits_from, city_guide) VALUES ('31110', '울산광역시 중구', '중구', '31', '구', 35.55, 35.63, 129.28, 129.36, '052-290-3114', 'https://www.junggu.ulsan.kr/', NULL, '{"city": "울산광역시 중구", "officialUrl": "https://www.junggu.ulsan.kr/", "phones": {"구청대표": "052-290-3000"}, "applianceRecycle": {"name": "폐가전 무상수거", "phone": "1599-0903", "url": "https://15990903.or.kr/"}}');
INSERT OR REPLACE INTO regions (code, name, short_name, parent_code, type, lat_min, lat_max, lng_min, lng_max, phone, official_url, inherits_from, city_guide) VALUES ('31140', '울산광역시 남구', '남구', '31', '구', 35.5, 35.57, 129.27, 129.36, '052-226-5000', 'https://www.ulsannamgu.go.kr/', NULL, '{"city": "울산광역시 남구", "officialUrl": "https://www.ulsannamgu.go.kr/", "phones": {"구청대표": "052-226-5000"}, "applianceRecycle": {"name": "폐가전 무상수거", "phone": "1599-0903", "url": "https://15990903.or.kr/"}}');
INSERT OR REPLACE INTO regions (code, name, short_name, parent_code, type, lat_min, lat_max, lng_min, lng_max, phone, official_url, inherits_from, city_guide) VALUES ('31170', '울산광역시 동구', '동구', '31', '구', 35.47, 35.54, 129.4, 129.47, '052-209-3114', 'https://www.donggu.ulsan.kr/', NULL, '{"city": "울산광역시 동구", "officialUrl": "https://www.donggu.ulsan.kr/", "phones": {"구청대표": "052-209-3000"}, "applianceRecycle": {"name": "폐가전 무상수거", "phone": "1599-0903", "url": "https://15990903.or.kr/"}}');
INSERT OR REPLACE INTO regions (code, name, short_name, parent_code, type, lat_min, lat_max, lng_min, lng_max, phone, official_url, inherits_from, city_guide) VALUES ('31200', '울산광역시 북구', '북구', '31', '구', 35.55, 35.72, 129.32, 129.45, '052-241-7114', 'https://www.bukgu.ulsan.kr/', NULL, '{"city": "울산광역시 북구", "officialUrl": "https://www.bukgu.ulsan.kr/", "phones": {"구청대표": "052-241-7000"}, "applianceRecycle": {"name": "폐가전 무상수거", "phone": "1599-0903", "url": "https://15990903.or.kr/"}}');
INSERT OR REPLACE INTO regions (code, name, short_name, parent_code, type, lat_min, lat_max, lng_min, lng_max, phone, official_url, inherits_from, city_guide) VALUES ('31710', '울산광역시 울주군', '울주군', '31', '군', 35.38, 35.72, 128.97, 129.4, '052-229-7114', 'https://www.ulju.ulsan.kr/', NULL, '{"city": "울산광역시 울주군", "officialUrl": "https://www.ulju.ulsan.kr/", "phones": {"군청대표": "052-204-1114"}, "applianceRecycle": {"name": "폐가전 무상수거", "phone": "1599-0903", "url": "https://15990903.or.kr/"}}');
INSERT OR REPLACE INTO regions (code, name, short_name, parent_code, type, lat_min, lat_max, lng_min, lng_max, phone, official_url, inherits_from, city_guide) VALUES ('36110', '세종특별자치시', '세종특별자치시', '36', '시', 36.43, 36.76, 127.16, 127.41, '044-300-3114', 'https://www.sejong.go.kr/', NULL, '{"city": "세종특별자치시", "officialUrl": "https://www.sejong.go.kr/", "phones": {"시청대표": "044-300-2114"}, "applianceRecycle": {"name": "폐가전 무상수거", "phone": "1599-0903", "url": "https://15990903.or.kr/"}}');
INSERT OR REPLACE INTO regions (code, name, short_name, parent_code, type, lat_min, lat_max, lng_min, lng_max, phone, official_url, inherits_from, city_guide) VALUES ('41111', '경기도 수원시 장안구', '장안구', '41', '구', 37.29, 37.34, 126.96, 127.04, '031-228-5114', 'https://www.suwon.go.kr/', NULL, NULL);
INSERT OR REPLACE INTO regions (code, name, short_name, parent_code, type, lat_min, lat_max, lng_min, lng_max, phone, official_url, inherits_from, city_guide) VALUES ('41113', '경기도 수원시 권선구', '권선구', '41', '구', 37.22, 37.29, 126.95, 127.05, '031-228-6114', 'https://www.suwon.go.kr/', NULL, NULL);
INSERT OR REPLACE INTO regions (code, name, short_name, parent_code, type, lat_min, lat_max, lng_min, lng_max, phone, official_url, inherits_from, city_guide) VALUES ('41115', '경기도 수원시 팔달구', '팔달구', '41', '구', 37.26, 37.3, 127.0, 127.05, '031-228-7114', 'https://www.suwon.go.kr/', NULL, NULL);
INSERT OR REPLACE INTO regions (code, name, short_name, parent_code, type, lat_min, lat_max, lng_min, lng_max, phone, official_url, inherits_from, city_guide) VALUES ('41117', '경기도 수원시 영통구', '영통구', '41', '구', 37.24, 37.3, 127.04, 127.1, '031-228-8114', 'https://www.suwon.go.kr/', NULL, '{"city": "경기도 수원시 영통구", "officialUrl": "https://www.suwon.go.kr/yeongtong/", "phones": {"시청대표": "031-228-2114"}, "applianceRecycle": {"name": "폐가전 무상수거", "phone": "1599-0903", "url": "https://15990903.or.kr/"}}');
INSERT OR REPLACE INTO regions (code, name, short_name, parent_code, type, lat_min, lat_max, lng_min, lng_max, phone, official_url, inherits_from, city_guide) VALUES ('41131', '경기도 성남시 수정구', '수정구', '41', '구', 37.42, 37.47, 127.1, 127.17, '031-729-5114', 'https://www.seongnam.go.kr/', NULL, NULL);
INSERT OR REPLACE INTO regions (code, name, short_name, parent_code, type, lat_min, lat_max, lng_min, lng_max, phone, official_url, inherits_from, city_guide) VALUES ('41133', '경기도 성남시 중원구', '중원구', '41', '구', 37.41, 37.46, 127.13, 127.2, '031-729-6114', 'https://www.seongnam.go.kr/', NULL, NULL);
INSERT OR REPLACE INTO regions (code, name, short_name, parent_code, type, lat_min, lat_max, lng_min, lng_max, phone, official_url, inherits_from, city_guide) VALUES ('41135', '경기도 성남시 분당구', '분당구', '41', '구', 37.32, 37.42, 127.08, 127.18, '031-729-7114', 'https://www.seongnam.go.kr/', NULL, NULL);
INSERT OR REPLACE INTO regions (code, name, short_name, parent_code, type, lat_min, lat_max, lng_min, lng_max, phone, official_url, inherits_from, city_guide) VALUES ('41150', '경기도 의정부시', '의정부시', '41', '시', 37.7, 37.79, 127.02, 127.12, '031-828-2114', 'https://www.ui4u.go.kr/', NULL, '{"city": "의정부시", "officialUrl": "https://www.ui4u.go.kr/", "phones": {"자원순환과": "031-828-2114", "시청대표": "031-828-2114"}, "applianceRecycle": {"name": "폐가전 무상 방문수거", "phone": "1599-0903", "url": "https://15990903.or.kr/"}}');
INSERT OR REPLACE INTO regions (code, name, short_name, parent_code, type, lat_min, lat_max, lng_min, lng_max, phone, official_url, inherits_from, city_guide) VALUES ('41171', '경기도 안양시 만안구', '만안구', '41', '구', 37.37, 37.41, 126.91, 126.96, '031-389-2114', 'https://www.anyang.go.kr/', NULL, '{"city": "경기도 안양시 만안구", "officialUrl": "https://www.anyang.go.kr/", "phones": {"구청대표": "031-389-2114"}, "applianceRecycle": {"name": "폐가전 무상수거", "phone": "1599-0903", "url": "https://15990903.or.kr/"}}');
INSERT OR REPLACE INTO regions (code, name, short_name, parent_code, type, lat_min, lat_max, lng_min, lng_max, phone, official_url, inherits_from, city_guide) VALUES ('41173', '경기도 안양시 동안구', '동안구', '41', '구', 37.37, 37.41, 126.95, 127.0, '031-389-3114', 'https://www.anyang.go.kr/', NULL, '{"city": "경기도 안양시 동안구", "officialUrl": "https://www.anyang.go.kr/", "phones": {"구청대표": "031-389-2114"}, "applianceRecycle": {"name": "폐가전 무상수거", "phone": "1599-0903", "url": "https://15990903.or.kr/"}}');
INSERT OR REPLACE INTO regions (code, name, short_name, parent_code, type, lat_min, lat_max, lng_min, lng_max, phone, official_url, inherits_from, city_guide) VALUES ('41190', '경기도 부천시', '부천시', '41', '시', 37.46, 37.54, 126.73, 126.84, '032-320-3000', 'https://www.bucheon.go.kr/', NULL, '{"city": "부천시", "officialUrl": "https://www.bucheon.go.kr/", "phones": {"자원순환과": "032-625-2114", "시청대표": "032-625-2114"}, "applianceRecycle": {"name": "폐가전 무상 방문수거", "phone": "1599-0903", "url": "https://15990903.or.kr/"}}');
INSERT OR REPLACE INTO regions (code, name, short_name, parent_code, type, lat_min, lat_max, lng_min, lng_max, phone, official_url, inherits_from, city_guide) VALUES ('41210', '경기도 광명시', '광명시', '41', '시', 37.41, 37.5, 126.83, 126.91, '02-2680-2114', 'https://www.gm.go.kr/', NULL, '{"city": "광명시", "officialUrl": "https://www.gm.go.kr/", "phones": {"시청대표": "02-2680-2114"}, "applianceRecycle": {"name": "폐가전 무상 방문수거", "phone": "1599-0903", "url": "https://15990903.or.kr/"}}');
INSERT OR REPLACE INTO regions (code, name, short_name, parent_code, type, lat_min, lat_max, lng_min, lng_max, phone, official_url, inherits_from, city_guide) VALUES ('41220', '경기도 평택시', '평택시', '41', '시', 36.89, 37.1, 126.78, 127.18, '031-8024-2000', 'https://www.pyeongtaek.go.kr/', NULL, '{"city": "평택시", "officialUrl": "https://www.pyeongtaek.go.kr/", "phones": {"시청대표": "031-8024-1000"}, "applianceRecycle": {"name": "폐가전 무상 방문수거", "phone": "1599-0903", "url": "https://15990903.or.kr/"}}');
INSERT OR REPLACE INTO regions (code, name, short_name, parent_code, type, lat_min, lat_max, lng_min, lng_max, phone, official_url, inherits_from, city_guide) VALUES ('41250', '경기도 동두천시', '동두천시', '41', '시', 37.86, 37.97, 127.03, 127.13, '031-860-2114', 'https://www.ddc21.net/', NULL, '{"city": "동두천시", "officialUrl": "https://www.ddc21.net/", "phones": {"시청대표": "031-860-2114"}, "applianceRecycle": {"name": "폐가전 무상수거", "phone": "1599-0903", "url": "https://15990903.or.kr/"}}');
INSERT OR REPLACE INTO regions (code, name, short_name, parent_code, type, lat_min, lat_max, lng_min, lng_max, phone, official_url, inherits_from, city_guide) VALUES ('41271', '경기도 안산시 상록구', '상록구', '41', '구', 37.28, 37.36, 126.81, 126.92, '031-481-2114', 'https://www.ansan.go.kr/', NULL, NULL);
INSERT OR REPLACE INTO regions (code, name, short_name, parent_code, type, lat_min, lat_max, lng_min, lng_max, phone, official_url, inherits_from, city_guide) VALUES ('41273', '경기도 안산시 단원구', '단원구', '41', '구', 37.27, 37.36, 126.73, 126.82, '031-481-3114', 'https://www.ansan.go.kr/', NULL, NULL);
INSERT OR REPLACE INTO regions (code, name, short_name, parent_code, type, lat_min, lat_max, lng_min, lng_max, phone, official_url, inherits_from, city_guide) VALUES ('41281', '경기도 고양시 덕양구', '덕양구', '41', '구', 37.58, 37.72, 126.79, 126.96, '031-8075-2114', 'https://www.goyang.go.kr/', '41285', '{"city": "고양특례시", "officialUrl": "https://www.goyang.go.kr/www/www03/www03_3/www03_3_3/www03_3_3_tab1.jsp", "disposalTime": "일몰 후 ~ 새벽 4시 이전 (문 앞 배출)", "pickupTime": "새벽 5시 ~ 11시 (일요일 휴무)", "phones": {"자원순환과(시청)": "031-8075-2695", "덕양구청": "031-8075-2114"}, "bulkyWasteUrl": "https://clean.gys.or.kr/", "applianceRecycle": {"name": "폐가전 무상 방문수거", "phone": "1599-0903", "url": "https://15990903.or.kr/"}}');
INSERT OR REPLACE INTO regions (code, name, short_name, parent_code, type, lat_min, lat_max, lng_min, lng_max, phone, official_url, inherits_from, city_guide) VALUES ('41285', '경기도 고양시 일산동구', '일산동구', '41', '구', 37.63, 37.72, 126.74, 126.8, '031-8075-3114', 'https://www.goyang.go.kr/', NULL, '{"city": "고양특례시", "officialUrl": "https://www.goyang.go.kr/www/www03/www03_3/www03_3_3/www03_3_3_tab1.jsp", "disposalTime": "일몰 후 ~ 새벽 4시 이전 (문 앞 배출)", "pickupTime": "새벽 5시 ~ 11시 (일요일 휴무)", "garbageBag": {"color": "흰색 (일반)", "inorganicBag": "불연성 마대 (유리·사기·도자기 등 타지 않는 쓰레기 전용)", "priceNote": "2026.1.1 기준 — 5L 190원 / 10L 380원 / 20L 800원 / 50L 1,870원 / 75L 2,800원", "purchaseUrl": "https://m.gys.or.kr/page/city/bag/intro.php"}, "phones": {"자원순환과(시청)": "031-8075-2695", "RFID담당(시청)": "031-8075-2698", "일산동구청_환경녹지과": "031-8075-6243"}, "bulkyWasteUrl": "https://clean.gys.or.kr/", "applianceRecycle": {"name": "폐가전 무상 방문수거 (E-순환거버넌스)", "phone": "1599-0903", "url": "https://15990903.or.kr/", "note": "대형(냉장고·세탁기·에어컨·TV 등)은 1개부터, 소형은 5개 이상 모아서 신청"}, "paperPackExchange": {"name": "종이팩-화장지 교환 사업", "where": "관내 44개 동 행정복지센터", "rule": "내용물 비우고 헹궈 말린 종이팩 1kg → 화장지 1롤 (재고 소진 시 수거만 가능)"}, "sources": [{"url": "https://www.goyang.go.kr/www/www03/www03_3/www03_3_3/www03_3_3_tab1.jsp", "grade": "A", "note": "생활폐기물 안내"}, {"url": "https://www.goyang.go.kr/www/www03/www03_3/www03_3_3/www03_3_3_tab3.jsp", "grade": "A", "note": "음식폐기물 안내"}, {"url": "https://clean.gys.or.kr/", "grade": "A", "note": "대형폐기물 인터넷 신고센터"}, {"url": "https://www.goyang.go.kr/www/chrge/BD_selectTrashChrge.do", "grade": "A", "note": "쓰레기봉투요금"}, {"url": "https://m.gys.or.kr/page/city/bag/intro.php", "grade": "A", "note": "종량제 봉투 판매(고양도시관리공사)"}]}');
INSERT OR REPLACE INTO regions (code, name, short_name, parent_code, type, lat_min, lat_max, lng_min, lng_max, phone, official_url, inherits_from, city_guide) VALUES ('41287', '경기도 고양시 일산서구', '일산서구', '41', '구', 37.62, 37.72, 126.68, 126.78, '031-8075-3114', 'https://www.goyang.go.kr/', '41285', '{"city": "고양특례시", "officialUrl": "https://www.goyang.go.kr/www/www03/www03_3/www03_3_3/www03_3_3_tab1.jsp", "disposalTime": "일몰 후 ~ 새벽 4시 이전 (문 앞 배출)", "pickupTime": "새벽 5시 ~ 11시 (일요일 휴무)", "phones": {"자원순환과(시청)": "031-8075-2695", "일산서구청_환경녹지과": "031-8075-7243"}, "bulkyWasteUrl": "https://clean.gys.or.kr/", "applianceRecycle": {"name": "폐가전 무상 방문수거", "phone": "1599-0903", "url": "https://15990903.or.kr/"}}');
INSERT OR REPLACE INTO regions (code, name, short_name, parent_code, type, lat_min, lat_max, lng_min, lng_max, phone, official_url, inherits_from, city_guide) VALUES ('41290', '경기도 과천시', '과천시', '41', '시', 37.41, 37.47, 126.98, 127.04, '02-3677-2114', 'https://www.gccity.go.kr/', NULL, '{"city": "과천시", "officialUrl": "https://www.gccity.go.kr/", "phones": {"시청대표": "02-3677-2114"}, "applianceRecycle": {"name": "폐가전 무상수거", "phone": "1599-0903", "url": "https://15990903.or.kr/"}}');
INSERT OR REPLACE INTO regions (code, name, short_name, parent_code, type, lat_min, lat_max, lng_min, lng_max, phone, official_url, inherits_from, city_guide) VALUES ('41310', '경기도 구리시', '구리시', '41', '시', 37.58, 37.63, 127.12, 127.18, '031-550-2000', 'https://www.guri.go.kr/', NULL, '{"city": "구리시", "officialUrl": "https://www.guri.go.kr/", "phones": {"시청대표": "031-550-2000"}, "applianceRecycle": {"name": "폐가전 무상수거", "phone": "1599-0903", "url": "https://15990903.or.kr/"}}');
INSERT OR REPLACE INTO regions (code, name, short_name, parent_code, type, lat_min, lat_max, lng_min, lng_max, phone, official_url, inherits_from, city_guide) VALUES ('41360', '경기도 남양주시', '남양주시', '41', '시', 37.55, 37.85, 127.1, 127.4, '031-590-2114', 'https://www.nyj.go.kr/', NULL, '{"city": "남양주시", "officialUrl": "https://www.nyj.go.kr/", "phones": {"시청대표": "031-590-2114"}, "applianceRecycle": {"name": "폐가전 무상수거", "phone": "1599-0903", "url": "https://15990903.or.kr/"}}');
INSERT OR REPLACE INTO regions (code, name, short_name, parent_code, type, lat_min, lat_max, lng_min, lng_max, phone, official_url, inherits_from, city_guide) VALUES ('41370', '경기도 오산시', '오산시', '41', '시', 37.11, 37.2, 127.03, 127.12, '031-8036-7000', 'https://www.osan.go.kr/', NULL, '{"city": "오산시", "officialUrl": "https://www.osan.go.kr/", "phones": {"시청대표": "031-8036-7114"}, "applianceRecycle": {"name": "폐가전 무상수거", "phone": "1599-0903", "url": "https://15990903.or.kr/"}}');
INSERT OR REPLACE INTO regions (code, name, short_name, parent_code, type, lat_min, lat_max, lng_min, lng_max, phone, official_url, inherits_from, city_guide) VALUES ('41390', '경기도 시흥시', '시흥시', '41', '시', 37.3, 37.48, 126.72, 126.85, '031-310-2114', 'https://www.siheung.go.kr/', NULL, '{"city": "시흥시", "officialUrl": "https://www.siheung.go.kr/", "phones": {"시청대표": "031-310-2114"}, "applianceRecycle": {"name": "폐가전 무상수거", "phone": "1599-0903", "url": "https://15990903.or.kr/"}}');
INSERT OR REPLACE INTO regions (code, name, short_name, parent_code, type, lat_min, lat_max, lng_min, lng_max, phone, official_url, inherits_from, city_guide) VALUES ('41410', '경기도 군포시', '군포시', '41', '시', 37.32, 37.39, 126.9, 126.97, '031-390-0114', 'https://www.gunpo.go.kr/', NULL, '{"city": "군포시", "officialUrl": "https://www.gunpo.go.kr/", "phones": {"시청대표": "031-390-0114"}, "applianceRecycle": {"name": "폐가전 무상수거", "phone": "1599-0903", "url": "https://15990903.or.kr/"}}');
INSERT OR REPLACE INTO regions (code, name, short_name, parent_code, type, lat_min, lat_max, lng_min, lng_max, phone, official_url, inherits_from, city_guide) VALUES ('41430', '경기도 의왕시', '의왕시', '41', '시', 37.3, 37.38, 126.94, 127.02, '031-345-2000', 'https://www.uiwang.go.kr/', NULL, '{"city": "의왕시", "officialUrl": "https://www.uiwang.go.kr/", "phones": {"시청대표": "031-345-2000"}, "applianceRecycle": {"name": "폐가전 무상수거", "phone": "1599-0903", "url": "https://15990903.or.kr/"}}');
INSERT OR REPLACE INTO regions (code, name, short_name, parent_code, type, lat_min, lat_max, lng_min, lng_max, phone, official_url, inherits_from, city_guide) VALUES ('41450', '경기도 하남시', '하남시', '41', '시', 37.49, 37.58, 127.16, 127.3, '031-790-5114', 'https://www.hanam.go.kr/', NULL, '{"city": "하남시", "officialUrl": "https://www.hanam.go.kr/", "phones": {"시청대표": "031-790-6114"}, "applianceRecycle": {"name": "폐가전 무상수거", "phone": "1599-0903", "url": "https://15990903.or.kr/"}}');
INSERT OR REPLACE INTO regions (code, name, short_name, parent_code, type, lat_min, lat_max, lng_min, lng_max, phone, official_url, inherits_from, city_guide) VALUES ('41461', '경기도 용인시 처인구', '처인구', '41', '구', 37.04, 37.32, 127.15, 127.48, '031-324-3114', 'https://www.yongin.go.kr/', NULL, NULL);
INSERT OR REPLACE INTO regions (code, name, short_name, parent_code, type, lat_min, lat_max, lng_min, lng_max, phone, official_url, inherits_from, city_guide) VALUES ('41463', '경기도 용인시 기흥구', '기흥구', '41', '구', 37.22, 37.3, 127.07, 127.18, '031-324-4114', 'https://www.yongin.go.kr/', NULL, NULL);
INSERT OR REPLACE INTO regions (code, name, short_name, parent_code, type, lat_min, lat_max, lng_min, lng_max, phone, official_url, inherits_from, city_guide) VALUES ('41465', '경기도 용인시 수지구', '수지구', '41', '구', 37.29, 37.36, 127.05, 127.12, '031-324-5114', 'https://www.yongin.go.kr/', NULL, NULL);
INSERT OR REPLACE INTO regions (code, name, short_name, parent_code, type, lat_min, lat_max, lng_min, lng_max, phone, official_url, inherits_from, city_guide) VALUES ('41480', '경기도 파주시', '파주시', '41', '시', 37.68, 38.1, 126.65, 126.95, '031-940-4000', 'https://www.paju.go.kr/', NULL, '{"city": "파주시", "officialUrl": "https://www.paju.go.kr/", "wasteUrl": "https://www.paju.go.kr/user/board/BD_board.list.do?bbsCd=1042", "bulkyWasteUrl": "https://www.paju.go.kr/user/contents/contentsView.do?cntntsId=2079", "phones": {"자원순환과": "031-940-4000", "시청대표": "031-940-4000"}, "applianceRecycle": {"name": "폐가전 무상 방문수거 (E-순환거버넌스)", "phone": "1599-0903", "url": "https://15990903.or.kr/"}, "specialNote": "운정·교하 신도시는 RFID 음식물쓰레기 시스템 운영. 자세한 룰은 시청 자원순환과(031-940-4000)에 문의."}');
INSERT OR REPLACE INTO regions (code, name, short_name, parent_code, type, lat_min, lat_max, lng_min, lng_max, phone, official_url, inherits_from, city_guide) VALUES ('41500', '경기도 이천시', '이천시', '41', '시', 37.09, 37.36, 127.34, 127.58, '031-644-2114', 'https://www.icheon.go.kr/', NULL, '{"city": "이천시", "officialUrl": "https://www.icheon.go.kr/", "phones": {"시청대표": "031-644-2000"}, "applianceRecycle": {"name": "폐가전 무상수거", "phone": "1599-0903", "url": "https://15990903.or.kr/"}}');
INSERT OR REPLACE INTO regions (code, name, short_name, parent_code, type, lat_min, lat_max, lng_min, lng_max, phone, official_url, inherits_from, city_guide) VALUES ('41550', '경기도 안성시', '안성시', '41', '시', 36.89, 37.15, 127.1, 127.5, '031-678-2000', 'https://www.anseong.go.kr/', NULL, '{"city": "안성시", "officialUrl": "https://www.anseong.go.kr/", "phones": {"시청대표": "031-678-2114"}, "applianceRecycle": {"name": "폐가전 무상수거", "phone": "1599-0903", "url": "https://15990903.or.kr/"}}');
INSERT OR REPLACE INTO regions (code, name, short_name, parent_code, type, lat_min, lat_max, lng_min, lng_max, phone, official_url, inherits_from, city_guide) VALUES ('41570', '경기도 김포시', '김포시', '41', '시', 37.58, 37.8, 126.55, 126.78, '031-980-2114', 'https://www.gimpo.go.kr/', NULL, '{"city": "김포시", "officialUrl": "https://www.gimpo.go.kr/", "wasteUrl": "https://www.gimpo.go.kr/portal/contents.do?key=2287", "phones": {"자원순환팀": "031-980-2114", "시청대표": "031-980-2114"}, "applianceRecycle": {"name": "폐가전 무상 방문수거", "phone": "1599-0903", "url": "https://15990903.or.kr/"}}');
INSERT OR REPLACE INTO regions (code, name, short_name, parent_code, type, lat_min, lat_max, lng_min, lng_max, phone, official_url, inherits_from, city_guide) VALUES ('41590', '경기도 화성시', '화성시', '41', '시', 36.96, 37.3, 126.55, 127.1, '031-369-2114', 'https://www.hscity.go.kr/', NULL, '{"city": "화성시", "officialUrl": "https://www.hscity.go.kr/", "phones": {"시청대표": "031-369-2114"}, "applianceRecycle": {"name": "폐가전 무상수거", "phone": "1599-0903", "url": "https://15990903.or.kr/"}}');
INSERT OR REPLACE INTO regions (code, name, short_name, parent_code, type, lat_min, lat_max, lng_min, lng_max, phone, official_url, inherits_from, city_guide) VALUES ('41610', '경기도 광주시', '광주시', '41', '시', 37.25, 37.52, 127.1, 127.5, '031-760-2114', 'https://www.gjcity.go.kr/', NULL, '{"city": "광주시", "officialUrl": "https://www.gjcity.go.kr/", "phones": {"시청대표": "031-760-2114"}, "applianceRecycle": {"name": "폐가전 무상수거", "phone": "1599-0903", "url": "https://15990903.or.kr/"}}');
INSERT OR REPLACE INTO regions (code, name, short_name, parent_code, type, lat_min, lat_max, lng_min, lng_max, phone, official_url, inherits_from, city_guide) VALUES ('41630', '경기도 양주시', '양주시', '41', '시', 37.74, 37.95, 126.92, 127.15, '031-8082-5114', 'https://www.yangju.go.kr/', NULL, '{"city": "양주시", "officialUrl": "https://www.yangju.go.kr/", "phones": {"시청대표": "031-8082-5500"}, "applianceRecycle": {"name": "폐가전 무상수거", "phone": "1599-0903", "url": "https://15990903.or.kr/"}}');
INSERT OR REPLACE INTO regions (code, name, short_name, parent_code, type, lat_min, lat_max, lng_min, lng_max, phone, official_url, inherits_from, city_guide) VALUES ('41650', '경기도 포천시', '포천시', '41', '시', 37.78, 38.2, 127.08, 127.45, '031-538-2114', 'https://www.pocheon.go.kr/', NULL, '{"city": "포천시", "officialUrl": "https://www.pocheon.go.kr/", "phones": {"시청대표": "031-538-2114"}, "applianceRecycle": {"name": "폐가전 무상수거", "phone": "1599-0903", "url": "https://15990903.or.kr/"}}');
INSERT OR REPLACE INTO regions (code, name, short_name, parent_code, type, lat_min, lat_max, lng_min, lng_max, phone, official_url, inherits_from, city_guide) VALUES ('41670', '경기도 여주시', '여주시', '41', '시', 37.15, 37.42, 127.5, 127.85, '031-887-2000', 'https://www.yeoju.go.kr/', NULL, '{"city": "여주시", "officialUrl": "https://www.yeoju.go.kr/", "phones": {"시청대표": "031-887-2000"}, "applianceRecycle": {"name": "폐가전 무상수거", "phone": "1599-0903", "url": "https://15990903.or.kr/"}}');
INSERT OR REPLACE INTO regions (code, name, short_name, parent_code, type, lat_min, lat_max, lng_min, lng_max, phone, official_url, inherits_from, city_guide) VALUES ('41800', '경기도 연천군', '연천군', '41', '군', 38.0, 38.3, 126.85, 127.2, '031-839-2114', 'https://www.yeoncheon.go.kr/', NULL, '{"city": "연천군", "officialUrl": "https://www.yeoncheon.go.kr/", "phones": {"군청대표": "031-839-2114"}, "applianceRecycle": {"name": "폐가전 무상수거", "phone": "1599-0903", "url": "https://15990903.or.kr/"}}');
INSERT OR REPLACE INTO regions (code, name, short_name, parent_code, type, lat_min, lat_max, lng_min, lng_max, phone, official_url, inherits_from, city_guide) VALUES ('41820', '경기도 가평군', '가평군', '41', '군', 37.65, 38.1, 127.3, 127.7, '031-580-2114', 'https://www.gp.go.kr/', NULL, '{"city": "가평군", "officialUrl": "https://www.gp.go.kr/", "phones": {"군청대표": "031-580-2114"}, "applianceRecycle": {"name": "폐가전 무상수거", "phone": "1599-0903", "url": "https://15990903.or.kr/"}}');
INSERT OR REPLACE INTO regions (code, name, short_name, parent_code, type, lat_min, lat_max, lng_min, lng_max, phone, official_url, inherits_from, city_guide) VALUES ('41830', '경기도 양평군', '양평군', '41', '군', 37.3, 37.78, 127.3, 127.85, '031-770-2114', 'https://www.yp21.go.kr/', NULL, '{"city": "양평군", "officialUrl": "https://www.yp21.go.kr/", "phones": {"군청대표": "031-770-2114"}, "applianceRecycle": {"name": "폐가전 무상수거", "phone": "1599-0903", "url": "https://15990903.or.kr/"}}');
INSERT OR REPLACE INTO regions (code, name, short_name, parent_code, type, lat_min, lat_max, lng_min, lng_max, phone, official_url, inherits_from, city_guide) VALUES ('42110', '강원특별자치도 춘천시', '춘천시', '42', '시', 37.7, 38.1, 127.5, 127.95, '033-250-3000', 'https://www.chuncheon.go.kr/', NULL, '{"city": "춘천시", "officialUrl": "https://www.chuncheon.go.kr/", "phones": {"시청대표": "033-250-3000"}, "applianceRecycle": {"name": "폐가전 무상수거", "phone": "1599-0903", "url": "https://15990903.or.kr/"}}');
INSERT OR REPLACE INTO regions (code, name, short_name, parent_code, type, lat_min, lat_max, lng_min, lng_max, phone, official_url, inherits_from, city_guide) VALUES ('42130', '강원특별자치도 원주시', '원주시', '42', '시', 37.1, 37.5, 127.75, 128.2, '033-737-2114', 'https://www.wonju.go.kr/', NULL, '{"city": "원주시", "officialUrl": "https://www.wonju.go.kr/", "phones": {"시청대표": "033-737-2114"}, "applianceRecycle": {"name": "폐가전 무상수거", "phone": "1599-0903", "url": "https://15990903.or.kr/"}}');
INSERT OR REPLACE INTO regions (code, name, short_name, parent_code, type, lat_min, lat_max, lng_min, lng_max, phone, official_url, inherits_from, city_guide) VALUES ('42150', '강원특별자치도 강릉시', '강릉시', '42', '시', 37.55, 37.95, 128.55, 129.05, '033-640-5114', 'https://www.gn.go.kr/', NULL, '{"city": "강릉시", "officialUrl": "https://www.gn.go.kr/", "phones": {"시청대표": "033-640-5114"}, "applianceRecycle": {"name": "폐가전 무상수거", "phone": "1599-0903", "url": "https://15990903.or.kr/"}}');
INSERT OR REPLACE INTO regions (code, name, short_name, parent_code, type, lat_min, lat_max, lng_min, lng_max, phone, official_url, inherits_from, city_guide) VALUES ('42170', '강원특별자치도 동해시', '동해시', '42', '시', 37.4, 37.62, 128.95, 129.18, '033-530-2114', 'https://www.dh.go.kr/', NULL, '{"city": "동해시", "officialUrl": "https://www.dh.go.kr/", "phones": {"시청대표": "033-530-2114"}, "applianceRecycle": {"name": "폐가전 무상수거", "phone": "1599-0903", "url": "https://15990903.or.kr/"}}');
INSERT OR REPLACE INTO regions (code, name, short_name, parent_code, type, lat_min, lat_max, lng_min, lng_max, phone, official_url, inherits_from, city_guide) VALUES ('42190', '강원특별자치도 태백시', '태백시', '42', '시', 37.05, 37.3, 128.85, 129.1, '033-550-2000', 'https://www.taebaek.go.kr/', NULL, '{"city": "태백시", "officialUrl": "https://www.taebaek.go.kr/", "phones": {"시청대표": "033-550-2114"}, "applianceRecycle": {"name": "폐가전 무상수거", "phone": "1599-0903", "url": "https://15990903.or.kr/"}}');
INSERT OR REPLACE INTO regions (code, name, short_name, parent_code, type, lat_min, lat_max, lng_min, lng_max, phone, official_url, inherits_from, city_guide) VALUES ('42210', '강원특별자치도 속초시', '속초시', '42', '시', 38.13, 38.27, 128.45, 128.62, '033-639-2114', 'https://www.sokcho.go.kr/', NULL, '{"city": "속초시", "officialUrl": "https://www.sokcho.go.kr/", "phones": {"시청대표": "033-639-2114"}, "applianceRecycle": {"name": "폐가전 무상수거", "phone": "1599-0903", "url": "https://15990903.or.kr/"}}');
INSERT OR REPLACE INTO regions (code, name, short_name, parent_code, type, lat_min, lat_max, lng_min, lng_max, phone, official_url, inherits_from, city_guide) VALUES ('42230', '강원특별자치도 삼척시', '삼척시', '42', '시', 37.1, 37.55, 128.85, 129.37, '033-570-3114', 'https://www.samcheok.go.kr/', NULL, '{"city": "삼척시", "officialUrl": "https://www.samcheok.go.kr/", "phones": {"시청대표": "033-570-3000"}, "applianceRecycle": {"name": "폐가전 무상수거", "phone": "1599-0903", "url": "https://15990903.or.kr/"}}');
INSERT OR REPLACE INTO regions (code, name, short_name, parent_code, type, lat_min, lat_max, lng_min, lng_max, phone, official_url, inherits_from, city_guide) VALUES ('42720', '강원특별자치도 홍천군', '홍천군', '42', '군', 37.5, 38.05, 127.65, 128.55, '033-430-2114', 'https://www.hongcheon.go.kr/', NULL, '{"city": "홍천군", "officialUrl": "https://www.hongcheon.go.kr/", "phones": {"군청대표": "033-430-2114"}, "applianceRecycle": {"name": "폐가전 무상수거", "phone": "1599-0903", "url": "https://15990903.or.kr/"}}');
INSERT OR REPLACE INTO regions (code, name, short_name, parent_code, type, lat_min, lat_max, lng_min, lng_max, phone, official_url, inherits_from, city_guide) VALUES ('42730', '강원특별자치도 횡성군', '횡성군', '42', '군', 37.35, 37.65, 127.85, 128.4, '033-340-2000', 'https://www.hsg.go.kr/', NULL, '{"city": "횡성군", "officialUrl": "https://www.hsg.go.kr/", "phones": {"군청대표": "033-340-2114"}, "applianceRecycle": {"name": "폐가전 무상수거", "phone": "1599-0903", "url": "https://15990903.or.kr/"}}');
INSERT OR REPLACE INTO regions (code, name, short_name, parent_code, type, lat_min, lat_max, lng_min, lng_max, phone, official_url, inherits_from, city_guide) VALUES ('42750', '강원특별자치도 영월군', '영월군', '42', '군', 37.05, 37.4, 128.2, 128.75, '033-370-2114', 'https://www.yw.go.kr/', NULL, '{"city": "영월군", "officialUrl": "https://www.yw.go.kr/", "phones": {"군청대표": "033-370-2114"}, "applianceRecycle": {"name": "폐가전 무상수거", "phone": "1599-0903", "url": "https://15990903.or.kr/"}}');
INSERT OR REPLACE INTO regions (code, name, short_name, parent_code, type, lat_min, lat_max, lng_min, lng_max, phone, official_url, inherits_from, city_guide) VALUES ('42760', '강원특별자치도 평창군', '평창군', '42', '군', 37.2, 37.75, 128.2, 128.75, '033-330-2114', 'https://www.pc.go.kr/', NULL, '{"city": "평창군", "officialUrl": "https://www.pc.go.kr/", "phones": {"군청대표": "033-330-2114"}, "applianceRecycle": {"name": "폐가전 무상수거", "phone": "1599-0903", "url": "https://15990903.or.kr/"}}');
INSERT OR REPLACE INTO regions (code, name, short_name, parent_code, type, lat_min, lat_max, lng_min, lng_max, phone, official_url, inherits_from, city_guide) VALUES ('42770', '강원특별자치도 정선군', '정선군', '42', '군', 37.2, 37.55, 128.55, 129.1, '033-560-2114', 'https://www.jeongseon.go.kr/', NULL, '{"city": "정선군", "officialUrl": "https://www.jeongseon.go.kr/", "phones": {"군청대표": "033-560-2114"}, "applianceRecycle": {"name": "폐가전 무상수거", "phone": "1599-0903", "url": "https://15990903.or.kr/"}}');
INSERT OR REPLACE INTO regions (code, name, short_name, parent_code, type, lat_min, lat_max, lng_min, lng_max, phone, official_url, inherits_from, city_guide) VALUES ('42780', '강원특별자치도 철원군', '철원군', '42', '군', 38.05, 38.4, 127.05, 127.65, '033-450-5000', 'https://www.cwg.go.kr/', NULL, '{"city": "철원군", "officialUrl": "https://www.cwg.go.kr/", "phones": {"군청대표": "033-450-5114"}, "applianceRecycle": {"name": "폐가전 무상수거", "phone": "1599-0903", "url": "https://15990903.or.kr/"}}');
INSERT OR REPLACE INTO regions (code, name, short_name, parent_code, type, lat_min, lat_max, lng_min, lng_max, phone, official_url, inherits_from, city_guide) VALUES ('42790', '강원특별자치도 화천군', '화천군', '42', '군', 38.0, 38.3, 127.45, 127.95, '033-440-2114', 'https://www.ihc.go.kr/', NULL, '{"city": "화천군", "officialUrl": "https://www.ihc.go.kr/", "phones": {"군청대표": "033-440-2114"}, "applianceRecycle": {"name": "폐가전 무상수거", "phone": "1599-0903", "url": "https://15990903.or.kr/"}}');
INSERT OR REPLACE INTO regions (code, name, short_name, parent_code, type, lat_min, lat_max, lng_min, lng_max, phone, official_url, inherits_from, city_guide) VALUES ('42800', '강원특별자치도 양구군', '양구군', '42', '군', 38.05, 38.35, 127.78, 128.15, '033-480-2114', 'https://www.yanggu.go.kr/', NULL, '{"city": "양구군", "officialUrl": "https://www.yanggu.go.kr/", "phones": {"군청대표": "033-480-2114"}, "applianceRecycle": {"name": "폐가전 무상수거", "phone": "1599-0903", "url": "https://15990903.or.kr/"}}');
INSERT OR REPLACE INTO regions (code, name, short_name, parent_code, type, lat_min, lat_max, lng_min, lng_max, phone, official_url, inherits_from, city_guide) VALUES ('42810', '강원특별자치도 인제군', '인제군', '42', '군', 37.85, 38.4, 128.05, 128.65, '033-460-2114', 'https://www.inje.go.kr/', NULL, '{"city": "인제군", "officialUrl": "https://www.inje.go.kr/", "phones": {"군청대표": "033-460-2114"}, "applianceRecycle": {"name": "폐가전 무상수거", "phone": "1599-0903", "url": "https://15990903.or.kr/"}}');
INSERT OR REPLACE INTO regions (code, name, short_name, parent_code, type, lat_min, lat_max, lng_min, lng_max, phone, official_url, inherits_from, city_guide) VALUES ('42820', '강원특별자치도 고성군', '고성군', '42', '군', 38.2, 38.62, 128.3, 128.6, '033-680-3000', 'https://www.gwgs.go.kr/', NULL, '{"city": "고성군(강원)", "officialUrl": "https://www.goseong.go.kr/", "phones": {"군청대표": "033-680-3114"}, "applianceRecycle": {"name": "폐가전 무상수거", "phone": "1599-0903", "url": "https://15990903.or.kr/"}}');
INSERT OR REPLACE INTO regions (code, name, short_name, parent_code, type, lat_min, lat_max, lng_min, lng_max, phone, official_url, inherits_from, city_guide) VALUES ('42830', '강원특별자치도 양양군', '양양군', '42', '군', 37.95, 38.2, 128.4, 128.75, '033-670-2114', 'https://www.yangyang.go.kr/', NULL, '{"city": "양양군", "officialUrl": "https://www.yangyang.go.kr/", "phones": {"군청대표": "033-670-2114"}, "applianceRecycle": {"name": "폐가전 무상수거", "phone": "1599-0903", "url": "https://15990903.or.kr/"}}');
INSERT OR REPLACE INTO regions (code, name, short_name, parent_code, type, lat_min, lat_max, lng_min, lng_max, phone, official_url, inherits_from, city_guide) VALUES ('43111', '충청북도 청주시 상당구', '상당구', '43', '구', 36.55, 36.8, 127.45, 127.8, '043-201-1000', 'https://www.cheongju.go.kr/', NULL, NULL);
INSERT OR REPLACE INTO regions (code, name, short_name, parent_code, type, lat_min, lat_max, lng_min, lng_max, phone, official_url, inherits_from, city_guide) VALUES ('43112', '충청북도 청주시 서원구', '서원구', '43', '구', 36.55, 36.65, 127.4, 127.5, '043-201-2000', 'https://www.cheongju.go.kr/', NULL, NULL);
INSERT OR REPLACE INTO regions (code, name, short_name, parent_code, type, lat_min, lat_max, lng_min, lng_max, phone, official_url, inherits_from, city_guide) VALUES ('43113', '충청북도 청주시 흥덕구', '흥덕구', '43', '구', 36.6, 36.75, 127.35, 127.5, '043-201-3000', 'https://www.cheongju.go.kr/', NULL, NULL);
INSERT OR REPLACE INTO regions (code, name, short_name, parent_code, type, lat_min, lat_max, lng_min, lng_max, phone, official_url, inherits_from, city_guide) VALUES ('43114', '충청북도 청주시 청원구', '청원구', '43', '구', 36.65, 36.85, 127.42, 127.58, '043-201-4000', 'https://www.cheongju.go.kr/', NULL, NULL);
INSERT OR REPLACE INTO regions (code, name, short_name, parent_code, type, lat_min, lat_max, lng_min, lng_max, phone, official_url, inherits_from, city_guide) VALUES ('43130', '충청북도 충주시', '충주시', '43', '시', 36.85, 37.2, 127.65, 128.2, '043-850-5114', 'https://www.chungju.go.kr/', NULL, '{"city": "충주시", "officialUrl": "https://www.chungju.go.kr/", "phones": {"시청대표": "043-850-5000"}, "applianceRecycle": {"name": "폐가전 무상수거", "phone": "1599-0903", "url": "https://15990903.or.kr/"}}');
INSERT OR REPLACE INTO regions (code, name, short_name, parent_code, type, lat_min, lat_max, lng_min, lng_max, phone, official_url, inherits_from, city_guide) VALUES ('43150', '충청북도 제천시', '제천시', '43', '시', 36.95, 37.25, 128.05, 128.55, '043-641-5000', 'https://www.jecheon.go.kr/', NULL, '{"city": "제천시", "officialUrl": "https://www.jecheon.go.kr/", "phones": {"시청대표": "043-641-5000"}, "applianceRecycle": {"name": "폐가전 무상수거", "phone": "1599-0903", "url": "https://15990903.or.kr/"}}');
INSERT OR REPLACE INTO regions (code, name, short_name, parent_code, type, lat_min, lat_max, lng_min, lng_max, phone, official_url, inherits_from, city_guide) VALUES ('43720', '충청북도 보은군', '보은군', '43', '군', 36.35, 36.65, 127.55, 128.0, '043-540-3114', 'https://www.boeun.go.kr/', NULL, '{"city": "보은군", "officialUrl": "https://www.boeun.go.kr/", "phones": {"군청대표": "043-540-3114"}, "applianceRecycle": {"name": "폐가전 무상수거", "phone": "1599-0903", "url": "https://15990903.or.kr/"}}');
INSERT OR REPLACE INTO regions (code, name, short_name, parent_code, type, lat_min, lat_max, lng_min, lng_max, phone, official_url, inherits_from, city_guide) VALUES ('43730', '충청북도 옥천군', '옥천군', '43', '군', 36.18, 36.5, 127.5, 127.85, '043-730-3114', 'https://www.oc.go.kr/', NULL, '{"city": "옥천군", "officialUrl": "https://www.oc.go.kr/", "phones": {"군청대표": "043-730-3114"}, "applianceRecycle": {"name": "폐가전 무상수거", "phone": "1599-0903", "url": "https://15990903.or.kr/"}}');
INSERT OR REPLACE INTO regions (code, name, short_name, parent_code, type, lat_min, lat_max, lng_min, lng_max, phone, official_url, inherits_from, city_guide) VALUES ('43740', '충청북도 영동군', '영동군', '43', '군', 36.0, 36.35, 127.55, 128.05, '043-740-3114', 'https://www.yd21.go.kr/', NULL, '{"city": "영동군", "officialUrl": "https://www.yd21.go.kr/", "phones": {"군청대표": "043-740-3114"}, "applianceRecycle": {"name": "폐가전 무상수거", "phone": "1599-0903", "url": "https://15990903.or.kr/"}}');
INSERT OR REPLACE INTO regions (code, name, short_name, parent_code, type, lat_min, lat_max, lng_min, lng_max, phone, official_url, inherits_from, city_guide) VALUES ('43745', '충청북도 증평군', '증평군', '43', '군', 36.7, 36.85, 127.55, 127.7, '043-835-3114', 'https://www.jp.go.kr/', NULL, '{"city": "증평군", "officialUrl": "https://www.jp.go.kr/", "phones": {"군청대표": "043-835-3114"}, "applianceRecycle": {"name": "폐가전 무상수거", "phone": "1599-0903", "url": "https://15990903.or.kr/"}}');
INSERT OR REPLACE INTO regions (code, name, short_name, parent_code, type, lat_min, lat_max, lng_min, lng_max, phone, official_url, inherits_from, city_guide) VALUES ('43750', '충청북도 진천군', '진천군', '43', '군', 36.75, 37.05, 127.35, 127.65, '043-539-3114', 'https://www.jincheon.go.kr/', NULL, '{"city": "진천군", "officialUrl": "https://www.jincheon.go.kr/", "phones": {"군청대표": "043-539-3114"}, "applianceRecycle": {"name": "폐가전 무상수거", "phone": "1599-0903", "url": "https://15990903.or.kr/"}}');
INSERT OR REPLACE INTO regions (code, name, short_name, parent_code, type, lat_min, lat_max, lng_min, lng_max, phone, official_url, inherits_from, city_guide) VALUES ('43760', '충청북도 괴산군', '괴산군', '43', '군', 36.65, 37.0, 127.65, 128.15, '043-830-3000', 'https://www.goesan.go.kr/', NULL, '{"city": "괴산군", "officialUrl": "https://www.goesan.go.kr/", "phones": {"군청대표": "043-830-3114"}, "applianceRecycle": {"name": "폐가전 무상수거", "phone": "1599-0903", "url": "https://15990903.or.kr/"}}');
INSERT OR REPLACE INTO regions (code, name, short_name, parent_code, type, lat_min, lat_max, lng_min, lng_max, phone, official_url, inherits_from, city_guide) VALUES ('43770', '충청북도 음성군', '음성군', '43', '군', 36.85, 37.15, 127.5, 127.85, '043-871-3000', 'https://www.eumseong.go.kr/', NULL, '{"city": "음성군", "officialUrl": "https://www.eumseong.go.kr/", "phones": {"군청대표": "043-871-3114"}, "applianceRecycle": {"name": "폐가전 무상수거", "phone": "1599-0903", "url": "https://15990903.or.kr/"}}');
INSERT OR REPLACE INTO regions (code, name, short_name, parent_code, type, lat_min, lat_max, lng_min, lng_max, phone, official_url, inherits_from, city_guide) VALUES ('43800', '충청북도 단양군', '단양군', '43', '군', 36.85, 37.15, 128.2, 128.65, '043-420-2114', 'https://www.danyang.go.kr/', NULL, '{"city": "단양군", "officialUrl": "https://www.danyang.go.kr/", "phones": {"군청대표": "043-422-1110"}, "applianceRecycle": {"name": "폐가전 무상수거", "phone": "1599-0903", "url": "https://15990903.or.kr/"}}');
INSERT OR REPLACE INTO regions (code, name, short_name, parent_code, type, lat_min, lat_max, lng_min, lng_max, phone, official_url, inherits_from, city_guide) VALUES ('44131', '충청남도 천안시 동남구', '동남구', '44', '구', 36.65, 36.95, 127.1, 127.4, '041-521-2114', 'https://www.cheonan.go.kr/', NULL, NULL);
INSERT OR REPLACE INTO regions (code, name, short_name, parent_code, type, lat_min, lat_max, lng_min, lng_max, phone, official_url, inherits_from, city_guide) VALUES ('44133', '충청남도 천안시 서북구', '서북구', '44', '구', 36.78, 37.0, 127.0, 127.2, '041-521-2114', 'https://www.cheonan.go.kr/', NULL, NULL);
INSERT OR REPLACE INTO regions (code, name, short_name, parent_code, type, lat_min, lat_max, lng_min, lng_max, phone, official_url, inherits_from, city_guide) VALUES ('44150', '충청남도 공주시', '공주시', '44', '시', 36.35, 36.7, 126.9, 127.3, '041-840-2114', 'https://www.gongju.go.kr/', NULL, '{"city": "공주시", "officialUrl": "https://www.gongju.go.kr/", "phones": {"시청대표": "041-840-2114"}, "applianceRecycle": {"name": "폐가전 무상수거", "phone": "1599-0903", "url": "https://15990903.or.kr/"}}');
INSERT OR REPLACE INTO regions (code, name, short_name, parent_code, type, lat_min, lat_max, lng_min, lng_max, phone, official_url, inherits_from, city_guide) VALUES ('44180', '충청남도 보령시', '보령시', '44', '시', 36.2, 36.55, 126.3, 126.75, '041-930-3114', 'https://www.brcn.go.kr/', NULL, '{"city": "보령시", "officialUrl": "https://www.boryeong.go.kr/", "phones": {"시청대표": "041-930-3114"}, "applianceRecycle": {"name": "폐가전 무상수거", "phone": "1599-0903", "url": "https://15990903.or.kr/"}}');
INSERT OR REPLACE INTO regions (code, name, short_name, parent_code, type, lat_min, lat_max, lng_min, lng_max, phone, official_url, inherits_from, city_guide) VALUES ('44200', '충청남도 아산시', '아산시', '44', '시', 36.65, 36.95, 126.85, 127.2, '041-540-2114', 'https://www.asan.go.kr/', NULL, '{"city": "아산시", "officialUrl": "https://www.asan.go.kr/", "phones": {"시청대표": "041-540-2000"}, "applianceRecycle": {"name": "폐가전 무상수거", "phone": "1599-0903", "url": "https://15990903.or.kr/"}}');
INSERT OR REPLACE INTO regions (code, name, short_name, parent_code, type, lat_min, lat_max, lng_min, lng_max, phone, official_url, inherits_from, city_guide) VALUES ('44210', '충청남도 서산시', '서산시', '44', '시', 36.55, 37.0, 126.3, 126.65, '041-660-2114', 'https://www.seosan.go.kr/', NULL, '{"city": "서산시", "officialUrl": "https://www.seosan.go.kr/", "phones": {"시청대표": "041-660-2114"}, "applianceRecycle": {"name": "폐가전 무상수거", "phone": "1599-0903", "url": "https://15990903.or.kr/"}}');
INSERT OR REPLACE INTO regions (code, name, short_name, parent_code, type, lat_min, lat_max, lng_min, lng_max, phone, official_url, inherits_from, city_guide) VALUES ('44230', '충청남도 논산시', '논산시', '44', '시', 36.05, 36.35, 127.0, 127.3, '041-746-5000', 'https://www.nonsan.go.kr/', NULL, '{"city": "논산시", "officialUrl": "https://www.nonsan.go.kr/", "phones": {"시청대표": "041-746-5000"}, "applianceRecycle": {"name": "폐가전 무상수거", "phone": "1599-0903", "url": "https://15990903.or.kr/"}}');
INSERT OR REPLACE INTO regions (code, name, short_name, parent_code, type, lat_min, lat_max, lng_min, lng_max, phone, official_url, inherits_from, city_guide) VALUES ('44250', '충청남도 계룡시', '계룡시', '44', '시', 36.22, 36.35, 127.2, 127.32, '042-840-2114', 'https://www.gyeryong.go.kr/', NULL, '{"city": "계룡시", "officialUrl": "https://www.gyeryong.go.kr/", "phones": {"시청대표": "042-840-2000"}, "applianceRecycle": {"name": "폐가전 무상수거", "phone": "1599-0903", "url": "https://15990903.or.kr/"}}');
INSERT OR REPLACE INTO regions (code, name, short_name, parent_code, type, lat_min, lat_max, lng_min, lng_max, phone, official_url, inherits_from, city_guide) VALUES ('44270', '충청남도 당진시', '당진시', '44', '시', 36.75, 37.05, 126.55, 126.85, '041-360-6114', 'https://www.dangjin.go.kr/', NULL, '{"city": "당진시", "officialUrl": "https://www.dangjin.go.kr/", "phones": {"시청대표": "041-350-3114"}, "applianceRecycle": {"name": "폐가전 무상수거", "phone": "1599-0903", "url": "https://15990903.or.kr/"}}');
INSERT OR REPLACE INTO regions (code, name, short_name, parent_code, type, lat_min, lat_max, lng_min, lng_max, phone, official_url, inherits_from, city_guide) VALUES ('44710', '충청남도 금산군', '금산군', '44', '군', 35.95, 36.25, 127.3, 127.7, '041-750-2114', 'https://www.geumsan.go.kr/', NULL, '{"city": "금산군", "officialUrl": "https://www.geumsan.go.kr/", "phones": {"군청대표": "041-750-2114"}, "applianceRecycle": {"name": "폐가전 무상수거", "phone": "1599-0903", "url": "https://15990903.or.kr/"}}');
INSERT OR REPLACE INTO regions (code, name, short_name, parent_code, type, lat_min, lat_max, lng_min, lng_max, phone, official_url, inherits_from, city_guide) VALUES ('44760', '충청남도 부여군', '부여군', '44', '군', 36.1, 36.4, 126.75, 127.05, '041-830-2114', 'https://www.buyeo.go.kr/', NULL, '{"city": "부여군", "officialUrl": "https://www.buyeo.go.kr/", "phones": {"군청대표": "041-830-2114"}, "applianceRecycle": {"name": "폐가전 무상수거", "phone": "1599-0903", "url": "https://15990903.or.kr/"}}');
INSERT OR REPLACE INTO regions (code, name, short_name, parent_code, type, lat_min, lat_max, lng_min, lng_max, phone, official_url, inherits_from, city_guide) VALUES ('44770', '충청남도 서천군', '서천군', '44', '군', 35.97, 36.2, 126.55, 126.85, '041-950-4114', 'https://www.seocheon.go.kr/', NULL, '{"city": "서천군", "officialUrl": "https://www.seocheon.go.kr/", "phones": {"군청대표": "041-950-4000"}, "applianceRecycle": {"name": "폐가전 무상수거", "phone": "1599-0903", "url": "https://15990903.or.kr/"}}');
INSERT OR REPLACE INTO regions (code, name, short_name, parent_code, type, lat_min, lat_max, lng_min, lng_max, phone, official_url, inherits_from, city_guide) VALUES ('44790', '충청남도 청양군', '청양군', '44', '군', 36.3, 36.55, 126.65, 127.0, '041-940-2114', 'https://www.cheongyang.go.kr/', NULL, '{"city": "청양군", "officialUrl": "https://www.cheongyang.go.kr/", "phones": {"군청대표": "041-940-2114"}, "applianceRecycle": {"name": "폐가전 무상수거", "phone": "1599-0903", "url": "https://15990903.or.kr/"}}');
INSERT OR REPLACE INTO regions (code, name, short_name, parent_code, type, lat_min, lat_max, lng_min, lng_max, phone, official_url, inherits_from, city_guide) VALUES ('44800', '충청남도 홍성군', '홍성군', '44', '군', 36.45, 36.75, 126.55, 126.85, '041-630-1114', 'https://www.hongseong.go.kr/', NULL, '{"city": "홍성군", "officialUrl": "https://www.hongseong.go.kr/", "phones": {"군청대표": "041-630-1114"}, "applianceRecycle": {"name": "폐가전 무상수거", "phone": "1599-0903", "url": "https://15990903.or.kr/"}}');
INSERT OR REPLACE INTO regions (code, name, short_name, parent_code, type, lat_min, lat_max, lng_min, lng_max, phone, official_url, inherits_from, city_guide) VALUES ('44810', '충청남도 예산군', '예산군', '44', '군', 36.55, 36.8, 126.65, 127.0, '041-339-7114', 'https://www.yesan.go.kr/', NULL, '{"city": "예산군", "officialUrl": "https://www.yesan.go.kr/", "phones": {"군청대표": "041-339-7114"}, "applianceRecycle": {"name": "폐가전 무상수거", "phone": "1599-0903", "url": "https://15990903.or.kr/"}}');
INSERT OR REPLACE INTO regions (code, name, short_name, parent_code, type, lat_min, lat_max, lng_min, lng_max, phone, official_url, inherits_from, city_guide) VALUES ('44825', '충청남도 태안군', '태안군', '44', '군', 36.55, 37.0, 125.96, 126.45, '041-670-2114', 'https://www.taean.go.kr/', NULL, '{"city": "태안군", "officialUrl": "https://www.taean.go.kr/", "phones": {"군청대표": "041-670-2114"}, "applianceRecycle": {"name": "폐가전 무상수거", "phone": "1599-0903", "url": "https://15990903.or.kr/"}}');
INSERT OR REPLACE INTO regions (code, name, short_name, parent_code, type, lat_min, lat_max, lng_min, lng_max, phone, official_url, inherits_from, city_guide) VALUES ('45111', '전북특별자치도 전주시 완산구', '완산구', '45', '구', 35.75, 35.85, 127.05, 127.2, '063-281-2114', 'https://www.jeonju.go.kr/', NULL, NULL);
INSERT OR REPLACE INTO regions (code, name, short_name, parent_code, type, lat_min, lat_max, lng_min, lng_max, phone, official_url, inherits_from, city_guide) VALUES ('45113', '전북특별자치도 전주시 덕진구', '덕진구', '45', '구', 35.82, 35.95, 127.05, 127.2, '063-281-2114', 'https://www.jeonju.go.kr/', NULL, NULL);
INSERT OR REPLACE INTO regions (code, name, short_name, parent_code, type, lat_min, lat_max, lng_min, lng_max, phone, official_url, inherits_from, city_guide) VALUES ('45130', '전북특별자치도 군산시', '군산시', '45', '시', 35.85, 36.18, 126.32, 126.85, '063-454-3000', 'https://www.gunsan.go.kr/', NULL, '{"city": "군산시", "officialUrl": "https://www.gunsan.go.kr/", "phones": {"시청대표": "063-454-2114"}, "applianceRecycle": {"name": "폐가전 무상수거", "phone": "1599-0903", "url": "https://15990903.or.kr/"}}');
INSERT OR REPLACE INTO regions (code, name, short_name, parent_code, type, lat_min, lat_max, lng_min, lng_max, phone, official_url, inherits_from, city_guide) VALUES ('45140', '전북특별자치도 익산시', '익산시', '45', '시', 35.85, 36.15, 126.85, 127.15, '063-859-5114', 'https://www.iksan.go.kr/', NULL, '{"city": "익산시", "officialUrl": "https://www.iksan.go.kr/", "phones": {"시청대표": "063-859-5114"}, "applianceRecycle": {"name": "폐가전 무상수거", "phone": "1599-0903", "url": "https://15990903.or.kr/"}}');
INSERT OR REPLACE INTO regions (code, name, short_name, parent_code, type, lat_min, lat_max, lng_min, lng_max, phone, official_url, inherits_from, city_guide) VALUES ('45180', '전북특별자치도 정읍시', '정읍시', '45', '시', 35.45, 35.75, 126.7, 127.05, '063-539-5114', 'https://www.jeongeup.go.kr/', NULL, '{"city": "정읍시", "officialUrl": "https://www.jeongeup.go.kr/", "phones": {"시청대표": "063-539-5000"}, "applianceRecycle": {"name": "폐가전 무상수거", "phone": "1599-0903", "url": "https://15990903.or.kr/"}}');
INSERT OR REPLACE INTO regions (code, name, short_name, parent_code, type, lat_min, lat_max, lng_min, lng_max, phone, official_url, inherits_from, city_guide) VALUES ('45190', '전북특별자치도 남원시', '남원시', '45', '시', 35.34, 35.65, 127.2, 127.6, '063-620-6114', 'https://www.namwon.go.kr/', NULL, '{"city": "남원시", "officialUrl": "https://www.namwon.go.kr/", "phones": {"시청대표": "063-620-6000"}, "applianceRecycle": {"name": "폐가전 무상수거", "phone": "1599-0903", "url": "https://15990903.or.kr/"}}');
INSERT OR REPLACE INTO regions (code, name, short_name, parent_code, type, lat_min, lat_max, lng_min, lng_max, phone, official_url, inherits_from, city_guide) VALUES ('45210', '전북특별자치도 김제시', '김제시', '45', '시', 35.7, 36.0, 126.65, 127.05, '063-540-3114', 'https://www.gimje.go.kr/', NULL, '{"city": "김제시", "officialUrl": "https://www.gimje.go.kr/", "phones": {"시청대표": "063-540-3114"}, "applianceRecycle": {"name": "폐가전 무상수거", "phone": "1599-0903", "url": "https://15990903.or.kr/"}}');
INSERT OR REPLACE INTO regions (code, name, short_name, parent_code, type, lat_min, lat_max, lng_min, lng_max, phone, official_url, inherits_from, city_guide) VALUES ('45710', '전북특별자치도 완주군', '완주군', '45', '군', 35.65, 36.1, 127.0, 127.45, '063-290-2114', 'https://www.wanju.go.kr/', NULL, '{"city": "완주군", "officialUrl": "https://www.wanju.go.kr/", "phones": {"군청대표": "063-290-2114"}, "applianceRecycle": {"name": "폐가전 무상수거", "phone": "1599-0903", "url": "https://15990903.or.kr/"}}');
INSERT OR REPLACE INTO regions (code, name, short_name, parent_code, type, lat_min, lat_max, lng_min, lng_max, phone, official_url, inherits_from, city_guide) VALUES ('45720', '전북특별자치도 진안군', '진안군', '45', '군', 35.65, 36.05, 127.3, 127.7, '063-430-2114', 'https://www.jinan.go.kr/', NULL, '{"city": "진안군", "officialUrl": "https://www.jinan.go.kr/", "phones": {"군청대표": "063-430-2114"}, "applianceRecycle": {"name": "폐가전 무상수거", "phone": "1599-0903", "url": "https://15990903.or.kr/"}}');
INSERT OR REPLACE INTO regions (code, name, short_name, parent_code, type, lat_min, lat_max, lng_min, lng_max, phone, official_url, inherits_from, city_guide) VALUES ('45730', '전북특별자치도 무주군', '무주군', '45', '군', 35.8, 36.1, 127.55, 127.95, '063-320-2114', 'https://www.muju.go.kr/', NULL, '{"city": "무주군", "officialUrl": "https://www.muju.go.kr/", "phones": {"군청대표": "063-320-2114"}, "applianceRecycle": {"name": "폐가전 무상수거", "phone": "1599-0903", "url": "https://15990903.or.kr/"}}');
INSERT OR REPLACE INTO regions (code, name, short_name, parent_code, type, lat_min, lat_max, lng_min, lng_max, phone, official_url, inherits_from, city_guide) VALUES ('45740', '전북특별자치도 장수군', '장수군', '45', '군', 35.55, 35.85, 127.45, 127.85, '063-350-2114', 'https://www.jangsu.go.kr/', NULL, '{"city": "장수군", "officialUrl": "https://www.jangsu.go.kr/", "phones": {"군청대표": "063-350-2114"}, "applianceRecycle": {"name": "폐가전 무상수거", "phone": "1599-0903", "url": "https://15990903.or.kr/"}}');
INSERT OR REPLACE INTO regions (code, name, short_name, parent_code, type, lat_min, lat_max, lng_min, lng_max, phone, official_url, inherits_from, city_guide) VALUES ('45750', '전북특별자치도 임실군', '임실군', '45', '군', 35.45, 35.75, 127.1, 127.45, '063-640-2114', 'https://www.imsil.go.kr/', NULL, '{"city": "임실군", "officialUrl": "https://www.imsil.go.kr/", "phones": {"군청대표": "063-640-3114"}, "applianceRecycle": {"name": "폐가전 무상수거", "phone": "1599-0903", "url": "https://15990903.or.kr/"}}');
INSERT OR REPLACE INTO regions (code, name, short_name, parent_code, type, lat_min, lat_max, lng_min, lng_max, phone, official_url, inherits_from, city_guide) VALUES ('45770', '전북특별자치도 순창군', '순창군', '45', '군', 35.3, 35.55, 126.95, 127.3, '063-650-1114', 'https://www.sunchang.go.kr/', NULL, '{"city": "순창군", "officialUrl": "https://www.sunchang.go.kr/", "phones": {"군청대표": "063-650-1114"}, "applianceRecycle": {"name": "폐가전 무상수거", "phone": "1599-0903", "url": "https://15990903.or.kr/"}}');
INSERT OR REPLACE INTO regions (code, name, short_name, parent_code, type, lat_min, lat_max, lng_min, lng_max, phone, official_url, inherits_from, city_guide) VALUES ('45790', '전북특별자치도 고창군', '고창군', '45', '군', 35.3, 35.65, 126.4, 126.8, '063-560-2114', 'https://www.gochang.go.kr/', NULL, '{"city": "고창군", "officialUrl": "https://www.gochang.go.kr/", "phones": {"군청대표": "063-560-2114"}, "applianceRecycle": {"name": "폐가전 무상수거", "phone": "1599-0903", "url": "https://15990903.or.kr/"}}');
INSERT OR REPLACE INTO regions (code, name, short_name, parent_code, type, lat_min, lat_max, lng_min, lng_max, phone, official_url, inherits_from, city_guide) VALUES ('45800', '전북특별자치도 부안군', '부안군', '45', '군', 35.55, 35.85, 126.4, 126.85, '063-580-4114', 'https://www.buan.go.kr/', NULL, '{"city": "부안군", "officialUrl": "https://www.buan.go.kr/", "phones": {"군청대표": "063-580-4000"}, "applianceRecycle": {"name": "폐가전 무상수거", "phone": "1599-0903", "url": "https://15990903.or.kr/"}}');
INSERT OR REPLACE INTO regions (code, name, short_name, parent_code, type, lat_min, lat_max, lng_min, lng_max, phone, official_url, inherits_from, city_guide) VALUES ('46110', '전라남도 목포시', '목포시', '46', '시', 34.72, 34.85, 126.3, 126.45, '061-270-3000', 'https://www.mokpo.go.kr/', NULL, '{"city": "목포시", "officialUrl": "https://www.mokpo.go.kr/", "phones": {"시청대표": "061-270-3000"}, "applianceRecycle": {"name": "폐가전 무상수거", "phone": "1599-0903", "url": "https://15990903.or.kr/"}}');
INSERT OR REPLACE INTO regions (code, name, short_name, parent_code, type, lat_min, lat_max, lng_min, lng_max, phone, official_url, inherits_from, city_guide) VALUES ('46130', '전라남도 여수시', '여수시', '46', '시', 34.0, 34.85, 127.55, 127.83, '061-659-3114', 'https://www.yeosu.go.kr/', NULL, '{"city": "여수시", "officialUrl": "https://www.yeosu.go.kr/", "phones": {"시청대표": "061-690-2114"}, "applianceRecycle": {"name": "폐가전 무상수거", "phone": "1599-0903", "url": "https://15990903.or.kr/"}}');
INSERT OR REPLACE INTO regions (code, name, short_name, parent_code, type, lat_min, lat_max, lng_min, lng_max, phone, official_url, inherits_from, city_guide) VALUES ('46150', '전라남도 순천시', '순천시', '46', '시', 34.8, 35.2, 127.3, 127.7, '061-749-3114', 'https://www.suncheon.go.kr/', NULL, '{"city": "순천시", "officialUrl": "https://www.suncheon.go.kr/", "phones": {"시청대표": "061-749-3114"}, "applianceRecycle": {"name": "폐가전 무상수거", "phone": "1599-0903", "url": "https://15990903.or.kr/"}}');
INSERT OR REPLACE INTO regions (code, name, short_name, parent_code, type, lat_min, lat_max, lng_min, lng_max, phone, official_url, inherits_from, city_guide) VALUES ('46170', '전라남도 나주시', '나주시', '46', '시', 34.85, 35.15, 126.6, 127.05, '061-339-8114', 'https://www.naju.go.kr/', NULL, '{"city": "나주시", "officialUrl": "https://www.naju.go.kr/", "phones": {"시청대표": "061-339-8114"}, "applianceRecycle": {"name": "폐가전 무상수거", "phone": "1599-0903", "url": "https://15990903.or.kr/"}}');
INSERT OR REPLACE INTO regions (code, name, short_name, parent_code, type, lat_min, lat_max, lng_min, lng_max, phone, official_url, inherits_from, city_guide) VALUES ('46230', '전라남도 광양시', '광양시', '46', '시', 34.85, 35.2, 127.55, 127.85, '061-797-2114', 'https://www.gwangyang.go.kr/', NULL, '{"city": "광양시", "officialUrl": "https://www.gwangyang.go.kr/", "phones": {"시청대표": "061-797-2114"}, "applianceRecycle": {"name": "폐가전 무상수거", "phone": "1599-0903", "url": "https://15990903.or.kr/"}}');
INSERT OR REPLACE INTO regions (code, name, short_name, parent_code, type, lat_min, lat_max, lng_min, lng_max, phone, official_url, inherits_from, city_guide) VALUES ('46710', '전라남도 담양군', '담양군', '46', '군', 35.2, 35.5, 126.85, 127.2, '061-380-3114', 'https://www.damyang.go.kr/', NULL, '{"city": "담양군", "officialUrl": "https://www.damyang.go.kr/", "phones": {"군청대표": "061-380-3114"}, "applianceRecycle": {"name": "폐가전 무상수거", "phone": "1599-0903", "url": "https://15990903.or.kr/"}}');
INSERT OR REPLACE INTO regions (code, name, short_name, parent_code, type, lat_min, lat_max, lng_min, lng_max, phone, official_url, inherits_from, city_guide) VALUES ('46720', '전라남도 곡성군', '곡성군', '46', '군', 35.1, 35.4, 127.15, 127.5, '061-360-8114', 'https://www.gokseong.go.kr/', NULL, '{"city": "곡성군", "officialUrl": "https://www.gokseong.go.kr/", "phones": {"군청대표": "061-360-8114"}, "applianceRecycle": {"name": "폐가전 무상수거", "phone": "1599-0903", "url": "https://15990903.or.kr/"}}');
INSERT OR REPLACE INTO regions (code, name, short_name, parent_code, type, lat_min, lat_max, lng_min, lng_max, phone, official_url, inherits_from, city_guide) VALUES ('46730', '전라남도 구례군', '구례군', '46', '군', 35.1, 35.35, 127.35, 127.7, '061-780-2114', 'https://www.gurye.go.kr/', NULL, '{"city": "구례군", "officialUrl": "https://www.gurye.go.kr/", "phones": {"군청대표": "061-780-2114"}, "applianceRecycle": {"name": "폐가전 무상수거", "phone": "1599-0903", "url": "https://15990903.or.kr/"}}');
INSERT OR REPLACE INTO regions (code, name, short_name, parent_code, type, lat_min, lat_max, lng_min, lng_max, phone, official_url, inherits_from, city_guide) VALUES ('46770', '전라남도 고흥군', '고흥군', '46', '군', 34.3, 34.85, 127.1, 127.55, '061-830-5114', 'https://www.goheung.go.kr/', NULL, '{"city": "고흥군", "officialUrl": "https://www.goheung.go.kr/", "phones": {"군청대표": "061-830-5114"}, "applianceRecycle": {"name": "폐가전 무상수거", "phone": "1599-0903", "url": "https://15990903.or.kr/"}}');
INSERT OR REPLACE INTO regions (code, name, short_name, parent_code, type, lat_min, lat_max, lng_min, lng_max, phone, official_url, inherits_from, city_guide) VALUES ('46780', '전라남도 보성군', '보성군', '46', '군', 34.55, 35.0, 127.0, 127.45, '061-850-5000', 'https://www.boseong.go.kr/', NULL, '{"city": "보성군", "officialUrl": "https://www.boseong.go.kr/", "phones": {"군청대표": "061-852-2300"}, "applianceRecycle": {"name": "폐가전 무상수거", "phone": "1599-0903", "url": "https://15990903.or.kr/"}}');
INSERT OR REPLACE INTO regions (code, name, short_name, parent_code, type, lat_min, lat_max, lng_min, lng_max, phone, official_url, inherits_from, city_guide) VALUES ('46790', '전라남도 화순군', '화순군', '46', '군', 34.85, 35.2, 126.85, 127.3, '061-379-3114', 'https://www.hwasun.go.kr/', NULL, '{"city": "화순군", "officialUrl": "https://www.hwasun.go.kr/", "phones": {"군청대표": "061-379-3114"}, "applianceRecycle": {"name": "폐가전 무상수거", "phone": "1599-0903", "url": "https://15990903.or.kr/"}}');
INSERT OR REPLACE INTO regions (code, name, short_name, parent_code, type, lat_min, lat_max, lng_min, lng_max, phone, official_url, inherits_from, city_guide) VALUES ('46800', '전라남도 장흥군', '장흥군', '46', '군', 34.45, 34.85, 126.75, 127.15, '061-860-0114', 'https://www.jangheung.go.kr/', NULL, '{"city": "장흥군", "officialUrl": "https://www.jangheung.go.kr/", "phones": {"군청대표": "061-860-0114"}, "applianceRecycle": {"name": "폐가전 무상수거", "phone": "1599-0903", "url": "https://15990903.or.kr/"}}');
INSERT OR REPLACE INTO regions (code, name, short_name, parent_code, type, lat_min, lat_max, lng_min, lng_max, phone, official_url, inherits_from, city_guide) VALUES ('46810', '전라남도 강진군', '강진군', '46', '군', 34.45, 34.85, 126.6, 126.95, '061-430-3114', 'https://www.gangjin.go.kr/', NULL, '{"city": "강진군", "officialUrl": "https://www.gangjin.go.kr/", "phones": {"군청대표": "061-430-3114"}, "applianceRecycle": {"name": "폐가전 무상수거", "phone": "1599-0903", "url": "https://15990903.or.kr/"}}');
INSERT OR REPLACE INTO regions (code, name, short_name, parent_code, type, lat_min, lat_max, lng_min, lng_max, phone, official_url, inherits_from, city_guide) VALUES ('46820', '전라남도 해남군', '해남군', '46', '군', 34.25, 34.75, 126.3, 126.8, '061-530-5114', 'https://www.haenam.go.kr/', NULL, '{"city": "해남군", "officialUrl": "https://www.haenam.go.kr/", "phones": {"군청대표": "061-530-5114"}, "applianceRecycle": {"name": "폐가전 무상수거", "phone": "1599-0903", "url": "https://15990903.or.kr/"}}');
INSERT OR REPLACE INTO regions (code, name, short_name, parent_code, type, lat_min, lat_max, lng_min, lng_max, phone, official_url, inherits_from, city_guide) VALUES ('46830', '전라남도 영암군', '영암군', '46', '군', 34.65, 35.05, 126.4, 126.85, '061-470-2114', 'https://www.yeongam.go.kr/', NULL, '{"city": "영암군", "officialUrl": "https://www.yeongam.go.kr/", "phones": {"군청대표": "061-470-2114"}, "applianceRecycle": {"name": "폐가전 무상수거", "phone": "1599-0903", "url": "https://15990903.or.kr/"}}');
INSERT OR REPLACE INTO regions (code, name, short_name, parent_code, type, lat_min, lat_max, lng_min, lng_max, phone, official_url, inherits_from, city_guide) VALUES ('46840', '전라남도 무안군', '무안군', '46', '군', 34.75, 35.2, 126.2, 126.55, '061-450-5114', 'https://www.muan.go.kr/', NULL, '{"city": "무안군", "officialUrl": "https://www.muan.go.kr/", "phones": {"군청대표": "061-450-5114"}, "applianceRecycle": {"name": "폐가전 무상수거", "phone": "1599-0903", "url": "https://15990903.or.kr/"}}');
INSERT OR REPLACE INTO regions (code, name, short_name, parent_code, type, lat_min, lat_max, lng_min, lng_max, phone, official_url, inherits_from, city_guide) VALUES ('46860', '전라남도 함평군', '함평군', '46', '군', 34.95, 35.3, 126.3, 126.7, '061-320-3114', 'https://www.hampyeong.go.kr/', NULL, '{"city": "함평군", "officialUrl": "https://www.hampyeong.go.kr/", "phones": {"군청대표": "061-320-3114"}, "applianceRecycle": {"name": "폐가전 무상수거", "phone": "1599-0903", "url": "https://15990903.or.kr/"}}');
INSERT OR REPLACE INTO regions (code, name, short_name, parent_code, type, lat_min, lat_max, lng_min, lng_max, phone, official_url, inherits_from, city_guide) VALUES ('46870', '전라남도 영광군', '영광군', '46', '군', 35.15, 35.5, 126.25, 126.65, '061-350-5114', 'https://www.yeonggwang.go.kr/', NULL, '{"city": "영광군", "officialUrl": "https://www.yeonggwang.go.kr/", "phones": {"군청대표": "061-350-5114"}, "applianceRecycle": {"name": "폐가전 무상수거", "phone": "1599-0903", "url": "https://15990903.or.kr/"}}');
INSERT OR REPLACE INTO regions (code, name, short_name, parent_code, type, lat_min, lat_max, lng_min, lng_max, phone, official_url, inherits_from, city_guide) VALUES ('46880', '전라남도 장성군', '장성군', '46', '군', 35.2, 35.5, 126.65, 127.05, '061-390-7000', 'https://www.jangseong.go.kr/', NULL, '{"city": "장성군", "officialUrl": "https://www.jangseong.go.kr/", "phones": {"군청대표": "061-390-7114"}, "applianceRecycle": {"name": "폐가전 무상수거", "phone": "1599-0903", "url": "https://15990903.or.kr/"}}');
INSERT OR REPLACE INTO regions (code, name, short_name, parent_code, type, lat_min, lat_max, lng_min, lng_max, phone, official_url, inherits_from, city_guide) VALUES ('46890', '전라남도 완도군', '완도군', '46', '군', 34.1, 34.55, 126.35, 127.1, '061-550-5114', 'https://www.wando.go.kr/', NULL, '{"city": "완도군", "officialUrl": "https://www.wando.go.kr/", "phones": {"군청대표": "061-550-5114"}, "applianceRecycle": {"name": "폐가전 무상수거", "phone": "1599-0903", "url": "https://15990903.or.kr/"}}');
INSERT OR REPLACE INTO regions (code, name, short_name, parent_code, type, lat_min, lat_max, lng_min, lng_max, phone, official_url, inherits_from, city_guide) VALUES ('46900', '전라남도 진도군', '진도군', '46', '군', 34.1, 34.55, 125.95, 126.45, '061-540-3114', 'https://www.jindo.go.kr/', NULL, '{"city": "진도군", "officialUrl": "https://www.jindo.go.kr/", "phones": {"군청대표": "061-540-3114"}, "applianceRecycle": {"name": "폐가전 무상수거", "phone": "1599-0903", "url": "https://15990903.or.kr/"}}');
INSERT OR REPLACE INTO regions (code, name, short_name, parent_code, type, lat_min, lat_max, lng_min, lng_max, phone, official_url, inherits_from, city_guide) VALUES ('46910', '전라남도 신안군', '신안군', '46', '군', 33.99, 35.2, 125.06, 126.4, '061-240-8114', 'https://www.shinan.go.kr/', NULL, '{"city": "신안군", "officialUrl": "https://www.shinan.go.kr/", "phones": {"군청대표": "061-240-8114"}, "applianceRecycle": {"name": "폐가전 무상수거", "phone": "1599-0903", "url": "https://15990903.or.kr/"}}');
INSERT OR REPLACE INTO regions (code, name, short_name, parent_code, type, lat_min, lat_max, lng_min, lng_max, phone, official_url, inherits_from, city_guide) VALUES ('47111', '경상북도 포항시 남구', '남구', '47', '구', 35.85, 36.05, 129.2, 129.45, '054-270-2114', 'https://www.pohang.go.kr/', NULL, NULL);
INSERT OR REPLACE INTO regions (code, name, short_name, parent_code, type, lat_min, lat_max, lng_min, lng_max, phone, official_url, inherits_from, city_guide) VALUES ('47113', '경상북도 포항시 북구', '북구', '47', '구', 35.95, 36.3, 129.15, 129.55, '054-270-2114', 'https://www.pohang.go.kr/', NULL, NULL);
INSERT OR REPLACE INTO regions (code, name, short_name, parent_code, type, lat_min, lat_max, lng_min, lng_max, phone, official_url, inherits_from, city_guide) VALUES ('47130', '경상북도 경주시', '경주시', '47', '시', 35.55, 36.1, 129.05, 129.55, '054-779-6114', 'https://www.gyeongju.go.kr/', NULL, '{"city": "경주시", "officialUrl": "https://www.gyeongju.go.kr/", "phones": {"시청대표": "054-779-6000"}, "applianceRecycle": {"name": "폐가전 무상수거", "phone": "1599-0903", "url": "https://15990903.or.kr/"}}');
INSERT OR REPLACE INTO regions (code, name, short_name, parent_code, type, lat_min, lat_max, lng_min, lng_max, phone, official_url, inherits_from, city_guide) VALUES ('47150', '경상북도 김천시', '김천시', '47', '시', 35.95, 36.3, 127.85, 128.3, '054-420-6114', 'https://www.gc.go.kr/', NULL, '{"city": "김천시", "officialUrl": "https://www.gc.go.kr/", "phones": {"시청대표": "054-420-6114"}, "applianceRecycle": {"name": "폐가전 무상수거", "phone": "1599-0903", "url": "https://15990903.or.kr/"}}');
INSERT OR REPLACE INTO regions (code, name, short_name, parent_code, type, lat_min, lat_max, lng_min, lng_max, phone, official_url, inherits_from, city_guide) VALUES ('47170', '경상북도 안동시', '안동시', '47', '시', 36.35, 36.85, 128.45, 129.05, '054-840-6114', 'https://www.andong.go.kr/', NULL, '{"city": "안동시", "officialUrl": "https://www.andong.go.kr/", "phones": {"시청대표": "054-840-3000"}, "applianceRecycle": {"name": "폐가전 무상수거", "phone": "1599-0903", "url": "https://15990903.or.kr/"}}');
INSERT OR REPLACE INTO regions (code, name, short_name, parent_code, type, lat_min, lat_max, lng_min, lng_max, phone, official_url, inherits_from, city_guide) VALUES ('47190', '경상북도 구미시', '구미시', '47', '시', 36.0, 36.3, 128.2, 128.55, '054-480-6114', 'https://www.gumi.go.kr/', NULL, '{"city": "구미시", "officialUrl": "https://www.gumi.go.kr/", "phones": {"시청대표": "054-480-2114"}, "applianceRecycle": {"name": "폐가전 무상수거", "phone": "1599-0903", "url": "https://15990903.or.kr/"}}');
INSERT OR REPLACE INTO regions (code, name, short_name, parent_code, type, lat_min, lat_max, lng_min, lng_max, phone, official_url, inherits_from, city_guide) VALUES ('47210', '경상북도 영주시', '영주시', '47', '시', 36.65, 37.0, 128.45, 128.85, '054-639-6114', 'https://www.yeongju.go.kr/', NULL, '{"city": "영주시", "officialUrl": "https://www.yeongju.go.kr/", "phones": {"시청대표": "054-639-6000"}, "applianceRecycle": {"name": "폐가전 무상수거", "phone": "1599-0903", "url": "https://15990903.or.kr/"}}');
INSERT OR REPLACE INTO regions (code, name, short_name, parent_code, type, lat_min, lat_max, lng_min, lng_max, phone, official_url, inherits_from, city_guide) VALUES ('47230', '경상북도 영천시', '영천시', '47', '시', 35.85, 36.2, 128.75, 129.2, '054-330-6114', 'https://www.yc.go.kr/', NULL, '{"city": "영천시", "officialUrl": "https://www.yc.go.kr/", "phones": {"시청대표": "054-330-6000"}, "applianceRecycle": {"name": "폐가전 무상수거", "phone": "1599-0903", "url": "https://15990903.or.kr/"}}');
INSERT OR REPLACE INTO regions (code, name, short_name, parent_code, type, lat_min, lat_max, lng_min, lng_max, phone, official_url, inherits_from, city_guide) VALUES ('47250', '경상북도 상주시', '상주시', '47', '시', 36.2, 36.65, 127.85, 128.35, '054-537-7114', 'https://www.sangju.go.kr/', NULL, '{"city": "상주시", "officialUrl": "https://www.sangju.go.kr/", "phones": {"시청대표": "054-537-7114"}, "applianceRecycle": {"name": "폐가전 무상수거", "phone": "1599-0903", "url": "https://15990903.or.kr/"}}');
INSERT OR REPLACE INTO regions (code, name, short_name, parent_code, type, lat_min, lat_max, lng_min, lng_max, phone, official_url, inherits_from, city_guide) VALUES ('47280', '경상북도 문경시', '문경시', '47', '시', 36.45, 36.85, 127.95, 128.45, '054-550-6114', 'https://www.gbmg.go.kr/', NULL, '{"city": "문경시", "officialUrl": "https://www.gbmg.go.kr/", "phones": {"시청대표": "054-550-6114"}, "applianceRecycle": {"name": "폐가전 무상수거", "phone": "1599-0903", "url": "https://15990903.or.kr/"}}');
INSERT OR REPLACE INTO regions (code, name, short_name, parent_code, type, lat_min, lat_max, lng_min, lng_max, phone, official_url, inherits_from, city_guide) VALUES ('47290', '경상북도 경산시', '경산시', '47', '시', 35.75, 36.0, 128.65, 129.0, '053-810-5000', 'https://www.gbgs.go.kr/', NULL, '{"city": "경산시", "officialUrl": "https://www.gbgs.go.kr/", "phones": {"시청대표": "053-810-5000"}, "applianceRecycle": {"name": "폐가전 무상수거", "phone": "1599-0903", "url": "https://15990903.or.kr/"}}');
INSERT OR REPLACE INTO regions (code, name, short_name, parent_code, type, lat_min, lat_max, lng_min, lng_max, phone, official_url, inherits_from, city_guide) VALUES ('47720', '경상북도 군위군', '군위군', '47', '군', 36.0, 36.45, 128.45, 128.85, '054-380-6000', 'https://www.gunwi.go.kr/', NULL, '{"city": "군위군", "officialUrl": "https://www.gunwi.go.kr/", "phones": {"군청대표": "054-380-6000"}, "applianceRecycle": {"name": "폐가전 무상수거", "phone": "1599-0903", "url": "https://15990903.or.kr/"}}');
INSERT OR REPLACE INTO regions (code, name, short_name, parent_code, type, lat_min, lat_max, lng_min, lng_max, phone, official_url, inherits_from, city_guide) VALUES ('47730', '경상북도 의성군', '의성군', '47', '군', 36.15, 36.6, 128.45, 128.95, '054-830-6114', 'https://www.usc.go.kr/', NULL, '{"city": "의성군", "officialUrl": "https://www.usc.go.kr/", "phones": {"군청대표": "054-830-6114"}, "applianceRecycle": {"name": "폐가전 무상수거", "phone": "1599-0903", "url": "https://15990903.or.kr/"}}');
INSERT OR REPLACE INTO regions (code, name, short_name, parent_code, type, lat_min, lat_max, lng_min, lng_max, phone, official_url, inherits_from, city_guide) VALUES ('47750', '경상북도 청송군', '청송군', '47', '군', 36.2, 36.55, 128.85, 129.25, '054-870-6000', 'https://www.cs.go.kr/', NULL, '{"city": "청송군", "officialUrl": "https://www.cs.go.kr/", "phones": {"군청대표": "054-870-6114"}, "applianceRecycle": {"name": "폐가전 무상수거", "phone": "1599-0903", "url": "https://15990903.or.kr/"}}');
INSERT OR REPLACE INTO regions (code, name, short_name, parent_code, type, lat_min, lat_max, lng_min, lng_max, phone, official_url, inherits_from, city_guide) VALUES ('47760', '경상북도 영양군', '영양군', '47', '군', 36.45, 36.9, 128.95, 129.3, '054-680-6114', 'https://www.yyg.go.kr/', NULL, '{"city": "영양군", "officialUrl": "https://www.yyg.go.kr/", "phones": {"군청대표": "054-680-6114"}, "applianceRecycle": {"name": "폐가전 무상수거", "phone": "1599-0903", "url": "https://15990903.or.kr/"}}');
INSERT OR REPLACE INTO regions (code, name, short_name, parent_code, type, lat_min, lat_max, lng_min, lng_max, phone, official_url, inherits_from, city_guide) VALUES ('47770', '경상북도 영덕군', '영덕군', '47', '군', 36.25, 36.65, 129.15, 129.5, '054-730-6114', 'https://www.yd.go.kr/', NULL, '{"city": "영덕군", "officialUrl": "https://www.yd.go.kr/", "phones": {"군청대표": "054-730-6114"}, "applianceRecycle": {"name": "폐가전 무상수거", "phone": "1599-0903", "url": "https://15990903.or.kr/"}}');
INSERT OR REPLACE INTO regions (code, name, short_name, parent_code, type, lat_min, lat_max, lng_min, lng_max, phone, official_url, inherits_from, city_guide) VALUES ('47820', '경상북도 청도군', '청도군', '47', '군', 35.5, 35.85, 128.6, 129.05, '054-370-6114', 'https://www.cheongdo.go.kr/', NULL, '{"city": "청도군", "officialUrl": "https://www.cheongdo.go.kr/", "phones": {"군청대표": "054-370-6114"}, "applianceRecycle": {"name": "폐가전 무상수거", "phone": "1599-0903", "url": "https://15990903.or.kr/"}}');
INSERT OR REPLACE INTO regions (code, name, short_name, parent_code, type, lat_min, lat_max, lng_min, lng_max, phone, official_url, inherits_from, city_guide) VALUES ('47830', '경상북도 고령군', '고령군', '47', '군', 35.6, 35.85, 128.2, 128.5, '054-950-6114', 'https://www.goryeong.go.kr/', NULL, '{"city": "고령군", "officialUrl": "https://www.goryeong.go.kr/", "phones": {"군청대표": "054-950-6000"}, "applianceRecycle": {"name": "폐가전 무상수거", "phone": "1599-0903", "url": "https://15990903.or.kr/"}}');
INSERT OR REPLACE INTO regions (code, name, short_name, parent_code, type, lat_min, lat_max, lng_min, lng_max, phone, official_url, inherits_from, city_guide) VALUES ('47840', '경상북도 성주군', '성주군', '47', '군', 35.8, 36.05, 128.1, 128.55, '054-930-6000', 'https://www.sj.go.kr/', NULL, '{"city": "성주군", "officialUrl": "https://www.sj.go.kr/", "phones": {"군청대표": "054-930-6114"}, "applianceRecycle": {"name": "폐가전 무상수거", "phone": "1599-0903", "url": "https://15990903.or.kr/"}}');
INSERT OR REPLACE INTO regions (code, name, short_name, parent_code, type, lat_min, lat_max, lng_min, lng_max, phone, official_url, inherits_from, city_guide) VALUES ('47850', '경상북도 칠곡군', '칠곡군', '47', '군', 35.9, 36.15, 128.3, 128.65, '054-979-6000', 'https://www.chilgok.go.kr/', NULL, '{"city": "칠곡군", "officialUrl": "https://www.chilgok.go.kr/", "phones": {"군청대표": "054-979-6114"}, "applianceRecycle": {"name": "폐가전 무상수거", "phone": "1599-0903", "url": "https://15990903.or.kr/"}}');
INSERT OR REPLACE INTO regions (code, name, short_name, parent_code, type, lat_min, lat_max, lng_min, lng_max, phone, official_url, inherits_from, city_guide) VALUES ('47900', '경상북도 예천군', '예천군', '47', '군', 36.5, 36.85, 128.2, 128.6, '054-650-6114', 'https://www.ycg.kr/', NULL, '{"city": "예천군", "officialUrl": "https://www.ycg.kr/", "phones": {"군청대표": "054-650-6114"}, "applianceRecycle": {"name": "폐가전 무상수거", "phone": "1599-0903", "url": "https://15990903.or.kr/"}}');
INSERT OR REPLACE INTO regions (code, name, short_name, parent_code, type, lat_min, lat_max, lng_min, lng_max, phone, official_url, inherits_from, city_guide) VALUES ('47920', '경상북도 봉화군', '봉화군', '47', '군', 36.75, 37.15, 128.65, 129.15, '054-679-6114', 'https://www.bonghwa.go.kr/', NULL, '{"city": "봉화군", "officialUrl": "https://www.bonghwa.go.kr/", "phones": {"군청대표": "054-679-6114"}, "applianceRecycle": {"name": "폐가전 무상수거", "phone": "1599-0903", "url": "https://15990903.or.kr/"}}');
INSERT OR REPLACE INTO regions (code, name, short_name, parent_code, type, lat_min, lat_max, lng_min, lng_max, phone, official_url, inherits_from, city_guide) VALUES ('47930', '경상북도 울진군', '울진군', '47', '군', 36.7, 37.2, 129.15, 129.5, '054-789-6114', 'https://www.uljin.go.kr/', NULL, '{"city": "울진군", "officialUrl": "https://www.uljin.go.kr/", "phones": {"군청대표": "054-789-6000"}, "applianceRecycle": {"name": "폐가전 무상수거", "phone": "1599-0903", "url": "https://15990903.or.kr/"}}');
INSERT OR REPLACE INTO regions (code, name, short_name, parent_code, type, lat_min, lat_max, lng_min, lng_max, phone, official_url, inherits_from, city_guide) VALUES ('47940', '경상북도 울릉군', '울릉군', '47', '군', 37.2, 37.55, 130.75, 131.87, '054-790-6114', 'https://www.ulleung.go.kr/', NULL, '{"city": "울릉군", "officialUrl": "https://www.ulleung.go.kr/", "phones": {"군청대표": "054-790-6114"}, "applianceRecycle": {"name": "폐가전 무상수거", "phone": "1599-0903", "url": "https://15990903.or.kr/"}}');
INSERT OR REPLACE INTO regions (code, name, short_name, parent_code, type, lat_min, lat_max, lng_min, lng_max, phone, official_url, inherits_from, city_guide) VALUES ('48121', '경상남도 창원시 의창구', '의창구', '48', '구', 35.2, 35.4, 128.6, 128.78, '055-225-2114', 'https://www.changwon.go.kr/', NULL, NULL);
INSERT OR REPLACE INTO regions (code, name, short_name, parent_code, type, lat_min, lat_max, lng_min, lng_max, phone, official_url, inherits_from, city_guide) VALUES ('48123', '경상남도 창원시 성산구', '성산구', '48', '구', 35.15, 35.25, 128.65, 128.78, '055-225-2114', 'https://www.changwon.go.kr/', NULL, NULL);
INSERT OR REPLACE INTO regions (code, name, short_name, parent_code, type, lat_min, lat_max, lng_min, lng_max, phone, official_url, inherits_from, city_guide) VALUES ('48125', '경상남도 창원시 마산합포구', '마산합포구', '48', '구', 35.0, 35.25, 128.4, 128.65, '055-225-2114', 'https://www.changwon.go.kr/', NULL, NULL);
INSERT OR REPLACE INTO regions (code, name, short_name, parent_code, type, lat_min, lat_max, lng_min, lng_max, phone, official_url, inherits_from, city_guide) VALUES ('48127', '경상남도 창원시 마산회원구', '마산회원구', '48', '구', 35.2, 35.4, 128.5, 128.65, '055-225-2114', 'https://www.changwon.go.kr/', NULL, NULL);
INSERT OR REPLACE INTO regions (code, name, short_name, parent_code, type, lat_min, lat_max, lng_min, lng_max, phone, official_url, inherits_from, city_guide) VALUES ('48129', '경상남도 창원시 진해구', '진해구', '48', '구', 35.05, 35.2, 128.65, 128.85, '055-225-2114', 'https://www.changwon.go.kr/', NULL, NULL);
INSERT OR REPLACE INTO regions (code, name, short_name, parent_code, type, lat_min, lat_max, lng_min, lng_max, phone, official_url, inherits_from, city_guide) VALUES ('48170', '경상남도 진주시', '진주시', '48', '시', 35.05, 35.35, 127.95, 128.3, '055-749-2114', 'https://www.jinju.go.kr/', NULL, '{"city": "진주시", "officialUrl": "https://www.jinju.go.kr/", "phones": {"시청대표": "055-749-2114"}, "applianceRecycle": {"name": "폐가전 무상수거", "phone": "1599-0903", "url": "https://15990903.or.kr/"}}');
INSERT OR REPLACE INTO regions (code, name, short_name, parent_code, type, lat_min, lat_max, lng_min, lng_max, phone, official_url, inherits_from, city_guide) VALUES ('48220', '경상남도 통영시', '통영시', '48', '시', 34.55, 34.9, 128.2, 128.65, '055-650-3000', 'https://www.utongyeong.go.kr/', NULL, '{"city": "통영시", "officialUrl": "https://www.utongyeong.go.kr/", "phones": {"시청대표": "055-650-3000"}, "applianceRecycle": {"name": "폐가전 무상수거", "phone": "1599-0903", "url": "https://15990903.or.kr/"}}');
INSERT OR REPLACE INTO regions (code, name, short_name, parent_code, type, lat_min, lat_max, lng_min, lng_max, phone, official_url, inherits_from, city_guide) VALUES ('48240', '경상남도 사천시', '사천시', '48', '시', 34.85, 35.15, 127.95, 128.25, '055-831-2114', 'https://www.sacheon.go.kr/', NULL, '{"city": "사천시", "officialUrl": "https://www.sacheon.go.kr/", "phones": {"시청대표": "055-831-2114"}, "applianceRecycle": {"name": "폐가전 무상수거", "phone": "1599-0903", "url": "https://15990903.or.kr/"}}');
INSERT OR REPLACE INTO regions (code, name, short_name, parent_code, type, lat_min, lat_max, lng_min, lng_max, phone, official_url, inherits_from, city_guide) VALUES ('48250', '경상남도 김해시', '김해시', '48', '시', 35.15, 35.4, 128.65, 129.0, '055-330-3114', 'https://www.gimhae.go.kr/', NULL, '{"city": "김해시", "officialUrl": "https://www.gimhae.go.kr/", "phones": {"시청대표": "055-330-3114"}, "applianceRecycle": {"name": "폐가전 무상수거", "phone": "1599-0903", "url": "https://15990903.or.kr/"}}');
INSERT OR REPLACE INTO regions (code, name, short_name, parent_code, type, lat_min, lat_max, lng_min, lng_max, phone, official_url, inherits_from, city_guide) VALUES ('48270', '경상남도 밀양시', '밀양시', '48', '시', 35.3, 35.65, 128.55, 129.05, '055-359-5114', 'https://www.miryang.go.kr/', NULL, '{"city": "밀양시", "officialUrl": "https://www.miryang.go.kr/", "phones": {"시청대표": "055-359-5000"}, "applianceRecycle": {"name": "폐가전 무상수거", "phone": "1599-0903", "url": "https://15990903.or.kr/"}}');
INSERT OR REPLACE INTO regions (code, name, short_name, parent_code, type, lat_min, lat_max, lng_min, lng_max, phone, official_url, inherits_from, city_guide) VALUES ('48310', '경상남도 거제시', '거제시', '48', '시', 34.65, 35.05, 128.4, 128.85, '055-639-3000', 'https://www.geoje.go.kr/', NULL, '{"city": "거제시", "officialUrl": "https://www.geoje.go.kr/", "phones": {"시청대표": "055-639-3000"}, "applianceRecycle": {"name": "폐가전 무상수거", "phone": "1599-0903", "url": "https://15990903.or.kr/"}}');
INSERT OR REPLACE INTO regions (code, name, short_name, parent_code, type, lat_min, lat_max, lng_min, lng_max, phone, official_url, inherits_from, city_guide) VALUES ('48330', '경상남도 양산시', '양산시', '48', '시', 35.2, 35.55, 128.9, 129.2, '055-392-2000', 'https://www.yangsan.go.kr/', NULL, '{"city": "양산시", "officialUrl": "https://www.yangsan.go.kr/", "phones": {"시청대표": "055-392-2114"}, "applianceRecycle": {"name": "폐가전 무상수거", "phone": "1599-0903", "url": "https://15990903.or.kr/"}}');
INSERT OR REPLACE INTO regions (code, name, short_name, parent_code, type, lat_min, lat_max, lng_min, lng_max, phone, official_url, inherits_from, city_guide) VALUES ('48720', '경상남도 의령군', '의령군', '48', '군', 35.2, 35.55, 128.1, 128.45, '055-570-2114', 'https://www.uiryeong.go.kr/', NULL, '{"city": "의령군", "officialUrl": "https://www.uiryeong.go.kr/", "phones": {"군청대표": "055-570-2114"}, "applianceRecycle": {"name": "폐가전 무상수거", "phone": "1599-0903", "url": "https://15990903.or.kr/"}}');
INSERT OR REPLACE INTO regions (code, name, short_name, parent_code, type, lat_min, lat_max, lng_min, lng_max, phone, official_url, inherits_from, city_guide) VALUES ('48730', '경상남도 함안군', '함안군', '48', '군', 35.15, 35.4, 128.3, 128.6, '055-580-2114', 'https://www.haman.go.kr/', NULL, '{"city": "함안군", "officialUrl": "https://www.haman.go.kr/", "phones": {"군청대표": "055-580-2114"}, "applianceRecycle": {"name": "폐가전 무상수거", "phone": "1599-0903", "url": "https://15990903.or.kr/"}}');
INSERT OR REPLACE INTO regions (code, name, short_name, parent_code, type, lat_min, lat_max, lng_min, lng_max, phone, official_url, inherits_from, city_guide) VALUES ('48740', '경상남도 창녕군', '창녕군', '48', '군', 35.35, 35.7, 128.35, 128.7, '055-530-1114', 'https://www.cng.go.kr/', NULL, '{"city": "창녕군", "officialUrl": "https://www.cng.go.kr/", "phones": {"군청대표": "055-530-1114"}, "applianceRecycle": {"name": "폐가전 무상수거", "phone": "1599-0903", "url": "https://15990903.or.kr/"}}');
INSERT OR REPLACE INTO regions (code, name, short_name, parent_code, type, lat_min, lat_max, lng_min, lng_max, phone, official_url, inherits_from, city_guide) VALUES ('48820', '경상남도 고성군', '고성군', '48', '군', 34.8, 35.15, 128.1, 128.45, '055-670-2114', 'https://www.goseong.go.kr/', NULL, '{"city": "고성군(경남)", "officialUrl": "https://www.goseong.go.kr/", "phones": {"군청대표": "055-670-2114"}, "applianceRecycle": {"name": "폐가전 무상수거", "phone": "1599-0903", "url": "https://15990903.or.kr/"}}');
INSERT OR REPLACE INTO regions (code, name, short_name, parent_code, type, lat_min, lat_max, lng_min, lng_max, phone, official_url, inherits_from, city_guide) VALUES ('48840', '경상남도 남해군', '남해군', '48', '군', 34.55, 34.9, 127.8, 128.1, '055-860-3114', 'https://www.namhae.go.kr/', NULL, '{"city": "남해군", "officialUrl": "https://www.namhae.go.kr/", "phones": {"군청대표": "055-860-3114"}, "applianceRecycle": {"name": "폐가전 무상수거", "phone": "1599-0903", "url": "https://15990903.or.kr/"}}');
INSERT OR REPLACE INTO regions (code, name, short_name, parent_code, type, lat_min, lat_max, lng_min, lng_max, phone, official_url, inherits_from, city_guide) VALUES ('48850', '경상남도 하동군', '하동군', '48', '군', 34.95, 35.4, 127.6, 127.95, '055-880-2114', 'https://www.hadong.go.kr/', NULL, '{"city": "하동군", "officialUrl": "https://www.hadong.go.kr/", "phones": {"군청대표": "055-880-2114"}, "applianceRecycle": {"name": "폐가전 무상수거", "phone": "1599-0903", "url": "https://15990903.or.kr/"}}');
INSERT OR REPLACE INTO regions (code, name, short_name, parent_code, type, lat_min, lat_max, lng_min, lng_max, phone, official_url, inherits_from, city_guide) VALUES ('48860', '경상남도 산청군', '산청군', '48', '군', 35.2, 35.65, 127.7, 128.05, '055-970-6000', 'https://www.sancheong.go.kr/', NULL, '{"city": "산청군", "officialUrl": "https://www.sancheong.go.kr/", "phones": {"군청대표": "055-970-6000"}, "applianceRecycle": {"name": "폐가전 무상수거", "phone": "1599-0903", "url": "https://15990903.or.kr/"}}');
INSERT OR REPLACE INTO regions (code, name, short_name, parent_code, type, lat_min, lat_max, lng_min, lng_max, phone, official_url, inherits_from, city_guide) VALUES ('48870', '경상남도 함양군', '함양군', '48', '군', 35.4, 35.8, 127.55, 127.95, '055-960-5114', 'https://www.hygn.go.kr/', NULL, '{"city": "함양군", "officialUrl": "https://www.hygn.go.kr/", "phones": {"군청대표": "055-960-5114"}, "applianceRecycle": {"name": "폐가전 무상수거", "phone": "1599-0903", "url": "https://15990903.or.kr/"}}');
INSERT OR REPLACE INTO regions (code, name, short_name, parent_code, type, lat_min, lat_max, lng_min, lng_max, phone, official_url, inherits_from, city_guide) VALUES ('48880', '경상남도 거창군', '거창군', '48', '군', 35.55, 35.92, 127.75, 128.2, '055-940-3000', 'https://www.geochang.go.kr/', NULL, '{"city": "거창군", "officialUrl": "https://www.geochang.go.kr/", "phones": {"군청대표": "055-940-3114"}, "applianceRecycle": {"name": "폐가전 무상수거", "phone": "1599-0903", "url": "https://15990903.or.kr/"}}');
INSERT OR REPLACE INTO regions (code, name, short_name, parent_code, type, lat_min, lat_max, lng_min, lng_max, phone, official_url, inherits_from, city_guide) VALUES ('48890', '경상남도 합천군', '합천군', '48', '군', 35.45, 35.85, 128.0, 128.45, '055-930-3114', 'https://www.hc.go.kr/', NULL, '{"city": "합천군", "officialUrl": "https://www.hc.go.kr/", "phones": {"군청대표": "055-930-3114"}, "applianceRecycle": {"name": "폐가전 무상수거", "phone": "1599-0903", "url": "https://15990903.or.kr/"}}');
INSERT OR REPLACE INTO regions (code, name, short_name, parent_code, type, lat_min, lat_max, lng_min, lng_max, phone, official_url, inherits_from, city_guide) VALUES ('50110', '제주특별자치도 제주시', '제주시', '50', '시', 33.3, 33.57, 126.14, 126.98, '064-728-2114', 'https://www.jejusi.go.kr/', NULL, '{"city": "제주특별자치도 제주시", "officialUrl": "https://www.jejusi.go.kr/", "phones": {"시청대표": "064-728-2114"}, "applianceRecycle": {"name": "폐가전 무상수거", "phone": "1599-0903", "url": "https://15990903.or.kr/"}}');
INSERT OR REPLACE INTO regions (code, name, short_name, parent_code, type, lat_min, lat_max, lng_min, lng_max, phone, official_url, inherits_from, city_guide) VALUES ('50130', '제주특별자치도 서귀포시', '서귀포시', '50', '시', 33.1, 33.4, 126.14, 126.95, '064-760-2114', 'https://www.seogwipo.go.kr/', NULL, '{"city": "제주특별자치도 서귀포시", "officialUrl": "https://www.seogwipo.go.kr/", "phones": {"시청대표": "064-760-2114"}, "applianceRecycle": {"name": "폐가전 무상수거", "phone": "1599-0903", "url": "https://15990903.or.kr/"}}');
INSERT OR REPLACE INTO region_exceptions (region_code, item_id, category, note, steps, confidence, source_url, source_grade) VALUES ('11680', 'rubber_glove', 'vinyl', '강남구는 고무장갑을 비닐류로 분류 (씻어서 배출)', '[]', 'high', 'https://clean.gangnam.go.kr/', 'A');
INSERT OR REPLACE INTO region_exceptions (region_code, item_id, category, note, steps, confidence, source_url, source_grade) VALUES ('11680', 'instant_rice_bowl', 'plastic', '내용물 비우고 헹궈서 플라스틱 배출', '[]', 'medium', NULL, NULL);
INSERT OR REPLACE INTO region_exceptions (region_code, item_id, category, note, steps, confidence, source_url, source_grade) VALUES ('11680', 'paper_cup_coated', 'paper', '강남구는 종이팩 IoT 수거함 운영', '[]', 'medium', NULL, NULL);
INSERT OR REPLACE INTO region_exceptions (region_code, item_id, category, note, steps, confidence, source_url, source_grade) VALUES ('41285', 'instant_rice_bowl', 'general', '음식 묻은 즉석밥 용기는 일반쓰레기로 (오염 제거가 어려운 경우 종량제봉투에)', '["내용물 깨끗이 제거", "오염이 심하면 종량제봉투", "오염 없으면 헹궈서 플라스틱류"]', 'medium', 'https://www.goyang.go.kr/www/www03/www03_3/www03_3_3/www03_3_3_tab1.jsp', 'A');
INSERT OR REPLACE INTO region_exceptions (region_code, item_id, category, note, steps, confidence, source_url, source_grade) VALUES ('41285', 'broken_glass_bottle', 'general', '고양시는 깨진 유리·사기를 ''불연성 마대''에 담아 배출 (종량제봉투 X)', '["신문지로 감싸기", "''유리주의'' 표시", "불연성 마대(흰색이 아닌 청회색 마대)에 담아 배출"]', 'high', 'https://www.goyang.go.kr/www/www03/www03_3/www03_3_3/www03_3_3_tab1.jsp', 'A');
INSERT OR REPLACE INTO region_exceptions (region_code, item_id, category, note, steps, confidence, source_url, source_grade) VALUES ('41285', 'broken_ceramic', 'general', '고양시 — 깨진 도자기·사기그릇은 불연성 폐기물. 불연성 마대 사용', '["안전하게 포장(신문지 등)", "''사기/도자기 주의'' 표시", "불연성 마대에 담아 배출"]', 'high', 'https://ene.gys.or.kr/', 'B');
INSERT OR REPLACE INTO region_exceptions (region_code, item_id, category, note, steps, confidence, source_url, source_grade) VALUES ('41285', 'ceramic_dish', 'general', '깨지지 않은 도자기/사기 그릇도 재활용 불가 — 고양시 불연성 마대 사용 권장', '["깨지지 않게 포장", "불연성 마대 또는 종량제봉투"]', 'high', 'https://www.goyang.go.kr/www/www03/www03_3/www03_3_3/www03_3_3_tab1.jsp', 'A');
INSERT OR REPLACE INTO region_exceptions (region_code, item_id, category, note, steps, confidence, source_url, source_grade) VALUES ('41285', 'mirror', 'general', '거울은 유리코팅이라 재활용 불가 — 고양시 불연성 마대', '["신문지로 감싸기", "''유리주의'' 표시", "불연성 마대 또는 종량제봉투"]', 'high', 'https://www.goyang.go.kr/www/www03/www03_3/www03_3_3/www03_3_3_tab1.jsp', 'A');
INSERT OR REPLACE INTO region_exceptions (region_code, item_id, category, note, steps, confidence, source_url, source_grade) VALUES ('41285', 'light_bulb', 'general', '백열/LED 전구는 수은 없어 일반쓰레기 (폐형광등과 다름). 깨지면 불연성 마대', '["깨지지 않게 포장", "종량제봉투에 배출", "깨졌으면 불연성 마대"]', 'high', 'https://www.goyang.go.kr/www/www03/www03_3/www03_3_3/www03_3_3_tab1.jsp', 'A');
INSERT OR REPLACE INTO region_exceptions (region_code, item_id, category, note, steps, confidence, source_url, source_grade) VALUES ('41285', 'milk_carton', 'paper', '고양시는 44개 동 행정복지센터에서 종이팩 1kg → 화장지 1롤 교환 사업 운영', '["내용물 비우기", "물로 헹구고 말리기", "납작하게 압착", "동주민센터 교환 또는 종이팩 전용함"]', 'high', 'https://www.kyeongin.com/article/1710566', 'B');
INSERT OR REPLACE INTO region_exceptions (region_code, item_id, category, note, steps, confidence, source_url, source_grade) VALUES ('41285', 'juice_carton', 'paper', '멸균팩도 동 행정복지센터 종이팩 교환사업 대상 (일반 우유팩과 함께 가능)', '["내용물 비우기", "물로 헹구고 말리기", "납작하게 압착", "동주민센터 교환 또는 종이팩 전용함"]', 'high', 'http://www.vop.co.kr/A00000740247.html', 'B');
INSERT OR REPLACE INTO region_exceptions (region_code, item_id, category, note, steps, confidence, source_url, source_grade) VALUES ('41285', 'paper_cup_coated', 'general', 'PE 코팅 일회용 종이컵·종이용기는 종량제봉투. 오염 없는 멸균팩(우유팩)은 동주민센터 교환사업으로', '["내용물 비우기", "PE 코팅이면 종량제봉투", "멸균팩(우유팩 형태)이면 헹궈 말려 종이팩 교환"]', 'medium', 'https://www.goyang.go.kr/www/www03/www03_3/www03_3_3/www03_3_3_tab1.jsp', 'A');
INSERT OR REPLACE INTO region_exceptions (region_code, item_id, category, note, steps, confidence, source_url, source_grade) VALUES ('41285', 'food_waste', 'food', '고양시는 RFID 종량기 또는 음식물 전용봉투 사용. 공동주택(60세대 이상)은 대부분 RFID', '["물기 꼭 짜기", "이물질(비닐·뼈·껍데기) 분리", "RFID 종량기 카드 인식 → 투입 → 닫힘 버튼", "또는 전용봉투에 담아 지정 수거함"]', 'high', 'https://www.goyang.go.kr/www/www03/www03_3/www03_3_3/www03_3_3_tab3.jsp', 'A');
INSERT OR REPLACE INTO region_exceptions (region_code, item_id, category, note, steps, confidence, source_url, source_grade) VALUES ('41285', 'fruit_peel', 'food', '사과·귤·바나나·딸기 꼭지 등은 음식물. 단단한 과일씨(복숭아·아보카도)는 일반쓰레기', '["물기 제거", "음식물 전용봉투/RFID 종량기"]', 'high', 'https://www.goyang.go.kr/www/www03/www03_3/www03_3_3/www03_3_3_tab3.jsp', 'A');
INSERT OR REPLACE INTO region_exceptions (region_code, item_id, category, note, steps, confidence, source_url, source_grade) VALUES ('41285', 'vegetable_scraps', 'general', '양파·마늘 껍질 외피, 옥수수대·옥수수 껍질, 대파 뿌리는 일반쓰레기. 부드러운 채소 자투리만 음식물', '["부드러운 자투리: 음식물", "단단한 껍질·줄기·뿌리: 종량제봉투"]', 'high', 'https://www.goyang.go.kr/www/www03/www03_3/www03_3_3/www03_3_3_tab3.jsp', 'A');
INSERT OR REPLACE INTO region_exceptions (region_code, item_id, category, note, steps, confidence, source_url, source_grade) VALUES ('41285', 'meat_bone', 'general', '소·돼지·닭 뼈, 비계, 내장은 모두 일반쓰레기', '["물기 제거 후 종량제봉투에 배출"]', 'high', 'https://www.goyang.go.kr/www/www03/www03_3/www03_3_3/www03_3_3_tab3.jsp', 'A');
INSERT OR REPLACE INTO region_exceptions (region_code, item_id, category, note, steps, confidence, source_url, source_grade) VALUES ('41285', 'fish_bone', 'general', '조개껍데기·게·새우 껍데기, 큰 생선뼈는 일반쓰레기 (분쇄 불가)', '["종량제봉투에 배출"]', 'high', 'https://www.goyang.go.kr/www/www03/www03_3/www03_3_3/www03_3_3_tab3.jsp', 'A');
INSERT OR REPLACE INTO region_exceptions (region_code, item_id, category, note, steps, confidence, source_url, source_grade) VALUES ('41285', 'tea_bag', 'general', '티백·한약재 찌꺼기·커피 찌꺼기는 일반쓰레기 (봉투째 종량제봉투)', '["종량제봉투에 배출"]', 'high', 'https://www.goyang.go.kr/www/www03/www03_3/www03_3_3/www03_3_3_tab3.jsp', 'A');
INSERT OR REPLACE INTO region_exceptions (region_code, item_id, category, note, steps, confidence, source_url, source_grade) VALUES ('41285', 'electronics', 'general', '고양시 — 폐가전 무상 방문수거 운영. 1599-0903 또는 15990903.or.kr', '["1599-0903 또는 15990903.or.kr에서 예약", "대형(냉장고·세탁기·TV·에어컨)은 1개부터 가능", "소형(청소기·선풍기·전기밥솥 등)은 5개 이상 모아서 신청", "예약일에 문 앞 배출"]', 'high', 'https://15990903.or.kr/', 'A');
INSERT OR REPLACE INTO region_exceptions (region_code, item_id, category, note, steps, confidence, source_url, source_grade) VALUES ('41285', 'furniture', 'general', '고양시 대형폐기물 인터넷 신고센터에서 결제·필증 출력 후 부착하여 배출', '["clean.gys.or.kr 접속", "품목 선택 → 수수료 결제", "필증 출력(또는 신고번호 종이에 기재)", "지정 장소에 배출"]', 'high', 'https://clean.gys.or.kr/clean/waste_list', 'A');
INSERT OR REPLACE INTO region_exceptions (region_code, item_id, category, note, steps, confidence, source_url, source_grade) VALUES ('41285', 'battery', 'battery', '동 행정복지센터·아파트 전용 수거함에 배출. 고양시 44개 동주민센터에서 폐건전지 수거', '["물기 제거, 분해 금지", "동주민센터/아파트 폐건전지 수거함"]', 'high', 'https://www.goyang.go.kr/www/www03/www03_3/www03_3_3/www03_3_3_tab1.jsp', 'A');
INSERT OR REPLACE INTO region_exceptions (region_code, item_id, category, note, steps, confidence, source_url, source_grade) VALUES ('41285', 'lithium_battery', 'battery', '보조배터리·노트북 배터리 — 부풀음 시 화재 위험. 비닐랩으로 감싸 동주민센터 환경녹지과로 직접 전달', '["부풀어 오른 경우 비닐랩으로 감싸기", "동주민센터 또는 일산동구청 환경녹지과(031-8075-6243)에 직접 전달"]', 'high', 'https://www.goyang.go.kr/www/www03/www03_3/www03_3_3/www03_3_3_tab1.jsp', 'A');
INSERT OR REPLACE INTO region_exceptions (region_code, item_id, category, note, steps, confidence, source_url, source_grade) VALUES ('41285', 'lamp', 'lamp', '수은 함유 폐형광등 — 동 행정복지센터·아파트 전용 수거함에 배출 (깨지지 않게 운반)', '["포장재 제거", "직관/환형/콤팩트 구분", "깨지지 않게 운반", "동주민센터/아파트 폐형광등 수거함"]', 'high', 'https://www.goyang.go.kr/www/www03/www03_3/www03_3_3/www03_3_3_tab1.jsp', 'A');
INSERT OR REPLACE INTO region_exceptions (region_code, item_id, category, note, steps, confidence, source_url, source_grade) VALUES ('41285', 'styrofoam_box', 'styrofoam', '고양시 — 흰색·깨끗한 스티로폼만 분리배출. 색상/오염/이물질 묻은 것은 종량제봉투', '["테이프·송장·라벨 완전 제거", "내용물 비우고 세척", "흰색 + 오염 없음 → 스티로폼류", "색깔 있거나 오염 → 종량제봉투"]', 'high', 'https://ene.gys.or.kr/', 'B');
INSERT OR REPLACE INTO region_exceptions (region_code, item_id, category, note, steps, confidence, source_url, source_grade) VALUES ('41285', 'styrofoam_colored', 'general', '색깔 있는 스티로폼·컵라면 용기·오염 스티로폼은 종량제봉투', '["종량제봉투에 배출"]', 'high', 'https://ene.gys.or.kr/', 'B');
INSERT OR REPLACE INTO region_exceptions (region_code, item_id, category, note, steps, confidence, source_url, source_grade) VALUES ('41285', 'cosmetics_bottle', 'glass', '화장품 유리병 — 펌프 분리 후 유리병류로. 펌프(스프링+플라스틱)는 일반쓰레기', '["내용물 비우기", "펌프·뚜껑 분리", "유리병류로 배출", "펌프는 종량제봉투"]', 'high', 'https://www.goyang.go.kr/www/www03/www03_3/www03_3_3/www03_3_3_tab1.jsp', 'A');
INSERT OR REPLACE INTO region_exceptions (region_code, item_id, category, note, steps, confidence, source_url, source_grade) VALUES ('41285', 'cosmetic_pump', 'general', '스프링(금속)+플라스틱 복합재질 — 일반쓰레기', '["종량제봉투에 배출"]', 'high', 'https://www.goyang.go.kr/www/www03/www03_3/www03_3_3/www03_3_3_tab1.jsp', 'A');
INSERT OR REPLACE INTO region_exceptions (region_code, item_id, category, note, steps, confidence, source_url, source_grade) VALUES ('41285', 'rubber_glove', 'general', '고양시 — 환경부 표준대로 고무장갑은 일반쓰레기 (강남구처럼 비닐 분류 X)', '["종량제봉투에 배출"]', 'high', 'https://www.goyang.go.kr/www/www03/www03_3/www03_3_3/www03_3_3_tab1.jsp', 'A');
INSERT OR REPLACE INTO region_exceptions (region_code, item_id, category, note, steps, confidence, source_url, source_grade) VALUES ('41285', 'hanger', 'general', '철제 옷걸이는 분리하여 캔/금속류, 플라스틱 옷걸이는 일반쓰레기', '["재질 확인", "철제: 금속류로 배출", "플라스틱: 종량제봉투"]', 'high', 'https://www.goyang.go.kr/www/www03/www03_3/www03_3_3/www03_3_3_tab1.jsp', 'A');
INSERT OR REPLACE INTO region_exceptions (region_code, item_id, category, note, steps, confidence, source_url, source_grade) VALUES ('41285', 'clothes', 'clothes', '재사용 가능한 의류·신발·가방은 의류수거함. 오염·훼손 심한 것은 종량제봉투', '["세탁·건조", "의류수거함 배출", "오염 심함 → 종량제봉투"]', 'high', 'https://www.goyang.go.kr/www/www03/www03_3/www03_3_3/www03_3_3_tab1.jsp', 'A');
INSERT OR REPLACE INTO region_exceptions (region_code, item_id, category, note, steps, confidence, source_url, source_grade) VALUES ('41285', 'paper_box', 'paper', '테이프·송장·철핀 반드시 제거. 비에 젖지 않게 보관 후 배출', '["테이프·송장·철핀 제거", "납작하게 펴기", "끈으로 묶어서 배출"]', 'high', 'https://www.goyang.go.kr/www/www03/www03_3/www03_3_3/www03_3_3_tab1.jsp', 'A');
INSERT OR REPLACE INTO region_exceptions (region_code, item_id, category, note, steps, confidence, source_url, source_grade) VALUES ('41285', 'vinyl_bag', 'vinyl', '검정 비닐 포함 — 내용물 비우고 이물질 제거 후 비닐류로 배출', '["내용물 비우기", "이물질·음식물 제거", "비닐류로 배출 (오염 심하면 종량제봉투)"]', 'high', 'https://www.goyang.go.kr/www/www03/www03_3/www03_3_3/www03_3_3_tab1.jsp', 'A');
INSERT OR REPLACE INTO region_exceptions (region_code, item_id, category, note, steps, confidence, source_url, source_grade) VALUES ('41285', 'medicine', 'general', '폐의약품은 약국·보건소 폐의약품 수거함에 배출 (변기·하수구·종량제봉투 절대 금지)', '["포장재(종이박스·설명서) 제거", "알약은 통째로, 시럽은 한 병에 모아", "관내 약국 또는 일산동구 보건소 수거함"]', 'high', 'https://www.goyang.go.kr/health/index.do', 'A');
INSERT OR REPLACE INTO region_exceptions (region_code, item_id, category, note, steps, confidence, source_url, source_grade) VALUES ('41285', 'diaper', 'general', '기저귀·생리대 등 위생용품은 위생 문제로 무조건 종량제봉투 (재활용 절대 X)', '["내용물 감싸기", "종량제봉투에 배출"]', 'high', 'https://www.goyang.go.kr/www/www03/www03_3/www03_3_3/www03_3_3_tab1.jsp', 'A');
INSERT OR REPLACE INTO region_exceptions (region_code, item_id, category, note, steps, confidence, source_url, source_grade) VALUES ('41281', 'instant_rice_bowl', 'general', '음식 묻은 즉석밥 용기는 일반쓰레기 (고양시 공통)', '[]', 'medium', 'https://www.goyang.go.kr/www/www03/www03_3/www03_3_3/www03_3_3_tab1.jsp', 'A');
INSERT OR REPLACE INTO region_exceptions (region_code, item_id, category, note, steps, confidence, source_url, source_grade) VALUES ('41281', 'broken_glass_bottle', 'general', '고양시 — 깨진 유리는 불연성 마대 사용', '[]', 'high', 'https://www.goyang.go.kr/www/www03/www03_3/www03_3_3/www03_3_3_tab1.jsp', 'A');
INSERT OR REPLACE INTO region_exceptions (region_code, item_id, category, note, steps, confidence, source_url, source_grade) VALUES ('41281', 'food_waste', 'food', '고양시 RFID 종량기 또는 음식물 전용봉투', '[]', 'high', 'https://www.goyang.go.kr/www/www03/www03_3/www03_3_3/www03_3_3_tab3.jsp', 'A');
INSERT OR REPLACE INTO region_exceptions (region_code, item_id, category, note, steps, confidence, source_url, source_grade) VALUES ('41281', 'furniture', 'general', 'clean.gys.or.kr 인터넷 신고 후 필증 부착', '[]', 'high', 'https://clean.gys.or.kr/', 'A');
INSERT OR REPLACE INTO region_exceptions (region_code, item_id, category, note, steps, confidence, source_url, source_grade) VALUES ('41281', 'electronics', 'general', '폐가전 무상 방문수거 1599-0903', '[]', 'high', 'https://15990903.or.kr/', 'A');
INSERT OR REPLACE INTO region_exceptions (region_code, item_id, category, note, steps, confidence, source_url, source_grade) VALUES ('41287', 'instant_rice_bowl', 'general', '음식 묻은 즉석밥 용기는 일반쓰레기 (고양시 공통)', '[]', 'medium', 'https://www.goyang.go.kr/www/www03/www03_3/www03_3_3/www03_3_3_tab1.jsp', 'A');
INSERT OR REPLACE INTO region_exceptions (region_code, item_id, category, note, steps, confidence, source_url, source_grade) VALUES ('41287', 'broken_glass_bottle', 'general', '고양시 — 깨진 유리는 불연성 마대 사용', '[]', 'high', 'https://www.goyang.go.kr/www/www03/www03_3/www03_3_3/www03_3_3_tab1.jsp', 'A');
INSERT OR REPLACE INTO region_exceptions (region_code, item_id, category, note, steps, confidence, source_url, source_grade) VALUES ('41287', 'food_waste', 'food', '고양시 RFID 종량기 또는 음식물 전용봉투', '[]', 'high', 'https://www.goyang.go.kr/www/www03/www03_3/www03_3_3/www03_3_3_tab3.jsp', 'A');
INSERT OR REPLACE INTO region_exceptions (region_code, item_id, category, note, steps, confidence, source_url, source_grade) VALUES ('41287', 'milk_carton', 'paper', '일산서구도 동 행정복지센터 종이팩-화장지 교환 사업 대상', '[]', 'high', 'http://www.seoulcity.co.kr/news/articleView.html?idxno=27812', 'B');
INSERT OR REPLACE INTO region_exceptions (region_code, item_id, category, note, steps, confidence, source_url, source_grade) VALUES ('41287', 'furniture', 'general', 'clean.gys.or.kr 인터넷 신고 후 필증 부착', '[]', 'high', 'https://clean.gys.or.kr/', 'A');
INSERT OR REPLACE INTO region_exceptions (region_code, item_id, category, note, steps, confidence, source_url, source_grade) VALUES ('41287', 'electronics', 'general', '폐가전 무상 방문수거 1599-0903', '[]', 'high', 'https://15990903.or.kr/', 'A');
-- [경고] FK 위반으로 skip된 region_exceptions: 8건 (item_id가 items 테이블에 없음)

-- Version record
INSERT INTO data_versions (version, area, change_count, note) VALUES ('v7.0-initial', 'all', 9572, 'D1 initial migration from JSON');
